epoch,cost,mse,gamma_min,gamma_max,gamma_mean,gamma_std,adjoint_grad_min,adjoint_grad_max,adjoint_grad_mean,adjoint_grad_std,adjoint_grad_norm,scaled_grad_min,scaled_grad_max,scaled_grad_norm,param_grad_norm,delta_gamma_mean_abs,delta_gamma_max_abs,delta_gamma_std,tv_raw,tv_loss,tv_weight,tv_type
0,3.357555553029634e-12,0.005123474635183811,0.9927728772163391,0.9937297105789185,0.9933056831359863,0.00014474947238340974,-1.3084001384503635e-13,7.08485462137809e-14,-1.3009637270393923e-16,2.6410895988786135e-15,4.786606766331303e-13,-0.00013084000966046005,7.084854587446898e-05,0.00047866071690805256,0.00022453557182732897,6.496933929156512e-05,0.0006077289581298828,9.096570283873007e-05,0.0,0.0,0.0,anisotropic
1,3.3549679961247802e-12,0.005121644586324692,0.9926536679267883,0.9939225316047668,0.993304967880249,0.00017411109001841396,-1.3065816603565622e-13,7.070789131069163e-14,-1.2977214437359804e-16,2.6374956380834135e-15,4.78007986925294e-13,-0.00013065816892776638,7.07078943378292e-05,0.0004780080053023994,0.00022836896299447995,5.954074003966525e-05,0.00042313337326049805,8.068034367170185e-05,0.0,0.0,0.0,anisotropic
2,3.352780292981139e-12,0.005119817331433296,0.9925410151481628,0.9943023324012756,0.9933032393455505,0.00023055722704157233,-1.305374265712228e-13,7.060089410879447e-14,-1.2950519664631493e-16,2.6347410869389425e-15,4.775076276226919e-13,-0.00013053743168711662,7.060089410515502e-05,0.0004775076231453568,0.0002627198842405959,5.731303463107906e-05,0.0003304481506347656,7.657175592612475e-05,0.0,0.0,0.0,anisotropic
3,3.350737005566873e-12,0.005118062254041433,0.9923077821731567,0.9946129322052002,0.99330073595047,0.0002943697036243975,-1.3043957732515599e-13,7.050992954652294e-14,-1.292614099761833e-16,2.6323376309511084e-15,4.770709109876148e-13,-0.00013043957005720586,7.05099300830625e-05,0.0004770709201693535,0.00030587487093617353,5.744164081988856e-05,0.00030106306076049805,7.557856588391587e-05,0.0,0.0,0.0,anisotropic
4,3.3487245094943052e-12,0.005116436164826155,0.9920430779457092,0.9948926568031311,0.9932974576950073,0.0003612004220485687,-1.3035313930695458e-13,7.042647986055944e-14,-1.2902410840205409e-16,2.630076476498413e-15,4.766599983642428e-13,-0.00013035314623266459,7.042648212518543e-05,0.0004766600322909653,0.0003480184363846503,5.8607452956493944e-05,0.00027686357498168945,7.582746911793947e-05,0.0,0.0,0.0,anisotropic
5,3.3467133144643446e-12,0.005114946514368057,0.9918031096458435,0.9951415061950684,0.9932932257652283,0.00042983164894394577,-1.3027831580452592e-13,7.034908815423471e-14,-1.2878970526879126e-16,2.627935388965991e-15,4.762707697843205e-13,-0.00013027832028456032,7.034908776404336e-05,0.00047627079766243696,0.000388848558229813,6.069238588679582e-05,0.0002471804618835449,7.724051829427481e-05,0.0,0.0,0.0,anisotropic
6,3.3446832543165828e-12,0.005113570019602776,0.9915988445281982,0.9953576922416687,0.9932881593704224,0.0005003814003430307,-1.3021472734710965e-13,7.027700903855516e-14,-1.2855768441569259e-16,2.6259211446174203e-15,4.759046347106721e-13,-0.00013021472841501236,7.027701212791726e-05,0.00047590461326763034,0.00042875240291381144,6.38122292002663e-05,0.00023955106735229492,7.988927973201498e-05,0.0,0.0,0.0,anisotropic
7,3.3426184996993014e-12,0.005112278275191784,0.9914289116859436,0.9955441355705261,0.9932820200920105,0.0005734283477067947,-1.3016147946791345e-13,7.020929383661986e-14,-1.2832784731941105e-16,2.62403713158449e-15,4.755618641938408e-13,-0.00013016148295719177,7.020929479040205e-05,0.0004755618574563414,0.0004676734523122966,6.76831477903761e-05,0.0002601146697998047,8.341061766259372e-05,0.0,0.0,0.0,anisotropic
8,3.340511894878162e-12,0.0051110414788126945,0.9912856817245483,0.9957003593444824,0.9932747483253479,0.0006494097178801894,-1.301186128245188e-13,7.014550209129625e-14,-1.281009616035551e-16,2.6222837733836735e-15,4.752428919146956e-13,-0.000130118613014929,7.01454991940409e-05,0.0004752428794745356,0.0005056672433157909,7.194177305791527e-05,0.00027698278427124023,8.744794467929751e-05,0.0,0.0,0.0,anisotropic
9,3.3383651745766407e-12,0.005109832622110844,0.9911578893661499,0.9958246350288391,0.993266224861145,0.000728619925212115,-1.3008662886043049e-13,7.008573544653798e-14,-1.2787848310600285e-16,2.62066445814676e-15,4.749481515541054e-13,-0.00013008662790525705,7.008573447819799e-05,0.00047494814498350024,0.0005430306931892879,7.626935257576406e-05,0.00028187036514282227,9.170689736492932e-05,0.0,0.0,0.0,anisotropic
10,3.3361839766460344e-12,0.005108633078634739,0.9910346269607544,0.9959182739257812,0.9932563900947571,0.0008110702037811279,-1.3006551402312133e-13,7.003012942761663e-14,-1.2766158973194654e-16,2.6191760095001975e-15,4.746771552210927e-13,-0.00013006551307626069,7.00301316101104e-05,0.00047467713011428714,0.0005802702319045605,8.04201845312491e-05,0.0002760887145996094,9.592465357854962e-05,0.0,0.0,0.0,anisotropic
11,3.3339754568206814e-12,0.005107443314045668,0.9909085631370544,0.9959855675697327,0.9932451248168945,0.0008965451270341873,-1.3005430608316326e-13,6.997833166882614e-14,-1.2745074470252922e-16,2.6178052984333032e-15,4.744274634607692e-13,-0.00013005430810153484,6.997833406785503e-05,0.0004744274483527988,0.0006180115250883177,8.413990872213617e-05,0.0002632737159729004,9.982127085095271e-05,0.0,0.0,0.0,anisotropic
12,3.3317461203136167e-12,0.005106275901198387,0.9907764792442322,0.9960318207740784,0.9932326078414917,0.0009845768800005317,-1.3005110768675443e-13,6.992975941149879e-14,-1.2724572302462428e-16,2.61652754923237e-15,4.74194631044228e-13,-0.0001300511066801846,6.992975977482274e-05,0.00047419461770914495,0.0006567965725655296,8.730767876841128e-05,0.0002478361129760742,0.00010315594408893958,0.0,0.0,0.0,anisotropic
13,3.3294950997631023e-12,0.005105149932205677,0.9906383156776428,0.9960640072822571,0.9932187795639038,0.0010745760519057512,-1.3005328964362656e-13,6.988326746708989e-14,-1.2704510856502302e-16,2.6153069747553766e-15,4.739722069685426e-13,-0.00013005328946746886,6.988326640566811e-05,0.0004739722062367946,0.0006968645966137324,8.989607886178419e-05,0.0002598762512207031,0.00010586025018710643,0.0,0.0,0.0,anisotropic
14,3.3272204436052277e-12,0.005104076117277145,0.9904948472976685,0.9960845708847046,0.9932036399841309,0.0011659462470561266,-1.3005823631603852e-13,6.983752768793816e-14,-1.2684698226470432e-16,2.6141054585196964e-15,4.737531981297005e-13,-0.0001300582371186465,6.983752973610535e-05,0.0004737531708087772,0.0007380666335105626,9.204300295095891e-05,0.0002728104591369629,0.00010806755744852126,0.0,0.0,0.0,anisotropic
15,3.3249167308291305e-12,0.005103053525090218,0.9903467297554016,0.9961041808128357,0.9931873083114624,0.001258260803297162,-1.3006375219459104e-13,6.979143554308037e-14,-1.2664942506464705e-16,2.6128884839327288e-15,4.735314787854272e-13,-0.00013006375229451805,6.97914365446195e-05,0.00047353142872452736,0.0007799772442089037,9.392360516358167e-05,0.00028008222579956055,0.0001100379740819335,0.0,0.0,0.0,anisotropic
16,3.3225804919878588e-12,0.005102069582790136,0.9901911616325378,0.9961192011833191,0.993169903755188,0.001351247075945139,-1.300683600538241e-13,6.974417788088716e-14,-1.2645100759675273e-16,2.6116323340719507e-15,4.733025494967069e-13,-0.00013006836525164545,6.974417919991538e-05,0.0004733025562018156,0.0008221589583201448,9.569791291141883e-05,0.0002955198287963867,0.00011203147732885554,0.0,0.0,0.0,anisotropic
17,3.3202112934005434e-12,0.005101106595247984,0.9900243282318115,0.9961316585540771,0.9931511878967285,0.00144478608854115,-1.3007184305330322e-13,6.969561239982339e-14,-1.2625155780745395e-16,2.6103310797067313e-15,4.730655971119102e-13,-0.00013007184315938503,6.96956121828407e-05,0.0004730655928142369,0.0008644221448931878,9.745747956912965e-05,0.00032192468643188477,0.00011424206604715437,0.0,0.0,0.0,anisotropic
18,3.3178126045141365e-12,0.0051001450046896935,0.9898508191108704,0.9961420893669128,0.9931315183639526,0.0015389003092423081,-1.3007472974158746e-13,6.964587462516061e-14,-1.2605165803190193e-16,2.608989803034754e-15,4.728213263624492e-13,-0.00013007472443860024,6.964587373659015e-05,0.00047282129526138306,0.0009069136096884151,9.922434401232749e-05,0.00034159421920776367,0.00011677432485157624,0.0,0.0,0.0,anisotropic
19,3.315389629499066e-12,0.005099167115986347,0.9896685481071472,0.9961477518081665,0.9931107759475708,0.0016337207052856684,-1.3007802300568638e-13,6.95954388953493e-14,-1.2585247294039916e-16,2.6076229036161224e-15,4.725723935436466e-13,-0.00013007802772335708,6.959543679840863e-05,0.00047257239930331707,0.0009499964674154741,0.00010097790800500661,0.00036531686782836914,0.0001196129378513433,0.0,0.0,0.0,anisotropic
20,3.3129458378022836e-12,0.005098164547234774,0.989475429058075,0.9961482286453247,0.9930890202522278,0.001729372888803482,-1.3008287481040826e-13,6.954482020642139e-14,-1.2565515396835832e-16,2.606242239912098e-15,4.723210212699558e-13,-0.00013008287351112813,6.954481796128675e-05,0.00047232102951966226,0.0009940272296068617,0.00010272383951814845,0.00038373470306396484,0.00012258117203600705,0.0,0.0,0.0,anisotropic
21,3.3104831809877e-12,0.005097134970128536,0.9892674088478088,0.9961418509483337,0.9930664300918579,0.0018258329946547747,-1.3009012541243675e-13,6.949427605639283e-14,-1.2546033639048983e-16,2.6048547999444954e-15,4.720685105839839e-13,-0.00013009012036491185,6.949427915969864e-05,0.0004720684955827892,0.0010392020470998604,0.00010424770880490541,0.0004054903984069824,0.0001253131340490654,0.0,0.0,0.0,anisotropic
22,3.308001225374446e-12,0.005096087232232094,0.9890434145927429,0.9961295127868652,0.9930431842803955,0.00192281196359545,-1.301001949401137e-13,6.944382677405436e-14,-1.252680731463529e-16,2.6034586778891835e-15,4.718144278048619e-13,-0.00013010019029024988,6.944382766960189e-05,0.0004718144191429019,0.0010855221668374568,0.00010514751193113625,0.0004191398620605469,0.00012733633047901094,0.0,0.0,0.0,anisotropic
23,3.305498669919915e-12,0.005095032975077629,0.9888172745704651,0.9961137771606445,0.9930192828178406,0.0020197033882141113,-1.3011264971257014e-13,6.939324196644434e-14,-1.250777819007963e-16,2.6020407447354798e-15,4.715563334777018e-13,-0.00013011264672968537,6.939324521226808e-05,0.0004715563845820725,0.001132800479495112,0.00010518322233110666,0.0005148649215698242,0.0001282967859879136,0.0,0.0,0.0,anisotropic
24,3.3029742135815e-12,0.005093984305858612,0.9885957837104797,0.9960976839065552,0.992995023727417,0.0021157581359148026,-1.301268527610297e-13,6.934230479312825e-14,-1.2488836415796656e-16,2.600583001033255e-15,4.712911376263118e-13,-0.00013012684939894825,6.934230623301119e-05,0.0004712911613751203,0.001180642907361251,0.00010430476686451584,0.0006099343299865723,0.00012818856339436024,0.0,0.0,0.0,anisotropic
25,3.300424603752683e-12,0.00509294867515564,0.9883767366409302,0.996085524559021,0.9929705262184143,0.002210261533036828,-1.301418418560643e-13,6.929086617630739e-14,-1.246988140662388e-16,2.5990685061235645e-15,4.710156960643919e-13,-0.00013014183787163347,6.929086521267891e-05,0.0004710156936198473,0.0012284843778095458,0.00010287819168297574,0.000689089298248291,0.00012742790568154305,0.0,0.0,0.0,anisotropic
26,3.297851358316506e-12,0.005091920029371977,0.9881695508956909,0.9960793256759644,0.9929457902908325,0.0023027798160910606,-1.3015673608340883e-13,6.923892611598176e-14,-1.2450866840447002e-16,2.597489001435172e-15,4.707283824886832e-13,-0.00013015673903282732,6.923892942722887e-05,0.00047072843881323934,0.0012757758301720561,0.00010141680832020938,0.0007376670837402344,0.0001266564504476264,0.0,0.0,0.0,anisotropic
27,3.295259464602962e-12,0.005090884864330292,0.9879751801490784,0.9960775971412659,0.9929209351539612,0.0023932717740535736,-1.3017107465713995e-13,6.918682342533025e-14,-1.2431828451468481e-16,2.5958493574075245e-15,4.704303353114669e-13,-0.00013017107266932726,6.91868262947537e-05,0.000470430328277871,0.0013222654471059239,0.000100340970675461,0.0008209347724914551,0.00012640640488825738,0.0,0.0,0.0,anisotropic
28,3.2926623667189903e-12,0.00508982315659523,0.9877907037734985,0.996077299118042,0.9928959012031555,0.0024820566177368164,-1.3018453231660593e-13,6.913505954785765e-14,-1.2412882706718567e-16,2.5941713851390137e-15,4.701252950302381e-13,-0.0001301845331909135,6.913505785632879e-05,0.000470125291030854,0.0013681648816835238,9.988676174543798e-05,0.0008424520492553711,0.0001268751366296783,0.0,0.0,0.0,anisotropic
29,3.2900761108567433e-12,0.0050887162797153,0.9876107573509216,0.9960769414901733,0.9928707480430603,0.002569686621427536,-1.3019720392949685e-13,6.908421724223165e-14,-1.2394122250425864e-16,2.5924824014421886e-15,4.698182489749902e-13,-0.0001301972079090774,6.908422074047849e-05,0.0004698182747233659,0.001414013539007524,9.99514595605433e-05,0.0007881522178649902,0.00012789094762410969,0.0,0.0,0.0,anisotropic
30,3.287514574804029e-12,0.005087561905384064,0.987430214881897,0.9960750341415405,0.9928454756736755,0.00265666376799345,-1.3020910304833988e-13,6.90348115044842e-14,-1.2375529877233632e-16,2.5908033703824938e-15,4.695131002735442e-13,-0.00013020909682381898,6.903480971232057e-05,0.00046951312106102705,0.001460280666811605,0.00010012897837441415,0.00067901611328125,0.00012898791464976966,0.0,0.0,0.0,anisotropic
31,3.2849820953695374e-12,0.0050863721407949924,0.9872416257858276,0.9960711002349854,0.9928200840950012,0.0027431410271674395,-1.3022016191049923e-13,6.898697108362328e-14,-1.235692691612956e-16,2.589137891849955e-15,4.692103368168776e-13,-0.00013022015627939254,6.898697029100731e-05,0.0004692103248089552,0.0015070079543653358,9.988009696826339e-05,0.0005497932434082031,0.00012959720334038138,0.0,0.0,0.0,anisotropic
32,3.282473685223275e-12,0.0050851721316576,0.9870457649230957,0.9960657358169556,0.9927946329116821,0.002828936791047454,-1.3023015012301326e-13,6.894051979679586e-14,-1.2338010288137207e-16,2.5874713545262322e-15,4.689074107298852e-13,-0.00013023015344515443,6.894052057759836e-05,0.00046890738303773105,0.0015537603395863768,9.884773317025974e-05,0.000495612621307373,0.000129383392049931,0.0,0.0,0.0,anisotropic
33,3.2799808875882963e-12,0.005083990283310413,0.9868545532226562,0.9960604310035706,0.9927691221237183,0.002913653152063489,-1.302388372929203e-13,6.889520014598596e-14,-1.2318495443125856e-16,2.5857840648953016e-15,4.68600689935289e-13,-0.00013023884093854576,6.889519863761961e-05,0.00046860065776854753,0.0015998136447912589,9.72561610979028e-05,0.0004916191101074219,0.00012845925812143832,0.0,0.0,0.0,anisotropic
34,3.2775006666985185e-12,0.005082847084850073,0.9866724014282227,0.9960569143295288,0.9927434921264648,0.0029969564639031887,-1.302457490817699e-13,6.885065976548754e-14,-1.229826856104322e-16,2.5840645880123754e-15,4.682879518186356e-13,-0.00013024575309827924,6.88506625010632e-05,0.0004682879662141204,0.0016444578749769871,9.565770596964285e-05,0.0005319118499755859,0.00012725040141958743,0.0,0.0,0.0,anisotropic
35,3.2750369256817624e-12,0.0050817555747926235,0.9864959120750427,0.9960582256317139,0.9927176237106323,0.0030786721035838127,-1.3025095325219782e-13,6.880687832650986e-14,-1.2277410374717082e-16,2.582315888492769e-15,4.679700095315542e-13,-0.00013025094813201576,6.880687578814104e-05,0.0004679699777625501,0.001687341574932261,9.426755423191935e-05,0.0005757808685302734,0.0001261215511476621,0.0,0.0,0.0,anisotropic
36,3.272600072878884e-12,0.00508071668446064,0.9863174557685852,0.9960618615150452,0.9926916360855103,0.003158878767862916,-1.302544769092584e-13,6.876394392047944e-14,-1.2256213375212043e-16,2.580555330511901e-15,4.676498446300192e-13,-0.00013025446969550103,6.876394036225975e-05,0.0004676498647313565,0.001728644424037608,9.302973921876401e-05,0.0006098747253417969,0.00012516466085799038,0.0,0.0,0.0,anisotropic
37,3.270202685035084e-12,0.0050797248259186745,0.9861440062522888,0.9960664510726929,0.9926655888557434,0.003237808821722865,-1.302565775509676e-13,6.87219988489314e-14,-1.2235064021310287e-16,2.578806842750531e-15,4.673319023429379e-13,-0.00013025657972320914,6.872200174257159e-05,0.00046733193448744714,0.0017689126214498227,9.185261296806857e-05,0.0006451606750488281,0.00012430398783180863,0.0,0.0,0.0,anisotropic
38,3.2678508336825285e-12,0.0050787776708602905,0.9859726428985596,0.9960711598396301,0.9926396012306213,0.0033157668076455593,-1.3025744491270558e-13,6.868098890175714e-14,-1.2214291861767856e-16,2.5770856718017104e-15,4.670189473858499e-13,-0.00013025743828620762,6.868098716950044e-05,0.00046701892279088497,0.001808674639975976,9.063331526704133e-05,0.000656425952911377,0.00012342931586317718,0.0,0.0,0.0,anisotropic
39,3.2655388809699204e-12,0.0050778756849467754,0.9858003854751587,0.9960752725601196,0.9926136136054993,0.003393021412193775,-1.3025741780765127e-13,6.864079888247582e-14,-1.21940861555089e-16,2.575396899863122e-15,4.667117929103848e-13,-0.0001302574237342924,6.86408020555973e-05,0.0004667118191719055,0.0018481857504405396,8.931817137636244e-05,0.0006732940673828125,0.000122398414532654,0.0,0.0,0.0,anisotropic
40,3.263260321684225e-12,0.005077016539871693,0.9856266975402832,0.9960787892341614,0.9925877451896667,0.003469666466116905,-1.3025641492064172e-13,6.860109675417211e-14,-1.2174509106515485e-16,2.5737303625393993e-15,4.664088126132837e-13,-0.00013025641965214163,6.86010971548967e-05,0.00046640881919302046,0.0018874109542680582,8.789543790044263e-05,0.0006684064865112305,0.00012107761722290888,0.0,0.0,0.0,anisotropic
41,3.261003880122848e-12,0.005076185800135136,0.9854534864425659,0.9960821270942688,0.992561936378479,0.003545707557350397,-1.3025468019716574e-13,6.856153692740355e-14,-1.2155507775228407e-16,2.5720748366439908e-15,4.661078380902017e-13,-0.00013025467342231423,6.856153777334839e-05,0.0004661078273784369,0.0019261361443438602,8.641253225505352e-05,0.0006749629974365234,0.0001194925353047438,0.0,0.0,0.0,anisotropic
42,3.258763484753624e-12,0.005075362976640463,0.9852832555770874,0.9960858821868896,0.9925360679626465,0.0036211179103702307,-1.3025221363722334e-13,6.852201098195287e-14,-1.2137018634176622e-16,2.570419734265056e-15,4.65806971987337e-13,-0.00013025221414864063,6.852200749563053e-05,0.00046580698108300567,0.0019641413197012455,8.50397627800703e-05,0.0006721615791320801,0.0001178473248728551,0.0,0.0,0.0,anisotropic
43,3.2565360998104698e-12,0.0050745271146297455,0.9851169586181641,0.9960903525352478,0.9925100803375244,0.003695958759635687,-1.3024927273883047e-13,6.84823630637578e-14,-1.2119013890091548e-16,2.5687663259520155e-15,4.655064853552326e-13,-0.0001302492746617645,6.848236080259085e-05,0.0004655064840335399,0.002001398260932603,8.375863399123773e-05,0.0006538629531860352,0.00011635583359748125,0.0,0.0,0.0,anisotropic
44,3.2543234600168613e-12,0.00507366843521595,0.984952986240387,0.9960947632789612,0.9924840331077576,0.0037704112473875284,-1.3024627763032898e-13,6.844263383039978e-14,-1.2101510748329926e-16,2.567123293792579e-15,4.652079502870388e-13,-0.00013024627696722746,6.84426340740174e-05,0.0004652079660445452,0.0020381526785969747,8.258675370598212e-05,0.0006214380264282227,0.00011513014032971114,0.0,0.0,0.0,anisotropic
45,3.252128817979316e-12,0.005072786007076502,0.9847882986068726,0.9961011409759521,0.9924580454826355,0.003844651859253645,-1.302436484400607e-13,6.840293847835965e-14,-1.2084537002160338e-16,2.56550567262156e-15,4.649139688679693e-13,-0.00013024364307057112,6.840293644927442e-05,0.0004649139300454408,0.002074773657733875,8.155332034220919e-05,0.0006191730499267578,0.000114183290861547,0.0,0.0,0.0,anisotropic
46,3.2499547757830483e-12,0.005071887746453285,0.9846200942993164,0.9961064457893372,0.9924321174621582,0.003918773028999567,-1.302417375337317e-13,6.836337187532751e-14,-1.2068079416692983e-16,2.5639225680431418e-15,4.646263300316089e-13,-0.0001302417367696762,6.836336979176849e-05,0.0004646262968890369,0.002111508202526938,8.055231592152268e-05,0.0006498098373413086,0.00011339787306496873,0.0,0.0,0.0,anisotropic
47,3.247800249225885e-12,0.0050709862262010574,0.9844475984573364,0.9961104393005371,0.9924064874649048,0.00399269163608551,-1.302407481992493e-13,6.832396790262124e-14,-1.2052055935611095e-16,2.5623771564308763e-15,4.643455216689352e-13,-0.00013024074723944068,6.832397048128769e-05,0.00046434556134045124,0.002148367933890493,7.942201045807451e-05,0.0006710290908813477,0.00011256268044235185,0.0,0.0,0.0,anisotropic
48,3.245665021467392e-12,0.005070089362561703,0.9842677116394043,0.9961140751838684,0.9923808574676514,0.004066178109496832,-1.3024080240935793e-13,6.828488241430314e-14,-1.2036347444906468e-16,2.5608675319606323e-15,4.640712185192963e-13,-0.0001302408054471016,6.82848840369843e-05,0.0004640712577383965,0.002185172052406083,7.817052392056212e-05,0.0007055997848510742,0.00011162836017319933,0.0,0.0,0.0,anisotropic
49,3.2435469241032244e-12,0.005069197155535221,0.9840853214263916,0.9961177706718445,0.9923552870750427,0.00413900101557374,-1.3024180529636747e-13,6.824601376641953e-14,-1.2020826889637013e-16,2.5593873418853054e-15,4.638022821704113e-13,-0.00013024180952925235,6.824601587140933e-05,0.0004638022801373154,0.002221658171775242,7.708566408837214e-05,0.0007256269454956055,0.0001108545548049733,0.0,0.0,0.0,anisotropic
50,3.2414448729312095e-12,0.005068298429250717,0.9839058518409729,0.9961215853691101,0.9923297166824341,0.004210996441543102,-1.3024385172796804e-13,6.820750426050556e-14,-1.2005440006754547e-16,2.557936162688422e-15,4.635385499919542e-13,-0.00013024384679738432,6.820750422775745e-05,0.0004635385994333774,0.0022576812735772664,7.634598296135664e-05,0.000731348991394043,0.00011057974916184321,0.0,0.0,0.0,anisotropic
51,3.2393575669087404e-12,0.005067374091595411,0.9837293028831482,0.9961252808570862,0.9923042058944702,0.004282152280211449,-1.3024706367690403e-13,6.816940133040628e-14,-1.199020267812683e-16,2.55651611195235e-15,4.632805098749027e-13,-0.0001302470627706498,6.816940003773198e-05,0.00046328050666488707,0.0022933556449059463,7.588661537738517e-05,0.0007268786430358887,0.00011094954970758408,0.0,0.0,0.0,anisotropic
52,3.237282837631472e-12,0.005066403653472662,0.9835532903671265,0.9961280226707458,0.9922788143157959,0.004352549556642771,-1.3025144114317544e-13,6.813167787106736e-14,-1.1975182401691847e-16,2.5551324836330103e-15,4.630290833911033e-13,-0.00013025144289713353,6.813168147346005e-05,0.0004630290495697409,0.002328972970490239,7.561512757092714e-05,0.0006954669952392578,0.00011191193334525451,0.0,0.0,0.0,anisotropic
53,3.235215914609846e-12,0.0050653694197535515,0.9833748936653137,0.9961292743682861,0.9922537803649902,0.004422307945787907,-1.3025707899447236e-13,6.809434743501597e-14,-1.1960442704920642e-16,2.55378676003806e-15,4.627844331708819e-13,-0.0001302570744883269,6.809434853494167e-05,0.00046278443187475204,0.0023647786930510255,7.544399704784155e-05,0.0006610751152038574,0.00011325782543281093,0.0,0.0,0.0,anisotropic
54,3.2331489915882194e-12,0.005064265802502632,0.9831927418708801,0.9961291551589966,0.992229163646698,0.004491553641855717,-1.3026370618025168e-13,6.805730837829843e-14,-1.1945976970368315e-16,2.552471529629211e-15,4.625453665918489e-13,-0.00013026371016167104,6.805730663472787e-05,0.0004625454021152109,0.0024008294724420275,7.532375457230955e-05,0.0006871819496154785,0.00011466823343653232,0.0,0.0,0.0,anisotropic
55,3.23107903280051e-12,0.005063093267381191,0.9830079674720764,0.996128261089325,0.9922049045562744,0.004560376517474651,-1.302710109923888e-13,6.802052004333328e-14,-1.1931746816854443e-16,2.5511781103187536e-15,4.62310311560854e-13,-0.00013027101522311568,6.802051939303055e-05,0.00046231033047661185,0.002437006861743251,7.520648796344176e-05,0.0006957650184631348,0.00011591827205847949,0.0,0.0,0.0,anisotropic
56,3.22900083407629e-12,0.005061866715550423,0.9828174114227295,0.9961276054382324,0.9921807050704956,0.004628891125321388,-1.302786004075962e-13,6.798398243012052e-14,-1.1917690040396962e-16,2.5498950671619e-15,4.62077153883661e-13,-0.00013027859677094966,6.798397953389212e-05,0.00046207712148316205,0.002473112389809807,7.51339175621979e-05,0.0007040500640869141,0.0001170152536360547,0.0,0.0,0.0,anisotropic
57,3.2269161301390348e-12,0.005060603376477957,0.9826202988624573,0.9961276054382324,0.9921566843986511,0.004697246942669153,-1.3028610850764066e-13,6.794769553866015e-14,-1.1903749730969728e-16,2.548614988620362e-15,4.618445383075542e-13,-0.0001302861055592075,6.794769433327019e-05,0.0004618445527739823,0.0025090463037855926,7.511841249652207e-05,0.00074005126953125,0.00011803027155110613,0.0,0.0,0.0,anisotropic
58,3.2248288241165657e-12,0.005059324204921722,0.9824249148368835,0.9961280226707458,0.9921325445175171,0.004765634890645742,-1.302934404248321e-13,6.791182199927803e-14,-1.1889924565083762e-16,2.5473355453535344e-15,4.616119769415561e-13,-0.0001302934397244826,6.791182386223227e-05,0.00046161198406480253,0.0025448914612076962,7.509013084927574e-05,0.0007938146591186523,0.00011890723544638604,0.0,0.0,0.0,anisotropic
59,3.2227449875410485e-12,0.00505805155262351,0.9822291731834412,0.996128261089325,0.9921085238456726,0.00483420817181468,-1.3030032510862738e-13,6.787655832361794e-14,-1.1876218513206003e-16,2.546056949119654e-15,4.613796324159924e-13,-0.0001303003227803856,6.787655729567632e-05,0.00046137961908243597,0.002580816248271478,7.499759522033855e-05,0.0008482933044433594,0.00011944776633754373,0.0,0.0,0.0,anisotropic
60,3.2206696077424768e-12,0.005056804046034813,0.9820308685302734,0.9961279630661011,0.9920845031738281,0.004903038498014212,-1.303067625590265e-13,6.784212135211437e-14,-1.186259848811195e-16,2.5447787764022473e-15,4.611473421005374e-13,-0.00013030676927883178,6.784212018828839e-05,0.0004611473996192217,0.002616898493969364,7.477847975678742e-05,0.0008795857429504395,0.00011942837591050193,0.0,0.0,0.0,anisotropic
61,3.218604636284761e-12,0.005055597051978111,0.9818274974822998,0.9961271286010742,0.9920605421066284,0.0049721370451152325,-1.3031246817295922e-13,6.780849075597659e-14,-1.1848993021396678e-16,2.5434970037948148e-15,4.609144554738875e-13,-0.0001303124736296013,6.780849071219563e-05,0.000460914452560246,0.0026530475251368463,7.43589989724569e-05,0.0008957386016845703,0.00011883054685313255,0.0,0.0,0.0,anisotropic
62,3.2165494226465974e-12,0.00505443662405014,0.9816239476203918,0.9961262345314026,0.9920364618301392,0.005041468422859907,-1.303171302423009e-13,6.777561910135954e-14,-1.183528696951892e-16,2.542205066792015e-15,4.606796714934358e-13,-0.00013031713024247438,6.777561793569475e-05,0.00046067973016761243,0.0026890535130804282,7.389382517430931e-05,0.0009351968765258789,0.00011799803905887529,0.0,0.0,0.0,anisotropic
63,3.2145054847110277e-12,0.0050533185712993145,0.9814220666885376,0.9961256384849548,0.9920121431350708,0.005110963247716427,-1.3032062679430717e-13,6.774333698167379e-14,-1.182142871640845e-16,2.5409016948444276e-15,4.60442881738965e-13,-0.00013032062270212919,6.774333451176062e-05,0.00046044288319535553,0.002724744015327825,7.351808017119765e-05,0.0009443163871765137,0.00011743244976969436,0.0,0.0,0.0,anisotropic
64,3.212468919350231e-12,0.005052231717854738,0.9812217354774475,0.9961255192756653,0.9919874668121338,0.005180585663765669,-1.3032278164612499e-13,6.771156308175638e-14,-1.1807416938576292e-16,2.5395854056443944e-15,4.60203652529606e-13,-0.00013032277638558298,6.771156040485948e-05,0.0004602036206051707,0.0027601184257907527,7.328006904572248e-05,0.0009241104125976562,0.00011743124923668802,0.0,0.0,0.0,anisotropic
65,3.210437991840731e-12,0.005051159765571356,0.9810213446617126,0.9961254596710205,0.9919627904891968,0.005250294227153063,-1.3032363545533582e-13,6.768019575765366e-14,-1.1793297958136747e-16,2.5382583167742837e-15,4.599625259664453e-13,-0.00013032363494858146,6.768019375158474e-05,0.00045996252447366714,0.0027953241066359415,7.313225796679035e-05,0.0009666085243225098,0.00011795660248026252,0.0,0.0,0.0,anisotropic
66,3.2084092327355762e-12,0.005050084087997675,0.9808191657066345,0.9961252212524414,0.9919382333755493,0.005320072174072266,-1.3032325598457545e-13,6.764914014167553e-14,-1.17791458904727e-16,2.5369219105417532e-15,4.597196646798085e-13,-0.00013032325659878552,6.76491399644874e-05,0.0004597196530085057,0.0028304923239670368,7.29943421902135e-05,0.0009797215461730957,0.00011870276648551226,0.0,0.0,0.0,anisotropic
67,3.2063800399495523e-12,0.00504898838698864,0.9806150794029236,0.9961248636245728,0.9919136762619019,0.005389919504523277,-1.3032156191868094e-13,6.761823360349611e-14,-1.1764989852341713e-16,2.535574069364435e-15,4.59474743409044e-13,-0.00013032156857661903,6.761823169654235e-05,0.00045947471517138183,0.002865633212890543,7.276250835275277e-05,0.000958561897277832,0.00011930971959372982,0.0,0.0,0.0,anisotropic
68,3.2043495461209215e-12,0.005047856830060482,0.9804103374481201,0.9961246848106384,0.9918891191482544,0.005459840875118971,-1.3031872944050532e-13,6.7587482919379e-14,-1.1750864254457267e-16,2.5342147932423285e-15,4.592277621541518e-13,-0.0001303187309531495,6.758748349966481e-05,0.00045922776916995645,0.002900644338787179,7.242536230478436e-05,0.0009570717811584473,0.00011964738223468885,0.0,0.0,0.0,anisotropic
69,3.2023168838879457e-12,0.005046682432293892,0.9802063703536987,0.9961249232292175,0.9918644428253174,0.0055298893712460995,-1.303145417096141e-13,6.755682710295197e-14,-1.1736745274017722e-16,2.5328425998677765e-15,4.589785040746974e-13,-0.00013031454000156373,6.755682989023626e-05,0.0004589784948620945,0.0029354270013284773,7.207571616163477e-05,0.0009701251983642578,0.00011981050920439884,0.0,0.0,0.0,anisotropic
70,3.2002853058571423e-12,0.005045461934059858,0.9800030589103699,0.9961255788803101,0.9918395280838013,0.005600159987807274,-1.3030931043413185e-13,6.752623904916072e-14,-1.172266335126962e-16,2.5314627831966993e-15,4.587277823223102e-13,-0.00013030931586399674,6.752624176442623e-05,0.0004587278235703707,0.002969998992553251,7.174505299190059e-05,0.000952303409576416,0.00011985690798610449,0.0,0.0,0.0,anisotropic
71,3.19825763095416e-12,0.005044206976890564,0.9797990918159485,0.9961262941360474,0.9918145537376404,0.0056707351468503475,-1.3030302206153144e-13,6.749584073074966e-14,-1.170863966203664e-16,2.5300814842179643e-15,4.584767895193798e-13,-0.00013030301488470286,6.749584281351417e-05,0.0004584768321365118,0.0030044697174406955,7.13720073690638e-05,0.000907599925994873,0.00011964015720877796,0.0,0.0,0.0,anisotropic
72,3.1962364612642125e-12,0.0050429352559149265,0.9795935750007629,0.9961267709732056,0.9917893409729004,0.005741683300584555,-1.3029604251004606e-13,6.746557793761015e-14,-1.1694657000962044e-16,2.5287048439204393e-15,4.58226718288296e-13,-0.00013029604451730847,6.746557482983917e-05,0.0004582267429213971,0.0030388986389952247,7.08710722392425e-05,0.0008959770202636719,0.00011889678717125207,0.0,0.0,0.0,anisotropic
73,3.1942224473086034e-12,0.005041671451181173,0.9793873429298401,0.9961271286010742,0.9917639493942261,0.005813001189380884,-1.302886292776917e-13,6.743538290710643e-14,-1.1680690221755208e-16,2.5273370974688604e-15,4.579782733604709e-13,-0.000130288623040542,6.743537960574031e-05,0.00045797828352078795,0.0030732132816541136,7.023452781140804e-05,0.0008679628372192383,0.00011751573765650392,0.0,0.0,0.0,anisotropic
74,3.1922164564490707e-12,0.005040436051785946,0.9791825413703918,0.996127724647522,0.9917382597923279,0.005884635262191296,-1.302809178897399e-13,6.740510656143978e-14,-1.1666706237191632e-16,2.525979091896175e-15,4.577315089460132e-13,-0.0001302809250773862,6.740510434610769e-05,0.00045773154124617577,0.003107250544852679,6.95249909767881e-05,0.0008165240287780762,0.00011571936920518056,0.0,0.0,0.0,anisotropic
75,3.1902184886856144e-12,0.005039241164922714,0.9789806008338928,0.9961287975311279,0.9917119741439819,0.0059564802795648575,-1.302731387391523e-13,6.737457949402073e-14,-1.1652693135870494e-16,2.52463167423533e-15,4.57486696095466e-13,-0.00013027313980273902,6.737458170391619e-05,0.0004574867198243737,0.0031408901038352927,6.881610170239583e-05,0.000755012035369873,0.00011387362610548735,0.0,0.0,0.0,anisotropic
76,3.188226592454324e-12,0.005038089118897915,0.9787812829017639,0.9961304068565369,0.9916853308677673,0.006028451025485992,-1.3026546800878197e-13,6.734363229825985e-14,-1.1638707827817937e-16,2.5232952680027997e-15,4.572439432290465e-13,-0.00013026547094341367,6.734362978022546e-05,0.0004572439065668732,0.003174139861840069,6.810582999605685e-05,0.0007024407386779785,0.00011220300802960992,0.0,0.0,0.0,anisotropic
77,3.1862390330317236e-12,0.005036972463130951,0.9785832166671753,0.9961321949958801,0.9916584491729736,0.006100439000874758,-1.30258176749172e-13,6.731219721152135e-14,-1.1624833692839708e-16,2.5219709319897676e-15,4.570033045568633e-13,-0.00013025818043388426,6.731219764333218e-05,0.0004570033052004874,0.0032070917455250783,6.739010859746486e-05,0.0006679892539978027,0.00011073156929342076,0.0,0.0,0.0,anisotropic
78,3.184254943056075e-12,0.005035880021750927,0.9783854484558105,0.9961340427398682,0.9916314482688904,0.00617234455421567,-1.3025131917043103e-13,6.728015226106082e-14,-1.161113822887379e-16,2.5206580309215234e-15,4.567647258688079e-13,-0.00013025131192989647,6.728015432599932e-05,0.00045676474110223353,0.0032397984043237744,6.667988782282919e-05,0.0006843209266662598,0.0001093758619390428,0.0,0.0,0.0,anisotropic
79,3.1822730214847716e-12,0.005034801084548235,0.9781882762908936,0.9961360096931458,0.9916044473648071,0.006244052201509476,-1.3024481395739612e-13,6.724758553830479e-14,-1.1597645258721825e-16,2.519353176666278e-15,4.565276650637939e-13,-0.0001302448072237894,6.724758713971823e-05,0.000456527661299333,0.003272225145515852,6.59694560454227e-05,0.000687718391418457,0.00010810565436258912,0.0,0.0,0.0,anisotropic
80,3.180296304083896e-12,0.005033726338297129,0.977992832660675,0.9961382150650024,0.9915773868560791,0.0063154688104987144,-1.302386204524858e-13,6.721451737204398e-14,-1.1584353458894833e-16,2.5180546751581373e-15,4.562917968811697e-13,-0.00013023862265981734,6.721451791236177e-05,0.0004562918038573116,0.003304295846069397,6.528942321892828e-05,0.0006906986236572266,0.00010702039435273036,0.0,0.0,0.0,anisotropic
81,3.1783239234917104e-12,0.005032651592046022,0.9777994751930237,0.996140718460083,0.9915502667427063,0.006386538501828909,-1.302324811576841e-13,6.718111716886785e-14,-1.1571228418679331e-16,2.5167618911223905e-15,4.560569044805007e-13,-0.00013023248175159097,6.718111399095505e-05,0.00045605687773786485,0.0033359922245090727,6.463636236730963e-05,0.0007328391075134277,0.00010623942216625437,0.0,0.0,0.0,anisotropic
82,3.1763582649529942e-12,0.005031580571085215,0.9776073098182678,0.9961434006690979,0.991523265838623,0.006457233801484108,-1.3022642317804534e-13,6.71474120338307e-14,-1.1558214551538157e-16,2.515474401042564e-15,4.558230420718956e-13,-0.00013022642815485597,6.714741175528616e-05,0.0004558229702524841,0.0033673630406585407,6.40182479401119e-05,0.0007849931716918945,0.00010575946362223476,0.0,0.0,0.0,anisotropic
83,3.174399545308182e-12,0.005030517466366291,0.9774155020713806,0.9961462616920471,0.9914963841438293,0.006527566350996494,-1.3022021612060786e-13,6.711351716341338e-14,-1.1545276123268848e-16,2.5141924166768945e-15,4.555901554452457e-13,-0.00013022021448705345,6.711352034471929e-05,0.00045559011050499976,0.003398445932821305,6.346609734464437e-05,0.0008480548858642578,0.0001054542008205317,0.0,0.0,0.0,anisotropic
84,3.172446680355101e-12,0.005029467865824699,0.9772241711616516,0.9961493015289307,0.9914695620536804,0.006597571074962616,-1.3021387353789882e-13,6.707942578135229e-14,-1.153235887082322e-16,2.5129155145089087e-15,4.553580819702252e-13,-0.00013021386985201389,6.707942520733923e-05,0.0004553581529762596,0.0034292141471866187,6.298454536590725e-05,0.0009036064147949219,0.00010519926581764594,0.0,0.0,0.0,anisotropic
85,3.170499019572448e-12,0.0050284359604120255,0.9770342111587524,0.9961526393890381,0.9914426803588867,0.006667302921414375,-1.3020723279959234e-13,6.704507012501165e-14,-1.1519444265355552e-16,2.5116422122309487e-15,4.55126821646834e-13,-0.00013020723417866975,6.704506813548505e-05,0.000455126806627959,0.0034596157617914763,6.258653593249619e-05,0.0009437203407287598,0.00010501130600459874,0.0,0.0,0.0,anisotropic
86,3.168555261917616e-12,0.005027416627854109,0.9768458604812622,0.9961563348770142,0.9914157390594482,0.0067368727177381516,-1.302004565360143e-13,6.701026723527487e-14,-1.1506540247799724e-16,2.510372086326541e-15,4.548961034245291e-13,-0.00013020045298617333,6.701026723021641e-05,0.00045489604235626757,0.003489659889902447,6.225542892934754e-05,0.0009781718254089355,0.00010496538016013801,0.0,0.0,0.0,anisotropic
87,3.16661323898626e-12,0.005026406608521938,0.9766582250595093,0.9961602091789246,0.9913886785507202,0.0068063875660300255,-1.3019350408958325e-13,6.697499000708762e-14,-1.149368387584718e-16,2.5091038662462643e-15,4.5466571046287596e-13,-0.00013019349717069417,6.697499338770285e-05,0.0004546656855382025,0.003519444128146166,6.197438051458448e-05,0.0010330677032470703,0.0001050513019436039,0.0,0.0,0.0,anisotropic
88,3.1646714328953385e-12,0.005025402642786503,0.9764698147773743,0.9961639642715454,0.991361677646637,0.006875975988805294,-1.301866058532608e-13,6.693909613891477e-14,-1.1480925442079162e-16,2.507839034297777e-15,4.5443588670736335e-13,-0.00013018659956287593,6.693909381283447e-05,0.0004544359107967466,0.00354908909713516,6.173618749016896e-05,0.0010704994201660156,0.00010512009612284601,0.0,0.0,0.0,anisotropic
89,3.162730927847024e-12,0.005024403799325228,0.9762803316116333,0.9961675405502319,0.9913346171379089,0.0069457232020795345,-1.3017985669473708e-13,6.690250431559339e-14,-1.1468275534407511e-16,2.506575896415184e-15,4.542064153175568e-13,-0.0001301798620261252,6.690250302199274e-05,0.0004542064561974257,0.003578646860927312,6.147757812868804e-05,0.0010957121849060059,0.0001049695783876814,0.0,0.0,0.0,anisotropic
90,3.160789772277406e-12,0.005023415200412273,0.9760903716087341,0.9961709380149841,0.9913075566291809,0.007015659008175135,-1.3017312108874052e-13,6.686533650986787e-14,-1.1455690477695885e-16,2.5053119114996436e-15,4.53976835507533e-13,-0.00013017312448937446,6.68653374304995e-05,0.0004539768269751221,0.0036080893160048144,6.117728480603546e-05,0.0011042356491088867,0.00010452525020809844,0.0,0.0,0.0,anisotropic
91,3.1588512187930018e-12,0.0050224419683218,0.9759007692337036,0.9961743354797363,0.9912803173065186,0.007085773628205061,-1.3016641258779826e-13,6.682774179953693e-14,-1.1443122626341e-16,2.5040441149358408e-15,4.5374652386104275e-13,-0.00013016641605645418,6.682774255750701e-05,0.00045374652836471796,0.00363737159995547,6.08179034315981e-05,0.0011064410209655762,0.00010387031943537295,0.0,0.0,0.0,anisotropic
92,3.1569157010746807e-12,0.005021489225327969,0.975711464881897,0.996177613735199,0.9912530183792114,0.007156006991863251,-1.3015960921916592e-13,6.678982182855425e-14,-1.143051904078365e-16,2.502771447932591e-15,4.5351537195786884e-13,-0.0001301596057601273,6.678982026642188e-05,0.0004535153857432306,0.003666495071482142,6.039640720700845e-05,0.0010741949081420898,0.0001031115316436626,0.0,0.0,0.0,anisotropic
93,3.1549836528033115e-12,0.00502056023105979,0.9755217432975769,0.9961807727813721,0.99122554063797,0.007226292043924332,-1.3015280585053357e-13,6.675177988482717e-14,-1.141786119217812e-16,2.501492851698711e-15,4.5328310874746813e-13,-0.00013015281001571566,6.675178156001493e-05,0.00045328313717618585,0.0036954846924532737,5.994441016810015e-05,0.0010628104209899902,0.00010228269820800051,0.0,0.0,0.0,anisotropic
94,3.1530546402980253e-12,0.005019653122872114,0.9753314852714539,0.9961838722229004,0.9911981821060181,0.007296575699001551,-1.301459482717926e-13,6.671369050725504e-14,-1.1405142463079504e-16,2.5002070556847788e-15,4.5304957159951476e-13,-0.00013014594151172787,6.671369192190468e-05,0.00045304957893677056,0.003724348547553972,5.950342529104091e-05,0.0010383129119873047,0.00010140503582078964,0.0,0.0,0.0,anisotropic
95,3.151128229877953e-12,0.005018765106797218,0.9751411080360413,0.9961868524551392,0.9911707043647766,0.007366819307208061,-1.3013906358799732e-13,6.667568244484584e-14,-1.1392377411866586e-16,2.498913001099611e-15,4.528144894634656e-13,-0.00013013905845582485,6.667568231932819e-05,0.0004528145072981715,0.0037530664167186173,5.9118727222085e-05,0.0009931325912475586,0.00010059573833132163,0.0,0.0,0.0,anisotropic
96,3.1492026868196188e-12,0.005017886869609356,0.9749510288238525,0.9961899518966675,0.9911431074142456,0.007437013555318117,-1.3013220600925635e-13,6.66377828026539e-14,-1.1379579273429165e-16,2.497611111459681e-15,4.525780249696465e-13,-0.0001301322045037523,6.663778185611591e-05,0.0004525780095718801,0.0037816313847722854,5.8812613133341074e-05,0.00095367431640625,0.00010003675561165437,0.0,0.0,0.0,anisotropic
97,3.1472775774421535e-12,0.005017013289034367,0.9747610092163086,0.9961930513381958,0.9911155700683594,0.007507171016186476,-1.301254975083141e-13,6.65999576993613e-14,-1.1366787752436645e-16,2.4963035043473573e-15,4.5234055758881786e-13,-0.00013012549607083201,6.659995415247977e-05,0.00045234052231535316,0.003810087252189868,5.858097574673593e-05,0.0008977651596069336,9.980368486139923e-05,0.0,0.0,0.0,anisotropic
98,3.1453522512242538e-12,0.005016142502427101,0.9745703339576721,0.9961960315704346,0.9910879731178284,0.007577309850603342,-1.301189516376977e-13,6.656222746375881e-14,-1.1354012113311886e-16,2.4949925091032445e-15,4.5210243968668573e-13,-0.00013011894770897925,6.656222831225023e-05,0.0004521024238783866,0.003838486438154514,5.8429737691767514e-05,0.0008320212364196777,9.978900925489143e-05,0.0,0.0,0.0,anisotropic
99,3.143426491325485e-12,0.005015275906771421,0.9743792414665222,0.9961989521980286,0.9910604357719421,0.007647451478987932,-1.3011258194993436e-13,6.652459887210999e-14,-1.1341243091632028e-16,2.493681090342658e-15,4.5186418625928204e-13,-0.00013011258852202445,6.652459705946967e-05,0.0004518641799222678,0.00386683979448913,5.8319619711255655e-05,0.0007675886154174805,9.984989446820691e-05,0.0,0.0,0.0,anisotropic
100,3.1415011651075853e-12,0.005014417693018913,0.9741886854171753,0.9962019324302673,0.9910327196121216,0.007717584725469351,-1.3010646976018697e-13,6.648704481936052e-14,-1.1328462158551348e-16,2.4923709421314924e-15,4.516262851975844e-13,-0.00013010647671762854,6.648704584222287e-05,0.00045162628521211445,0.0038951081528196345,5.823979518027045e-05,0.0008131265640258789,9.998676978284493e-05,0.0,0.0,0.0,anisotropic
101,3.139576489410989e-12,0.0050135706551373005,0.9739993810653687,0.9962050914764404,0.9910049438476562,0.007787693291902542,-1.3010039822802105e-13,6.64495382004561e-14,-1.1315632256378406e-16,2.4910637585356422e-15,4.5138879071170146e-13,-0.00013010039401706308,6.644953828072175e-05,0.0004513887979555875,0.003923265485437895,5.8175715821562335e-05,0.0009021162986755371,0.00010031884448835626,0.0,0.0,0.0,anisotropic
102,3.1376511631930892e-12,0.005012735724449158,0.9738085269927979,0.9962084293365479,0.9909769892692566,0.007857776246964931,-1.3009444866859954e-13,6.641194349012516e-14,-1.130276397302504e-16,2.489760174829818e-15,4.5115200095723063e-13,-0.00013009444228373468,6.641194340772927e-05,0.000451152038294822,0.003951343423386076,5.812053495901637e-05,0.0009962916374206543,0.00010093345917994156,0.0,0.0,0.0,anisotropic
103,3.135725186453886e-12,0.005011911038309336,0.9736179113388062,0.9962118268013,0.9909489154815674,0.007927842438220978,-1.3008860752939527e-13,6.63741725969412e-14,-1.1289874513847995e-16,2.488461885079914e-15,4.5091624119482365e-13,-0.0001300886069657281,6.637417391175404e-05,0.0004509162390604615,0.003979413317468506,5.807157140225172e-05,0.0010944604873657227,0.00010188364831265062,0.0,0.0,0.0,anisotropic
104,3.1337970413103378e-12,0.005011094734072685,0.9734275937080383,0.996215283870697,0.9909207224845886,0.007997903972864151,-1.300829832306255e-13,6.633612387695054e-14,-1.127700755398361e-16,2.4871710068682983e-15,4.5068170115986073e-13,-0.00013008298992644995,6.633612065343186e-05,0.0004506817494984716,0.0040075282925228824,5.8055891713593155e-05,0.0012375712394714355,0.00010331968223908916,0.0,0.0,0.0,anisotropic
105,3.131864776198534e-12,0.00501028448343277,0.9732379913330078,0.9962188601493835,0.9908924102783203,0.00806797668337822,-1.3007742669449152e-13,6.629760759477299e-14,-1.1264172357854747e-16,2.4858860578873135e-15,4.504483266422332e-13,-0.00013007743109483272,6.629760900977999e-05,0.0004504483367782086,0.004035723620818997,5.809732829220593e-05,0.0014165639877319336,0.00010556836059549823,0.0,0.0,0.0,anisotropic
106,3.1299264395545645e-12,0.005009479355067015,0.9730494022369385,0.9962224960327148,0.9908638000488281,0.008138113655149937,-1.3007210055131918e-13,6.625862375040856e-14,-1.1251366278483446e-16,2.4846083086863804e-15,4.502162260621584e-13,-0.00013007210509385914,6.62586244288832e-05,0.00045021623373031616,0.004064059476374195,5.822075763717294e-05,0.0016467571258544922,0.00010899068729486316,0.0,0.0,0.0,anisotropic
107,3.127980730335822e-12,0.005008680745959282,0.9728613495826721,0.9962261319160461,0.9908350706100464,0.00820838287472725,-1.300668828283641e-13,6.621906392363999e-14,-1.1238580051446846e-16,2.4833379710237358e-15,4.4998545362974485e-13,-0.00013006688095629215,6.621906504733488e-05,0.0004499854694586247,0.004092627767130445,5.843066537636332e-05,0.001888871192932129,0.00011371725122444332,0.0,0.0,0.0,anisotropic
108,3.126026998021003e-12,0.005007891450077295,0.9726732969284058,0.9962298274040222,0.9908061027526855,0.008278914727270603,-1.3006204457616938e-13,6.617886712809509e-14,-1.1225780589520446e-16,2.4820765272070373e-15,4.497562532904814e-13,-0.00013006204972043633,6.617886538151652e-05,0.00044975627679377794,0.004121495143545851,5.870327731827274e-05,0.0021151304244995117,0.000119339871162083,0.0,0.0,0.0,anisotropic
109,3.124066543652715e-12,0.0050071123987436295,0.9724853038787842,0.9962334632873535,0.9907768964767456,0.008349884301424026,-1.3005736895430053e-13,6.613810112640964e-14,-1.1212953334325463e-16,2.4808222831703905e-15,4.495284353089879e-13,-0.0001300573640037328,6.613809819100425e-05,0.0004495284229051322,0.0041506565418186455,5.8967510994989425e-05,0.002256453037261963,0.00012461298319976777,0.0,0.0,0.0,anisotropic
110,3.122103704039647e-12,0.005006337538361549,0.972296953201294,0.99623703956604,0.990747332572937,0.008421499282121658,-1.3005285596275756e-13,6.609691499638234e-14,-1.120012210866354e-16,2.4795765094632162e-15,4.4930208100042723e-13,-0.000130052852910012,6.609691627090797e-05,0.00044930208241567016,0.00418002472315252,5.911440894124098e-05,0.0023158788681030273,0.00012746592983603477,0.0,0.0,0.0,anisotropic
111,3.1201447675544003e-12,0.0050055524334311485,0.9721070528030396,0.9962404370307922,0.9907176494598389,0.008493899367749691,-1.3004818034088872e-13,6.605566787998285e-14,-1.1187338528604901e-16,2.4783360297119623e-15,4.4907675668393043e-13,-0.0001300481817452237,6.605566886719316e-05,0.00044907673145644367,0.004209495796828165,5.9057827456854284e-05,0.002271592617034912,0.0001259854470845312,0.0,0.0,0.0,anisotropic
112,3.1181979741334853e-12,0.005004744976758957,0.9719138145446777,0.9962432980537415,0.9906879663467407,0.00856703706085682,-1.3004285419771638e-13,6.60149289833517e-14,-1.117468067999937e-16,2.477097244026603e-15,4.4885170341797676e-13,-0.00013004285574425012,6.601493078051135e-05,0.00044885172974318266,0.004238993156947371,5.8818190154852346e-05,0.0021198391914367676,0.00012015269021503627,0.0,0.0,0.0,anisotropic
113,3.1162674437451576e-12,0.005003912374377251,0.9717163443565369,0.9962456226348877,0.9906584024429321,0.008640670217573643,-1.3003685042818625e-13,6.597509132977644e-14,-1.116220811985105e-16,2.475856764275349e-15,4.4862632489137133e-13,-0.0001300368458032608,6.59750949125737e-05,0.0004486263496801257,0.0042684418449339,5.850634988746606e-05,0.001833200454711914,0.00011254642595304176,0.0,0.0,0.0,anisotropic
114,3.1143475385381203e-12,0.005003062076866627,0.9715152382850647,0.9962475299835205,0.9906291365623474,0.00871451199054718,-1.3002984377164656e-13,6.59364191935366e-14,-1.1149850703243998e-16,2.4746029437551758e-15,4.483986424351494e-13,-0.00013002984633203596,6.59364159218967e-05,0.00044839864131063223,0.0042976666506778435,5.831095768371597e-05,0.0014241337776184082,0.00010674366785679013,0.0,0.0,0.0,anisotropic
115,3.1124287175332555e-12,0.0050022113136947155,0.9713121652603149,0.9962491989135742,0.9905999898910522,0.00878838263452053,-1.3002229501402063e-13,6.589881770694209e-14,-1.1137495933614906e-16,2.4733309120266367e-15,4.4816762605724703e-13,-0.00013002229388803244,6.589882104890421e-05,0.0004481676733121276,0.004326448563274976,5.837508797412738e-05,0.0010156631469726562,0.0001046963079716079,0.0,0.0,0.0,anisotropic
116,3.110504041836659e-12,0.00500136986374855,0.9711080193519592,0.9962515234947205,0.9905707836151123,0.008862216956913471,-1.3001438033816148e-13,6.586221910735712e-14,-1.1125037931845368e-16,2.4720387632656002e-15,4.4793292339195823e-13,-0.0001300143776461482,6.586221570614725e-05,0.0004479328927118331,0.004354679604662808,5.8627305406844243e-05,0.0011002421379089355,0.00010559785005170852,0.0,0.0,0.0,anisotropic
117,3.1085735114483315e-12,0.005000542849302292,0.9709031581878662,0.9962539076805115,0.9905415773391724,0.008935990743339062,-1.300063572420851e-13,6.582658951346382e-14,-1.111242772884312e-16,2.47072692098854e-15,4.476946157544459e-13,-0.00013000635954085737,6.582659261766821e-05,0.0004476946487557143,0.0043824073446259255,5.8725810959003866e-05,0.0012544989585876465,0.0001070991056622006,0.0,0.0,0.0,anisotropic
118,3.1066436315813073e-12,0.0049997251480817795,0.9706979990005493,0.9962563514709473,0.9905123710632324,0.00900966115295887,-1.29998361251063e-13,6.57921051081152e-14,-1.1099679882986942e-16,2.469400255634903e-15,4.4745370603171963e-13,-0.00012999835598748177,6.579210457857698e-05,0.00044745372724719346,0.004409770947932044,5.843518010806292e-05,0.0013982653617858887,0.00010722364822868258,0.0,0.0,0.0,anisotropic
119,3.104720690608187e-12,0.004998909309506416,0.9704930782318115,0.9962589144706726,0.9904831051826477,0.009083216078579426,-1.299905278903668e-13,6.575877266757485e-14,-1.1086869171404211e-16,2.468066814017688e-15,4.472115765815493e-13,-0.0001299905270570889,6.575877341674641e-05,0.00044721158337779343,0.004436916686949071,5.779534694738686e-05,0.001384735107421875,0.00010538479546085,0.0,0.0,0.0,anisotropic
120,3.102806206412012e-12,0.00499808881431818,0.9702886939048767,0.9962615370750427,0.990453839302063,0.009156698361039162,-1.2998316886812106e-13,6.572621949734597e-14,-1.107406044505495e-16,2.466734431191657e-15,4.4696955555159623e-13,-0.00012998316378798336,6.572622078238055e-05,0.00044696955592371523,0.004463979992322441,5.703178976546042e-05,0.0012573003768920898,0.00010241317795589566,0.0,0.0,0.0,anisotropic
121,3.1008988779501756e-12,0.004997263662517071,0.9700843095779419,0.9962642192840576,0.9904245138168335,0.00923021137714386,-1.2997683983793917e-13,6.569391704886948e-14,-1.1061292746864071e-16,2.4654107304533353e-15,4.467291608249019e-13,-0.00012997683370485902,6.569391553057358e-05,0.00044672912918031216,0.004491054742549664,5.6426029914291576e-05,0.0010623931884765625,9.992260311264545e-05,0.0,0.0,0.0,anisotropic
122,3.0989943684139876e-12,0.004996445029973984,0.9698798060417175,0.9962668418884277,0.9903952479362488,0.009303848259150982,-1.2997178474530996e-13,6.566129611600482e-14,-1.1048574017765456e-16,2.4641005822421697e-15,4.464911784480413e-13,-0.00012997178419027478,6.566129741258919e-05,0.00044649120536632836,0.0045181465505488355,5.626777419820428e-05,0.0007985830307006836,9.919978037942201e-05,0.0,0.0,0.0,anisotropic
123,3.0970872567925856e-12,0.004995649680495262,0.9696750640869141,0.9962694644927979,0.9903658628463745,0.009377649053931236,-1.299680984579235e-13,6.56278620315108e-14,-1.1035874479257052e-16,2.462803139525213e-15,4.462555813159602e-13,-0.000129968102555722,6.562786438735202e-05,0.00044625558075495064,0.004545174199231244,5.64869842492044e-05,0.0008611679077148438,0.0001002082644845359,0.0,0.0,0.0,anisotropic
124,3.0951788441285766e-12,0.004994888324290514,0.9694673418998718,0.9962722063064575,0.9903362989425659,0.009451568126678467,-1.299656047929268e-13,6.559354703275164e-14,-1.1023203395761719e-16,2.461518614060702e-15,4.460221796932784e-13,-0.00012996559962630272,6.559354369528592e-05,0.00044602216803468764,0.004572075278129278,5.669035454047844e-05,0.0010009407997131348,0.00010166152060264722,0.0,0.0,0.0,anisotropic
125,3.0932704314645676e-12,0.004994163755327463,0.9692600965499878,0.996275007724762,0.9903066158294678,0.00952551793307066,-1.2996391072703228e-13,6.555827658082797e-14,-1.1010542900178228e-16,2.4602419236509528e-15,4.45790377268801e-13,-0.00012996391160413623,6.555827712872997e-05,0.0004457903851289302,0.0045988623446010304,5.663885167450644e-05,0.0010320544242858887,0.00010213757923338562,0.0,0.0,0.0,anisotropic
126,3.091363103002731e-12,0.004993473179638386,0.9690524935722351,0.9962778091430664,0.9902769327163696,0.00959945097565651,-1.299627045521154e-13,6.552219297727493e-14,-1.0997903580418417e-16,2.4589724330212554e-15,4.45559740361659e-13,-0.00012996270379517227,6.552219565492123e-05,0.00044555976637639105,0.004625594940305216,5.62769164389465e-05,0.0009130239486694336,0.00010116757039213553,0.0,0.0,0.0,anisotropic
127,3.0894553408600256e-12,0.0049928054213523865,0.9688442349433899,0.9962805509567261,0.9902472496032715,0.009673402644693851,-1.2996175587521447e-13,6.548542497110052e-14,-1.0985256319724727e-16,2.457705271732163e-15,4.4532959134549466e-13,-0.00012996175792068243,6.548542296513915e-05,0.00044532958418130875,0.004652309648200738,5.5737935326760635e-05,0.0006880760192871094,9.951442189048976e-05,0.0,0.0,0.0,anisotropic
128,3.087544542951237e-12,0.0049921427853405476,0.9686350226402283,0.9962832927703857,0.9902175068855286,0.009747461415827274,-1.299609427235851e-13,6.54480742062584e-14,-1.0972534943648151e-16,2.4564372634101233e-15,4.450992796990044e-13,-0.00012996094301342964,6.544807547470555e-05,0.0004450992855709046,0.004679003525209948,5.529493500944227e-05,0.0007593631744384766,9.846340981312096e-05,0.0,0.0,0.0,anisotropic
129,3.0856281071911518e-12,0.004991468042135239,0.9684246778488159,0.9962859153747559,0.9901878237724304,0.009821723215281963,-1.2996007536184712e-13,6.541031008933801e-14,-1.0959709011942149e-16,2.455165443439821e-15,4.4486820911099345e-13,-0.00012996006989851594,6.541031325468794e-05,0.00044486820115707815,0.004705679227286559,5.5176416935864836e-05,0.000831305980682373,9.862141450867057e-05,0.0,0.0,0.0,anisotropic
130,3.0837055998989005e-12,0.004990769550204277,0.968212902545929,0.996288537979126,0.9901580214500427,0.00989623460918665,-1.2995914023747335e-13,6.537241044714606e-14,-1.0946758672272019e-16,2.453888753030072e-15,4.446363253713531e-13,-0.00012995913857594132,6.537241279147565e-05,0.0004446363018359989,0.004732365084706319,5.534120282391086e-05,0.0008447170257568359,9.944454359356314e-05,0.0,0.0,0.0,anisotropic
131,3.0817783221170902e-12,0.004990044049918652,0.9679998159408569,0.9962911009788513,0.9901282787322998,0.009970979765057564,-1.2995793406255646e-13,6.533459212011705e-14,-1.0933711717906342e-16,2.4526067686644025e-15,4.444034116396489e-13,-0.00012995793076697737,6.533459236379713e-05,0.0004444034129846841,0.004759079695384906,5.5484088079538196e-05,0.0007957816123962402,9.99946059891954e-05,0.0,0.0,0.0,anisotropic
132,3.079847574888328e-12,0.004989298060536385,0.9677861928939819,0.9962936043739319,0.9900984168052673,0.010045927949249744,-1.2995653815225938e-13,6.52969703047318e-14,-1.0920610500492482e-16,2.4513194903428128e-15,4.441695492310438e-13,-0.00012995653378311545,6.529696838697419e-05,0.0004441695346031338,0.004785826417505636,5.5470467486884445e-05,0.000792086124420166,9.989696991397068e-05,0.0,0.0,0.0,anisotropic
133,3.077913791893483e-12,0.004988539963960648,0.9675723314285278,0.9962961673736572,0.9900684356689453,0.010121062397956848,-1.2995503382174506e-13,6.525957888230821e-14,-1.0907525164946384e-16,2.4500260710323555e-15,4.439346297253205e-13,-0.00012995503493584692,6.52595772407949e-05,0.00044393466669134796,0.0048126098836055505,5.534409137908369e-05,0.0007423162460327148,9.9484488600865e-05,0.0,0.0,0.0,anisotropic
134,3.0759763226112513e-12,0.00498778373003006,0.9673579931259155,0.9962986707687378,0.9900383949279785,0.010196391493082047,-1.2995336686090486e-13,6.522222134120251e-14,-1.0894500709893369e-16,2.4487256637000833e-15,4.4369843628204453e-13,-0.00012995336146559566,6.522222247440368e-05,0.00044369843089953065,0.004839440580551697,5.524190055439249e-05,0.0007594823837280273,9.925680205924436e-05,0.0,0.0,0.0,anisotropic
135,3.074031914435116e-12,0.004987039137631655,0.9671430587768555,0.9963010549545288,0.9900082945823669,0.010271908715367317,-1.2995164568995604e-13,6.518487057636038e-14,-1.0881558311157119e-16,2.4474165742801018e-15,4.4346061653550983e-13,-0.00012995164433959872,6.518486770801246e-05,0.00044346065260469913,0.004866323162952532,5.518215039046481e-05,0.0007720589637756348,9.937299910234287e-05,0.0,0.0,0.0,anisotropic
136,3.072079483162904e-12,0.004986309912055731,0.9669278860092163,0.9963034987449646,0.9899781942367554,0.010347601026296616,-1.299495314957197e-13,6.514752658778183e-14,-1.0868709880138455e-16,2.4460935088164906e-15,4.4322035733408705e-13,-0.0001299495343118906,6.514752749353647e-05,0.00044322031317278743,0.004893262031832269,5.508568574441597e-05,0.0007925629615783691,9.962949116015807e-05,0.0,0.0,0.0,anisotropic
137,3.070115342507229e-12,0.004985593259334564,0.9667125344276428,0.9963058233261108,0.9899479150772095,0.010423404164612293,-1.29946780332707e-13,6.511024358557549e-14,-1.0855928947057776e-16,2.4447520203862766e-15,4.4297673710592955e-13,-0.00012994678399991244,6.51102454867214e-05,0.00044297671411186457,0.004920288480190942,5.494355718838051e-05,0.0008159279823303223,9.976307046599686e-05,0.0,0.0,0.0,anisotropic
138,3.0681373240637466e-12,0.004984882660210133,0.9664968848228455,0.9963081479072571,0.9899176359176636,0.010499262250959873,-1.2994313470290203e-13,6.507318420006722e-14,-1.084320823272569e-16,2.4433893561323812e-15,4.4272932217016836e-13,-0.00012994313146919012,6.507318175863475e-05,0.0004427293024491519,0.004947450588295429,5.4751348216086626e-05,0.0008908510208129883,9.97290771920234e-05,0.0,0.0,0.0,anisotropic
139,3.0661410910237663e-12,0.004984170198440552,0.966280996799469,0.9963104128837585,0.9898873567581177,0.0105751296505332,-1.2993871657904915e-13,6.503642974641996e-14,-1.0830517958640147e-16,2.4420019161647787e-15,4.4247738069033704e-13,-0.00012993872223887593,6.50364308967255e-05,0.0004424773796927184,0.004974786031621139,5.4600677685812116e-05,0.0010432004928588867,9.975823923014104e-05,0.0,0.0,0.0,anisotropic
140,3.0641214392168603e-12,0.004983449820429087,0.966064989566803,0.9963127374649048,0.9898570775985718,0.010650972835719585,-1.2993363438136563e-13,6.50000750923238e-14,-1.0817871359690946e-16,2.4405890652087585e-15,4.422208855613813e-13,-0.000129933629068546,6.500007293652743e-05,0.0004422208876349032,0.005002328608144194,5.45704533578828e-05,0.0012171268463134766,0.00010014305007643998,0.0,0.0,0.0,anisotropic
141,3.062072947632166e-12,0.0049827187322080135,0.9658488035202026,0.9963150024414062,0.9898266792297363,0.01072678156197071,-1.299284302109377e-13,6.496396438371646e-14,-1.0805259833199718e-16,2.4391508032643207e-15,4.4195972836308384e-13,-0.00012992843403480947,6.496396235888824e-05,0.00044195970986038446,0.0050301340110172005,5.4628122597932816e-05,0.00141143798828125,0.00010096609184984118,0.0,0.0,0.0,anisotropic
142,3.0599923636631665e-12,0.004981982056051493,0.9656321406364441,0.9963173270225525,0.9897964000701904,0.010802557691931725,-1.299234293284171e-13,6.492801630543499e-14,-1.0792700584523203e-16,2.4376877656061757e-15,4.416941530409335e-13,-0.0001299234281759709,6.492801912827417e-05,0.00044169422471895814,0.005058279030651145,5.4707568779122084e-05,0.0016074180603027344,0.00010203108831774443,0.0,0.0,0.0,anisotropic
143,3.0578783862672543e-12,0.004981248639523983,0.9654149413108826,0.9963195323944092,0.9897661209106445,0.010878315195441246,-1.2991899765203707e-13,6.489221052868865e-14,-1.0780195598894871e-16,2.436201646300218e-15,4.414244035404191e-13,-0.0001299190043937415,6.489221414085478e-05,0.0004414243740029633,0.005086795329280768,5.4736701713409275e-05,0.0017800331115722656,0.00010310497600585222,0.0,0.0,0.0,anisotropic
144,3.055730798603995e-12,0.004980525933206081,0.9651973843574524,0.9963217377662659,0.9897358417510986,0.010954109951853752,-1.2991510807674328e-13,6.485626245040718e-14,-1.0767724362235531e-16,2.4346911747970268e-15,4.4115026302110616e-13,-0.00012991510448046029,6.48562636342831e-05,0.00044115024502389133,0.005115643262082098,5.473259079735726e-05,0.0018954277038574219,0.0001040418865159154,0.0,0.0,0.0,anisotropic
145,3.05355545536512e-12,0.004979817196726799,0.9649796485900879,0.9963239431381226,0.9897053241729736,0.011030028574168682,-1.2991162507726417e-13,6.482011108421837e-14,-1.0755245846386801e-16,2.4331591039536806e-15,4.4087216516386363e-13,-0.0001299116265727207,6.482010940089822e-05,0.00044087215792387724,0.005144713568287892,5.47308663954027e-05,0.0019199252128601074,0.00010466897947480902,0.0,0.0,0.0,anisotropic
146,3.0513636322532234e-12,0.004979116376489401,0.9647614359855652,0.9963261485099792,0.9896748065948486,0.01110618282109499,-1.2990830470811093e-13,6.478368189122286e-14,-1.0742724978890709e-16,2.43161136300081e-15,4.405913568011899e-13,-0.00012990830873604864,6.4783678681124e-05,0.0004405913350638002,0.005173858126056863,5.471782787935808e-05,0.0018492341041564941,0.00010471598943695426,0.0,0.0,0.0,anisotropic
147,3.0491694238965472e-12,0.004978414624929428,0.9645423293113708,0.9963282942771912,0.9896440505981445,0.011182689107954502,-1.2990480815610467e-13,6.474688000373055e-14,-1.0730077056452528e-16,2.4300595986414403e-15,4.4030965397172384e-13,-0.0001299048017244786,6.474687688751146e-05,0.00044030966819263995,0.005202906527924782,5.464899732032791e-05,0.001694321632385254,0.00010405198554508388,0.0,0.0,0.0,anisotropic
148,3.0469884428063754e-12,0.004977703094482422,0.9643220901489258,0.9963304400444031,0.9896131157875061,0.011259635910391808,-1.2990113542124537e-13,6.47095970015242e-14,-1.0717230610667334e-16,2.428515245820359e-15,4.4002938771013633e-13,-0.00012990113464184105,6.470959488069639e-05,0.0004400293983053416,0.00523169397357965,5.4527874453924596e-05,0.0014931559562683105,0.00010296441905666143,0.0,0.0,0.0,anisotropic
149,3.0448328320470397e-12,0.004976980853825808,0.9641005992889404,0.9963324666023254,0.9895820617675781,0.011337031610310078,-1.2989694769035415e-13,6.467194130482107e-14,-1.0704140642909805e-16,2.4269888924494066e-15,4.3975231984495766e-13,-0.00012989694369025528,6.467194180004299e-05,0.0004397523298393935,0.005260119127193113,5.4482217819895595e-05,0.0013231635093688965,0.0001020265553961508,0.0,0.0,0.0,anisotropic
150,3.042707795788968e-12,0.004976253490895033,0.96387779712677,0.9963344931602478,0.989550769329071,0.011414827778935432,-1.298923940412297e-13,6.46338315984582e-14,-1.069080450620198e-16,2.4254851972097934e-15,4.394792635278172e-13,-0.0001298923889407888,6.46338303340599e-05,0.0004394792777020484,0.005288172642106074,5.46179580851458e-05,0.0011574625968933105,0.00010164963896386325,0.0,0.0,0.0,anisotropic
151,3.0406081298617327e-12,0.0049755326472222805,0.9636538624763489,0.9963365197181702,0.9895193576812744,0.011492900550365448,-1.2988754223650784e-13,6.459528821122634e-14,-1.0677269846147143e-16,2.4239984426291253e-15,4.392093513969769e-13,-0.00012988754315301776,6.459528958657756e-05,0.0004392093396745622,0.0053159165211173675,5.4919008107390255e-05,0.001020967960357666,0.00010190981993218884,0.0,0.0,0.0,anisotropic
152,3.038525377488388e-12,0.004974828101694584,0.963428795337677,0.9963385462760925,0.989487886428833,0.011571102775633335,-1.2988251424893293e-13,6.455637890576127e-14,-1.0663616733828587e-16,2.4225214289273506e-15,4.3894120109466694e-13,-0.00012988250819034874,6.455637776525691e-05,0.00043894120608456433,0.005343426730885726,5.521682760445401e-05,0.0009344220161437988,0.00010265500895911828,0.0,0.0,0.0,anisotropic
153,3.0364482629663403e-12,0.004974141716957092,0.9632035493850708,0.9963405728340149,0.989456295967102,0.011649337597191334,-1.2987758112904813e-13,6.451713756338087e-14,-1.0649904064505928e-16,2.4210461092914705e-15,4.386732947378458e-13,-0.00012987757509108633,6.451713852584362e-05,0.00043867327622137964,0.005370758178871001,5.543255610973574e-05,0.0009824037551879883,0.00010358046711189672,0.0,0.0,0.0,anisotropic
154,3.0343668116356026e-12,0.004973468370735645,0.9629773497581482,0.9963425397872925,0.9894247055053711,0.011727597564458847,-1.298728377445435e-13,6.447757096034873e-14,-1.0636172866337548e-16,2.419567825040275e-15,4.3840484627993836e-13,-0.00012987283116672188,6.447757186833769e-05,0.0004384048515930772,0.005397967919683182,5.558409611694515e-05,0.0010239481925964355,0.00010431588452775031,0.0,0.0,0.0,anisotropic
155,3.0322825413792165e-12,0.004972800146788359,0.9627496004104614,0.9963443279266357,0.9893931746482849,0.01180596649646759,-1.2986818922772897e-13,6.443779429314567e-14,-1.062248401981653e-16,2.4180893290308425e-15,4.3813639782203095e-13,-0.00012986818910576403,6.443779420806095e-05,0.00043813639786094427,0.005425144140304133,5.565657193074003e-05,0.0010550618171691895,0.0001046683537424542,0.0,0.0,0.0,anisotropic
156,3.0301987048036993e-12,0.004972133785486221,0.9625203013420105,0.9963459372520447,0.9893616437911987,0.011884575709700584,-1.2986340518564288e-13,6.43980176259426e-14,-1.0608877891356768e-16,2.4166184563179354e-15,4.3786933172189346e-13,-0.0001298634015256539,6.439801654778421e-05,0.0004378693411126733,0.005452355744076609,5.574132228503004e-05,0.0010746121406555176,0.00010479467164259404,0.0,0.0,0.0,anisotropic
157,3.0281220239625206e-12,0.004971466958522797,0.9622898697853088,0.9963473677635193,0.9893300533294678,0.011963547207415104,-1.298580925949977e-13,6.435826806379386e-14,-1.0595368377592552e-16,2.4151621949233685e-15,4.3760492191707856e-13,-0.00012985809007659554,6.435826799133793e-05,0.0004376049037091434,0.0054796196931489495,5.588961357716471e-05,0.0010845065116882324,0.00010497393668629229,0.0,0.0,0.0,anisotropic
158,3.0260546672600253e-12,0.0049708010628819466,0.9620586037635803,0.9963487386703491,0.9892982840538025,0.012042944319546223,-1.2985206172041325e-13,6.431869468449813e-14,-1.0581954816779392e-16,2.413724780011878e-15,4.3734387313899836e-13,-0.000129852065583691,6.431869405787438e-05,0.0004373439005576074,0.005506910498618661,5.606324702966958e-05,0.0010890364646911621,0.0001052921506925486,0.0,0.0,0.0,anisotropic
159,3.0239964178557788e-12,0.004970141686499119,0.9618266820907593,0.9963506460189819,0.9892663955688477,0.012122769840061665,-1.2984531256188953e-13,6.427920939662893e-14,-1.0568614047860137e-16,2.41230578806699e-15,4.3708618538765287e-13,-0.00012984531349502504,6.427920743590221e-05,0.0004370862152427435,0.005534202439613361,5.620207957690582e-05,0.001091599464416504,0.00010570692393230274,0.0,0.0,0.0,anisotropic
160,3.0219448905050017e-12,0.004969488829374313,0.9615936875343323,0.9963523745536804,0.9892343282699585,0.01220296137034893,-1.2983807551238818e-13,6.423975799007761e-14,-1.0555341438623356e-16,2.4109016191986793e-15,4.368312081417386e-13,-0.00012983808119315654,6.42397571937181e-05,0.0004368312074802816,0.005561473091625461,5.628624785458669e-05,0.0010936856269836426,0.00010621751425787807,0.0,0.0,0.0,anisotropic
161,3.019895314718135e-12,0.004968839697539806,0.9613591432571411,0.9963538646697998,0.9892023205757141,0.012283450923860073,-1.298303912294907e-13,6.420024559715409e-14,-1.054213632732456e-16,2.4095057089016042e-15,4.365777487788658e-13,-0.00012983039778191596,6.420024874387309e-05,0.00043657777132466435,0.005588704933722239,5.637650974676944e-05,0.0010935664176940918,0.00010683477739803493,0.0,0.0,0.0,anisotropic
162,3.0178453052503995e-12,0.00496818870306015,0.9611226916313171,0.9963551759719849,0.9891703128814697,0.012364187277853489,-1.2982219195056127e-13,6.416058412643186e-14,-1.0529008640131098e-16,2.4081129749780814e-15,4.3632485862213355e-13,-0.00012982219050172716,6.416058749891818e-05,0.0004363248299341649,0.005615878266297177,5.64790352655109e-05,0.0010976195335388184,0.00010742781159933656,0.0,0.0,0.0,anisotropic
163,3.0157959463039674e-12,0.00496752979233861,0.9608846306800842,0.9963564276695251,0.9891382455825806,0.012445155531167984,-1.298132337301111e-13,6.41208074592288e-14,-1.0515978891122163e-16,2.406719605779848e-15,4.3607183294012974e-13,-0.0001298132265219465,6.412080983864143e-05,0.00043607185943983495,0.005642967692825675,5.655538188875653e-05,0.0010939836502075195,0.00010783688048832119,0.0,0.0,0.0,anisotropic
164,3.0137485389214458e-12,0.0049668606370687485,0.9606457352638245,0.9963578581809998,0.9891061782836914,0.012526365928351879,-1.2980357077824883e-13,6.408089526675417e-14,-1.0503027227963053e-16,2.4053272953727988e-15,4.358189969935061e-13,-0.00012980356405023485,6.408089393517002e-05,0.00043581900536082685,0.005669944593648334,5.661373870680109e-05,0.0010777115821838379,0.00010805547935888171,0.0,0.0,0.0,anisotropic
165,3.011705902028483e-12,0.004966184962540865,0.9604065418243408,0.9963592886924744,0.9890738725662231,0.012607855722308159,-1.2979352835562619e-13,6.404088820658946e-14,-1.0490135783552536e-16,2.403940067163433e-15,4.355670826187291e-13,-0.00012979352322872728,6.404089072020724e-05,0.0004355671117082238,0.0056967838308599125,5.667416917276569e-05,0.001048445701599121,0.00010820504394359887,0.0,0.0,0.0,anisotropic
166,3.0096689029868173e-12,0.004965510219335556,0.9601673483848572,0.9963607788085938,0.9890414476394653,0.012689642608165741,-1.297836214582751e-13,6.400081338378896e-14,-1.0477278088111012e-16,2.4025606740088294e-15,4.353166590219393e-13,-0.000129783627926372,6.400081474566832e-05,0.00043531664414331317,0.005723464389151089,5.6733126257313415e-05,0.0010134577751159668,0.00010835445573320612,0.0,0.0,0.0,anisotropic
167,3.0076379754773175e-12,0.004964848980307579,0.9599280953407288,0.9963622689247131,0.989008903503418,0.01277169305831194,-1.2977413468926585e-13,6.396071145593415e-14,-1.0464432965814798e-16,2.4011882688760406e-15,4.3506742804753917e-13,-0.0001297741400776431,6.396070966729894e-05,0.0004350673989392817,0.005749989087163681,5.677791705238633e-05,0.0010114312171936035,0.00010850379476323724,0.0,0.0,0.0,anisotropic
168,3.005609866893466e-12,0.004964208230376244,0.9596887826919556,0.9963638186454773,0.9889761209487915,0.012853946536779404,-1.2976497318090835e-13,6.392065018566082e-14,-1.0451596446196956e-16,2.3998173460509096e-15,4.348184681236822e-13,-0.00012976497237104923,6.392064824467525e-05,0.0004348185029812157,0.005776382892074655,5.674473140970804e-05,0.001045823097229004,0.00010864779324037954,0.0,0.0,0.0,anisotropic
169,3.0035821919904837e-12,0.004963591694831848,0.959449052810669,0.996365487575531,0.988943338394165,0.012936328537762165,-1.2975567614727929e-13,6.388075154571335e-14,-1.0438750662156252e-16,2.398441341028095e-15,4.345686408380872e-13,-0.0001297556736972183,6.388075416907668e-05,0.00043456864659674466,0.0058026670629417925,5.667231016559526e-05,0.0010874271392822266,0.00010879243927774951,0.0,0.0,0.0,anisotropic
170,3.001553432885329e-12,0.004962995648384094,0.9592086672782898,0.9963671565055847,0.9889104962348938,0.01301879808306694,-1.2974583701256398e-13,6.384115106136332e-14,-1.0425898922415138e-16,2.397057712708755e-15,4.34317404089668e-13,-0.00012974583660252392,6.384115113178268e-05,0.00043431742233224213,0.005828859097389532,5.659050293616019e-05,0.001114487648010254,0.00010890280100284144,0.0,0.0,0.0,anisotropic
171,2.9995244569397395e-12,0.004962414503097534,0.9589669704437256,0.9963688254356384,0.9888776540756226,0.01310134120285511,-1.2973529314643656e-13,6.38018216275564e-14,-1.0413038579995654e-16,2.395670696257626e-15,4.3406557103005394e-13,-0.00012973528646398336,6.380182458087802e-05,0.00043406561599113047,0.00585497429876629,5.6505636166548356e-05,0.0011420845985412598,0.00010894892329815775,0.0,0.0,0.0,anisotropic
172,2.997496782036757e-12,0.004961844068020582,0.9587246775627136,0.9963704943656921,0.9888447523117065,0.013183987699449062,-1.2972426138933152e-13,6.37627361392383e-14,-1.040018551676556e-16,2.3942881267294703e-15,4.3381457822712355e-13,-0.00012972425611224025,6.376273813657463e-05,0.0004338145663496107,0.005881033668206714,5.645414057653397e-05,0.0011644363403320312,0.00010894882143475115,0.0,0.0,0.0,anisotropic
173,2.995471926059423e-12,0.004961282014846802,0.9584818482398987,0.9963721632957458,0.9888116121292114,0.013266763649880886,-1.2971297213421051e-13,6.372381328124607e-14,-1.0387343703191797e-16,2.392916356871392e-15,4.335654556729407e-13,-0.00012971297837793827,6.372381176333874e-05,0.0004335654666647315,0.005907046358299856,5.645354394800961e-05,0.0011637210845947266,0.00010896734602283686,0.0,0.0,0.0,anisotropic
174,2.993452274252517e-12,0.00496072880923748,0.9582383632659912,0.9963738322257996,0.9887785911560059,0.013349704444408417,-1.2970183195688822e-13,6.368497173841678e-14,-1.0374517771485794e-16,2.391556445474575e-15,4.333185015231028e-13,-0.00012970183161087334,6.368497270159423e-05,0.00043331849155947566,0.005933013343288378,5.6509954447392374e-05,0.0011696815490722656,0.0001090693986043334,0.0,0.0,0.0,anisotropic
175,2.991436525573432e-12,0.004960181191563606,0.957994282245636,0.9963755011558533,0.988745391368866,0.01343280728906393,-1.2969074598967456e-13,6.364614374811464e-14,-1.0361736838405115e-16,2.3902056396819414e-15,4.3307322788663227e-13,-0.00012969074305146933,6.364614091580734e-05,0.0004330732044763863,0.005958934558636694,5.660575334331952e-05,0.001150667667388916,0.00010930756980087608,0.0,0.0,0.0,anisotropic
176,2.989423378979561e-12,0.004959634970873594,0.9577493667602539,0.9963771104812622,0.9887121915817261,0.013516070321202278,-1.2967967357498805e-13,6.360728865275819e-14,-1.0349003550927719e-16,2.3888580102628598e-15,4.328285234563023e-13,-0.00012967966904398054,6.36072873021476e-05,0.00043282852857373655,0.005984808564117513,5.674408021150157e-05,0.0011116862297058105,0.00010969577124342322,0.0,0.0,0.0,anisotropic
177,2.987409798704821e-12,0.00495908223092556,0.9575035572052002,0.9963786602020264,0.988679051399231,0.013599474914371967,-1.2966862826535586e-13,6.356834546597523e-14,-1.0336324526498506e-16,2.387509533810831e-15,4.3258365639564644e-13,-0.0001296686241403222,6.356834637699649e-05,0.00043258367804810405,0.006010626214676337,5.690358011634089e-05,0.0010586380958557129,0.00011015285417670384,0.0,0.0,0.0,anisotropic
178,2.985395351068343e-12,0.004958515986800194,0.9572568535804749,0.9963802099227905,0.9886459112167358,0.013683021068572998,-1.296575694031965e-13,6.352928030644786e-14,-1.0323711676518297e-16,2.386158939776434e-15,4.323384098642302e-13,-0.00012965756468474865,6.352928176056594e-05,0.00043233836186118424,0.006036375331515428,5.700954352505505e-05,0.000997006893157959,0.00011055538197979331,0.0,0.0,0.0,anisotropic
179,2.983379168708389e-12,0.004957929253578186,0.9570094347000122,0.9963817596435547,0.9886126518249512,0.013766716234385967,-1.296466189612544e-13,6.349009317417609e-14,-1.0311150442608312e-16,2.3848081339838e-15,4.320931362277597e-13,-0.00012964662164449692,6.349009345285594e-05,0.0004320931329857558,0.006062053351559697,5.70547126699239e-05,0.0010187625885009766,0.00011084797733929008,0.0,0.0,0.0,anisotropic
180,2.9813638537101728e-12,0.004957322031259537,0.956761360168457,0.9963832497596741,0.9885793924331665,0.013850582763552666,-1.2963553299404074e-13,6.345079762168707e-14,-1.029863817779059e-16,2.3834602928064818e-15,4.318484046923754e-13,-0.0001296355330850929,6.345079600578174e-05,0.00043184839887544513,0.006087656726121028,5.705571675207466e-05,0.0010575056076049805,0.0001110808807425201,0.0,0.0,0.0,anisotropic
181,2.9793502734354327e-12,0.004956703633069992,0.9565126299858093,0.9963847398757935,0.9885460734367371,0.013934646733105183,-1.296241895288111e-13,6.341143430656226e-14,-1.0286141794840629e-16,2.3821166867938996e-15,4.3160443209851185e-13,-0.00012962418259121478,6.341143307508901e-05,0.00043160447967238724,0.006113186799094103,5.7054232456721365e-05,0.001094222068786621,0.00011134646774735302,0.0,0.0,0.0,anisotropic
182,2.977338644724603e-12,0.0049560824409127235,0.9562631249427795,0.9963861703872681,0.9885126948356628,0.014018927700817585,-1.2961230396249523e-13,6.337210487275535e-14,-1.0273649382357608e-16,2.380775833638396e-15,4.3136100160573454e-13,-0.00012961230822838843,6.337210652418435e-05,0.00043136102613061666,0.006138641206381177,5.7069904869422317e-05,0.0011246800422668457,0.00011168510536663234,0.0,0.0,0.0,anisotropic
183,2.9753283170563805e-12,0.0049554696306586266,0.9560127258300781,0.9963875412940979,0.9884792566299438,0.014103438705205917,-1.2959998471531037e-13,6.33327889914756e-14,-1.0261145058473766e-16,2.3794370980652606e-15,4.31117896373609e-13,-0.00012959998275619,6.33327872492373e-05,0.00043111792183481157,0.0061640290851101035,5.7114200899377465e-05,0.0011455416679382324,0.00011208953947061673,0.0,0.0,0.0,anisotropic
184,2.9733177725477233e-12,0.004954870790243149,0.9557613134384155,0.996388852596283,0.9884458184242249,0.01418817974627018,-1.2958743507516385e-13,6.329355442535878e-14,-1.0248632793656044e-16,2.3780981507338884e-15,4.308747640364291e-13,-0.00012958743900526315,6.329355528578162e-05,0.0004308747302275151,0.006189345284529666,5.7183100580004975e-05,0.001203000545501709,0.00011255076969973743,0.0,0.0,0.0,anisotropic
185,2.9713072280390662e-12,0.00495428591966629,0.9555090069770813,0.9963901042938232,0.9884122610092163,0.01427315454930067,-1.295749531976531e-13,6.325438084561416e-14,-1.0236115896626892e-16,2.376758144611332e-15,4.3063144196386904e-13,-0.0001295749534619972,6.325438152998686e-05,0.00043063145130872726,0.006214587420869849,5.7282722991658375e-05,0.001301109790802002,0.00011304627696517855,0.0,0.0,0.0,anisotropic
186,2.969294948806933e-12,0.004953710362315178,0.9552558660507202,0.9963913559913635,0.988378643989563,0.01435837522149086,-1.2956253908277815e-13,6.321526147597817e-14,-1.02236016465757e-16,2.3754185620052494e-15,4.303881741014176e-13,-0.00012956254067830741,6.32152587058954e-05,0.0004303882014937699,0.006239756471435252,5.739812331739813e-05,0.0014018416404724121,0.00011355047899996862,0.0,0.0,0.0,anisotropic
187,2.9672833200961035e-12,0.004953137598931789,0.9550018906593323,0.9963926076889038,0.9883449673652649,0.014443870633840561,-1.295500572052674e-13,6.317629796040447e-14,-1.0211090705246958e-16,2.3740804617068244e-15,4.3014525860467223e-13,-0.00012955005513504148,6.317629595287144e-05,0.0004301452136132866,0.006264875842620683,5.7509761973051354e-05,0.0014933943748474121,0.0001140393505920656,0.0,0.0,0.0,anisotropic
188,2.965272558747012e-12,0.00495256669819355,0.9547470808029175,0.9963937997817993,0.9883111715316772,0.014529659412801266,-1.295374126974308e-13,6.313751740394738e-14,-1.0198567852517395e-16,2.3727455377819517e-15,4.299028581039588e-13,-0.00012953740952070802,6.313751509878784e-05,0.00042990283691324294,0.006289970052799912,5.7625933550298214e-05,0.001569986343383789,0.00011454078048700467,0.0,0.0,0.0,anisotropic
189,2.9632620142383548e-12,0.004951995797455311,0.954491138458252,0.9963949918746948,0.9882773160934448,0.01461577508598566,-1.2952451069157822e-13,6.3098885925289e-14,-1.018602183873068e-16,2.371412731439447e-15,4.296608099689514e-13,-0.0001295245165238157,6.309888703981414e-05,0.0004296608385629952,0.006315060173913357,5.775365571025759e-05,0.0016244053840637207,0.00011505882866913453,0.0,0.0,0.0,anisotropic
190,2.961250819208394e-12,0.004951429553329945,0.9542340040206909,0.9963961243629456,0.9882433414459229,0.01470222882926464,-1.2951147316045408e-13,6.306042385322008e-14,-1.0173462590054165e-16,2.3700828897122578e-15,4.2941933104008456e-13,-0.00012951147800777107,6.306042632786557e-05,0.0004294193349778652,0.00634015851160005,5.789312854176387e-05,0.0016500353813171387,0.00011558469850569963,0.0,0.0,0.0,anisotropic
191,2.9592396241784336e-12,0.0049508679658174515,0.9539755582809448,0.9963972568511963,0.9882092475891113,0.014789016917347908,-1.2949840852427563e-13,6.302209730642272e-14,-1.0160909958822551e-16,2.3687538950180158e-15,4.291780418465979e-13,-0.000129498410387896,6.302209658315405e-05,0.00042917803511954844,0.006365256632264977,5.804302418255247e-05,0.0016421079635620117,0.00011612394882831722,0.0,0.0,0.0,anisotropic
192,2.9572256102228245e-12,0.004950311034917831,0.9537158608436584,0.9963982701301575,0.988175094127655,0.014876117929816246,-1.2948531678304287e-13,6.298383174599756e-14,-1.0148377179925637e-16,2.3674244768073e-15,4.28936644232894e-13,-0.00012948531366419047,6.298383232206106e-05,0.0004289366479497403,0.006390338446759923,5.8202320360578597e-05,0.001597762107849121,0.00011668879596982151,0.0,0.0,0.0,anisotropic
193,2.9552107289054774e-12,0.004949755966663361,0.9534549713134766,0.9963992238044739,0.988140881061554,0.014963523484766483,-1.2947218438422864e-13,6.294551197546377e-14,-1.0135898002332417e-16,2.3660952703548213e-15,4.286952466191901e-13,-0.00012947218783665448,6.294550985330716e-05,0.00042869526077993214,0.00641539397032016,5.8373047068016604e-05,0.0015172958374023438,0.00011727528180927038,0.0,0.0,0.0,anisotropic
194,2.953194763385958e-12,0.004949199501425028,0.9531928300857544,0.9964001178741455,0.9881065487861633,0.015051216818392277,-1.2945907909046872e-13,6.290701602207696e-14,-1.0123485660932691e-16,2.364766699177053e-15,4.284540658459207e-13,-0.00012945907656103373,6.290701276157051e-05,0.00042845404823310673,0.006440421306068362,5.8546997024677694e-05,0.0014050006866455078,0.00011789842392317951,0.0,0.0,0.0,anisotropic
195,2.9511787978664383e-12,0.004948638845235109,0.9529296159744263,0.9964012503623962,0.9880721569061279,0.015139197930693626,-1.2944620418967046e-13,6.286824224188345e-14,-1.011113420002605e-16,2.3634410926146e-15,4.282133458585746e-13,-0.00012944619811605662,6.286823918344453e-05,0.0004282133304513991,0.0064654197499937685,5.8724937844090164e-05,0.0012685656547546387,0.00011859522783197463,0.0,0.0,0.0,anisotropic
196,2.9491621818256153e-12,0.004948074463754892,0.9526652693748474,0.996402382850647,0.9880377650260925,0.01522745005786419,-1.2943365454952394e-13,6.282915675356535e-14,-1.0098857516246783e-16,2.3621205682498305e-15,4.2797360165318377e-13,-0.00012943365436512977,6.282916001509875e-05,0.00042797360219992697,0.00649038911096805,5.892260014661588e-05,0.0012622475624084473,0.00011938940588152036,0.0,0.0,0.0,anisotropic
197,2.9471449152634888e-12,0.004947510082274675,0.9523999691009521,0.9964035153388977,0.9880033135414124,0.015315976925194263,-1.2942132174981191e-13,6.27896511369054e-14,-1.008665362436142e-16,2.3608051260827446e-15,4.277347519145852e-13,-0.00012942132889293134,6.278965156525373e-05,0.0004277347179595381,0.006515328535345947,5.913664790568873e-05,0.0013472437858581543,0.00012026610784232616,0.0,0.0,0.0,anisotropic
198,2.9451263476587553e-12,0.004946948029100895,0.9521335363388062,0.9964046478271484,0.9879688024520874,0.015404779464006424,-1.2940920579053439e-13,6.27498270358573e-14,-1.0074529803559353e-16,2.359493707322158e-15,4.274966340124531e-13,-0.0001294092071475461,6.274983024923131e-05,0.00042749661952257156,0.0065402362121750835,5.936907109571621e-05,0.0014221668243408203,0.00012121059990022331,0.0,0.0,0.0,anisotropic
199,2.9431058284901113e-12,0.004946387372910976,0.9518659114837646,0.9964057207107544,0.9879342317581177,0.015493856742978096,-1.2939714404136549e-13,6.270973866052965e-14,-1.006247348069527e-16,2.3581846179021766e-15,4.2725897689624426e-13,-0.0001293971436098218,6.270973972277716e-05,0.00042725898674689233,0.006565117783310735,5.961307033430785e-05,0.0014809370040893555,0.0001221943530254066,0.0,0.0,0.0,anisotropic
200,2.9410842251192948e-12,0.0049458276480436325,0.9515970349311829,0.9964067339897156,0.9878996014595032,0.01558322086930275,-1.2938512294977805e-13,6.266939956344961e-14,-1.0050482670535702e-16,2.356878916613984e-15,4.270218618811217e-13,-0.00012938512372784317,6.266940181376413e-05,0.00042702184873633087,0.0065899783409824235,5.9865080402232707e-05,0.0015181303024291992,0.0001231777569046244,0.0,0.0,0.0,anisotropic
201,2.9390604533441334e-12,0.004945267457515001,0.9513269066810608,0.996407687664032,0.9878650307655334,0.015672866255044937,-1.2937312896324493e-13,6.262883684967149e-14,-1.0038531565045535e-16,2.3555746976334493e-15,4.2678504502159653e-13,-0.000129373132949695,6.262883835006505e-05,0.0004267850599717349,0.006614820583137023,6.01149040448945e-05,0.0015301704406738281,0.00012414937373250723,0.0,0.0,0.0,anisotropic
202,2.937036247888103e-12,0.004944704007357359,0.9510555267333984,0.9964085817337036,0.987830400466919,0.015762804076075554,-1.2936109431913034e-13,6.258807762424962e-14,-1.0026610899801911e-16,2.3542728079935194e-15,4.26548716053049e-13,-0.00012936109851580113,6.25880784355104e-05,0.00042654870776459575,0.006639640424877305,6.037694402039051e-05,0.0015165209770202637,0.00012512077228166163,0.0,0.0,0.0,anisotropic
203,2.9350103077085965e-12,0.004944137297570705,0.9507828950881958,0.9964094161987305,0.9877957701683044,0.01585303246974945,-1.2934901901743429e-13,6.254710833465682e-14,-1.0014693543280737e-16,2.3529724006612473e-15,4.2631260392493597e-13,-0.0001293490204261616,6.254710751818493e-05,0.0004263126174919307,0.006664436434293923,6.0661994211841375e-05,0.0014663934707641602,0.00012614353909157217,0.0,0.0,0.0,anisotropic
204,2.932982632805614e-12,0.004943566396832466,0.9505088925361633,0.9964101910591125,0.9877610802650452,0.01594354957342148,-1.2933691661068392e-13,6.250595608594742e-14,-1.0002783465948954e-16,2.351672205087212e-15,4.2607654600693157e-13,-0.00012933691323269159,6.250595470191911e-05,0.00042607655632309616,0.006689208476313442,6.096948345657438e-05,0.0013791918754577637,0.00012729386799037457,0.0,0.0,0.0,anisotropic
205,2.9309536568600247e-12,0.004942991305142641,0.9502332210540771,0.9964108467102051,0.9877263903617859,0.016034351661801338,-1.2932481420393355e-13,6.246462765438499e-14,-9.990885961762481e-17,2.3503709507219925e-15,4.258403254586013e-13,-0.0001293248205911368,6.246462726267055e-05,0.00042584032053127885,0.006713971500264254,6.131840927992016e-05,0.00125962495803833,0.0001286388433072716,0.0,0.0,0.0,anisotropic
206,2.928920994627049e-12,0.0049424124881625175,0.9499555826187134,0.9964114427566528,0.9876917600631714,0.01612544246017933,-1.2931272534971033e-13,6.242307560612448e-14,-9.978997060254379e-17,2.3490671552579313e-15,4.256036170192934e-13,-0.00012931272794958204,6.242307426873595e-05,0.00042560361907817423,0.006738727874817731,6.17101468378678e-05,0.0013540983200073242,0.0001302232121815905,0.0,0.0,0.0,anisotropic
207,2.926885730308859e-12,0.0049418299458920956,0.949675977230072,0.996411919593811,0.9876571893692017,0.016216838732361794,-1.2930078557328584e-13,6.238124573105727e-14,-9.967122717125058e-17,2.3477610304532652e-15,4.253664477940622e-13,-0.00012930078082717955,6.2381244788412e-05,0.00042536648106761277,0.006763478340854848,6.215683242771775e-05,0.001493692398071289,0.00013210905308369547,0.0,0.0,0.0,anisotropic
208,2.9248469965437174e-12,0.004941243678331375,0.9493945240974426,0.9964123368263245,0.9876226186752319,0.016308551654219627,-1.292888864544428e-13,6.233914480544694e-14,-9.955262270630027e-17,2.3464529998244677e-15,4.2512900751828786e-13,-0.00012928889191243798,6.233914609765634e-05,0.00042512896470725536,0.006788216451255168,6.265381671255454e-05,0.001716911792755127,0.00013442616909742355,0.0,0.0,0.0,anisotropic
209,2.922805443852927e-12,0.004940653219819069,0.94911128282547,0.9964126348495483,0.9875880479812622,0.01640063151717186,-1.2927714996592565e-13,6.229669151413056e-14,-9.943400500646017e-17,2.3451447574374335e-15,4.248914859273506e-13,-0.00012927714851684868,6.229669088497758e-05,0.0004248914774507284,0.006812946525730087,6.323643901851028e-05,0.001966238021850586,0.00013732137449551374,0.0,0.0,0.0,anisotropic
210,2.920760855396054e-12,0.004940059036016464,0.9488259553909302,0.9964128136634827,0.9875534772872925,0.016493111848831177,-1.2926556255520721e-13,6.22538587520538e-14,-9.931551303807317e-17,2.3438360915339256e-15,4.2465396433641334e-13,-0.0001292655651923269,6.225385732250288e-05,0.00042465393198654056,0.00683767436419619,6.391544593498111e-05,0.002221345901489258,0.00014091988850850612,0.0,0.0,0.0,anisotropic
211,2.9187117132900564e-12,0.004939459729939699,0.9485383033752441,0.9964128732681274,0.987518846988678,0.0165860615670681,-1.2925421908997758e-13,6.221061263789879e-14,-9.919717988836379e-17,2.342529331454549e-15,4.2441663248085626e-13,-0.00012925421469844878,6.221060903044418e-05,0.00042441661935299635,0.006862419837686402,6.469888467108831e-05,0.0025143027305603027,0.00014530653425026685,0.0,0.0,0.0,anisotropic
212,2.916658668056238e-12,0.004938855301588774,0.9482479691505432,0.9964128136634827,0.9874842166900635,0.016679545864462852,-1.2924301115001952e-13,6.216687863276615e-14,-9.907921069812392e-17,2.3412227831334093e-15,4.2417949036067937e-13,-0.00012924300972372293,6.216688052518293e-05,0.0004241794813424349,0.006887201985198439,6.560950714629143e-05,0.0028294920921325684,0.00015051747323013842,0.0,0.0,0.0,anisotropic
213,2.9145999849711224e-12,0.004938244353979826,0.9479548931121826,0.9964125752449036,0.987449586391449,0.016773633658885956,-1.2923189807775154e-13,6.212267028918306e-14,-9.896173119880669e-17,2.33991687008698e-15,4.239424024506111e-13,-0.00012923189206048846,6.212267180671915e-05,0.00042394240153953433,0.006912030283191318,6.66215710225515e-05,0.0032123923301696777,0.0001565770071465522,0.0,0.0,0.0,anisotropic
214,2.9125358808751445e-12,0.004937625490128994,0.9476588368415833,0.9964122176170349,0.9874149560928345,0.016868406906723976,-1.2922092053075512e-13,6.207794694956803e-14,-9.884475462530189e-17,2.338611592315261e-15,4.237054229607601e-13,-0.00012922091991640627,6.207794649526477e-05,0.0004237054381519556,0.006936912768517433,6.773381755920127e-05,0.0035097599029541016,0.0001634972431929782,0.0,0.0,0.0,anisotropic
215,2.9104665726087386e-12,0.004937001504004002,0.9473598003387451,0.9964116811752319,0.9873801469802856,0.01696394570171833,-1.2921020048177467e-13,6.203268150886676e-14,-9.872843979628714e-17,2.337308855642384e-15,4.2346890425683237e-13,-0.00012921019515488297,6.203268276294693e-05,0.0004234688822180033,0.006961868326150972,6.890407530590892e-05,0.004038631916046143,0.00017123263387475163,0.0,0.0,0.0,anisotropic
216,2.90838989176756e-12,0.004936373792588711,0.9470577836036682,0.9964109659194946,0.9873452186584473,0.017060309648513794,-1.2919968372070156e-13,6.198681298070705e-14,-9.861267421519912e-17,2.3360073895189277e-15,4.232326566034478e-13,-0.0001291996886720881,6.198681512614712e-05,0.00042323264642618597,0.006986901939875101,7.016336894594133e-05,0.004383444786071777,0.00017965369625017047,0.0,0.0,0.0,anisotropic
217,2.9063069225537808e-12,0.004935749340802431,0.9467527270317078,0.996410071849823,0.9873101711273193,0.01715756207704544,-1.2918932958995433e-13,6.194044300904256e-14,-9.849739170758883e-17,2.3347080409778396e-15,4.2299678842082356e-13,-0.0001291893277084455,6.194044544827193e-05,0.00042299675988033414,0.007012036766651239,7.14356719981879e-05,0.004581034183502197,0.00018850788183044642,0.0,0.0,0.0,anisotropic
218,2.904217231286532e-12,0.004935133270919323,0.9464447498321533,0.9964090585708618,0.9872748851776123,0.017255734652280807,-1.2917904322184287e-13,6.189365290903623e-14,-9.838255918623176e-17,2.333409327711462e-15,4.2276100155336227e-13,-0.00012917903950437903,6.189365376485512e-05,0.0004227610188536346,0.007037281881601779,7.258527330122888e-05,0.005201399326324463,0.0001973889156943187,0.0,0.0,0.0,anisotropic
219,2.9021199506040762e-12,0.004934529773890972,0.946134090423584,0.9964079260826111,0.987239420413971,0.01735483482480049,-1.2916878395878573e-13,6.184651044332384e-14,-9.826793180566662e-17,2.3321095556539002e-15,4.2252510626568374e-13,-0.00012916878040414304,6.184651283547282e-05,0.0004225251032039523,0.007062647316980477,7.365022611338645e-05,0.005424201488494873,0.0002057674719253555,0.0,0.0,0.0,anisotropic
220,2.900014646825544e-12,0.004933941178023815,0.9458211064338684,0.9964066743850708,0.9872035980224609,0.01745482161641121,-1.2915852469572858e-13,6.179928666244852e-14,-9.815333089488107e-17,2.3308085130469176e-15,4.222889399274621e-13,-0.00012915852130390704,6.179928459459916e-05,0.0004222889547236264,0.007088139541492013,7.441472553182393e-05,0.005444765090942383,0.00021311076125130057,0.0,0.0,0.0,anisotropic
221,2.8979024041531076e-12,0.004933366551995277,0.9455062747001648,0.9964053630828857,0.987167477607727,0.01755557209253311,-1.291481841175085e-13,6.175229327453485e-14,-9.803816088383409e-17,2.3295023882422515e-15,4.220517978072852e-13,-0.0001291481894440949,6.175229646032676e-05,0.00042205178760923445,0.007113748891536037,7.48029924579896e-05,0.006112575531005859,0.00021907764312345535,0.0,0.0,0.0,anisotropic
222,2.8957832225867675e-12,0.00493280217051506,0.9451901912689209,0.9964040517807007,0.9871311187744141,0.017656855285167694,-1.2913740985841943e-13,6.170589619781605e-14,-9.792165414891722e-17,2.328186310800455e-15,4.218129209636323e-13,-0.00012913740647491068,6.170589767862111e-05,0.00042181293247267604,0.0071394489179943555,7.49536557123065e-05,0.006831347942352295,0.0002235484280390665,0.0,0.0,0.0,anisotropic
223,2.8936601378926063e-12,0.004932243376970291,0.9448735117912292,0.9964028000831604,0.987094521522522,0.017758319154381752,-1.2912593086791824e-13,6.16606578621691e-14,-9.780318203286492e-17,2.3268566808315027e-15,4.215715233499284e-13,-0.0001291259250137955,6.166065577417612e-05,0.00042157151619903743,0.007165196487352783,7.46750010875985e-05,0.0071492791175842285,0.00022636837093159556,0.0,0.0,0.0,anisotropic
224,2.8915338005919278e-12,0.004931682255119085,0.9445569515228271,0.9964016079902649,0.9870578646659851,0.017859553918242455,-1.2911336767524456e-13,6.16172491176882e-14,-9.768184456317074e-17,2.3255062985553425e-15,4.2132641234378376e-13,-0.00012911336671095341,6.16172474110499e-05,0.0004213264037389308,0.007190931928137372,7.402112532872707e-05,0.007577836513519287,0.00022710763732902706,0.0,0.0,0.0,anisotropic
225,2.8894085474934217e-12,0.00493111414834857,0.9442409873008728,0.9964004755020142,0.9870213270187378,0.017960134893655777,-1.290995034399639e-13,6.157623239425036e-14,-9.755727116292026e-17,2.324132411114896e-15,4.2107696452894916e-13,-0.00012909949873574078,6.157623283797875e-05,0.00042107695480808616,0.0072166183728876315,7.315574475796893e-05,0.007662534713745117,0.0002254862483823672,0.0,0.0,0.0,anisotropic
226,2.8872858964801296e-12,0.004930531606078148,0.9439258575439453,0.9963995218276978,0.9869850873947144,0.018059713765978813,-1.2908404000647883e-13,6.153801426767025e-14,-9.742918389942765e-17,2.3227299363124797e-15,4.2082233964874094e-13,-0.00012908404460176826,6.153801223263144e-05,0.0004208223253954202,0.007242220399526207,7.218332757474855e-05,0.00790250301361084,0.0002219525194959715,0.0,0.0,0.0,anisotropic
227,2.8851667149137894e-12,0.004929935559630394,0.9436113834381104,0.9963986873626709,0.9869493246078491,0.0181580763310194,-1.2906671987677337e-13,6.150285223596383e-14,-9.729764232969701e-17,2.3212965448074887e-15,4.205621040222901e-13,-0.00012906671327073127,6.150285480543971e-05,0.0004205620789434761,0.007267702179462051,7.134756015148014e-05,0.007885873317718506,0.00021753514010924846,0.0,0.0,0.0,anisotropic
228,2.883051870156139e-12,0.0049293311312794685,0.9432974457740784,0.9963979721069336,0.9869139194488525,0.018255217000842094,-1.2904771923370056e-13,6.14705633400145e-14,-9.716306997020199e-17,2.3198335071493437e-15,4.2029650159508547e-13,-0.00012904772302135825,6.147056410554796e-05,0.0004202965064905584,0.00729300828438552,7.055598689476028e-05,0.007467150688171387,0.00021267503325361758,0.0,0.0,0.0,anisotropic
229,2.8809420127284824e-12,0.00492873415350914,0.9429841041564941,0.9963973164558411,0.9868788719177246,0.01835145801305771,-1.2902740399549362e-13,6.144059192620885e-14,-9.702630061900002e-17,2.3183459055357283e-15,4.2002642683391933e-13,-0.00012902740854769945,6.144059443613514e-05,0.0004200264229439199,0.007318056762430093,6.985219079069793e-05,0.007125556468963623,0.00020633696112781763,0.0,0.0,0.0,anisotropic
230,2.8788351910669085e-12,0.004928163252770901,0.9426715970039368,0.9963968396186829,0.9868438243865967,0.0184473879635334,-1.2900632981576593e-13,6.141176570094789e-14,-9.688827395326697e-17,2.3168415750214047e-15,4.197532620965616e-13,-0.00012900632282253355,6.141176709206775e-05,0.000419753254391253,0.0073427639408709545,6.892596138641238e-05,0.006241858005523682,0.00019690686895046383,0.0,0.0,0.0,anisotropic
231,2.8767305378096797e-12,0.0049276286736130714,0.9423601031303406,0.9963964819908142,0.9868085384368896,0.018543653190135956,-1.2898525563603824e-13,6.138283783173326e-14,-9.675037963643193e-17,2.31533068000174e-15,4.194789589469228e-13,-0.00012898525164928287,6.138283788459376e-05,0.00041947897989302874,0.007367089301394213,6.78557698847726e-05,0.0054395198822021484,0.00018433826335240155,0.0,0.0,0.0,anisotropic
232,2.874625450871582e-12,0.004927133210003376,0.942049503326416,0.9963961839675903,0.9867727756500244,0.01864069700241089,-1.289646015846524e-13,6.135267668254743e-14,-9.661347793633195e-17,2.3138223260809167e-15,4.1920517079331587e-13,-0.00012896460248157382,6.135267904028296e-05,0.0004192051710560918,0.007391061874506462,6.687296991003677e-05,0.004490077495574951,0.00017078008386306465,0.0,0.0,0.0,anisotropic
233,2.87251776184827e-12,0.004926673136651516,0.9417394399642944,0.996396005153656,0.986736536026001,0.018738653510808945,-1.2894457094951572e-13,6.132063850835048e-14,-9.647836294635509e-17,2.312323924797224e-15,4.1893317157329357e-13,-0.00012894456449430436,6.13206357229501e-05,0.00041893316665664315,0.00741475955707656,6.612161814700812e-05,0.0038019418716430664,0.0001589815365150571,0.0,0.0,0.0,anisotropic
234,2.8704057360162682e-12,0.0049262396059930325,0.9414296746253967,0.9963958859443665,0.9866999387741089,0.018837448209524155,-1.2892524504579117e-13,6.128643192980857e-14,-9.634521995495856e-17,2.310840346590108e-15,4.1866382864859386e-13,-0.0001289252395508811,6.128643144620582e-05,0.00041866383980959654,0.007438273146125291,6.567825766978785e-05,0.003144204616546631,0.00015054846880957484,0.0,0.0,0.0,anisotropic
235,2.8682906744181835e-12,0.004925830289721489,0.9411200284957886,0.9963958263397217,0.9866628646850586,0.01893693394958973,-1.2890659676842442e-13,6.12501111570303e-14,-9.621404234469745e-17,2.3093754031078316e-15,4.1839784675062885e-13,-0.00012890659854747355,6.125010986579582e-05,0.0004183978890068829,0.007461678783826754,6.549466343130916e-05,0.002548694610595703,0.00014567743346560746,0.0,0.0,0.0,anisotropic
236,2.8661719265327124e-12,0.0049254437908530235,0.9408102631568909,0.9963957667350769,0.9866254925727844,0.019036969169974327,-1.288886803275241e-13,6.121184559660514e-14,-9.608455880033085e-17,2.3079293061086317e-15,4.181353071945615e-13,-0.00012888868513982743,6.121184560470283e-05,0.0004181352851446718,0.007485022993166909,6.551693513756618e-05,0.002091646194458008,0.00014376775652635843,0.0,0.0,0.0,anisotropic
237,2.8640501428811582e-12,0.004925084300339222,0.9405004382133484,0.9963958263397217,0.9865877628326416,0.01913747936487198,-1.2887142796045442e-13,6.117174366875033e-14,-9.595618036926262e-17,2.306500996801324e-15,4.178761015601745e-13,-0.0001288714265683666,6.117174052633345e-05,0.00041787608643062413,0.007508331561761968,6.564505747519433e-05,0.0024358630180358887,0.0001440724590793252,0.0,0.0,0.0,anisotropic
238,2.8619255403039556e-12,0.004924755077809095,0.9401906728744507,0.9963958859443665,0.9865497350692749,0.01923840492963791,-1.2885488032479686e-13,6.112990701741955e-14,-9.582843059545993e-17,2.305089416394725e-15,4.1761979616659894e-13,-0.00012885488104075193,6.11299037700519e-05,0.0004176197689957917,0.007531608888462125,6.582075002370402e-05,0.002905428409576416,0.000145951853482984,0.0,0.0,0.0,anisotropic
239,2.859799203003277e-12,0.004924460779875517,0.9398813247680664,0.9963960647583008,0.9865114092826843,0.019339734688401222,-1.2883892900033417e-13,6.10864847204115e-14,-9.570082640544505e-17,2.3036905414823344e-15,4.1736587601780284e-13,-0.00012883893214166164,6.108648813096806e-05,0.00041736586717888713,0.007554851784308064,6.602339999517426e-05,0.0033497214317321777,0.00014887013821862638,0.0,0.0,0.0,anisotropic
240,2.857670480457819e-12,0.004924202337861061,0.9395723342895508,0.9963962435722351,0.9864727854728699,0.01944146677851677,-1.2882375016991937e-13,6.104151743530767e-14,-9.557301707463825e-17,2.3023033132729687e-15,4.1711398874808014e-13,-0.00012882375449407846,6.10415154369548e-05,0.000417114031733945,0.007578043794191314,6.62363599985838e-05,0.0037046074867248535,0.000152260297909379,0.0,0.0,0.0,anisotropic
241,2.855540456869754e-12,0.00492397416383028,0.9392638802528381,0.996396541595459,0.9864338636398315,0.019543631002306938,-1.2880919475575375e-13,6.099526943638758e-14,-9.544495628092524e-17,2.3009264612172068e-15,4.168640530422679e-13,-0.00012880918802693486,6.0995269450359046e-05,0.0004168640589341521,0.007601183607570281,6.64720282657072e-05,0.00404047966003418,0.0001554042537463829,0.0,0.0,0.0,anisotropic
242,2.8534097827603855e-12,0.004923769738525152,0.9389554858207703,0.9963968992233276,0.9863946437835693,0.019646253436803818,-1.2879530341541878e-13,6.09479101302407e-14,-9.5316445500959e-17,2.2995578677326807e-15,4.1661555390433425e-13,-0.000128795305499807,6.0947910242248327e-05,0.00041661557042971253,0.007624274993055795,6.670875154668465e-05,0.004221498966217041,0.00015750979946460575,0.0,0.0,0.0,anisotropic
243,2.85127780760841e-12,0.00492357462644577,0.9386463165283203,0.9963972568511963,0.9863552451133728,0.0197493527084589,-1.2878185930847996e-13,6.089987319773602e-14,-9.518755090918854e-17,2.2981952034787853e-15,4.1636808475846443e-13,-0.000128781859530136,6.089987437007949e-05,0.00041636810055933893,0.0076473410560941365,6.696047057630494e-05,0.004101753234863281,0.0001580847892910242,0.0,0.0,0.0,anisotropic
244,2.8491462661373035e-12,0.004923378117382526,0.9383354783058167,0.9963975548744202,0.9863158464431763,0.01985292322933674,-1.2876865914702995e-13,6.085170751622335e-14,-9.505861661274868e-17,2.296834656807258e-15,4.1612113060862654e-13,-0.00012876866094302386,6.085170753067359e-05,0.00041612109635025263,0.007670423206628398,6.724432751070708e-05,0.003941774368286133,0.00015734801127109677,0.0,0.0,0.0,anisotropic
245,2.847016025708804e-12,0.004923170432448387,0.9380219578742981,0.9963977932929993,0.9862765073776245,0.019956979900598526,-1.287553505653627e-13,6.080406360700619e-14,-9.492989407454563e-17,2.295472627828073e-15,4.158737969880283e-13,-0.0001287553459405899,6.080406456021592e-05,0.0004158738302066922,0.007693548097475845,6.757430674042553e-05,0.003586411476135254,0.0001563834521220997,0.0,0.0,0.0,anisotropic
246,2.844883400035525e-12,0.004922948777675629,0.9377052187919617,0.996397852897644,0.9862371683120728,0.02006155624985695,-1.2874173027557084e-13,6.075724640194555e-14,-9.480144285158349e-17,2.294104246101784e-15,4.156253249551489e-13,-0.00012874172534793615,6.075724741094746e-05,0.0004156253417022526,0.007716741584489484,6.805625889683142e-05,0.002979755401611328,0.00015677025658078492,0.0,0.0,0.0,anisotropic
247,2.842748605957901e-12,0.004922716878354549,0.9373849034309387,0.9963977336883545,0.9861979484558105,0.020166756585240364,-1.2872759498974706e-13,6.071165570059253e-14,-9.467383866156861e-17,2.2927259117383643e-15,4.153751453038479e-13,-0.0001287275954382494,6.0711656260536984e-05,0.0004153751360718161,0.007739996971494767,6.872339872643352e-05,0.0026112794876098633,0.00015984503261279315,0.0,0.0,0.0,anisotropic
248,2.840609908752456e-12,0.004922478459775448,0.9370608329772949,0.9963974952697754,0.9861587882041931,0.02027270756661892,-1.2871267365734823e-13,6.066737281811008e-14,-9.454748516863991e-17,2.291336989463104e-15,4.1512290566841914e-13,-0.00012871267972514033,6.0667371144518256e-05,0.00041512292227707803,0.007763310956731347,6.959299207665026e-05,0.003257930278778076,0.00016591811436228454,0.0,0.0,0.0,anisotropic
249,2.8384651400148453e-12,0.00492224283516407,0.9367330074310303,0.9963971972465515,0.9861196279525757,0.020379578694701195,-1.286968578581571e-13,6.06240521650557e-14,-9.442274633226691e-17,2.2899372675177663e-15,4.1486884999435147e-13,-0.0001286968617932871,6.0624053730862215e-05,0.00041486884583719075,0.007786674251910398,7.073380402289331e-05,0.0038899779319763184,0.00017412319721188396,0.0,0.0,0.0,anisotropic
250,2.8363134323833306e-12,0.004922016989439726,0.9364014267921448,0.9963967204093933,0.9860802888870239,0.020487500354647636,-1.286803237750267e-13,6.058128716561473e-14,-9.430001919914365e-17,2.288531404583561e-15,4.146136288029484e-13,-0.00012868033081758767,6.0581285652006045e-05,0.00041461363434791565,0.007810082589389834,7.19260424375534e-05,0.004183828830718994,0.00018299190560355783,0.0,0.0,0.0,anisotropic
251,2.8341554363792154e-12,0.004921809770166874,0.9360663294792175,0.9963960647583008,0.9860407114028931,0.02059660665690899,-1.2866328824839152e-13,6.053851538991017e-14,-9.417968758107433e-17,2.287125118132882e-15,4.143584347165996e-13,-0.00012866329052485526,6.053851393517107e-05,0.0004143583937548101,0.007833562517152096,7.302382437046617e-05,0.00495755672454834,0.00019100250210613012,0.0,0.0,0.0,anisotropic
252,2.831988983598155e-12,0.004921628627926111,0.9357280135154724,0.9963952898979187,0.9860007762908936,0.020707007497549057,-1.2864600877626753e-13,6.049520151311938e-14,-9.406146031048335e-17,2.285722431572229e-15,4.141038369414457e-13,-0.00012864600284956396,6.0495200159493834e-05,0.00041410382254980505,0.007857147677401078,7.38215385354124e-05,0.006047487258911133,0.00019645071006380022,0.0,0.0,0.0,anisotropic
253,2.829813206678411e-12,0.004921483341604471,0.9353869557380676,0.9963943958282471,0.9859603047370911,0.020818810909986496,-1.2862834983338317e-13,6.045104060338133e-14,-9.394451020675816e-17,2.2843210155609967e-15,4.138494831117806e-13,-0.00012862835137639195,6.0451042372733355e-05,0.0004138495132792741,0.007880879088797246,7.406010990962386e-05,0.006847500801086426,0.0001966347626876086,0.0,0.0,0.0,anisotropic
254,2.827626587736942e-12,0.004921383690088987,0.93504399061203,0.9963934421539307,0.985919177532196,0.020931968465447426,-1.2860978287117936e-13,6.040604621322318e-14,-9.382719614356344e-17,2.2829104939455815e-15,4.135935571889654e-13,-0.00012860978313256055,6.0406047850847244e-05,0.00041359354509040713,0.007904703132947983,7.3516923293937e-05,0.006744742393493652,0.00018881609139498323,0.0,0.0,0.0,anisotropic
255,2.8254278257311416e-12,0.004921338986605406,0.9347010850906372,0.996392548084259,0.9858771562576294,0.021046029403805733,-1.285891288197935e-13,6.036055037956026e-14,-9.370729465941265e-17,2.28147180848467e-15,4.133324813058309e-13,-0.0001285891339648515,6.0360551287885755e-05,0.0004133324255235493,0.007928346097217457,7.214314246084541e-05,0.005510091781616211,0.00017434163601137698,0.0,0.0,0.0,anisotropic
256,2.8232236427144786e-12,0.004921356216073036,0.9343618750572205,0.9963918924331665,0.9858343601226807,0.021160010248422623,-1.2856492400629277e-13,6.03150342171066e-14,-9.358348226532571e-17,2.279990771376396e-15,4.130636533771631e-13,-0.0001285649195779115,6.0315032897051424e-05,0.0004130636516492814,0.007951377807965216,7.028935215203092e-05,0.0036943554878234863,0.00016020576003938913,0.0,0.0,0.0,anisotropic
257,2.8210255312299815e-12,0.004921439569443464,0.9340300559997559,0.996391773223877,0.9857909679412842,0.0212728139013052,-1.2853636883157493e-13,6.026977555266891e-14,-9.345576557874752e-17,2.2784665355878118e-15,4.1278701919285343e-13,-0.00012853636872023344,6.02697764406912e-05,0.00041278699063695967,0.007973567137599972,6.874764949316159e-05,0.0028031468391418457,0.00015235395403578877,0.0,0.0,0.0,anisotropic
258,2.818841731214161e-12,0.00492157693952322,0.9337067008018494,0.9963921904563904,0.9857474565505981,0.02138395793735981,-1.285035852683844e-13,6.022455076954911e-14,-9.332575925623379e-17,2.2769141359537315e-15,4.1250526215327876e-13,-0.00012850358325522393,6.022454908816144e-05,0.0004125052655581385,0.007995011697980245,6.799583934480324e-05,0.0031598806381225586,0.00015146318764891475,0.0,0.0,0.0,anisotropic
259,2.8166722426670177e-12,0.004921748302876949,0.9333887100219727,0.9963929057121277,0.9857041239738464,0.021493734791874886,-1.2846661397430265e-13,6.017881776666095e-14,-9.31948992833279e-17,2.2753441603859956e-15,4.1222033382234957e-13,-0.00012846660683862865,6.017881605657749e-05,0.00041222033905796707,0.0080159415816663,6.811786442995071e-05,0.0036446452140808105,0.0001554959308123216,0.0,0.0,0.0,anisotropic
260,2.8145094761733436e-12,0.004921928979456425,0.9330720901489258,0.9963937997817993,0.9856612086296082,0.021602779626846313,-1.284245469300102e-13,6.013221062577123e-14,-9.306468120257735e-17,2.273755761851657e-15,4.1193207156974e-13,-0.00012842455180361867,6.013220991007984e-05,0.0004119320656172931,0.008036589554403931,6.871159712318331e-05,0.004253029823303223,0.00016268662875518203,0.0,0.0,0.0,anisotropic
261,2.8123488780840145e-12,0.004922103602439165,0.9327542781829834,0.9963946342468262,0.9856184720993042,0.02171165682375431,-1.2837514796852634e-13,6.008454638776334e-14,-9.293652114719084e-17,2.2721402582630062e-15,4.1163901172251716e-13,-0.00012837514805141836,6.008454511174932e-05,0.0004116389900445938,0.008057133196029952,6.947436486370862e-05,0.005418002605438232,0.0001735858531901613,0.0,0.0,0.0,anisotropic
262,2.8101843768668644e-12,0.004922281950712204,0.932435154914856,0.9963955283164978,0.9855756759643555,0.021820755675435066,-1.283149747479534e-13,6.003566919857498e-14,-9.281193451205055e-17,2.2704826147852296e-15,4.113382540398697e-13,-0.00012831497588194907,6.0035668866476044e-05,0.0004113382601644844,0.008077701432172825,7.052910223137587e-05,0.007542729377746582,0.00019260113185737282,0.0,0.0,0.0,anisotropic
263,2.8080120693940724e-12,0.0049224961549043655,0.9321165084838867,0.9963964819908142,0.9855325818061829,0.021930363029241562,-1.2824015124552474e-13,5.998593820017578e-14,-9.26926881549449e-17,2.26877266702296e-15,4.110281180084302e-13,-0.0001282401499338448,5.99859376961831e-05,0.0004110280715394765,0.008098522003946902,7.2182941948995e-05,0.010578632354736328,0.00022701684792991728,0.0,0.0,0.0,anisotropic
264,2.8058228483673897e-12,0.004922776482999325,0.9318001866340637,0.9963975548744202,0.9854886531829834,0.022040843963623047,-1.2814815669118934e-13,5.993676285538999e-14,-9.258015850441319e-17,2.2670148618991704e-15,4.1070933546466515e-13,-0.00012814815272577107,5.993676313664764e-05,0.0004107093554921448,0.008120061821011451,7.427249511238188e-05,0.013801932334899902,0.00027525561745278537,0.0,0.0,0.0,anisotropic
265,2.8036102085737813e-12,0.0049230484291911125,0.9314866662025452,0.9963988661766052,0.9854439496994019,0.02215242013335228,-1.2804830167110343e-13,5.989338121596341e-14,-9.247508009683936e-17,2.265302373038059e-15,4.10398792857411e-13,-0.00012804829748347402,5.989338023937307e-05,0.0004103988176211715,0.00814269363834528,7.631752669112757e-05,0.01569300889968872,0.0003044118348043412,0.0,0.0,0.0,anisotropic
266,2.801399737184518e-12,0.004923101048916578,0.9311697483062744,0.996399998664856,0.9853997230529785,0.022263934835791588,-1.2797660880244782e-13,5.986574083682861e-14,-9.237501109505514e-17,2.263905192191563e-15,4.101453605995925e-13,-0.00012797661474905908,5.98657425143756e-05,0.00041014538146555424,0.008166885399536142,7.79412075644359e-05,0.014729499816894531,0.0002805986150633544,0.0,0.0,0.0,anisotropic
267,2.7992395727760577e-12,0.004922932479530573,0.9308311343193054,0.9963998794555664,0.9853587746620178,0.02237401157617569,-1.2796343574605212e-13,5.985241870263419e-14,-9.227308259125391e-17,2.2630020433115532e-15,4.0998129370584113e-13,-0.00012796343071386218,5.985242023598403e-05,0.00040998129406943917,0.008196181642294676,7.970636943355203e-05,0.010417401790618896,0.0002211240353062749,0.0,0.0,0.0,anisotropic
268,2.79705685696241e-12,0.004922712687402964,0.9304704070091248,0.9963985085487366,0.9853200316429138,0.02248496562242508,-1.2797651393475773e-13,5.982811902144336e-14,-9.215836918390505e-17,2.2621874093745314e-15,4.0983308326886236e-13,-0.00012797651288565248,5.9828118537552655e-05,0.0004098330973647535,0.008225425420906804,8.232593245338649e-05,0.008665323257446289,0.00022403337061405182,0.0,0.0,0.0,anisotropic
269,2.7947908744219152e-12,0.004922547377645969,0.9301146864891052,0.9963973164558411,0.9852797389030457,0.022597743198275566,-1.2797190607552467e-13,5.978518461541293e-14,-9.202611954757007e-17,2.2610028337977962e-15,4.09617869137624e-13,-0.0001279718999285251,5.978518311167136e-05,0.00040961787453852594,0.008248897563552345,8.457143849227577e-05,0.01197284460067749,0.0002645583590492606,0.0,0.0,0.0,anisotropic
270,2.7925079783275297e-12,0.004922562278807163,0.9297761917114258,0.9963968992233276,0.9852371215820312,0.022710952907800674,-1.2793124849405646e-13,5.973985141207588e-14,-9.188467166282351e-17,2.2594555163613994e-15,4.093369252496787e-13,-0.00012793124187737703,5.973985025775619e-05,0.0004093369352631271,0.008268806254610142,8.242168405558914e-05,0.011187255382537842,0.0002576981205493212,0.0,0.0,0.0,anisotropic
271,2.7902823281078515e-12,0.004922699183225632,0.9294500946998596,0.9963966012001038,0.9851931929588318,0.02282341569662094,-1.2786039588208453e-13,5.970784034293325e-14,-9.174980151830796e-17,2.257873682332402e-15,4.090498285144045e-13,-0.00012786040315404534,5.970783968223259e-05,0.00040904985507950187,0.00828979577532989,7.825602369848639e-05,0.007936477661132812,0.00021208271209616214,0.0,0.0,0.0,anisotropic
272,2.7880922397194308e-12,0.004922962281852961,0.9291073083877563,0.9963945746421814,0.985151469707489,0.022935740649700165,-1.2779125088853427e-13,5.96869084647407e-14,-9.162436123277552e-17,2.2565419347810815e-15,4.0880807853499457e-13,-0.00012779125245288014,5.968690675217658e-05,0.0004088080604560673,0.008312649072890022,7.931610161904246e-05,0.005501091480255127,0.00019233750936109573,0.0,0.0,0.0,anisotropic
273,2.7858906587879817e-12,0.004923219792544842,0.928752064704895,0.9963933825492859,0.9851109385490417,0.023048341274261475,-1.2777174880195669e-13,5.966057590447646e-14,-9.149596956681749e-17,2.255500931288906e-15,4.0861888525589585e-13,-0.00012777175288647413,5.966057506157085e-05,0.00040861888555809855,0.008334649675674714,8.261970651801676e-05,0.005276799201965332,0.00021081963495817035,0.0,0.0,0.0,anisotropic
274,2.783671730621773e-12,0.004923634231090546,0.9283955097198486,0.9963940382003784,0.9850705862045288,0.023161083459854126,-1.278279240270186e-13,5.961676736044447e-14,-9.135362832700936e-17,2.2546517807592835e-15,4.084642238159908e-13,-0.00012782792327925563,5.9616766520775855e-05,0.00040846422780305147,0.008355804250596342,8.10243800515309e-05,0.004738152027130127,0.00020710620447061956,0.0,0.0,0.0,anisotropic
275,2.7814586571472955e-12,0.004924027249217033,0.9280732274055481,0.9963958859443665,0.9850260019302368,0.023273229598999023,-1.279118006175875e-13,5.956200159820679e-14,-9.119683458753871e-17,2.2536181888053964e-15,4.0827614184411887e-13,-0.00012791180051863194,5.9562000387813896e-05,0.0004082761297468096,0.008375956478404126,7.956764602568e-05,0.006436586380004883,0.0002003704576054588,0.0,0.0,0.0,anisotropic
276,2.779239078459783e-12,0.004924600012600422,0.9277565479278564,0.9963972568511963,0.9849807620048523,0.023386327549815178,-1.279562258016051e-13,5.950636847423113e-14,-9.102413251052744e-17,2.2520232257657166e-15,4.079863617084678e-13,-0.00012795622751582414,5.950636841589585e-05,0.0004079864011146128,0.008395352374296073,8.096573583316058e-05,0.008115768432617188,0.00021727058629039675,0.0,0.0,0.0,anisotropic
277,2.777038798570941e-12,0.004924715496599674,0.927448034286499,0.9963991641998291,0.9849331974983215,0.023499848321080208,-1.2796274456716716e-13,5.945339842184164e-14,-9.084458799548913e-17,2.2499731942751244e-15,4.076142906279251e-13,-0.00012796274677384645,5.9453399444464594e-05,0.000407614279538393,0.008413955457789515,8.663802873343229e-05,0.0058615803718566895,0.00021735046175308526,0.0,0.0,0.0,anisotropic
278,2.7748528301507758e-12,0.004925144836306572,0.9270824193954468,0.9963968992233276,0.9848932027816772,0.023615455254912376,-1.2798159613244126e-13,5.939799569082763e-14,-9.066753163973338e-17,2.2480169716834406e-15,4.0725916020632746e-13,-0.00012798159150406718,5.9397996665211394e-05,0.00040725915459915996,0.008436530639270157,7.890324923209846e-05,0.0030620694160461426,0.00019012897973880172,0.0,0.0,0.0,anisotropic
279,2.772691147859274e-12,0.004924904555082321,0.9267516136169434,0.9963968992233276,0.9848471283912659,0.02373039722442627,-1.2801538258264133e-13,5.934470715404996e-14,-9.050758799649013e-17,2.2462653075485187e-15,4.069412179192461e-13,-0.00012801538105122745,5.9344707551645115e-05,0.00040694119525142014,0.008457066769325108,8.766050450503826e-05,0.003463566303253174,0.0002050962793873623,0.0,0.0,0.0,anisotropic
280,2.770506914162585e-12,0.004925577901303768,0.9263591766357422,0.9963957667350769,0.9848100543022156,0.023847511038184166,-1.2805387175976457e-13,5.929548437541912e-14,-9.03636387175712e-17,2.2448672796690754e-15,4.0668724356034136e-13,-0.00012805387086700648,5.9295485698385164e-05,0.00040668726433068514,0.008481025451282825,8.045550202950835e-05,0.0036038756370544434,0.00019563204841688275,0.0,0.0,0.0,anisotropic
281,2.768354339169332e-12,0.0049252938479185104,0.9260643720626831,0.9964004158973694,0.9847592115402222,0.023962197825312614,-1.2806148828002628e-13,5.926022069975903e-14,-9.024265197245674e-17,2.2434811102508938e-15,4.064356544462161e-13,-0.00012806148151867092,5.926021913182922e-05,0.0004064356617163867,0.008499918176000439,9.348856110591441e-05,0.0037690401077270508,0.00021841193665750325,0.0,0.0,0.0,anisotropic
282,2.7661690212704704e-12,0.00492622097954154,0.9256511330604553,0.9963976740837097,0.9847245812416077,0.024080242961645126,-1.2804663471026323e-13,5.92291040974087e-14,-9.012267107896715e-17,2.2422241133571684e-15,4.062074569939622e-13,-0.00012804663856513798,5.922910349909216e-05,0.00040620742947794497,0.008524688037962783,8.006417192518711e-05,0.0029303431510925293,0.00019482288917060941,0.0,0.0,0.0,anisotropic
283,2.7640199157241696e-12,0.004926067776978016,0.9253523945808411,0.9964008927345276,0.9846730828285217,0.024195600301027298,-1.280013557170348e-13,5.920272410329941e-14,-9.000562171356845e-17,2.240646938009381e-15,4.05921308935589e-13,-0.0001280013530049473,5.920272451476194e-05,0.0004059213388245553,0.008542286125769023,9.463596506975591e-05,0.004021883010864258,0.00022426234500017017,0.0,0.0,0.0,anisotropic
284,2.761828959974011e-12,0.0049270521849393845,0.9249303936958313,0.996397078037262,0.9846389293670654,0.024314498528838158,-1.2796835531340978e-13,5.916679635380867e-14,-8.987579406206702e-17,2.239125878594349e-15,4.0564521685236554e-13,-0.00012796834926120937,5.91667958360631e-05,0.00040564523078501225,0.008564539169815028,7.72881685406901e-05,0.0037353038787841797,0.00018859525152947754,0.0,0.0,0.0,anisotropic
285,2.7596709639698958e-12,0.004927413072437048,0.924628734588623,0.9963999390602112,0.9845874905586243,0.02443060651421547,-1.2793128915163793e-13,5.913435838006062e-14,-8.97490699922239e-17,2.2373756967670848e-15,4.053278166663704e-13,-0.00012793128553312272,5.913435961701907e-05,0.0004053278244100511,0.008580186439975185,7.881710189394653e-05,0.004700303077697754,0.00018734623154159635,0.0,0.0,0.0,anisotropic
286,2.757482610304951e-12,0.0049280510284006596,0.924263060092926,0.9963991641998291,0.9845454692840576,0.024548692628741264,-1.2790724696846306e-13,5.91023134296001e-14,-8.96180578180853e-17,2.2358108033970325e-15,4.0504383701234214e-13,-0.00012790724576916546,5.91023126617074e-05,0.0004050438292324543,0.008599631629387336,7.630269828950986e-05,0.005048096179962158,0.000184617456397973,0.0,0.0,0.0,anisotropic
287,2.7552912208739233e-12,0.004928688518702984,0.9239289164543152,0.9964001774787903,0.9844986796379089,0.02466600388288498,-1.278935995736169e-13,5.907351430939345e-14,-8.948631772500766e-17,2.2343920232103815e-15,4.047862305761596e-13,-0.00012789359607268125,5.907351442147046e-05,0.00040478617302142084,0.00861774663566677,7.757247658446431e-05,0.005239665508270264,0.00019072226132266223,0.0,0.0,0.0,anisotropic
288,2.7530967956768126e-12,0.004928797483444214,0.9235987663269043,0.9964013695716858,0.984451174736023,0.02478349767625332,-1.2790292371230028e-13,5.90415710028866e-14,-8.934790063002548e-17,2.233149002360286e-15,4.0456036415857655e-13,-0.00012790292385034263,5.904156932956539e-05,0.0004045603855047375,0.008636048899008257,8.420909580308944e-05,0.005193948745727539,0.00020193777163513005,0.0,0.0,0.0,anisotropic
289,2.750895431585798e-12,0.004929696209728718,0.9232103824615479,0.9963997602462769,0.9844110012054443,0.024902813136577606,-1.2793185835777848e-13,5.900249229083207e-14,-8.919894856276183e-17,2.232007413705624e-15,4.0435290207287145e-13,-0.00012793185305781662,5.900249379919842e-05,0.00040435290429741144,0.008657323764018602,7.634505163878202e-05,0.00429987907409668,0.00018449687922839075,0.0,0.0,0.0,anisotropic
290,2.7487285451238685e-12,0.0049299513921141624,0.9229068756103516,0.9964025020599365,0.9843590259552002,0.02502095140516758,-1.2794410984232757e-13,5.89661715180538e-14,-8.904957959646946e-17,2.230550093519873e-15,4.040882212175134e-13,-0.0001279441057704389,5.8966172218788415e-05,0.0004040882340632379,0.008674048890923016,8.168215572368354e-05,0.0035460591316223145,0.00018721065134741366,0.0,0.0,0.0,anisotropic
291,2.7465479977145657e-12,0.0049309320747852325,0.9225202202796936,0.9964014291763306,0.9843178987503052,0.025141214951872826,-1.279371573958965e-13,5.893018278219087e-14,-8.889530048606097e-17,2.2289534364142985e-15,4.037983055565908e-13,-0.00012793716450687498,5.893018169444986e-05,0.0004037983017042279,0.00869437733312598,7.429688412230462e-05,0.0024408698081970215,0.00017364282393828034,0.0,0.0,0.0,anisotropic
292,2.744397157444789e-12,0.004931416362524033,0.9222103357315063,0.9964039921760559,0.9842666387557983,0.025259388610720634,-1.2790539027224268e-13,5.890085511342513e-14,-8.874789690090402e-17,2.2271384565665693e-15,4.034689249365897e-13,-0.00012790538312401623,5.890085594728589e-05,0.00040346893365494907,0.008710657250739213,7.561847451142967e-05,0.002558410167694092,0.00017329676484223455,0.0,0.0,0.0,anisotropic
293,2.7422398119619773e-12,0.004931959323585033,0.9218467473983765,0.9964039325714111,0.9842230081558228,0.025377895683050156,-1.278770925955408e-13,5.887043646622334e-14,-8.86024520794376e-17,2.225491824517107e-15,4.0317006460774407e-13,-0.00012787709420081228,5.887043516850099e-05,0.00040317009552381933,0.008729623339697245,7.411837577819824e-05,0.0025406479835510254,0.0001703218586044386,0.0,0.0,0.0,anisotropic
294,2.7400924411391525e-12,0.0049326797015964985,0.9214992523193359,0.9964044690132141,0.9841775298118591,0.025495223701000214,-1.2785704840787698e-13,5.884020755440172e-14,-8.846320118639797e-17,2.2240086698264647e-15,4.02900775893153e-13,-0.0001278570416616276,5.8840207202592865e-05,0.0004029007686767727,0.00874813603869195,7.37618756829761e-05,0.0024407505989074707,0.00017005487461574376,0.0,0.0,0.0,anisotropic
295,2.737960032306308e-12,0.0049330489709973335,0.9211801290512085,0.9964062571525574,0.9841288924217224,0.025611352175474167,-1.2784262851898293e-13,5.881115093617911e-14,-8.833077287905068e-17,2.2226324530454132e-15,4.026509215025037e-13,-0.0001278426352655515,5.881115066586062e-05,0.00040265091229230165,0.008765738105765614,7.640925468876958e-05,0.002593100070953369,0.00017585643217898905,0.0,0.0,0.0,anisotropic
296,2.7358228529839046e-12,0.004934052005410194,0.9208164215087891,0.9964061379432678,0.984086275100708,0.025728102773427963,-1.2783274872668615e-13,5.878103722083833e-14,-8.819922469187515e-17,2.221357033185085e-15,4.0241928170835217e-13,-0.00012783275451511145,5.878103547729552e-05,0.00040241930400952697,0.008785409743084659,7.277105760294944e-05,0.0024636387825012207,0.00017020301311276853,0.0,0.0,0.0,anisotropic
297,2.733702587215392e-12,0.004934546537697315,0.9205171465873718,0.9964089393615723,0.9840351939201355,0.025843704119324684,-1.278156454374152e-13,5.875224487689526e-14,-8.806966173816974e-17,2.2199435469543545e-15,4.0216267815917917e-13,-0.0001278156414628029,5.8752244513016194e-05,0.0004021626664325595,0.00880178139904189,7.594235648866743e-05,0.002487659454345703,0.00017520545225124806,0.0,0.0,0.0,anisotropic
298,2.7315602037225606e-12,0.004935519769787788,0.9201433062553406,0.9964085817337036,0.9839935302734375,0.025960883125662804,-1.2780190317487894e-13,5.871863460954821e-14,-8.79318269783388e-17,2.218547848415516e-15,4.0190921879630637e-13,-0.0001278019044548273,5.8718633226817474e-05,0.0004019092593807727,0.008820603768810624,7.124445983208716e-05,0.0023200511932373047,0.00016655077342875302,0.0,0.0,0.0,anisotropic
299,2.7294215065171157e-12,0.004936255514621735,0.9198195934295654,0.9964102506637573,0.9839451909065247,0.026077456772327423,-1.2778199451248667e-13,5.868549190438804e-14,-8.779164302556822e-17,2.2169992604296985e-15,4.016281935931981e-13,-0.0001277819974347949,5.868549123988487e-05,0.0004016281745862216,0.008836479179557268,7.315687253139913e-05,0.0022719502449035645,0.00017122601275332272,0.0,0.0,0.0,anisotropic
300,2.727272834651684e-12,0.004937015473842621,0.9194669723510742,0.9964107871055603,0.9839004874229431,0.026194890961050987,-1.277646472777269e-13,5.865188841330457e-14,-8.764750184074718e-17,2.2154521547515385e-15,4.0134727681030713e-13,-0.0001277646515518427,5.865188722964376e-05,0.00040134729351848364,0.008853384774635981,7.267465116456151e-05,0.0024129748344421387,0.00017090998881030828,0.0,0.0,0.0,anisotropic
301,2.7251265480310316e-12,0.004937896970659494,0.9191235899925232,0.996411919593811,0.9838545322418213,0.026312492787837982,-1.277524635558136e-13,5.861956563603735e-14,-8.750314889768932e-17,2.213911190062246e-15,4.0106755264980587e-13,-0.00012775245704688132,5.861956742592156e-05,0.00040106751839630306,0.008869874134738723,7.231366180349141e-05,0.0025873184204101562,0.00017179074347950518,0.0,0.0,0.0,anisotropic
302,2.72298850134689e-12,0.004938371945172548,0.9188047051429749,0.9964141249656677,0.9838053584098816,0.026429971680045128,-1.2774982081301817e-13,5.858760200073976e-14,-8.735970916202773e-17,2.2124125770203165e-15,4.0079547211462063e-13,-0.00012774982315022498,5.8587600506143644e-05,0.0004007954557891935,0.00888547039923468,7.566629210487008e-05,0.002598285675048828,0.00017969368491321802,0.0,0.0,0.0,anisotropic
303,2.7208459010136243e-12,0.004939231090247631,0.9184378981590271,0.996414303779602,0.9837618470191956,0.026548422873020172,-1.277589416637942e-13,5.855295496506527e-14,-8.721371509263457e-17,2.2110539361729206e-15,4.005486534900543e-13,-0.00012775894720107317,5.855295603396371e-05,0.0004005486553069204,0.008903208963316728,7.270571950357407e-05,0.002777695655822754,0.00017517866217531264,0.0,0.0,0.0,anisotropic
304,2.7187163111064283e-12,0.004939712584018707,0.9181191921234131,0.9964162707328796,0.9837124347686768,0.02666635997593403,-1.277625195309634e-13,5.85206457403252e-14,-8.707100327591202e-17,2.2096614140076345e-15,4.0029573622826775e-13,-0.00012776251242030412,5.852064714417793e-05,0.00040029577212408185,0.008919128313611515,7.70577389630489e-05,0.0030480623245239258,0.00018543432815931737,0.0,0.0,0.0,anisotropic
305,2.716578698103156e-12,0.004940624814480543,0.9177417755126953,0.996415913105011,0.9836698174476624,0.0267853531986475,-1.2775636668363455e-13,5.848927841622248e-14,-8.692760986236473e-17,2.2082917617319243e-15,4.0004699314484526e-13,-0.00012775637151207775,5.848927685292438e-05,0.0004000469925813377,0.008937541814926175,7.370936509687454e-05,0.003141343593597412,0.00018006522441282868,0.0,0.0,0.0,anisotropic
306,2.7144536618450843e-12,0.004941382445394993,0.9174118041992188,0.9964173436164856,0.9836214780807495,0.026903873309493065,-1.2773175529431913e-13,5.846267480541512e-14,-8.678899424403554e-17,2.20677684330576e-15,3.997719852637943e-13,-0.00012773174967151135,5.846267595188692e-05,0.00039977201959118247,0.008954056239575188,7.584119884995744e-05,0.003618478775024414,0.00018599849136080593,0.0,0.0,0.0,anisotropic
307,2.7123290592678817e-12,0.0049422429874539375,0.9170531630516052,0.996417760848999,0.9835762977600098,0.027022983878850937,-1.277029832791668e-13,5.843614573350711e-14,-8.665076905495548e-17,2.205247737077729e-15,3.9949442950763803e-13,-0.00012770298053510487,5.84361441724468e-05,0.00039949442725628614,0.008971649703521116,7.526530680479482e-05,0.003927350044250488,0.00018681457731872797,0.0,0.0,0.0,anisotropic
308,2.7102111787441485e-12,0.004943181294947863,0.9167041778564453,0.9964185953140259,0.983529806137085,0.027142183855175972,-1.2767711150482586e-13,5.840928462468378e-14,-8.651336442904307e-17,2.2037165132673302e-15,3.9921644007061274e-13,-0.00012767710722982883,5.8409284974914044e-05,0.0003992164565715939,0.008988750006305186,7.478142651962116e-05,0.004304289817810059,0.00018808472668752074,0.0,0.0,0.0,anisotropic
309,2.7080974181886708e-12,0.004943933803588152,0.9163639545440674,0.9964197278022766,0.9834822416305542,0.02726151794195175,-1.2765729771012368e-13,5.838230154311605e-14,-8.637599289035516e-17,2.202220864840716e-15,3.98945010056731e-13,-0.00012765730207320303,5.8382302086101845e-05,0.0003989450051449239,0.009005398475216218,7.680831186007708e-05,0.004903137683868408,0.00019443791825324297,0.0,0.0,0.0,anisotropic
310,2.705977152420158e-12,0.004944988060742617,0.9159959554672241,0.9964199066162109,0.9834377765655518,0.027381569147109985,-1.276440297860379e-13,5.83547357028806e-14,-8.623698022533195e-17,2.2008039904781963e-15,3.986877288812002e-13,-0.00012764403072651476,5.835473712068051e-05,0.00039868775638751686,0.009022964251177684,7.448763790307567e-05,0.005138754844665527,0.00019274237274657935,0.0,0.0,0.0,anisotropic
311,2.703859705577294e-12,0.004945768974721432,0.9156654477119446,0.9964214563369751,0.9833886623382568,0.027501655742526054,-1.2763062633668054e-13,5.832871485074095e-14,-8.60988741502601e-17,2.1993517524901288e-15,3.98424078017906e-13,-0.00012763062841258943,5.8328714658273384e-05,0.0003984241047874093,0.009038849862964222,7.742711022729054e-05,0.005524396896362305,0.00020017936185467988,0.0,0.0,0.0,anisotropic
312,2.7017303325105324e-12,0.0049468958750367165,0.9152912497520447,0.9964215755462646,0.9833441972732544,0.02762295864522457,-1.276222508748981e-13,5.829983441537137e-14,-8.595703583626441e-17,2.197931701754057e-15,3.9816622763623466e-13,-0.0001276222465094179,5.829983274452388e-05,0.00039816624484956264,0.009056067851451449,7.485151581931859e-05,0.005461752414703369,0.00019684275321196765,0.0,0.0,0.0,anisotropic
313,2.6996037783694193e-12,0.004947802517563105,0.9149580001831055,0.996423065662384,0.9832945466041565,0.02774452045559883,-1.2761083964703268e-13,5.827085233604812e-14,-8.58148997372482e-17,2.196414030470814e-15,3.978907047591518e-13,-0.00012761083780787885,5.827085260534659e-05,0.0003978906897827983,0.009071334854633817,7.703187293373048e-05,0.00529104471206665,0.00020051105821039528,0.0,0.0,0.0,anisotropic
314,2.6974685506109264e-12,0.004948918707668781,0.9145867824554443,0.9964231848716736,0.983248770236969,0.027867188677191734,-1.2759826290183185e-13,5.824017619083036e-14,-8.566958726467978e-17,2.1949005943523075e-15,3.9761591371853533e-13,-0.00012759826495312154,5.824017716804519e-05,0.00039761592051945627,0.009087724476229493,7.53493222873658e-05,0.0047650933265686035,0.00019565119873732328,0.0,0.0,0.0,anisotropic
315,2.6953363586185164e-12,0.004949958063662052,0.9142388701438904,0.9964240193367004,0.983199954032898,0.02798999845981598,-1.2757882857789005e-13,5.821149904336811e-14,-8.552557842875675e-17,2.1933433242787804e-15,3.9733320800205973e-13,-0.00012757882359437644,5.821149898110889e-05,0.00039733323501423,0.009103008320563032,7.578927761642262e-05,0.0046669840812683105,0.00019354751566424966,0.0,0.0,0.0,anisotropic
316,2.693202215062196e-12,0.004950995557010174,0.9138774275779724,0.9964243173599243,0.9831526279449463,0.028113069012761116,-1.2755877083769906e-13,5.818308617018542e-14,-8.53828004375852e-17,2.191828617610853e-15,3.970582272260631e-13,-0.00012755877105519176,5.81830863666255e-05,0.0003970582038164139,0.009118608606460337,7.536009070463479e-05,0.0046350955963134766,0.00018941004236694425,0.0,0.0,0.0,anisotropic
317,2.691071324112393e-12,0.004952121526002884,0.9135161638259888,0.9964248538017273,0.9831051826477051,0.02823598124086857,-1.2754225030709582e-13,5.815403632822638e-14,-8.524278192093712e-17,2.1903651564362343e-15,3.9679257058874984e-13,-0.00012754225463140756,5.8154037105850875e-05,0.00039679251494817436,0.00913395552299621,7.438875763909891e-05,0.004247784614562988,0.0001845370134105906,0.0,0.0,0.0,anisotropic
318,2.6889471552160593e-12,0.0049531059339642525,0.9131693243980408,0.9964258670806885,0.9830561280250549,0.028358453884720802,-1.2752968711442214e-13,5.812419366342872e-14,-8.510606550929435e-17,2.188928588557691e-15,3.9653171154604983e-13,-0.00012752968177665025,5.81241947656963e-05,0.00039653171552345157,0.009148515896075678,7.524204556830227e-05,0.0038167238235473633,0.0001838741882238537,0.0,0.0,0.0,anisotropic
319,2.6868264557666777e-12,0.004954311531037092,0.9128039479255676,0.9964263439178467,0.9830092191696167,0.02848079614341259,-1.2751994284739693e-13,5.809304995602407e-14,-8.497056009006837e-17,2.1875305606782478e-15,3.9627789981747097e-13,-0.00012751994654536247,5.809305002912879e-05,0.0003962779010180384,0.00916356781341757,7.364842895185575e-05,0.003871619701385498,0.00017925366410054266,0.0,0.0,0.0,anisotropic
320,2.684716164658152e-12,0.004955312702804804,0.9124668836593628,0.9964277744293213,0.9829592108726501,0.028602657839655876,-1.2750544164333993e-13,5.80633970266066e-14,-8.483764870924335e-17,2.1860806520307852e-15,3.960147368451544e-13,-0.0001275054382858798,5.8063396863872185e-05,0.0003960147441830486,0.009177410945675658,7.492845179513097e-05,0.0037335753440856934,0.0001808041997719556,0.0,0.0,0.0,anisotropic
321,2.682604572507019e-12,0.0049565681256353855,0.9120970368385315,0.9964281320571899,0.9829131364822388,0.028724724426865578,-1.2749007307754495e-13,5.803271410512525e-14,-8.470362559767506e-17,2.1846466252510837e-15,3.9575439279848634e-13,-0.00012749007146339864,5.8032714150613174e-05,0.0003957543522119522,0.009192274868088055,7.293101953109726e-05,0.003805100917816162,0.00017597402620594949,0.0,0.0,0.0,anisotropic
322,2.6804999192497903e-12,0.004957626573741436,0.9117566347122192,0.996429443359375,0.9828635454177856,0.02884654328227043,-1.274721972942261e-13,5.80026545998931e-14,-8.457133625667067e-17,2.183156059022153e-15,3.954838301463426e-13,-0.0001274722017114982,5.8002653531730175e-05,0.0003954838612116873,0.009205788988726782,7.425084913847968e-05,0.0036249756813049316,0.00017832750745583326,0.0,0.0,0.0,anisotropic
323,2.6783913628647404e-12,0.004958893172442913,0.9113855957984924,0.996429979801178,0.982817530632019,0.02896871231496334,-1.274590513428847e-13,5.797039280899807e-14,-8.443806091637613e-17,2.1817036092758486e-15,3.952201792830484e-13,-0.00012745904678013176,5.7970391935668886e-05,0.0003952202096115798,0.009220120204172757,7.240934792207554e-05,0.0038576722145080566,0.00017382499936502427,0.0,0.0,0.0,anisotropic
324,2.6762867096075116e-12,0.004960017278790474,0.9110414385795593,0.9964315891265869,0.982768177986145,0.029090790078043938,-1.274473961695305e-13,5.793860535655351e-14,-8.430698256778853e-17,2.180229983705863e-15,3.9495273371215056e-13,-0.00012744739069603384,5.7938606914831325e-05,0.00039495271630585194,0.009233208121758395,7.334724068641663e-05,0.003856360912322998,0.0001752824173308909,0.0,0.0,0.0,anisotropic
325,2.6741801047863722e-12,0.0049612512812018394,0.9106763005256653,0.9964324235916138,0.9827210903167725,0.02921323850750923,-1.2744009135739337e-13,5.790576758325436e-14,-8.417540129338849e-17,2.178804215497397e-15,3.9469385333841533e-13,-0.0001274400856345892,5.790576688013971e-05,0.0003946938959416002,0.009246844403852008,7.250434282468632e-05,0.003903985023498535,0.00017313614080194384,0.0,0.0,0.0,anisotropic
326,2.6720771862526194e-12,0.004962424747645855,0.9103260040283203,0.9964339137077332,0.9826722145080566,0.029335830360651016,-1.274339114050102e-13,5.787323474181622e-14,-8.40445545553724e-17,2.177379082563642e-15,3.944352169101689e-13,-0.00012743391562253237,5.7873236073646694e-05,0.0003944352502003312,0.009259786921673998,7.295465911738575e-05,0.0038037896156311035,0.00017401084187440574,0.0,0.0,0.0,anisotropic
327,2.66997491824017e-12,0.004963637329638004,0.9099649786949158,0.9964349865913391,0.9826244115829468,0.029458772391080856,-1.2742895118007108e-13,5.783997684017522e-14,-8.391301960308667e-17,2.175972584354726e-15,3.941798872985486e-13,-0.0001274289534194395,5.783997767139226e-05,0.00039417989319190383,0.00927288413425417,7.269776688190177e-05,0.003702104091644287,0.00017358604236505926,0.0,0.0,0.0,anisotropic
328,2.6678750354725e-12,0.004964902997016907,0.9096055030822754,0.9964361786842346,0.9825761318206787,0.029581917449831963,-1.274219445235314e-13,5.780702387039524e-14,-8.378187508005006e-17,2.174549145486865e-15,3.9392149481579097e-13,-0.00012742193939629942,5.7807024859357625e-05,0.00039392150938510895,0.00928566597114134,7.245935557875782e-05,0.003566741943359375,0.00017350789858028293,0.0,0.0,0.0,anisotropic
329,2.665778188470913e-12,0.0049661449156701565,0.9092497825622559,0.9964375495910645,0.9825271368026733,0.02970517985522747,-1.2741130578971388e-13,5.777491115729894e-14,-8.365180258308733e-17,2.1730986015646922e-15,3.9365819631820287e-13,-0.00012741130194626749,5.777491242042743e-05,0.0003936581779271364,0.009298119912595354,7.299961725948378e-05,0.003392338752746582,0.0001753748074406758,0.0,0.0,0.0,anisotropic
330,2.6636832930332366e-12,0.0049674976617097855,0.9088883996009827,0.9964386224746704,0.9824789762496948,0.029828574508428574,-1.273988374647303e-13,5.774308304727291e-14,-8.352233889105543e-17,2.171643610719546e-15,3.933941117740397e-13,-0.00012739883095491678,5.774308374384418e-05,0.000393394089769572,0.009310724220934912,7.258146069943905e-05,0.0038594603538513184,0.00017581164138391614,0.0,0.0,0.0,anisotropic
331,2.661591433361643e-12,0.004968753084540367,0.9085359573364258,0.9964401125907898,0.9824294447898865,0.0299519170075655,-1.2738620650942084e-13,5.771153276405358e-14,-8.339382149364429e-17,2.1701801495449275e-15,3.931285364518894e-13,-0.00012738619989249855,5.7711531553650275e-05,0.0003931285464204848,0.009322876369505274,7.383021875284612e-05,0.004212915897369385,0.00017971241322811693,0.0,0.0,0.0,anisotropic
332,2.659500657892222e-12,0.004970171023160219,0.9081696271896362,0.9964409470558167,0.9823818206787109,0.03007538616657257,-1.2737769552236683e-13,5.767847815031993e-14,-8.326413280848577e-17,2.1687600988088557e-15,3.9287076738538096e-13,-0.0001273777015740052,5.767847687820904e-05,0.00039287074469029903,0.009335630284007534,7.285174797289073e-05,0.004607200622558594,0.00017928259330801666,0.0,0.0,0.0,anisotropic
333,2.657414219231491e-12,0.004971470218151808,0.9078165292739868,0.9964424967765808,0.9823319911956787,0.030198724940419197,-1.273710683365875e-13,5.764551162801279e-14,-8.313551614940113e-17,2.1673370834574684e-15,3.926124562177863e-13,-0.00012737106590066105,5.764551315223798e-05,0.00039261250640265644,0.009347674953679629,7.415758591378108e-05,0.004722535610198975,0.00018289592117071152,0.0,0.0,0.0,anisotropic
334,2.6553262626877183e-12,0.004972984082996845,0.9074487686157227,0.9964432120323181,0.9822846055030823,0.03032226487994194,-1.2736785638765152e-13,5.761138636463381e-14,-8.300585393402222e-17,2.1659509140392868e-15,3.923608399986067e-13,-0.00012736784992739558,5.7611385273048654e-05,0.00039236078737303615,0.009360345524688876,7.273341907421127e-05,0.0047833919525146484,0.00018085501505993307,0.0,0.0,0.0,anisotropic
335,2.6532435103143737e-12,0.0049743386916816235,0.9070990681648254,0.9964448809623718,0.9822342395782471,0.030445784330368042,-1.273634247112715e-13,5.757827076452796e-14,-8.287800489854602e-17,2.1645278986878996e-15,3.9210252883101204e-13,-0.00012736342614516616,5.7578272389946505e-05,0.0003921025199815631,0.009371901145792047,7.414113497361541e-05,0.004638075828552246,0.0001832558773458004,0.0,0.0,0.0,anisotropic
336,2.6511588063771185e-12,0.004975916352123022,0.9067292213439941,0.9964455962181091,0.9821867942810059,0.0305696539580822,-1.2735958934608632e-13,5.754440299916494e-14,-8.274884560897954e-17,2.1631241533360624e-15,3.9184771421542364e-13,-0.00012735958443954587,5.754440280725248e-05,0.0003918477159459144,0.009384100936347525,7.244476000778377e-05,0.00459444522857666,0.00017955081420950592,0.0,0.0,0.0,anisotropic
337,2.649080824493333e-12,0.004977280739694834,0.9063794612884521,0.9964472055435181,0.9821362495422363,0.030693575739860535,-1.2735128164693965e-13,5.751252745529387e-14,-8.262124803640956e-17,2.161666197875601e-15,3.9158314178028286e-13,-0.00012735127529595047,5.7512526836944744e-05,0.0003915831330232322,0.009395003489056789,7.438010652549565e-05,0.0041030049324035645,0.00018216892203781754,0.0,0.0,0.0,anisotropic
338,2.6470021920882436e-12,0.004978894256055355,0.9060040712356567,0.9964476823806763,0.9820892810821533,0.030817866325378418,-1.2734221500627224e-13,5.748054349120554e-14,-8.249209536428798e-17,2.160236194502399e-15,3.913235566751355e-13,-0.0001273422094527632,5.7480541727272794e-05,0.00039132358506321907,0.009406750109513615,7.240862760227174e-05,0.0036554932594299316,0.00017784094961825758,0.0,0.0,0.0,anisotropic
339,2.6449313659387963e-12,0.004980249330401421,0.9056537747383118,0.9964491724967957,0.9820386171340942,0.03094211407005787,-1.2732900129229507e-13,5.745082279915228e-14,-8.236524556299175e-17,2.158760663108282e-15,3.910558129486402e-13,-0.00012732899631373584,5.745082307839766e-05,0.00039105580071918666,0.009417072926856597,7.491262658732012e-05,0.0036632418632507324,0.0001823298225644976,0.0,0.0,0.0,anisotropic
340,2.642858371385004e-12,0.004981911741197109,0.9052731990814209,0.9964494705200195,0.9819921255111694,0.031066643074154854,-1.2731824058573316e-13,5.741995691855434e-14,-8.223666199113161e-17,2.1573389183063155e-15,3.9079774572653436e-13,-0.00012731824244838208,5.7419958466198295e-05,0.0003907977370545268,0.009428475665710834,7.252460636664182e-05,0.004196107387542725,0.0001788332301657647,0.0,0.0,0.0,anisotropic
341,2.640794267289026e-12,0.0049832602962851524,0.9049258232116699,0.9964510202407837,0.9819409847259521,0.031191032379865646,-1.2730569094558664e-13,5.739066990737007e-14,-8.211076510190104e-17,2.155876515922881e-15,3.905323330347099e-13,-0.00012730568414554,5.73906690988224e-05,0.00039053233922459185,0.009438244934287266,7.577498035971075e-05,0.004445195198059082,0.00018591513799037784,0.0,0.0,0.0,anisotropic
342,2.6387277779482687e-12,0.004985008388757706,0.9045408964157104,0.996451199054718,0.9818949103355408,0.03131570667028427,-1.2729697667062528e-13,5.735953975249258e-14,-8.19822807917144e-17,2.1544795468346218e-15,3.9027873814656555e-13,-0.00012729698210023344,5.7359538914170116e-05,0.00039027875754982233,0.009449464087094005,7.298350828932598e-05,0.005076169967651367,0.00018331150931771845,0.0,0.0,0.0,anisotropic
343,2.6366699622248913e-12,0.0049863578751683235,0.904199481010437,0.9964529275894165,0.9818428754806519,0.03144027665257454,-1.272848471588206e-13,5.733061865954153e-14,-8.185664198283494e-17,2.153016085660003e-15,3.9001318992946954e-13,-0.00012728484580293298,5.733061698265374e-05,0.00039001318509690464,0.009458752312448741,7.725482282694429e-05,0.005226790904998779,0.00019231440091971308,0.0,0.0,0.0,anisotropic
344,2.634609110735431e-12,0.00498823169618845,0.9038078784942627,0.9964528679847717,0.9817973971366882,0.031565289944410324,-1.2727666143241834e-13,5.729923778291166e-14,-8.172764151194608e-17,2.1516239870111907e-15,3.897604895081175e-13,-0.00012727666762657464,5.729923941544257e-05,0.0003897604765370488,0.009470022805026715,7.349647057708353e-05,0.005701124668121338,0.00018888254999183118,0.0,0.0,0.0,anisotropic
345,2.6325586675868262e-12,0.004989566281437874,0.9034709930419922,0.9964547753334045,0.9817442893981934,0.03169025480747223,-1.272639898195274e-13,5.727035734754207e-14,-8.160284973601388e-17,2.1501399852876012e-15,3.894912007935264e-13,-0.00012726399290841073,5.727035750169307e-05,0.00038949117879383266,0.009478859611034583,7.959014328662306e-05,0.00541609525680542,0.00019924678781535476,0.0,0.0,0.0,anisotropic
346,2.6305030202677937e-12,0.004991583060473204,0.9030714631080627,0.9964544177055359,0.9816998839378357,0.0318157859146595,-1.2725673921749892e-13,5.723801424148411e-14,-8.147423969437413e-17,2.148758898067103e-15,3.8924050614619343e-13,-0.000127256746054627,5.7238015870098025e-05,0.00038924053660593927,0.009490396712254384,7.401076436508447e-05,0.005906403064727783,0.0001926579570863396,0.0,0.0,0.0,anisotropic
347,2.628460383374831e-12,0.004992858041077852,0.9027410745620728,0.9964569807052612,0.9816453456878662,0.031941212713718414,-1.2724368813384762e-13,5.720909314853306e-14,-8.135178387649178e-17,2.1472729905193822e-15,3.889708921709506e-13,-0.00012724369298666716,5.7209093938581645e-05,0.0003889708605129272,0.009498799268161275,8.280482143163681e-05,0.005708098411560059,0.00020479362865444273,0.0,0.0,0.0,anisotropic
348,2.6264099402262264e-12,0.004995010793209076,0.9023293256759644,0.9964561462402344,0.9816026091575623,0.032067254185676575,-1.2723842975331107e-13,5.717567939282978e-14,-8.122445100171782e-17,2.1459423017592457e-15,3.887292777168122e-13,-0.0001272384251933545,5.717567910323851e-05,0.0003887292987201363,0.009510849755619893,7.452237332472578e-05,0.006059885025024414,0.0001932592858793214,0.0,0.0,0.0,anisotropic
349,2.6243764106315126e-12,0.004996204748749733,0.9020072817802429,0.9964590072631836,0.9815466403961182,0.03219303861260414,-1.2722594787580033e-13,5.714683961504166e-14,-8.110546934240819e-17,2.1444784170681535e-15,3.8846364818455326e-13,-0.00012722595420200378,5.714684084523469e-05,0.0003884636680595577,0.009518715025896025,8.600472938269377e-05,0.005131900310516357,0.00020829448476433754,0.0,0.0,0.0,anisotropic
350,2.622332472695943e-12,0.004998467862606049,0.9015835523605347,0.9964576363563538,0.9815053939819336,0.03231942281126976,-1.272231153976247e-13,5.711238231474736e-14,-8.098044595590448e-17,2.143201091383694e-15,3.8823179154996723e-13,-0.00012722311657853425,5.711238190997392e-05,0.0003882317978423089,0.009531022020804294,7.509422721341252e-05,0.005090475082397461,0.00019230956968385726,0.0,0.0,0.0,anisotropic
351,2.6203078335590435e-12,0.004999632015824318,0.9012705683708191,0.9964609146118164,0.9814479351043701,0.03244540095329285,-1.2720992878870185e-13,5.708428114968925e-14,-8.086560019965761e-17,2.1417363596596545e-15,3.8796605359749103e-13,-0.00012720993254333735,5.708428216166794e-05,0.00038796605076640844,0.009537985384286459,8.680684550199658e-05,0.003786325454711914,0.0002073684590868652,0.0,0.0,0.0,anisotropic
352,2.6182714850386812e-12,0.005001901648938656,0.9008415341377258,0.9964592456817627,0.9814073443412781,0.03257201239466667,-1.272067032872387e-13,5.705018299136458e-14,-8.074295247587315e-17,2.1404664455134835e-15,3.87735498005512e-13,-0.00012720670201815665,5.705018338630907e-05,0.00038773546111769974,0.00954981996727942,7.46797159081325e-05,0.003819108009338379,0.00018756736244540662,0.0,0.0,0.0,anisotropic
353,2.6162529174339477e-12,0.005003159865736961,0.9005263447761536,0.9964624643325806,0.9813499450683594,0.032698214054107666,-1.271921749781274e-13,5.702296951683519e-14,-8.063005224842701e-17,2.138990490602893e-15,3.874677542790167e-13,-0.00012719217920675874,5.7022971304832026e-05,0.0003874677640851587,0.00955598269267271,8.363739470951259e-05,0.0032137632369995117,0.00019888870883733034,0.0,0.0,0.0,anisotropic
354,2.614223724647924e-12,0.005005273036658764,0.9001036286354065,0.9964610934257507,0.981308102607727,0.03282499685883522,-1.271872689632969e-13,5.698993523189227e-14,-8.050943608022698e-17,2.1376936831606465e-15,3.8723231977726147e-13,-0.00012718727521132678,5.6989934819284827e-05,0.00038723231409676373,0.009566556887997547,7.30105530237779e-05,0.003780066967010498,0.0001783254847396165,0.0,0.0,0.0,anisotropic
355,2.6122088433305768e-12,0.005006788298487663,0.8997688293457031,0.9964634776115417,0.9812533855438232,0.03295145556330681,-1.2717405524931974e-13,5.696211189364087e-14,-8.039662187956455e-17,2.1362395393484477e-15,3.8696853338869575e-13,-0.00012717406207229942,5.696211155736819e-05,0.00038696854608133435,0.009572778093266787,7.703406299697235e-05,0.003788173198699951,0.0001838442258303985,0.0,0.0,0.0,anisotropic
356,2.6101889746832363e-12,0.005008649080991745,0.8993688821792603,0.9964631795883179,0.9812079668045044,0.03307822719216347,-1.2716704859278005e-13,5.693078522711961e-14,-8.027992985619047e-17,2.134896356852339e-15,3.8672472342515807e-13,-0.00012716704804915935,5.693078492186032e-05,0.00038672471418976784,0.009581672961146962,7.284273306140676e-05,0.004158139228820801,0.00017494880012236536,0.0,0.0,0.0,anisotropic
357,2.608177129131972e-12,0.005010487511754036,0.8990042805671692,0.9964643716812134,0.9811575412750244,0.03320486098527908,-1.2715699261763025e-13,5.690162018867975e-14,-8.016716197764234e-17,2.1334940938081597e-15,3.8647036959549297e-13,-0.00012715699267573655,5.690161924576387e-05,0.000386470346711576,0.009588866385317472,7.318002462852746e-05,0.004438996315002441,0.00017600880528334528,0.0,0.0,0.0,anisotropic
358,2.606167885665922e-12,0.0050121149979531765,0.8986352682113647,0.9964654445648193,0.9811076521873474,0.03333152085542679,-1.2714715348291494e-13,5.68724822552942e-14,-8.005506246102915e-17,2.1321007246099264e-15,3.8621753364886935e-13,-0.00012714715558104217,5.687248267349787e-05,0.00038621752173639834,0.009596158159050216,7.611372711835429e-05,0.004612445831298828,0.00018307205755263567,0.0,0.0,0.0,anisotropic
359,2.60415950956161e-12,0.005014204420149326,0.8982402086257935,0.9964654445648193,0.9810613393783569,0.03345829248428345,-1.271388999938769e-13,5.6842385480612365e-14,-7.994165269032568e-17,2.1307490717843453e-15,3.859722600123988e-13,-0.0001271389046451077,5.68423856748268e-05,0.00038597226375713944,0.009604439545048278,7.287049083970487e-05,0.0050577521324157715,0.00017880561063066125,0.0,0.0,0.0,anisotropic
360,2.60216089127685e-12,0.005015716888010502,0.8978952765464783,0.9964673519134521,0.9810082912445068,0.033584870398044586,-1.271250764161777e-13,5.6815558253106926e-14,-7.983228617845637e-17,2.1293139862134597e-15,3.8571191596573073e-13,-0.00012712508032564074,5.6815559219103307e-05,0.0003857119008898735,0.009610494559424615,7.987568824319169e-05,0.00495600700378418,0.0001930430589709431,0.0,0.0,0.0,anisotropic
361,2.600158153023835e-12,0.005017915740609169,0.8974812030792236,0.9964667558670044,0.9809643030166626,0.03371166065335274,-1.2711638924627067e-13,5.67855190766655e-14,-7.971800952247094e-17,2.127985626793928e-15,3.854708707177329e-13,-0.0001271163928322494,5.678552042809315e-05,0.00038547086296603084,0.009619220367537661,7.332819950534031e-05,0.005366384983062744,0.00018303738033864647,0.0,0.0,0.0,anisotropic
362,2.5981675578351515e-12,0.005019467324018478,0.8971452713012695,0.9964689612388611,0.9809101819992065,0.03383816033601761,-1.2710064120971531e-13,5.6759847202100117e-14,-7.960937092954068e-17,2.1265346593552815e-15,3.8520765353530773e-13,-0.0001271006476599723,5.6759847211651504e-05,0.00038520764792338014,0.009624605444981735,8.004896517377347e-05,0.005033135414123535,0.00019510772835928947,0.0,0.0,0.0,anisotropic
363,2.5961732763590817e-12,0.005021616816520691,0.896730899810791,0.9964684844017029,0.9808660745620728,0.033964853733778,-1.270916965417923e-13,5.673014683883759e-14,-7.949494207232254e-17,2.1252088410345918e-15,3.849670690732332e-13,-0.00012709169823210686,5.673014675267041e-05,0.0003849670756608248,0.009633000951817385,7.343693141592667e-05,0.005612790584564209,0.00018397410167381167,0.0,0.0,0.0,anisotropic
364,2.5941907042664747e-12,0.0050233290530741215,0.8963855504989624,0.9964703321456909,0.9808130860328674,0.034091271460056305,-1.27077168232681e-13,5.670413276296152e-14,-7.938538365455112e-17,2.123780531727284e-15,3.8470797185906347e-13,-0.00012707717542070895,5.6704131566220894e-05,0.0003847079642582685,0.00963853400870256,7.731598452664912e-05,0.005615830421447754,0.00019085172971244901,0.0,0.0,0.0,anisotropic
365,2.5922063974503917e-12,0.005025320686399937,0.8959876298904419,0.9964705109596252,0.9807669520378113,0.03421779349446297,-1.270676950161989e-13,5.667524216319657e-14,-7.927178197794554e-17,2.1224407373629647e-15,3.844648124168293e-13,-0.0001270677021238953,5.667524237651378e-05,0.00038446480175480247,0.009646161421136435,7.41368712624535e-05,0.00579679012298584,0.00018551526591181755,0.0,0.0,0.0,anisotropic
366,2.590229680049516e-12,0.00502723827958107,0.895621120929718,0.9964717626571655,0.9807167053222656,0.0343441441655159,-1.2705568747713863e-13,5.6648157437675165e-14,-7.916056258150411e-17,2.1210541444283094e-15,3.8421325040775833e-13,-0.00012705568224191666,5.664815762429498e-05,0.00038421322824433446,0.00965248499693386,7.498737249989063e-05,0.0056511759757995605,0.00018777462537400424,0.0,0.0,0.0,anisotropic
367,2.5882559984147235e-12,0.005029068328440189,0.8952436447143555,0.9964726567268372,0.980667769908905,0.03447045385837555,-1.270444659846534e-13,5.662066274820729e-14,-7.904851600445013e-17,2.119681527537284e-15,3.839641820636841e-13,-0.00012704446271527559,5.662066178047098e-05,0.00038396421587094665,0.009659174190110972,7.63547868700698e-05,0.005351066589355469,0.00019143830286338925,0.0,0.0,0.0,anisotropic
368,2.586286219907752e-12,0.0050311582162976265,0.8948565125465393,0.9964731335639954,0.9806203246116638,0.034596726298332214,-1.2703405764379755e-13,5.659278181171547e-14,-7.893537754898757e-17,2.1183245807557824e-15,3.8371798685536695e-13,-0.0001270340580958873,5.659278031089343e-05,0.0003837179683614522,0.009666282284791479,7.43152922950685e-05,0.005096375942230225,0.00018961686873808503,0.0,0.0,0.0,anisotropic
369,2.584322512932946e-12,0.005032895598560572,0.8944944143295288,0.9964746236801147,0.9805691242218018,0.03472283482551575,-1.2702088458740185e-13,5.656674740704866e-14,-7.882419785721555e-17,2.116916388480972e-15,3.8346254882352937e-13,-0.00012702088861260563,5.656674693454988e-05,0.0003834625531453639,0.00967209793363228,7.876360905356705e-05,0.0048580169677734375,0.00019897757738362998,0.0,0.0,0.0,anisotropic
370,2.582358155436837e-12,0.005035070702433586,0.8940950632095337,0.9964746832847595,0.9805234670639038,0.034849025309085846,-1.2701168242146288e-13,5.6538456506610366e-14,-7.870929916140948e-17,2.1155755353254686e-15,3.83219199645915e-13,-0.00012701167725026608,5.653845801134594e-05,0.0003832191869150847,0.00967956538829488,7.466648821718991e-05,0.005342304706573486,0.00019411271205171943,0.0,0.0,0.0,anisotropic
371,2.5804024715581075e-12,0.005036810878664255,0.8937393426895142,0.996476411819458,0.9804714322090149,0.03497501090168953,-1.2699852291759434e-13,5.6513082787642416e-14,-7.859833784531917e-17,2.1141567551388176e-15,3.8296178294511263e-13,-0.00012699852231889963,5.651308310916647e-05,0.00038296179263852537,0.009684871624118331,7.981479575391859e-05,0.005225837230682373,0.000204249081434682,0.0,0.0,0.0,anisotropic
372,2.5784450529559022e-12,0.005038977600634098,0.893336296081543,0.996476411819458,0.9804261922836304,0.03510114550590515,-1.2699056758415372e-13,5.648487320236706e-14,-7.848314798193748e-17,2.112822890005129e-15,3.8271976191515955e-13,-0.00012699056242126971,5.6484874221496284e-05,0.00038271976518444717,0.009692226531804913,7.53588174120523e-05,0.005470454692840576,0.0001984581322176382,0.0,0.0,0.0,anisotropic
373,2.5764960911306423e-12,0.00504080206155777,0.892977237701416,0.9964779615402222,0.9803746938705444,0.03522712364792824,-1.2697861425520207e-13,5.6459533364717e-14,-7.837212710884306e-17,2.1114127919061873e-15,3.824639173075073e-13,-0.00012697861529886723,5.645953206112608e-05,0.000382463913410902,0.009697482034032964,7.929404091555625e-05,0.0050699710845947266,0.00020606056204997003,0.0,0.0,0.0,anisotropic
374,2.5745462619436443e-12,0.005042899399995804,0.892579197883606,0.9964781403541565,0.9803287982940674,0.03535328060388565,-1.2697072668439724e-13,5.643185571613252e-14,-7.825788354008214e-17,2.1100691858936052e-15,3.822201073439696e-13,-0.00012697072816081345,5.643185431836173e-05,0.00038222011062316597,0.009704373300291984,7.64450232964009e-05,0.005178332328796387,0.00020228236098773777,0.0,0.0,0.0,anisotropic
375,2.572602721129247e-12,0.00504485284909606,0.8922093510627747,0.9964792728424072,0.9802788496017456,0.035479411482810974,-1.2695995242530816e-13,5.640601782310947e-14,-7.814678325764892e-17,2.108676875486556e-15,3.819674882377805e-13,-0.00012695994519162923,5.6406017392873764e-05,0.000381967518478632,0.009709931428733479,7.829054084140807e-05,0.005172252655029297,0.0002060838887700811,0.0,0.0,0.0,anisotropic
376,2.5706602645170218e-12,0.005046864040195942,0.8918214440345764,0.9964798092842102,0.9802313446998596,0.03560567647218704,-1.2695068249673341e-13,5.637916687868151e-14,-7.803480285504394e-17,2.1073156935403183e-15,3.817205340879426e-13,-0.00012695067562162876,5.637916547129862e-05,0.0003817205142695457,0.009716187206542439,7.801674655638635e-05,0.005130171775817871,0.00020616599067579955,0.0,0.0,0.0,anisotropic
377,2.5687217110326177e-12,0.005048944149166346,0.8914381265640259,0.9964805245399475,0.9801832437515259,0.03573201224207878,-1.2694080270443664e-13,5.635259376106025e-14,-7.792415917630885e-17,2.1059498529128707e-15,3.8147276678647535e-13,-0.00012694080942310393,5.635259367409162e-05,0.0003814727533608675,0.009722148395445997,7.769232615828514e-05,0.004979312419891357,0.00020602501172106713,0.0,0.0,0.0,anisotropic
378,2.566786410154731e-12,0.00505088921636343,0.8910607695579529,0.9964814186096191,0.9801342487335205,0.035858411341905594,-1.2693034015347215e-13,5.632631879903642e-14,-7.781502427501105e-17,2.10457956536245e-15,3.812241592283244e-13,-0.00012693034659605473,5.6326320191146806e-05,0.0003812241484411061,0.00972774211537174,7.962236850289628e-05,0.004636168479919434,0.0002096104872180149,0.0,0.0,0.0,anisotropic
379,2.564852193479017e-12,0.005053059663623571,0.8906658291816711,0.996481716632843,0.9800876379013062,0.035984914749860764,-1.2692166653609227e-13,5.6298963022971896e-14,-7.770513498499461e-17,2.1032446414375773e-15,3.809818671478282e-13,-0.00012692167365457863,5.6298962590517476e-05,0.0003809818590525538,0.009733940457167061,7.749706855975091e-05,0.004499852657318115,0.0002063201682176441,0.0,0.0,0.0,anisotropic
380,2.5629233978141652e-12,0.005054978653788567,0.8902959823608398,0.9964828491210938,0.9800376892089844,0.03611137345433235,-1.26910702541623e-13,5.627315223500316e-14,-7.759822354518335e-17,2.1018743538871567e-15,3.807333137997859e-13,-0.00012691070151049644,5.627315113088116e-05,0.00038073331234045327,0.009738936160626831,8.075821097008884e-05,0.004099071025848389,0.00021223502699285746,0.0,0.0,0.0,anisotropic
381,2.560994818989748e-12,0.005057203583419323,0.8898941874504089,0.9964829087257385,0.9799917936325073,0.036237895488739014,-1.2690259813038368e-13,5.624555251344983e-14,-7.748902246943655e-17,2.100558488203597e-15,3.804944911662417e-13,-0.00012690259609371424,5.624555342365056e-05,0.00038049451541155577,0.00974507398083508,7.761404413031414e-05,0.004402339458465576,0.00020824796229135245,0.0,0.0,0.0,anisotropic
382,2.5590727453783657e-12,0.005059150513261557,0.8895280361175537,0.9964842200279236,0.9799413681030273,0.03636428713798523,-1.2689122756009974e-13,5.622014830129578e-14,-7.738331540459718e-17,2.09918862416965e-15,3.802460462384166e-13,-0.00012689123104792088,5.622014941764064e-05,0.00038024605601094663,0.00974960724179317,8.119102130876854e-05,0.004683971405029297,0.00021633869619108737,0.0,0.0,0.0,anisotropic
383,2.5571498044052454e-12,0.005061411298811436,0.8891258239746094,0.9964842796325684,0.9798954725265503,0.036490656435489655,-1.268827843356815e-13,5.61928399590763e-14,-7.727440549642599e-17,2.0978761466178796e-15,3.8000787412617587e-13,-0.00012688279093708843,5.6192839110735804e-05,0.0003800078993663192,0.009755449131028923,7.80745831434615e-05,0.005934715270996094,0.00021590146934613585,0.0,0.0,0.0,anisotropic
384,2.5552331518047255e-12,0.005063439719378948,0.8887603282928467,0.9964855909347534,0.9798450469970703,0.03661683574318886,-1.2687107495221867e-13,5.616783893460514e-14,-7.716867196180702e-17,2.096510517748669e-15,3.7976016103481725e-13,-0.0001268710766453296,5.616783892037347e-05,0.000379760138457641,0.009759739568078041,8.125413296511397e-05,0.007010996341705322,0.00022703454305883497,0.0,0.0,0.0,anisotropic
385,2.5533156318424677e-12,0.005065733101218939,0.8883641362190247,0.9964860081672668,0.9797984957695007,0.03674295172095299,-1.2686236067725731e-13,5.6141137067975896e-14,-7.705994734209305e-17,2.0952003695375032e-15,3.795224497084998e-13,-0.0001268623600481078,5.6141136155929416e-05,0.0003795224765781313,0.00976527509133084,7.899638876551762e-05,0.008415758609771729,0.00023348770628217608,0.0,0.0,0.0,anisotropic
386,2.5514026655293343e-12,0.005067876074463129,0.8879969120025635,0.9964873194694519,0.9797481298446655,0.036868903785943985,-1.2685135602520659e-13,5.61162715687763e-14,-7.695358515020853e-17,2.0938531636348953e-15,3.7927801632871294e-13,-0.00012685135880019516,5.6116270570782945e-05,0.00037927800440229475,0.009769672086022302,8.154017268680036e-05,0.00947803258895874,0.00024686093092896044,0.0,0.0,0.0,anisotropic
387,2.549490566577939e-12,0.0050701964646577835,0.8876093029975891,0.9964879751205444,0.9797005653381348,0.036994826048612595,-1.2684291280078835e-13,5.609031509114064e-14,-7.684502596661707e-17,2.092551909269676e-15,3.790419042005999e-13,-0.0001268429186893627,5.6090313591994345e-05,0.00037904191412962973,0.009775071594148352,8.019256347324699e-05,0.010200262069702148,0.0002550221688579768,0.0,0.0,0.0,anisotropic
388,2.5475836717969713e-12,0.005072442349046469,0.8872390985488892,0.9964892268180847,0.9796507358551025,0.037120718508958817,-1.2683315498123598e-13,5.606573419501132e-14,-7.673800864768741e-17,2.0912313849049064e-15,3.7880232262553493e-13,-0.00012683315435424447,5.6065735407173634e-05,0.00037880230229347944,0.009779820543516407,8.171946683432907e-05,0.010100007057189941,0.00026053740293718874,0.0,0.0,0.0,anisotropic
389,2.5456811138246938e-12,0.005074750632047653,0.886856734752655,0.9964900612831116,0.9796026945114136,0.03724665939807892,-1.2682471175681775e-13,5.6040719618013005e-14,-7.663001856435738e-17,2.0899354244956073e-15,3.7856724048948576e-13,-0.00012682471424341202,5.604072066489607e-05,0.00037856720155104995,0.009785094897069335,8.108165638986975e-05,0.010105609893798828,0.00025718926917761564,0.0,0.0,0.0,anisotropic
390,2.543785061065451e-12,0.005077037028968334,0.8864787220954895,0.996491014957428,0.9795541763305664,0.03737258538603783,-1.2681548248582447e-13,5.601638605550428e-14,-7.652319315132984e-17,2.088630570240362e-15,3.783304236299606e-13,-0.00012681548832915723,5.6016386224655434e-05,0.0003783304418902844,0.009790020289180102,8.128485933411866e-05,0.008861958980560303,0.00024965908960439265,0.0,0.0,0.0,anisotropic
391,2.5418937787957674e-12,0.005079289898276329,0.886096179485321,0.9964917898178101,0.979506254196167,0.03749849647283554,-1.2680592795417944e-13,5.599205588112735e-14,-7.641714859680054e-17,2.0873240219192223e-15,3.780934170350553e-13,-0.0001268059277208522,5.5992055422393605e-05,0.0003780933911912143,0.009794803414930381,8.157049160217866e-05,0.008068501949310303,0.00024166690127458423,0.0,0.0,0.0,anisotropic
392,2.5400059659730356e-12,0.005081587936729193,0.8857088088989258,0.9964926242828369,0.9794590473175049,0.03762438893318176,-1.2679589908408395e-13,5.596750547818413e-14,-7.63120966590063e-17,2.0860164148068985e-15,3.778561122845525e-13,-0.00012679590145125985,5.596750634140335e-05,0.00037785613676533103,0.009799330497383154,8.066269219852984e-05,0.008634805679321289,0.00023442386009264737,0.0,0.0,0.0,anisotropic
393,2.538120755235518e-12,0.005083803087472916,0.8853265047073364,0.9964936375617981,0.9794111251831055,0.037750277668237686,-1.2678439298852845e-13,5.594328711215624e-14,-7.620926818269861e-17,2.0846944081344713e-15,3.7761631386905303e-13,-0.0001267843908863142,5.594328831648454e-05,0.00037761632120236754,0.00980310126300244,8.164911560015753e-05,0.008616447448730469,0.0002318516926607117,0.0,0.0,0.0,anisotropic
394,2.536235978178869e-12,0.005086136981844902,0.8849351406097412,0.9964943528175354,0.9793644547462463,0.03787614032626152,-1.2677304952329882e-13,5.5918397896034117e-14,-7.610738600101168e-17,2.083392094978068e-15,3.7738003911061413e-13,-0.00012677305494435132,5.591839726548642e-05,0.0003773800563067198,0.009806826026418768,7.9849582107272e-05,0.00812917947769165,0.0002269629912916571,0.0,0.0,0.0,anisotropic
395,2.534355104250041e-12,0.005088347010314465,0.8845573663711548,0.9964955449104309,0.9793158769607544,0.038001883774995804,-1.2675945633856128e-13,5.589450140252618e-14,-7.600912356168528e-17,2.0820770763274555e-15,3.771415146326673e-13,-0.00012675946345552802,5.589450302068144e-05,0.0003771415213122964,0.009809578560704864,8.154745592037216e-05,0.008174300193786621,0.0002280680346302688,0.0,0.0,0.0,anisotropic
396,2.5324755313638203e-12,0.0050907316617667675,0.884165346622467,0.9964962005615234,0.9792694449424744,0.03812744840979576,-1.2674673051556173e-13,5.5869967940241905e-14,-7.591170153786124e-17,2.080803350533022e-15,3.7691047114971066e-13,-0.0001267467305297032,5.5869968491606414e-05,0.00037691049510613084,0.009812789769569029,7.965913391672075e-05,0.008394122123718262,0.0002266452502226457,0.0,0.0,0.0,anisotropic
397,2.5306007289671584e-12,0.005092949606478214,0.8837923407554626,0.9964974522590637,0.9792203903198242,0.038252703845500946,-1.267317143154728e-13,5.5847074333743515e-14,-7.581865364511637e-17,2.0795158604531953e-15,3.766769340017573e-13,-0.00012673171295318753,5.5847074690973386e-05,0.00037667693686671555,0.009815078993404454,8.253410487668589e-05,0.00793391466140747,0.0002354838652536273,0.0,0.0,0.0,anisotropic
398,2.528727444453538e-12,0.0050954087637364864,0.8833987712860107,0.9964980483055115,0.9791742563247681,0.03837759047746658,-1.267187309944573e-13,5.582329642484819e-14,-7.572525502779178e-17,2.078281521690809e-15,3.76453046253139e-13,-0.00012671873264480382,5.5823296861490235e-05,0.0003764530410990119,0.009818430182544052,8.030851313378662e-05,0.008451104164123535,0.00024353266053367406,0.0,0.0,0.0,anisotropic
399,2.5268602314720834e-12,0.005097667686641216,0.883031964302063,0.9964994192123413,0.9791248440742493,0.03850200027227402,-1.2670344374382525e-13,5.580187326754624e-14,-7.563601878330956e-17,2.0770226189729523e-15,3.762247674857222e-13,-0.0001267034385818988,5.580187280429527e-05,0.0003762247215490788,0.00982091488439747,8.44998867250979e-05,0.010448992252349854,0.0002652021939866245,0.0,0.0,0.0,anisotropic
400,2.5249928016501944e-12,0.0051002646796405315,0.8826384544372559,0.9965000152587891,0.9790790677070618,0.038625892251729965,-1.2669162594014516e-13,5.577935235554464e-14,-7.554432084932438e-17,2.07582787900085e-15,3.7600803547144235e-13,-0.00012669162242673337,5.5779353715479374e-05,0.000376008014427498,0.009825090072119656,8.193145913537592e-05,0.01315242052078247,0.000289653631625697,0.0,0.0,0.0,anisotropic
401,2.5231310096796022e-12,0.005102621391415596,0.8822829127311707,0.9965017437934875,0.979028582572937,0.03874915838241577,-1.2667743644421275e-13,5.576014842456449e-14,-7.545627574492424e-17,2.0745992577108577e-15,3.7578517771488795e-13,-0.00012667743430938572,5.576014882535674e-05,0.00037578519550152123,0.00982843870455649,8.823459211271256e-05,0.014758467674255371,0.0003320632386021316,0.0,0.0,0.0,anisotropic
402,2.521264447219451e-12,0.005105449818074703,0.8818933963775635,0.9965023994445801,0.9789825677871704,0.038871798664331436,-1.2666801743783929e-13,5.574009068437351e-14,-7.53635719593142e-17,2.07345406916617e-15,3.755774174735854e-13,-0.00012666801922023296,5.574008901021443e-05,0.0003755774232558906,0.009834299667371286,8.570078352931887e-05,0.01776564121246338,0.00039006193401291966,0.0,0.0,0.0,anisotropic
403,2.519399185801907e-12,0.005108000710606575,0.8815562129020691,0.9965047240257263,0.9789296388626099,0.038993824273347855,-1.266555220078014e-13,5.5725206621424356e-14,-7.527534156645684e-17,2.072268011281777e-15,3.7536225755245567e-13,-0.0001266555191250518,5.572520603891462e-05,0.000375362258637324,0.009839363754250798,9.56653748289682e-05,0.023708105087280273,0.00047994410851970315,0.0,0.0,0.0,anisotropic
404,2.5175213476391622e-12,0.005111255683004856,0.8811763525009155,0.9965057373046875,0.9788819551467896,0.039115894585847855,-1.2664900324223932e-13,5.57102005857308e-14,-7.518164516411173e-17,2.0711967263617372e-15,3.7516788720798333e-13,-0.0001266489998670295,5.571019937633537e-05,0.00037516787415370345,0.009847873141142327,9.401238639838994e-05,0.027779698371887207,0.0005950196646153927,0.0,0.0,0.0,anisotropic
405,2.515645894721197e-12,0.005114083178341389,0.8808621168136597,0.996508777141571,0.9788243770599365,0.03923967108130455,-1.2663760556690107e-13,5.570239771822069e-14,-7.509619409811256e-17,2.070067843201284e-15,3.749630814176008e-13,-0.00012663760571740568,5.5702395911794156e-05,0.0003749630704987794,0.009854388820793267,0.00010837546142283827,0.031283020973205566,0.0006564142531715333,0.0,0.0,0.0,anisotropic
406,2.5137793322610458e-12,0.005117426626384258,0.8804758191108704,0.9965094327926636,0.9787756204605103,0.03936648368835449,-1.2663187284791405e-13,5.5691528591441525e-14,-7.500381456730263e-17,2.0690583916863937e-15,3.7477985125045077e-13,-0.0001266318722628057,5.569152926909737e-05,0.00037477989098988473,0.009863578502180864,0.00010013303835876286,0.032729268074035645,0.000600187573581934,0.0,0.0,0.0,anisotropic
407,2.5119533189621457e-12,0.005119651556015015,0.8801500797271729,0.9965120553970337,0.9787187576293945,0.03949366882443428,-1.266156640254354e-13,5.5682018105509754e-14,-7.491878701777708e-17,2.0678829217138416e-15,3.745666428932315e-13,-0.0001266156614292413,5.5682019592495635e-05,0.00037456664722412825,0.009868708437562882,0.0001150187017628923,0.02309095859527588,0.0004895816091448069,0.0,0.0,0.0,anisotropic
408,2.510129690908025e-12,0.0051225461065769196,0.8797142505645752,0.9965111017227173,0.9786781668663025,0.039618879556655884,-1.266030737277074e-13,5.5661845168837945e-14,-7.481780480859661e-17,2.0667741555858857e-15,3.743654149700182e-13,-0.00012660307402256876,5.5661843362031505e-05,0.0003743654233403504,0.009877472269732951,9.881316509563476e-05,0.01961308717727661,0.00038916507037356496,0.0,0.0,0.0,anisotropic
409,2.5083047618112975e-12,0.005124376621097326,0.8793683648109436,0.9965133666992188,0.9786248207092285,0.039743270725011826,-1.2657495223385856e-13,5.564428448177547e-14,-7.472655686086466e-17,2.0654203851779365e-15,3.741199787032218e-13,-0.00012657494517043233,5.564428283832967e-05,0.00037411999073810875,0.00987980893854147,0.00011480182001832873,0.011945724487304688,0.00036188377998769283,0.0,0.0,0.0,anisotropic
410,2.5064481740111333e-12,0.005127405747771263,0.8789108991622925,0.9965118765830994,0.9785876274108887,0.03986833989620209,-1.265550706765206e-13,5.561658989253204e-14,-7.461889103233476e-17,2.0642347508100173e-15,3.739047645719834e-13,-0.00012655506725423038,5.561659054365009e-05,0.0003739047679118812,0.009886637163223003,9.75110669969581e-05,0.010803282260894775,0.000337387464242056,0.0,0.0,0.0,anisotropic
411,2.504585948359672e-12,0.005129258148372173,0.8785874843597412,0.9965147376060486,0.9785308837890625,0.03999388962984085,-1.2652151461928218e-13,5.559328293395539e-14,-7.45291320097054e-17,2.062846887325941e-15,3.7365314835280383e-13,-0.00012652151053771377,5.5593282013433054e-05,0.0003736531361937523,0.0098858492814722,0.00011525271838763729,0.011799037456512451,0.0003729363379534334,0.0,0.0,0.0,anisotropic
412,2.502698786058244e-12,0.005132441874593496,0.878131091594696,0.9965134859085083,0.978493869304657,0.04011951759457588,-1.2650508895636903e-13,5.555743988775938e-14,-7.44214794160653e-17,2.061751038450431e-15,3.7345417014909843e-13,-0.00012650509597733617,5.5557440646225587e-05,0.0003734541533049196,0.009891763983148227,0.00010045900853583589,0.010832250118255615,0.0003755612706299871,0.0,0.0,0.0,anisotropic
413,2.5008194300124575e-12,0.005134450271725655,0.8778151869773865,0.9965164661407471,0.9784363508224487,0.040244441479444504,-1.2647840403039873e-13,5.552685861023171e-14,-7.43356180684823e-17,2.0604781596889445e-15,3.732233706116306e-13,-0.00012647840776480734,5.5526859796373174e-05,0.00037322333082556725,0.009890867830409813,0.00011789245036197826,0.01257026195526123,0.00041568820597603917,0.0,0.0,0.0,anisotropic
414,2.4989205583275664e-12,0.005137694999575615,0.877361536026001,0.9965152740478516,0.9783989191055298,0.04036863520741463,-1.2647248157603153e-13,5.5483781902666146e-14,-7.4232763122395e-17,2.059488401690078e-15,3.730436369964868e-13,-0.0001264724851353094,5.54837824893184e-05,0.00037304364377632737,0.009897636502910407,0.00010220288095297292,0.01883113384246826,0.0004409138055052608,0.0,0.0,0.0,anisotropic
415,2.4970203856000683e-12,0.005140317138284445,0.8770312666893005,0.9965178966522217,0.9783431887626648,0.040493037551641464,-1.264584818154793e-13,5.544738997912031e-14,-7.414938331664966e-17,2.0583326252335494e-15,3.728340065064367e-13,-0.0001264584861928597,5.544739178731106e-05,0.0003728340088855475,0.009899777706597532,0.00011274802091065794,0.024222612380981445,0.0005048903403803706,0.0,0.0,0.0,anisotropic
416,2.495087469966961e-12,0.005143648013472557,0.8766149878501892,0.9965178370475769,0.9782992601394653,0.040619123727083206,-1.264583598427349e-13,5.540458093396608e-14,-7.405424431131626e-17,2.0573532433882866e-15,3.726562244552034e-13,-0.00012645835522562265,5.540458005270921e-05,0.0003726562426891178,0.00990734680355432,0.00010522885713726282,0.029126465320587158,0.000547085131984204,0.0,0.0,0.0,anisotropic
417,2.493152385929509e-12,0.005146729294210672,0.87626051902771,0.9965196847915649,0.9782460331916809,0.04074753448367119,-1.264535758006488e-13,5.536744362142666e-14,-7.396730432021449e-17,2.056311181104927e-15,3.7246713959632194e-13,-0.00012645358219742775,5.5367443565046415e-05,0.00037246712599880993,0.009912633002446972,0.00010918468615273014,0.03250688314437866,0.0005374791799113154,0.0,0.0,0.0,anisotropic
418,2.4912420217015896e-12,0.0051493896171450615,0.8758814930915833,0.9965208172798157,0.9781969785690308,0.040875669568777084,-1.264494422798662e-13,5.533150570754056e-14,-7.387583799680082e-17,2.055335610907927e-15,3.7229006227650074e-13,-0.0001264494494535029,5.5331503972411156e-05,0.0003722900291904807,0.009920169627391092,0.00011492719204397872,0.02722620964050293,0.0005029171006754041,0.0,0.0,0.0,anisotropic
419,2.4893637498579757e-12,0.005152333527803421,0.8754717111587524,0.9965208768844604,0.9781532883644104,0.04100186005234718,-1.2644131076357257e-13,5.5298105504364425e-14,-7.377637779994745e-17,2.0543907456552647e-15,3.7211854149281354e-13,-0.00012644131493289024,5.529810368898325e-05,0.0003721184912137687,0.009930588246954737,0.00010821087198564783,0.024929344654083252,0.00046072728582657874,0.0,0.0,0.0,anisotropic
420,2.487500440004342e-12,0.005154562648385763,0.8750995993614197,0.9965222477912903,0.9781036972999573,0.04112754017114639,-1.2641877291091203e-13,5.5272596260124915e-14,-7.367678525419606e-17,2.0533071787574896e-15,3.7192181300861604e-13,-0.0001264187740162015,5.527259781956673e-05,0.0003719218075275421,0.009939252255469705,0.00012167658132966608,0.016204118728637695,0.0004451977147255093,0.0,0.0,0.0,anisotropic
421,2.4856219513202937e-12,0.005157581530511379,0.8746514320373535,0.9965210556983948,0.9780644178390503,0.0412537045776844,-1.263941344165423e-13,5.524613833898448e-14,-7.356207184684721e-17,2.0522555873534734e-15,3.717308307959327e-13,-0.00012639413762371987,5.524613879970275e-05,0.0003717308572959155,0.009951491525809314,0.00010593289334792644,0.01431053876876831,0.00041313766269013286,0.0,0.0,0.0,anisotropic
422,2.483745847881025e-12,0.005159801337867975,0.8742902874946594,0.996522843837738,0.9780117273330688,0.04138075187802315,-1.2635462879988235e-13,5.5228228674347735e-14,-7.346006393370717e-17,2.0510193427669557e-15,3.715065635765541e-13,-0.00012635462917387486,5.5228229030035436e-05,0.00037150655407458544,0.009958592437058975,0.00011699159949785098,0.014856874942779541,0.0004132174944970757,0.0,0.0,0.0,anisotropic
423,2.481853698249603e-12,0.0051626963540911674,0.8738436698913574,0.9965217709541321,0.9779711961746216,0.04150762781500816,-1.2632142510834998e-13,5.520641249375825e-14,-7.334850043013092e-17,2.0499281525726554e-15,3.713084527345867e-13,-0.00012632142170332372,5.520641207112931e-05,0.00037130844430066645,0.009969364308762675,0.00010440163896419108,0.017079174518585205,0.0004068275447934866,0.0,0.0,0.0,anisotropic
424,2.4799606812564434e-12,0.005165109410881996,0.8734771609306335,0.9965233206748962,0.9779192209243774,0.041634298861026764,-1.2628219054223316e-13,5.5190274822047164e-14,-7.32530371699974e-17,2.04875755303955e-15,3.7109600331888815e-13,-0.00012628218973986804,5.519027399714105e-05,0.00037109601544216275,0.009975554938516313,0.00011243627523072064,0.01986098289489746,0.0004433009889908135,0.0,0.0,0.0,anisotropic
425,2.478048582305048e-12,0.005167931318283081,0.8730553984642029,0.9965231418609619,0.9778750538825989,0.041760414838790894,-1.262517651187678e-13,5.517084049810536e-14,-7.31532990404582e-17,2.0476993971301925e-15,3.709040182191953e-13,-0.00012625176168512553,5.5170839914353564e-05,0.0003709039883688092,0.009983961686186926,0.00010791514796437696,0.025889039039611816,0.00048826567945070565,0.0,0.0,0.0,anisotropic
426,2.476128893938445e-12,0.005170747172087431,0.8726788759231567,0.996524453163147,0.9778249859809875,0.041886620223522186,-1.2622104153970498e-13,5.51536457292761e-14,-7.30628120988898e-17,2.0465736903432915e-15,3.706997274248447e-13,-0.00012622104259207845,5.515364682651125e-05,0.0003706997667904943,0.009989421679982706,0.00010868259414564818,0.03128427267074585,0.0005176928243599832,0.0,0.0,0.0,anisotropic
427,2.4742154939444427e-12,0.005173251964151859,0.8723016977310181,0.9965257048606873,0.977775514125824,0.04201234504580498,-1.2619415332582734e-13,5.5135383698933296e-14,-7.297446259202424e-17,2.0454403602598653e-15,3.7049418979799575e-13,-0.00012619415065273643,5.513538417289965e-05,0.00037049417733214796,0.009993797753852979,0.00011085617006756365,0.03187143802642822,0.0005040718242526054,0.0,0.0,0.0,anisotropic
428,2.472329415845187e-12,0.005175867583602667,0.8719034194946289,0.996526300907135,0.9777301549911499,0.04213574528694153,-1.2617264546523066e-13,5.511448231392685e-14,-7.28849285625215e-17,2.0443493818238017e-15,3.702962415863542e-13,-0.0001261726429220289,5.511448398465291e-05,0.0003702962421812117,0.00999895749057596,0.0001057387053151615,0.028924405574798584,0.00047449645353481174,0.0,0.0,0.0,anisotropic
429,2.4704674070341603e-12,0.005177882965654135,0.8715320825576782,0.9965276718139648,0.9776813387870789,0.042256686836481094,-1.261496197215925e-13,5.5094051879239075e-14,-7.279977528154284e-17,2.043208851960324e-15,3.70089375811844e-13,-0.00012614962179213762,5.509405309567228e-05,0.00037008937215432525,0.010002865703755564,0.00011843664105981588,0.02763277292251587,0.00048036736552603543,0.0,0.0,0.0,anisotropic
430,2.4685930383183674e-12,0.00518050929531455,0.8711024522781372,0.9965273141860962,0.9776407480239868,0.04237671568989754,-1.261355793034588e-13,5.5067373729532354e-14,-7.270339881401306e-17,2.042130790776706e-15,3.6989373152981897e-13,-0.00012613557919394225,5.506737215910107e-05,0.0003698937362059951,0.010010039664048042,0.00011008996807504445,0.026379287242889404,0.0004950675065629184,0.0,0.0,0.0,anisotropic
431,2.4667095623043256e-12,0.005182737018913031,0.8707345128059387,0.9965288639068604,0.9775904417037964,0.04249756038188934,-1.2611819141111758e-13,5.50415392246411e-14,-7.261285231544056e-17,2.0409019577284767e-15,3.6967081956315595e-13,-0.00012611818965524435,5.504153887159191e-05,0.00036967082996852696,0.010014602265151575,0.00011960283882217482,0.026940882205963135,0.0005246673244982958,0.0,0.0,0.0,anisotropic
432,2.4648076548533515e-12,0.005185593850910664,0.8703216314315796,0.9965289831161499,0.9775468111038208,0.042619284242391586,-1.2611188948599e-13,5.500882003595456e-14,-7.25121877436153e-17,2.039738557975423e-15,3.694596982951187e-13,-0.00012611188867595047,5.500881889020093e-05,0.00036945968167856336,0.010022115697507251,0.00011256222933297977,0.02871394157409668,0.0005333066801540554,0.0,0.0,0.0,anisotropic
433,2.4629152883814953e-12,0.0051880767568945885,0.8699665069580078,0.9965308904647827,0.9774946570396423,0.042742155492305756,-1.2610309389586571e-13,5.4978008365465236e-14,-7.24185376633845e-17,2.0384995605318267e-15,3.692349973948711e-13,-0.00012610309931915253,5.497800884768367e-05,0.0003692349710036069,0.010027147276975965,0.0001182368941954337,0.02744746208190918,0.0005156023544259369,0.0,0.0,0.0,anisotropic
434,2.4610348481335365e-12,0.005190779455006123,0.8695695400238037,0.9965314865112305,0.9774491190910339,0.04286476597189903,-1.2610036983790734e-13,5.494421175086979e-14,-7.231936201666184e-17,2.0373958766015544e-15,3.690346910435044e-13,-0.0001261003635590896,5.4944212024565786e-05,0.00036903470754623413,0.010035103106126193,0.00011448559234850109,0.022638022899627686,0.0004838175664190203,0.0,0.0,0.0,anisotropic
435,2.4591773929716343e-12,0.005193425342440605,0.8691858649253845,0.9965324401855469,0.9774013757705688,0.042987316846847534,-1.2609318699851463e-13,5.4913274719504274e-14,-7.222368038084661e-17,2.036301298275465e-15,3.6883606520550505e-13,-0.00012609318946488202,5.491327465279028e-05,0.0003688360739033669,0.010042872692513841,0.00011555760283954442,0.01923537254333496,0.0004574279591906816,0.0,0.0,0.0,anisotropic
436,2.457331213512326e-12,0.005196070298552513,0.8687819242477417,0.9965328574180603,0.9773558378219604,0.04311038926243782,-1.2608336141632648e-13,5.488367261206363e-14,-7.212546426363451e-17,2.0352251429159784e-15,3.686408003942404e-13,-0.00012608336692210287,5.488367241923697e-05,0.0003686407580971718,0.010051780880144821,0.0001160766405519098,0.014172554016113281,0.0004392127157188952,0.0,0.0,0.0,anisotropic
437,2.4554885034999696e-12,0.005198955535888672,0.8683624267578125,0.9965328574180603,0.977311909198761,0.04323463886976242,-1.260707033559627e-13,5.485556805887373e-14,-7.202423059154782e-17,2.0341460229411764e-15,3.6844485795661797e-13,-0.0001260707067558542,5.485556903295219e-05,0.0003684448602143675,0.010061656333797684,0.00011399967479519546,0.015123963356018066,0.00043413814273662865,0.0,0.0,0.0,anisotropic
438,2.4536431914023993e-12,0.005201537162065506,0.8679519891738892,0.9965332746505737,0.977265477180481,0.043360378593206406,-1.2605423703546809e-13,5.483004187397528e-14,-7.192295721479173e-17,2.0330577973621915e-15,3.6824742474100836e-13,-0.00012605423398781568,5.483004133566283e-05,0.00036824741982854903,0.010071637735763526,0.00012191230780445039,0.015606105327606201,0.00046195072354748845,0.0,0.0,0.0,anisotropic
439,2.4517800983892e-12,0.005204508081078529,0.8675041794776917,0.9965324997901917,0.9772243499755859,0.04348694160580635,-1.260424463368423e-13,5.4801957649576113e-14,-7.181346497146931e-17,2.0321218259554755e-15,3.68077367630254e-13,-0.0001260424469364807,5.480195613927208e-05,0.00036807736614719033,0.010085149278947254,0.0001185997316497378,0.019463419914245605,0.0005044707795605063,0.0,0.0,0.0,anisotropic
440,2.4499026939073243e-12,0.005207148380577564,0.8670834898948669,0.9965326189994812,0.9771778583526611,0.04361504688858986,-1.260275792145521e-13,5.477555732667609e-14,-7.170511092866977e-17,2.0312506525692244e-15,3.679190741130711e-13,-0.0001260275748791173,5.477555896504782e-05,0.00036791907041333616,0.01009895697898698,0.0001279729331145063,0.022427737712860107,0.0005597390700131655,0.0,0.0,0.0,anisotropic
441,2.4480109779567716e-12,0.005210257135331631,0.8666270971298218,0.9965315461158752,0.9771366119384766,0.04374413564801216,-1.2601834994355882e-13,5.4744650788496677e-14,-7.159004679674119e-17,2.030558414893081e-15,3.677931169256826e-13,-0.00012601834896486253,5.474465069710277e-05,0.0003677931090351194,0.01011614901562339,0.00012102835171390325,0.024105489253997803,0.0005701594636775553,0.0,0.0,0.0,anisotropic
442,2.4461294535066402e-12,0.005212982185184956,0.8662093877792358,0.9965317249298096,0.9770883917808533,0.04387502372264862,-1.2600330663841558e-13,5.4715834727631085e-14,-7.148534558352668e-17,2.029823402053101e-15,3.6765946190286947e-13,-0.0001260033022845164,5.47158342669718e-05,0.0003676594642456621,0.010130909556015803,0.00012640836939681321,0.026185810565948486,0.000558252795599401,0.0,0.0,0.0,anisotropic
443,2.444252699546068e-12,0.0052160294726490974,0.8657569885253906,0.9965308904647827,0.9770454168319702,0.04400604963302612,-1.2599314224304853e-13,5.468344418772808e-14,-7.138636184270613e-17,2.029110200311513e-15,3.675297913230402e-13,-0.000125993145047687,5.468344534165226e-05,0.00036752980668097734,0.010145420790473968,0.0001192680501844734,0.026107072830200195,0.0005198935396037996,0.0,0.0,0.0,anisotropic
444,2.4423815834367923e-12,0.005218822509050369,0.8653309941291809,0.9965308308601379,0.976997971534729,0.04413800314068794,-1.2598083654839082e-13,5.465248682757183e-14,-7.130259822515656e-17,2.028248767804155e-15,3.673734493697678e-13,-0.0001259808341274038,5.465248614200391e-05,0.0003673734317999333,0.010155124471451652,0.00012374683865346014,0.023498475551605225,0.0004894919693470001,0.0,0.0,0.0,anisotropic
445,2.4405007095079645e-12,0.005221921484917402,0.8648760914802551,0.9965299963951111,0.9769551753997803,0.044269856065511703,-1.259759982961961e-13,5.4617656832780734e-14,-7.122284477921665e-17,2.027359383209538e-15,3.67212038771339e-13,-0.00012597600289154798,5.461765613290481e-05,0.0003672120510600507,0.010163299370996349,0.00011905451538041234,0.021252036094665527,0.00046496064169332385,0.0,0.0,0.0,anisotropic
446,2.4386194018982676e-12,0.005224978551268578,0.8644416332244873,0.9965296983718872,0.9769095182418823,0.04440208896994591,-1.259726372694614e-13,5.458251512986505e-14,-7.114821323562966e-17,2.026367931144777e-15,3.670322238410323e-13,-0.00012597264139913023,5.4582516895607114e-05,0.00036703221849165857,0.01016812316899055,0.00012030172365484759,0.01988828182220459,0.0004578151274472475,0.0,0.0,0.0,anisotropic
447,2.4367404795333503e-12,0.005228216759860516,0.8639978170394897,0.9965291619300842,0.9768656492233276,0.044533953070640564,-1.2597468370106196e-13,5.454444269295186e-14,-7.106904212484099e-17,2.025353397432203e-15,3.668482076273072e-13,-0.0001259746786672622,5.454444180941209e-05,0.00036684819497168064,0.010172293259116533,0.00011747620737878606,0.01659703254699707,0.000449982238933444,0.0,0.0,0.0,anisotropic
448,2.4348754349562407e-12,0.005231447052210569,0.8635673522949219,0.9965290427207947,0.9768199324607849,0.044665656983852386,-1.2597717736605868e-13,5.450642107801551e-14,-7.098441162200946e-17,2.024269830534428e-15,3.6665164177343557e-13,-0.00012597718159668148,5.4506421292899176e-05,0.00036665162770077586,0.010175160690536004,0.00011688000813592225,0.0168190598487854,0.0004435005539562553,0.0,0.0,0.0,anisotropic
449,2.4330262197308494e-12,0.005234635900706053,0.863135039806366,0.9965288639068604,0.9767746925354004,0.04479706659913063,-1.2597998273917999e-13,5.4469138075809165e-14,-7.089117844080739e-17,2.023148994186974e-15,3.6644821834082297e-13,-0.00012597997556440532,5.44691392860841e-05,0.0003664482501335442,0.010178000530475285,0.00011626436025835574,0.018413841724395752,0.00043200861546210945,0.0,0.0,0.0,anisotropic
450,2.431191749655004e-12,0.005237809382379055,0.8626978397369385,0.9965285062789917,0.9767299890518188,0.04492838308215141,-1.2598145996464e-13,5.44343284098088e-14,-7.079043445964333e-17,2.022010581905864e-15,3.6624165072191017e-13,-0.00012598145985975862,5.443432746687904e-05,0.00036624164204113185,0.010181139624053656,0.00011461443500593305,0.019028425216674805,0.0004153887275606394,0.0,0.0,0.0,anisotropic
451,2.4293685552817523e-12,0.005240765865892172,0.8622585535049438,0.996528148651123,0.9766852855682373,0.04505978897213936,-1.2598052484026623e-13,5.440355062063737e-14,-7.068616999779224e-17,2.020873440174175e-15,3.6603529994343187e-13,-0.000125980528537184,5.4403550166171044e-05,0.0003660352958831936,0.010184430034080106,0.00011592888768063858,0.016959667205810547,0.00040431894012726843,0.0,0.0,0.0,anisotropic
452,2.4275527334832736e-12,0.0052437614649534225,0.8618036508560181,0.996527373790741,0.976642906665802,0.0451907217502594,-1.2597891208953466e-13,5.437592718216151e-14,-7.058085997964689e-17,2.0197919908587682e-15,3.6583897803504906e-13,-0.00012597891327459365,5.43759269930888e-05,0.00036583899054676294,0.010188789891934554,0.00011258725135121495,0.017883658409118652,0.00039211002876982093,0.0,0.0,0.0,anisotropic
453,2.4257473200256507e-12,0.005246524233371019,0.8613572120666504,0.9965268969535828,0.976598858833313,0.04532140865921974,-1.2597286766242305e-13,5.435308778577175e-14,-7.04810887628832e-17,2.0187149884663344e-15,3.6564352348840423e-13,-0.00012597287422977388,5.4353087762137875e-05,0.0003656435292214155,0.010192681498288341,0.00011483074922580272,0.018018126487731934,0.00038829262484796345,0.0,0.0,0.0,anisotropic
454,2.4239490623023663e-12,0.005249566864222288,0.8608970642089844,0.9965260028839111,0.9765573740005493,0.045451339334249496,-1.2596638955444245e-13,5.4331210618810064e-14,-7.03844409801125e-17,2.0176811847542105e-15,3.65455848092347e-13,-0.00012596638407558203,5.4331208957592025e-05,0.0003654558677226305,0.010197541728030448,0.00010869216930586845,0.01566338539123535,0.0003710230812430382,0.0,0.0,0.0,anisotropic
455,2.4221642486860206e-12,0.005252474453300238,0.8604596853256226,0.9965258836746216,0.9765119552612305,0.04558150842785835,-1.2595404320220327e-13,5.431249796693932e-14,-7.029527752752419e-17,2.016582159505148e-15,3.6525651752293553e-13,-0.00012595404405146837,5.431249883258715e-05,0.0003652564773801714,0.010200732949203843,0.00011116635869257152,0.013091325759887695,0.0003636443871073425,0.0,0.0,0.0,anisotropic
456,2.420382904516627e-12,0.005255896132439375,0.8600081205368042,0.9965252876281738,0.9764695167541504,0.04571140184998512,-1.2594298434004392e-13,5.4291555924351406e-14,-7.020579643758065e-17,2.0155011337062148e-15,3.650604124549872e-13,-0.0001259429845958948,5.4291554988594726e-05,0.00036506037577055395,0.010204551064495375,0.00010309922799933702,0.010465383529663086,0.0003478061407804489,0.0,0.0,0.0,anisotropic
457,2.4186091497624407e-12,0.005259094759821892,0.8595885038375854,0.9965256452560425,0.9764213562011719,0.04584241285920143,-1.2592748024897737e-13,5.427212837667318e-14,-7.012145710232474e-17,2.0143373104366874e-15,3.648493182920043e-13,-0.0001259274868061766,5.4272128181764856e-05,0.00036484934389591217,0.010205519825048684,0.0001074290121323429,0.010845482349395752,0.0003496834251563996,0.0,0.0,0.0,anisotropic
458,2.416832142401737e-12,0.005262900143861771,0.8591389656066895,0.9965252876281738,0.9763779640197754,0.04597345367074013,-1.2591875242148887e-13,5.4247462777249136e-14,-7.003322009202249e-17,2.0132569199124645e-15,3.646532945392189e-13,-0.00012591875565703958,5.4247462685452774e-05,0.0003646533004939556,0.010207464461733665,9.909812069963664e-05,0.011430144309997559,0.0003402853908482939,0.0,0.0,0.0,anisotropic
459,2.415062073934937e-12,0.005266179330646992,0.8587346076965332,0.9965260028839111,0.9763274192810059,0.04610609635710716,-1.259062163338695e-13,5.4225233244581394e-14,-6.995119686248173e-17,2.012112578400724e-15,3.6444575113835087e-13,-0.00012590621190611273,5.4225234634941444e-05,0.0003644457901827991,0.01020584163117343,0.00010792654938995838,0.010645806789398193,0.00034506124211475253,0.0,0.0,0.0,anisotropic
460,2.413287451819013e-12,0.005270163528621197,0.8582751154899597,0.9965254068374634,0.9762851595878601,0.04623822867870331,-1.259037497739271e-13,5.4197104974468974e-14,-6.98634495431021e-17,2.0111052444682018e-15,3.6426298175712413e-13,-0.00012590375263243914,5.419710578280501e-05,0.0003642629599198699,0.010206508049656495,9.78825701167807e-05,0.01063615083694458,0.0003274287737440318,0.0,0.0,0.0,anisotropic
461,2.4115271411717654e-12,0.005273184273391962,0.8578751683235168,0.996526300907135,0.9762334823608398,0.046372003853321075,-1.2589324656538114e-13,5.4175661488376284e-14,-6.978511223037088e-17,2.0099721261430123e-15,3.640574712353295e-13,-0.00012589324614964426,5.4175659897737205e-05,0.00036405748687684536,0.010202803081455892,0.00011249797535128891,0.00868082046508789,0.00033736947807483375,0.0,0.0,0.0,anisotropic
462,2.4097631442371314e-12,0.0052771312184631824,0.8573944568634033,0.9965250492095947,0.9761947393417358,0.04650400951504707,-1.258948322110584e-13,5.4148451401978687e-14,-6.969749725988926e-17,2.0089935913306968e-15,3.638799602346393e-13,-0.00012589483230840415,5.4148451454238966e-05,0.00036387998261488974,0.010203452357914942,9.674893226474524e-05,0.007497072219848633,0.00031092637800611556,0.0,0.0,0.0,anisotropic
463,2.4080212650268162e-12,0.005279569886624813,0.8570008277893066,0.9965261220932007,0.9761418104171753,0.0466378778219223,-1.258824316487106e-13,5.413341487309903e-14,-6.962266719295527e-17,2.007796310259753e-15,3.636628758546534e-13,-0.00012588243407662958,5.4133415687829256e-05,0.00036366289714351296,0.010198332317937655,0.00011825705587398261,0.0057021379470825195,0.0003408437769394368,0.0,0.0,0.0,anisotropic
464,2.406270712199121e-12,0.005283419508486986,0.8564899563789368,0.9965241551399231,0.9761077165603638,0.046768490225076675,-1.2588797463231743e-13,5.410958275409508e-14,-6.953204128504396e-17,2.006837468963461e-15,3.6348880719586085e-13,-0.0001258879783563316,5.4109583288664e-05,0.0003634888562373817,0.010200561152070919,9.620389755582437e-05,0.008061051368713379,0.00030715056345798075,0.0,0.0,0.0,anisotropic
465,2.4045492159896487e-12,0.005285259801894426,0.8561158180236816,0.9965257048606873,0.9760521650314331,0.04690183699131012,-1.258718471250017e-13,5.410252866371035e-14,-6.945887219677997e-17,2.005580048553262e-15,3.632608807941501e-13,-0.00012587184028234333,5.410252924775705e-05,0.00036326085682958364,0.010194990268498506,0.00012672945740632713,0.00949627161026001,0.00036301015643402934,0.0,0.0,0.0,anisotropic
466,2.402809288343244e-12,0.005289191845804453,0.855573296546936,0.9965229630470276,0.9760228991508484,0.04703053459525108,-1.2588045297974582e-13,5.4080471925763846e-14,-6.93611457704905e-17,2.004678170222673e-15,3.6309713916105046e-13,-0.00012588045501615852,5.408047218224965e-05,0.00036309711867943406,0.010200321978610543,9.74786962615326e-05,0.013815581798553467,0.0003279025258962065,0.0,0.0,0.0,anisotropic
467,2.4011005857194068e-12,0.005290902219712734,0.8552179336547852,0.99652498960495,0.9759646654129028,0.047163352370262146,-1.2585722394820031e-13,5.407848648053548e-14,-6.928573336840527e-17,2.0033760688245063e-15,3.6286108124304606e-13,-0.00012585723015945405,5.407848584582098e-05,0.00036286108661442995,0.010195334832580857,0.00013332185335457325,0.016139984130859375,0.0004041581123601645,0.0,0.0,0.0,anisotropic
468,2.399360658073002e-12,0.005295030772686005,0.8546619415283203,0.9965218305587769,0.9759373664855957,0.047291092574596405,-1.2586332258542055e-13,5.405588425337095e-14,-6.917948367308406e-17,2.0024940957681777e-15,3.6270091747711564e-13,-0.00012586332741193473,5.405588308349252e-05,0.00036270087002776563,0.010202982757726017,9.778198000276461e-05,0.02098262310028076,0.0003857895790133625,0.0,0.0,0.0,anisotropic
469,2.3976508712469924e-12,0.00529742706567049,0.854304313659668,0.9965238571166992,0.9758791923522949,0.04742404446005821,-1.2583478096322986e-13,5.4053715849025977e-14,-6.909786410768222e-17,2.00119072382059e-15,3.624645342984595e-13,-0.00012583477655425668,5.405371484812349e-05,0.00036246454692445695,0.010199281944156988,0.00012578829773701727,0.02125108242034912,0.00043970829574391246,0.0,0.0,0.0,anisotropic
470,2.395915930930581e-12,0.005301431752741337,0.8537806272506714,0.9965214729309082,0.9758470058441162,0.0475534126162529,-1.258347403056484e-13,5.403187256338218e-14,-6.899128354011599e-17,2.0002725401057665e-15,3.6229781110938553e-13,-0.00012583474745042622,5.403187242336571e-05,0.0003622978110797703,0.01020596011494598,9.859236160991713e-05,0.023208320140838623,0.00040190000436268747,0.0,0.0,0.0,anisotropic
471,2.39421329983891e-12,0.0053048222325742245,0.8533714413642883,0.9965222477912903,0.9757965803146362,0.047686100006103516,-1.2581439796238714e-13,5.402243661634977e-14,-6.890364209985477e-17,1.999121422330448e-15,3.6208902087601913e-13,-0.00012581440387293696,5.4022435506340116e-05,0.00036208899109624326,0.010205935573533557,0.00010756922711152583,0.021019816398620605,0.0003771047049667686,0.0,0.0,0.0,anisotropic
472,2.3925158729176665e-12,0.005308144725859165,0.8528972864151001,0.9965211749076843,0.9757570028305054,0.047816887497901917,-1.2580720157046726e-13,5.400391369985921e-14,-6.881095154913453e-17,1.9981382288369225e-15,3.6191058830348233e-13,-0.00012580720067489892,5.400391455623321e-05,0.00036191055551171303,0.010210214883542802,0.00010910978016909212,0.014157354831695557,0.00034143475932069123,0.0,0.0,0.0,anisotropic
473,2.390825818571196e-12,0.005312150344252586,0.8524069786071777,0.9965196251869202,0.9757198691368103,0.04794720560312271,-1.2580239042332686e-13,5.3983222379023685e-14,-6.872117267417048e-17,1.997176634683552e-15,3.6173605885876647e-13,-0.00012580238399095833,5.3983221732778475e-05,0.0003617360780481249,0.010214780912813646,9.863187733571976e-05,0.007563948631286621,0.0003018192364834249,0.0,0.0,0.0,anisotropic
474,2.389144221001671e-12,0.005314779933542013,0.8519655466079712,0.9965195655822754,0.9756736755371094,0.04807956889271736,-1.2578614094326673e-13,5.396904304748665e-14,-6.864259051597794e-17,1.9960494455889934e-15,3.6153163253914433e-13,-0.00012578614405356348,5.396904452936724e-05,0.0003615316527429968,0.010214296899658982,0.00012347042502369732,0.007237255573272705,0.00035693455720320344,0.0,0.0,0.0,anisotropic
475,2.387438987824786e-12,0.0053186966106295586,0.8514176607131958,0.9965164661407471,0.9756441116333008,0.048209983855485916,-1.2578891921133373e-13,5.394217516239974e-14,-6.854948968367387e-17,1.9951395204454055e-15,3.6136645433816617e-13,-0.0001257889234693721,5.394217441789806e-05,0.00036136643029749393,0.01021875309083094,0.00010089787974720821,0.007443368434906006,0.0003201754007022828,0.0,0.0,0.0,anisotropic
476,2.3857524029252675e-12,0.005320882890373468,0.8509953022003174,0.9965168833732605,0.9755945205688477,0.048344485461711884,-1.257676417436987e-13,5.393091301233305e-14,-6.84750434285441e-17,1.9939242399243324e-15,3.6114606314155417e-13,-0.00012576764856930822,5.39309112355113e-05,0.000361146085197106,0.01021356080110757,0.0001250930072274059,0.009896337985992432,0.0003765561559703201,0.0,0.0,0.0,anisotropic
477,2.3840456518653408e-12,0.005324018187820911,0.8504476547241211,0.9965137839317322,0.9755642414093018,0.04847593978047371,-1.2576949843991908e-13,5.390536988677565e-14,-6.838280948152198e-17,1.9930062679677455e-15,3.609795296878604e-13,-0.00012576949666254222,5.390536898630671e-05,0.0003609795239754021,0.010215315424847753,0.00010258475958835334,0.008868873119354248,0.0003286061983089894,0.0,0.0,0.0,anisotropic
478,2.3823638374553813e-12,0.005326280370354652,0.8500030040740967,0.9965136051177979,0.9755182266235352,0.0486099049448967,-1.2575159555154591e-13,5.389323698683918e-14,-6.830694709318352e-17,1.9918570560165582e-15,3.6077109182020006e-13,-0.00012575159780681133,5.389323632698506e-05,0.00036077111144550145,0.010210529760345607,0.00011202451423741877,0.0077397823333740234,0.0003371767234057188,0.0,0.0,0.0,anisotropic
479,2.3806792041197733e-12,0.005328702740371227,0.8494991064071655,0.9965117573738098,0.9754816889762878,0.04874178394675255,-1.2574514454861963e-13,5.387395512882788e-14,-6.822369963633618e-17,1.9908503573587465e-15,3.6058840375413626e-13,-0.00012574515130836517,5.3873955039307475e-05,0.00036058842670172453,0.01021029207021912,0.00010707426554290578,0.006254911422729492,0.0003166729584336281,0.0,0.0,0.0,anisotropic
480,2.379003678082414e-12,0.005331617780029774,0.8490107655525208,0.9965104460716248,0.9754428267478943,0.04887346923351288,-1.2573465489260083e-13,5.385703818680532e-14,-6.814510424325385e-17,1.989799189471204e-15,3.603978281172676e-13,-0.00012573465937748551,5.38570384378545e-05,0.0003603978257160634,0.010210155433780474,0.00010027591633843258,0.0064411163330078125,0.00030065764440223575,0.0,0.0,0.0,anisotropic
481,2.377335958300697e-12,0.005333947017788887,0.8485563397407532,0.9965100884437561,0.9753990173339844,0.04900544881820679,-1.257185273852851e-13,5.384307230757099e-14,-6.807313291251683e-17,1.9886830118049596e-15,3.6019540757166457e-13,-0.00012571852130349725,5.3843072237214074e-05,0.0003601954085752368,0.010209105108561854,0.00011466610885690898,0.006312370300292969,0.00033450391492806375,0.0,0.0,0.0,anisotropic
482,2.375654794412041e-12,0.0053375787101686,0.8480397462844849,0.9965078830718994,0.9753652811050415,0.0491349883377552,-1.2571597951017977e-13,5.381914870900874e-14,-6.799224788349895e-17,1.987752122595927e-15,3.6002648887319133e-13,-0.0001257159747183323,5.381914888857864e-05,0.0003600264899432659,0.010213164135114985,9.832006617216393e-05,0.006066679954528809,0.00030837932717986405,0.0,0.0,0.0,anisotropic
483,2.3739898935559722e-12,0.005340375006198883,0.8476132154464722,0.9965083003044128,0.9753178954124451,0.049266524612903595,-1.2569586755988016e-13,5.380552164295331e-14,-6.792556389123737e-17,1.98663679196263e-15,3.598243122730771e-13,-0.0001256958639714867,5.380552101996727e-05,0.000359824305633083,0.010212187537736547,0.00011425658158259466,0.007819533348083496,0.00034327968023717403,0.0,0.0,0.0,anisotropic
484,2.3723078623055782e-12,0.00534430518746376,0.8471029996871948,0.9965063333511353,0.9752838015556335,0.04939531534910202,-1.256928588988515e-13,5.3778619876548514e-14,-6.784589647208116e-17,1.9857488896756707e-15,3.5966319983024575e-13,-0.00012569285172503442,5.377861816668883e-05,0.0003596631868276745,0.010217037345431387,9.726219286676496e-05,0.01113361120223999,0.00031560653587803245,0.0,0.0,0.0,anisotropic
485,2.3706446961729855e-12,0.005347700323909521,0.8466732501983643,0.9965066313743591,0.9752370715141296,0.049526333808898926,-1.2567140524836345e-13,5.376190622243329e-14,-6.777972864052182e-17,1.9846576994813703e-15,3.594654142489301e-13,-0.0001256714022019878,5.376190529204905e-05,0.00035946539719589055,0.01021681152451796,0.00010472725261934102,0.014660835266113281,0.0003337209054734558,0.0,0.0,0.0,anisotropic
486,2.3689735069443163e-12,0.005351339466869831,0.8461949229240417,0.9965055584907532,0.9751980304718018,0.049656204879283905,-1.2565885560821694e-13,5.373733887883113e-14,-6.770872345674027e-17,1.9836884820314746e-15,3.5928961086666156e-13,-0.00012565885845106095,5.373733802116476e-05,0.00035928963916376233,0.010219813258626,0.00010005180956795812,0.018759548664093018,0.0003369930200278759,0.0,0.0,0.0,anisotropic
487,2.36730969029042e-12,0.005355018191039562,0.8457345962524414,0.9965049624443054,0.9751557111740112,0.04978718236088753,-1.2564119666533258e-13,5.3714939939573936e-14,-6.764436218763875e-17,1.982680301066005e-15,3.591068414854348e-13,-0.0001256411924259737,5.3714938985649496e-05,0.0003591068380046636,0.01022150416265516,9.88161627901718e-05,0.02107405662536621,0.0003482215397525579,0.0,0.0,0.0,anisotropic
488,2.3656517283282552e-12,0.0053581129759550095,0.8452797532081604,0.9965046048164368,0.9751119613647461,0.04991916939616203,-1.2562180299897224e-13,5.3693222014806335e-14,-6.75827868628403e-17,1.981675084715851e-15,3.589245599951857e-13,-0.00012562180927488953,5.369322025217116e-05,0.0003589245898183435,0.010222503704532806,0.00010798317089211196,0.019152820110321045,0.0003685477131512016,0.0,0.0,0.0,anisotropic
489,2.363989646397835e-12,0.005361761897802353,0.8447839021682739,0.9965030550956726,0.9750744700431824,0.050050899386405945,-1.2561059505901417e-13,5.366659129894466e-14,-6.751069641809508e-17,1.9807878177036022e-15,3.587636101826802e-13,-0.00012561058974824846,5.366659024730325e-05,0.0003587636165320873,0.010225811377054405,9.832241630647331e-05,0.014712512493133545,0.0003480541636236012,0.0,0.0,0.0,anisotropic
490,2.362345128542609e-12,0.005364555865526199,0.8443394899368286,0.9965029954910278,0.9750287532806396,0.050184689462184906,-1.2558717629208849e-13,5.3650091097132147e-14,-6.743597884772439e-17,1.9797643901450822e-15,3.58578021875805e-13,-0.00012558717571664602,5.3650092013413087e-05,0.0003585779923014343,0.010225267015438287,0.00011142023868160322,0.01223224401473999,0.00035951207973994315,0.0,0.0,0.0,anisotropic
491,2.3606891181443546e-12,0.0053681000135838985,0.8438296914100647,0.9965009689331055,0.9749933481216431,0.05031721666455269,-1.2557781149582364e-13,5.3627106011075454e-14,-6.734068102371338e-17,1.978914816098986e-15,3.584237399066603e-13,-0.00012557780428323895,5.362710726330988e-05,0.00035842371289618313,0.010228446451821525,9.867132757790387e-05,0.01138603687286377,0.00032174965599551797,0.0,0.0,0.0,anisotropic
492,2.359047419214777e-12,0.005371062085032463,0.8433793783187866,0.9965007901191711,0.9749482870101929,0.05045166239142418,-1.255558564018308e-13,5.361577948650477e-14,-6.725386014661981e-17,1.9779331049131184e-15,3.5824555127961233e-13,-0.00012555585999507457,5.36157785973046e-05,0.0003582455974537879,0.01022711318593887,0.00010779607691802084,0.013990998268127441,0.0003315543581265956,0.0,0.0,0.0,anisotropic
493,2.357391191976088e-12,0.005374562460929155,0.8428783416748047,0.9964990019798279,0.9749113321304321,0.0505850687623024,-1.2554863290485663e-13,5.3596829665408796e-14,-6.71709567969073e-17,1.977131811745016e-15,3.58100159768282e-13,-0.00012554862769320607,5.359682836569846e-05,0.00035810013650916517,0.010228484899930551,0.00010037269385065883,0.0174371600151062,0.00031653011683374643,0.0,0.0,0.0,anisotropic
494,2.3557397352269582e-12,0.005377957597374916,0.8424089550971985,0.9964982867240906,0.974868893623352,0.05071975290775299,-1.255352836656079e-13,5.3582833292988366e-14,-6.71163231718094e-17,1.9762508974798714e-15,3.579404025781663e-13,-0.00012553528358694166,5.3582833061227575e-05,0.0003579404146876186,0.010226707541814341,0.00010397474397905171,0.020393967628479004,0.00033300265204161406,0.0,0.0,0.0,anisotropic
495,2.3540822069456624e-12,0.005381407216191292,0.8419224619865417,0.9964970946311951,0.9748291373252869,0.05085439234972,-1.2552785688072637e-13,5.3564354422211066e-14,-6.707856403120757e-17,1.975393911895487e-15,3.5778514482706636e-13,-0.0001255278621101752,5.3564355766866356e-05,0.0003577851166483015,0.010225275767972164,0.00010488484986126423,0.02146083116531372,0.0003424365713726729,0.0,0.0,0.0,anisotropic
496,2.3524277144304495e-12,0.0053851548582315445,0.8414313197135925,0.99649578332901,0.9747898578643799,0.050989340990781784,-1.255214600879087e-13,5.35446626002533e-14,-6.704634369198741e-17,1.9744971157625813e-15,3.576226771315194e-13,-0.0001255214592674747,5.354466338758357e-05,0.000357622659066692,0.010223773380622912,0.00010133085015695542,0.01925426721572876,0.0003331494517624378,0.0,0.0,0.0,anisotropic
497,2.35078254605392e-12,0.005388548597693443,0.84095698595047,0.9964948892593384,0.9747477769851685,0.05112505331635475,-1.2551139056023175e-13,5.352789473602945e-14,-6.700481922523725e-17,1.9735124399613982e-15,3.574442716640369e-13,-0.00012551138934213668,5.352789594326168e-05,0.0003574442816898227,0.010221387807832103,0.00010722024308051914,0.014104783535003662,0.00033743990934453905,0.0,0.0,0.0,anisotropic
498,2.3491308724643556e-12,0.005392516031861305,0.8404510617256165,0.9964932799339294,0.9747105836868286,0.051260095089673996,-1.2551090266925413e-13,5.350587526753263e-14,-6.693406550436191e-17,1.972609502839625e-15,3.57280502925883e-13,-0.00012551090912893414,5.350587525754236e-05,0.00035728051443584263,0.010221588031310428,9.866459004115313e-05,0.010575473308563232,0.00031408650102093816,0.0,0.0,0.0,anisotropic
499,2.347485270406957e-12,0.00539599172770977,0.8399878740310669,0.9964927434921265,0.97466641664505,0.051396340131759644,-1.25500643406197e-13,5.349163833775518e-14,-6.684801225087679e-17,1.9715981455006035e-15,3.570970288132441e-13,-0.00012550065002869815,5.349163984647021e-05,0.0003570970438886434,0.010219522367326409,0.0001057308618328534,0.013267815113067627,0.0003298434312455356,0.0,0.0,0.0,anisotropic
