epoch,cost,mse,gamma_min,gamma_max,gamma_mean,gamma_std,adjoint_grad_min,adjoint_grad_max,adjoint_grad_mean,adjoint_grad_std,adjoint_grad_norm,scaled_grad_min,scaled_grad_max,scaled_grad_norm,param_grad_norm,delta_gamma_mean_abs,delta_gamma_max_abs,delta_gamma_std,tv_raw,tv_loss,tv_weight,tv_type
0,3.3574341223863158e-12,0.005125784315168858,0.9933072328567505,0.9933072328567505,0.9933071732521057,0.0,-1.3085481320469078e-13,7.083983193881954e-14,-1.3006414574727416e-16,2.640876570092379e-15,4.786218621953553e-13,-0.0001308548089582473,7.083982927724719e-05,0.00047862183419056237,6.971095553277801e-09,0.0,0.0,0.0,0.0,0.0,0.0,anisotropic
1,3.3574341223863158e-12,0.005125784315168858,0.9933072328567505,0.9933072328567505,0.9933071732521057,0.0,-1.3085481320469078e-13,7.083983193881954e-14,-1.3006414574727416e-16,2.640876570092379e-15,4.786218621953553e-13,-0.0001308548089582473,7.083982927724719e-05,0.00047862183419056237,6.904899595896748e-09,0.0,0.0,0.0,0.0,0.0,0.0,anisotropic
2,3.3574341223863158e-12,0.005125784315168858,0.9933072328567505,0.9933072328567505,0.9933071732521057,0.0,-1.3085481320469078e-13,7.083983193881954e-14,-1.3006414574727416e-16,2.640876570092379e-15,4.786218621953553e-13,-0.0001308548089582473,7.083982927724719e-05,0.00047862183419056237,6.850214704300214e-09,0.0,0.0,0.0,0.0,0.0,0.0,anisotropic
3,3.3574341223863158e-12,0.005125784315168858,0.9933072328567505,0.9933072328567505,0.9933071732521057,0.0,-1.3085481320469078e-13,7.083983193881954e-14,-1.3006414574727416e-16,2.640876570092379e-15,4.786218621953553e-13,-0.0001308548089582473,7.083982927724719e-05,0.00047862183419056237,6.804579562989557e-09,0.0,0.0,0.0,0.0,0.0,0.0,anisotropic
4,3.3574341223863158e-12,0.005125784315168858,0.9933072328567505,0.9933072328567505,0.9933071732521057,0.0,-1.3085481320469078e-13,7.083983193881954e-14,-1.3006414574727416e-16,2.640876570092379e-15,4.786218621953553e-13,-0.0001308548089582473,7.083982927724719e-05,0.00047862183419056237,6.766153565702577e-09,0.0,0.0,0.0,0.0,0.0,0.0,anisotropic
5,3.3574341223863158e-12,0.005125784315168858,0.9933072328567505,0.9933072328567505,0.9933071732521057,0.0,-1.3085481320469078e-13,7.083983193881954e-14,-1.3006414574727416e-16,2.640876570092379e-15,4.786218621953553e-13,-0.0001308548089582473,7.083982927724719e-05,0.00047862183419056237,6.7337613722259586e-09,0.0,0.0,0.0,0.0,0.0,0.0,anisotropic
6,3.3574341223863158e-12,0.005125784315168858,0.9933072328567505,0.9933072328567505,0.9933071732521057,0.0,-1.3085481320469078e-13,7.083983193881954e-14,-1.3006414574727416e-16,2.640876570092379e-15,4.786218621953553e-13,-0.0001308548089582473,7.083982927724719e-05,0.00047862183419056237,6.7063875741827874e-09,0.0,0.0,0.0,0.0,0.0,0.0,anisotropic
7,3.3574341223863158e-12,0.005125784315168858,0.9933072328567505,0.9933072328567505,0.9933071732521057,0.0,-1.3085481320469078e-13,7.083983193881954e-14,-1.3006414574727416e-16,2.640876570092379e-15,4.786218621953553e-13,-0.0001308548089582473,7.083982927724719e-05,0.00047862183419056237,6.683476922219377e-09,0.0,0.0,0.0,0.0,0.0,0.0,anisotropic
8,3.3574341223863158e-12,0.005125784315168858,0.9933072328567505,0.9933072328567505,0.9933071732521057,0.0,-1.3085481320469078e-13,7.083983193881954e-14,-1.3006414574727416e-16,2.640876570092379e-15,4.786218621953553e-13,-0.0001308548089582473,7.083982927724719e-05,0.00047862183419056237,6.66422591459158e-09,0.0,0.0,0.0,0.0,0.0,0.0,anisotropic
9,3.3574341223863158e-12,0.005125784315168858,0.9933072328567505,0.9933072328567505,0.9933071732521057,0.0,-1.3085481320469078e-13,7.083983193881954e-14,-1.3006414574727416e-16,2.640876570092379e-15,4.786218621953553e-13,-0.0001308548089582473,7.083982927724719e-05,0.00047862183419056237,6.648360578356869e-09,0.0,0.0,0.0,0.0,0.0,0.0,anisotropic
10,3.3574341223863158e-12,0.005125784315168858,0.9933072328567505,0.9933072328567505,0.9933071732521057,0.0,-1.3085481320469078e-13,7.083983193881954e-14,-1.3006414574727416e-16,2.640876570092379e-15,4.786218621953553e-13,-0.0001308548089582473,7.083982927724719e-05,0.00047862183419056237,6.635330514923343e-09,0.0,0.0,0.0,0.0,0.0,0.0,anisotropic
11,3.3574341223863158e-12,0.005125784315168858,0.9933072328567505,0.9933072328567505,0.9933071732521057,0.0,-1.3085481320469078e-13,7.083983193881954e-14,-1.3006414574727416e-16,2.640876570092379e-15,4.786218621953553e-13,-0.0001308548089582473,7.083982927724719e-05,0.00047862183419056237,6.6250573633023686e-09,0.0,0.0,0.0,0.0,0.0,0.0,anisotropic
12,3.3574341223863158e-12,0.005125784315168858,0.9933072328567505,0.9933072328567505,0.9933071732521057,0.0,-1.3085481320469078e-13,7.083983193881954e-14,-1.3006414574727416e-16,2.640876570092379e-15,4.786218621953553e-13,-0.0001308548089582473,7.083982927724719e-05,0.00047862183419056237,6.617016600986008e-09,0.0,0.0,0.0,0.0,0.0,0.0,anisotropic
13,3.3574341223863158e-12,0.005125784315168858,0.9933072328567505,0.9933072328567505,0.9933071732521057,0.0,-1.3085481320469078e-13,7.083983193881954e-14,-1.3006414574727416e-16,2.640876570092379e-15,4.786218621953553e-13,-0.0001308548089582473,7.083982927724719e-05,0.00047862183419056237,6.611099784281077e-09,0.0,0.0,0.0,0.0,0.0,0.0,anisotropic
14,3.3574341223863158e-12,0.005125784315168858,0.9933072328567505,0.9933072328567505,0.9933071732521057,0.0,-1.3085481320469078e-13,7.083983193881954e-14,-1.3006414574727416e-16,2.640876570092379e-15,4.786218621953553e-13,-0.0001308548089582473,7.083982927724719e-05,0.00047862183419056237,6.607125504793152e-09,0.0,0.0,0.0,0.0,0.0,0.0,anisotropic
15,3.3574341223863158e-12,0.005125784315168858,0.9933072328567505,0.9933072328567505,0.9933071732521057,0.0,-1.3085481320469078e-13,7.083983193881954e-14,-1.3006414574727416e-16,2.640876570092379e-15,4.786218621953553e-13,-0.0001308548089582473,7.083982927724719e-05,0.00047862183419056237,6.604894100460545e-09,0.0,0.0,0.0,0.0,0.0,0.0,anisotropic
16,3.3574341223863158e-12,0.005125784315168858,0.9933072328567505,0.9933072328567505,0.9933071732521057,0.0,-1.3085481320469078e-13,7.083983193881954e-14,-1.3006414574727416e-16,2.640876570092379e-15,4.786218621953553e-13,-0.0001308548089582473,7.083982927724719e-05,0.00047862183419056237,6.60423723813528e-09,0.0,0.0,0.0,0.0,0.0,0.0,anisotropic
17,3.3574341223863158e-12,0.005125784315168858,0.9933072328567505,0.9933072328567505,0.9933071732521057,0.0,-1.3085481320469078e-13,7.083983193881954e-14,-1.3006414574727416e-16,2.640876570092379e-15,4.786218621953553e-13,-0.0001308548089582473,7.083982927724719e-05,0.00047862183419056237,6.6049945861470385e-09,0.0,0.0,0.0,0.0,0.0,0.0,anisotropic
18,3.3574341223863158e-12,0.005125784315168858,0.9933072328567505,0.9933072328567505,0.9933071732521057,0.0,-1.3085481320469078e-13,7.083983193881954e-14,-1.3006414574727416e-16,2.640876570092379e-15,4.786218621953553e-13,-0.0001308548089582473,7.083982927724719e-05,0.00047862183419056237,6.607097970284455e-09,0.0,0.0,0.0,0.0,0.0,0.0,anisotropic
19,3.3574341223863158e-12,0.005125784315168858,0.9933072328567505,0.9933072328567505,0.9933071732521057,0.0,-1.3085481320469078e-13,7.083983193881954e-14,-1.3006414574727416e-16,2.640876570092379e-15,4.786218621953553e-13,-0.0001308548089582473,7.083982927724719e-05,0.00047862183419056237,6.610447426455749e-09,0.0,0.0,0.0,0.0,0.0,0.0,anisotropic
20,3.3574341223863158e-12,0.005125784315168858,0.9933072328567505,0.9933072328567505,0.9933071732521057,0.0,-1.3085481320469078e-13,7.083983193881954e-14,-1.3006414574727416e-16,2.640876570092379e-15,4.786218621953553e-13,-0.0001308548089582473,7.083982927724719e-05,0.00047862183419056237,6.614854568828201e-09,0.0,0.0,0.0,0.0,0.0,0.0,anisotropic
21,3.3574341223863158e-12,0.005125784315168858,0.9933072328567505,0.9933072328567505,0.9933071732521057,0.0,-1.3085481320469078e-13,7.083983193881954e-14,-1.3006414574727416e-16,2.640876570092379e-15,4.786218621953553e-13,-0.0001308548089582473,7.083982927724719e-05,0.00047862183419056237,6.620409851835877e-09,0.0,0.0,0.0,0.0,0.0,0.0,anisotropic
22,3.3574341223863158e-12,0.005125784315168858,0.9933072328567505,0.9933072328567505,0.9933071732521057,0.0,-1.3085481320469078e-13,7.083983193881954e-14,-1.3006414574727416e-16,2.640876570092379e-15,4.786218621953553e-13,-0.0001308548089582473,7.083982927724719e-05,0.00047862183419056237,6.626831306758141e-09,0.0,0.0,0.0,0.0,0.0,0.0,anisotropic
23,3.3574341223863158e-12,0.005125784315168858,0.9933072328567505,0.9933072328567505,0.9933071732521057,0.0,-1.3085481320469078e-13,7.083983193881954e-14,-1.3006414574727416e-16,2.640876570092379e-15,4.786218621953553e-13,-0.0001308548089582473,7.083982927724719e-05,0.00047862183419056237,6.634285389715541e-09,0.0,0.0,0.0,0.0,0.0,0.0,anisotropic
24,3.3574341223863158e-12,0.005125784315168858,0.9933072328567505,0.9933072328567505,0.9933071732521057,0.0,-1.3085481320469078e-13,7.083983193881954e-14,-1.3006414574727416e-16,2.640876570092379e-15,4.786218621953553e-13,-0.0001308548089582473,7.083982927724719e-05,0.00047862183419056237,6.642321659961109e-09,0.0,0.0,0.0,0.0,0.0,0.0,anisotropic
25,3.3574341223863158e-12,0.005125784315168858,0.9933072328567505,0.9933072328567505,0.9933071732521057,0.0,-1.3085481320469078e-13,7.083983193881954e-14,-1.3006414574727416e-16,2.640876570092379e-15,4.786218621953553e-13,-0.0001308548089582473,7.083982927724719e-05,0.00047862183419056237,6.6513641580125435e-09,0.0,0.0,0.0,0.0,0.0,0.0,anisotropic
26,3.3574341223863158e-12,0.005125784315168858,0.9933072328567505,0.9933072328567505,0.9933071732521057,0.0,-1.3085481320469078e-13,7.083983193881954e-14,-1.3006414574727416e-16,2.640876570092379e-15,4.786218621953553e-13,-0.0001308548089582473,7.083982927724719e-05,0.00047862183419056237,6.661010385462697e-09,0.0,0.0,0.0,0.0,0.0,0.0,anisotropic
27,3.3574341223863158e-12,0.005125784315168858,0.9933072328567505,0.9933072328567505,0.9933071732521057,0.0,-1.3085481320469078e-13,7.083983193881954e-14,-1.3006414574727416e-16,2.640876570092379e-15,4.786218621953553e-13,-0.0001308548089582473,7.083982927724719e-05,0.00047862183419056237,6.6713732329395724e-09,0.0,0.0,0.0,0.0,0.0,0.0,anisotropic
28,3.3574341223863158e-12,0.005125784315168858,0.9933072328567505,0.9933072328567505,0.9933071732521057,0.0,-1.3085481320469078e-13,7.083983193881954e-14,-1.3006414574727416e-16,2.640876570092379e-15,4.786218621953553e-13,-0.0001308548089582473,7.083982927724719e-05,0.00047862183419056237,6.682316946360689e-09,0.0,0.0,0.0,0.0,0.0,0.0,anisotropic
29,3.3574341223863158e-12,0.005125784315168858,0.9933072328567505,0.9933072328567505,0.9933071732521057,0.0,-1.3085481320469078e-13,7.083983193881954e-14,-1.3006414574727416e-16,2.640876570092379e-15,4.786218621953553e-13,-0.0001308548089582473,7.083982927724719e-05,0.00047862183419056237,6.693887443816909e-09,0.0,0.0,0.0,0.0,0.0,0.0,anisotropic
30,3.3574341223863158e-12,0.005125784315168858,0.9933072328567505,0.9933072328567505,0.9933071732521057,0.0,-1.3085481320469078e-13,7.083983193881954e-14,-1.3006414574727416e-16,2.640876570092379e-15,4.786218621953553e-13,-0.0001308548089582473,7.083982927724719e-05,0.00047862183419056237,6.705949394145396e-09,0.0,0.0,0.0,0.0,0.0,0.0,anisotropic
31,3.3574341223863158e-12,0.005125784315168858,0.9933072328567505,0.9933072328567505,0.9933071732521057,0.0,-1.3085481320469078e-13,7.083983193881954e-14,-1.3006414574727416e-16,2.640876570092379e-15,4.786218621953553e-13,-0.0001308548089582473,7.083982927724719e-05,0.00047862183419056237,6.718585836349228e-09,0.0,0.0,0.0,0.0,0.0,0.0,anisotropic
32,3.3574341223863158e-12,0.005125784315168858,0.9933072328567505,0.9933072328567505,0.9933071732521057,0.0,-1.3085481320469078e-13,7.083983193881954e-14,-1.3006414574727416e-16,2.640876570092379e-15,4.786218621953553e-13,-0.0001308548089582473,7.083982927724719e-05,0.00047862183419056237,6.731635177366201e-09,0.0,0.0,0.0,0.0,0.0,0.0,anisotropic
33,3.3574341223863158e-12,0.005125784315168858,0.9933072328567505,0.9933072328567505,0.9933071732521057,0.0,-1.3085481320469078e-13,7.083983193881954e-14,-1.3006414574727416e-16,2.640876570092379e-15,4.786218621953553e-13,-0.0001308548089582473,7.083982927724719e-05,0.00047862183419056237,6.745053431871587e-09,0.0,0.0,0.0,0.0,0.0,0.0,anisotropic
34,3.3574341223863158e-12,0.005125784315168858,0.9933072328567505,0.9933072328567505,0.9933071732521057,0.0,-1.3085481320469078e-13,7.083983193881954e-14,-1.3006414574727416e-16,2.640876570092379e-15,4.786218621953553e-13,-0.0001308548089582473,7.083982927724719e-05,0.00047862183419056237,6.7587012475718165e-09,0.0,0.0,0.0,0.0,0.0,0.0,anisotropic
35,3.3574341223863158e-12,0.005125784315168858,0.9933072328567505,0.9933072328567505,0.9933071732521057,0.0,-1.3085481320469078e-13,7.083983193881954e-14,-1.3006414574727416e-16,2.640876570092379e-15,4.786218621953553e-13,-0.0001308548089582473,7.083982927724719e-05,0.00047862183419056237,6.7731670513450684e-09,0.0,0.0,0.0,0.0,0.0,0.0,anisotropic
36,3.3574341223863158e-12,0.005125784315168858,0.9933072328567505,0.9933072328567505,0.9933071732521057,0.0,-1.3085481320469078e-13,7.083983193881954e-14,-1.3006414574727416e-16,2.640876570092379e-15,4.786218621953553e-13,-0.0001308548089582473,7.083982927724719e-05,0.00047862183419056237,6.787831150352698e-09,0.0,0.0,0.0,0.0,0.0,0.0,anisotropic
37,3.3574341223863158e-12,0.005125784315168858,0.9933072328567505,0.9933072328567505,0.9933071732521057,0.0,-1.3085481320469078e-13,7.083983193881954e-14,-1.3006414574727416e-16,2.640876570092379e-15,4.786218621953553e-13,-0.0001308548089582473,7.083982927724719e-05,0.00047862183419056237,6.802771668550986e-09,0.0,0.0,0.0,0.0,0.0,0.0,anisotropic
38,3.3574341223863158e-12,0.005125784315168858,0.9933072328567505,0.9933072328567505,0.9933071732521057,0.0,-1.3085481320469078e-13,7.083983193881954e-14,-1.3006414574727416e-16,2.640876570092379e-15,4.786218621953553e-13,-0.0001308548089582473,7.083982927724719e-05,0.00047862183419056237,6.81813216995633e-09,0.0,0.0,0.0,0.0,0.0,0.0,anisotropic
39,3.3574341223863158e-12,0.005125784315168858,0.9933072328567505,0.9933072328567505,0.9933071732521057,0.0,-1.3085481320469078e-13,7.083983193881954e-14,-1.3006414574727416e-16,2.640876570092379e-15,4.786218621953553e-13,-0.0001308548089582473,7.083982927724719e-05,0.00047862183419056237,6.833793119159976e-09,0.0,0.0,0.0,0.0,0.0,0.0,anisotropic
40,3.3574341223863158e-12,0.005125784315168858,0.9933072328567505,0.9933072328567505,0.9933071732521057,0.0,-1.3085481320469078e-13,7.083983193881954e-14,-1.3006414574727416e-16,2.640876570092379e-15,4.786218621953553e-13,-0.0001308548089582473,7.083982927724719e-05,0.00047862183419056237,6.849601988395402e-09,0.0,0.0,0.0,0.0,0.0,0.0,anisotropic
41,3.3574341223863158e-12,0.005125784315168858,0.9933072328567505,0.9933072328567505,0.9933071732521057,0.0,-1.3085481320469078e-13,7.083983193881954e-14,-1.3006414574727416e-16,2.640876570092379e-15,4.786218621953553e-13,-0.0001308548089582473,7.083982927724719e-05,0.00047862183419056237,6.865856664937735e-09,0.0,0.0,0.0,0.0,0.0,0.0,anisotropic
42,3.3574341223863158e-12,0.005125784315168858,0.9933072328567505,0.9933072328567505,0.9933071732521057,0.0,-1.3085481320469078e-13,7.083983193881954e-14,-1.3006414574727416e-16,2.640876570092379e-15,4.786218621953553e-13,-0.0001308548089582473,7.083982927724719e-05,0.00047862183419056237,6.882270941079193e-09,0.0,0.0,0.0,0.0,0.0,0.0,anisotropic
43,3.3574341223863158e-12,0.005125784315168858,0.9933072328567505,0.9933072328567505,0.9933071732521057,0.0,-1.3085481320469078e-13,7.083983193881954e-14,-1.3006414574727416e-16,2.640876570092379e-15,4.786218621953553e-13,-0.0001308548089582473,7.083982927724719e-05,0.00047862183419056237,6.898885599631902e-09,0.0,0.0,0.0,0.0,0.0,0.0,anisotropic
44,3.3574341223863158e-12,0.005125784315168858,0.9933072328567505,0.9933072328567505,0.9933071732521057,0.0,-1.3085481320469078e-13,7.083983193881954e-14,-1.3006414574727416e-16,2.640876570092379e-15,4.786218621953553e-13,-0.0001308548089582473,7.083982927724719e-05,0.00047862183419056237,6.915780186397924e-09,0.0,0.0,0.0,0.0,0.0,0.0,anisotropic
45,3.3574341223863158e-12,0.005125784315168858,0.9933072328567505,0.9933072328567505,0.9933071732521057,0.0,-1.3085481320469078e-13,7.083983193881954e-14,-1.3006414574727416e-16,2.640876570092379e-15,4.786218621953553e-13,-0.0001308548089582473,7.083982927724719e-05,0.00047862183419056237,6.932808745993032e-09,0.0,0.0,0.0,0.0,0.0,0.0,anisotropic
46,3.3574341223863158e-12,0.005125784315168858,0.9933072328567505,0.9933072328567505,0.9933071732521057,0.0,-1.3085481320469078e-13,7.083983193881954e-14,-1.3006414574727416e-16,2.640876570092379e-15,4.786218621953553e-13,-0.0001308548089582473,7.083982927724719e-05,0.00047862183419056237,6.9501235008601966e-09,0.0,0.0,0.0,0.0,0.0,0.0,anisotropic
47,3.3574341223863158e-12,0.005125784315168858,0.9933072328567505,0.9933072328567505,0.9933071732521057,0.0,-1.3085481320469078e-13,7.083983193881954e-14,-1.3006414574727416e-16,2.640876570092379e-15,4.786218621953553e-13,-0.0001308548089582473,7.083982927724719e-05,0.00047862183419056237,6.9676421590166045e-09,0.0,0.0,0.0,0.0,0.0,0.0,anisotropic
48,3.3574341223863158e-12,0.005125784315168858,0.9933072328567505,0.9933072328567505,0.9933071732521057,0.0,-1.3085481320469078e-13,7.083983193881954e-14,-1.3006414574727416e-16,2.640876570092379e-15,4.786218621953553e-13,-0.0001308548089582473,7.083982927724719e-05,0.00047862183419056237,6.985247154094188e-09,0.0,0.0,0.0,0.0,0.0,0.0,anisotropic
49,3.3574341223863158e-12,0.005125784315168858,0.9933072328567505,0.9933072328567505,0.9933071732521057,0.0,-1.3085481320469078e-13,7.083983193881954e-14,-1.3006414574727416e-16,2.640876570092379e-15,4.786218621953553e-13,-0.0001308548089582473,7.083982927724719e-05,0.00047862183419056237,7.003096091153065e-09,0.0,0.0,0.0,0.0,0.0,0.0,anisotropic
50,3.3574341223863158e-12,0.005125784315168858,0.9933072328567505,0.9933072328567505,0.9933071732521057,0.0,-1.3085481320469078e-13,7.083983193881954e-14,-1.3006414574727416e-16,2.640876570092379e-15,4.786218621953553e-13,-0.0001308548089582473,7.083982927724719e-05,0.00047862183419056237,7.021010644111397e-09,0.0,0.0,0.0,0.0,0.0,0.0,anisotropic
51,3.3574341223863158e-12,0.005125784315168858,0.9933072328567505,0.9933072328567505,0.9933071732521057,0.0,-1.3085481320469078e-13,7.083983193881954e-14,-1.3006414574727416e-16,2.640876570092379e-15,4.786218621953553e-13,-0.0001308548089582473,7.083982927724719e-05,0.00047862183419056237,7.039110849922665e-09,0.0,0.0,0.0,0.0,0.0,0.0,anisotropic
52,3.3574341223863158e-12,0.005125784315168858,0.9933072328567505,0.9933072328567505,0.9933071732521057,0.0,-1.3085481320469078e-13,7.083983193881954e-14,-1.3006414574727416e-16,2.640876570092379e-15,4.786218621953553e-13,-0.0001308548089582473,7.083982927724719e-05,0.00047862183419056237,7.0573399208075785e-09,0.0,0.0,0.0,0.0,0.0,0.0,anisotropic
53,3.3574341223863158e-12,0.005125784315168858,0.9933072328567505,0.9933072328567505,0.9933071732521057,0.0,-1.3085481320469078e-13,7.083983193881954e-14,-1.3006414574727416e-16,2.640876570092379e-15,4.786218621953553e-13,-0.0001308548089582473,7.083982927724719e-05,0.00047862183419056237,7.075770517427775e-09,0.0,0.0,0.0,0.0,0.0,0.0,anisotropic
54,3.3574341223863158e-12,0.005125784315168858,0.9933072328567505,0.9933072328567505,0.9933071732521057,0.0,-1.3085481320469078e-13,7.083983193881954e-14,-1.3006414574727416e-16,2.640876570092379e-15,4.786218621953553e-13,-0.0001308548089582473,7.083982927724719e-05,0.00047862183419056237,7.094252220376956e-09,0.0,0.0,0.0,0.0,0.0,0.0,anisotropic
55,3.3574341223863158e-12,0.005125784315168858,0.9933072328567505,0.9933072328567505,0.9933071732521057,0.0,-1.3085481320469078e-13,7.083983193881954e-14,-1.3006414574727416e-16,2.640876570092379e-15,4.786218621953553e-13,-0.0001308548089582473,7.083982927724719e-05,0.00047862183419056237,7.112814118583779e-09,0.0,0.0,0.0,0.0,0.0,0.0,anisotropic
56,3.3574341223863158e-12,0.005125784315168858,0.9933072328567505,0.9933072328567505,0.9933071732521057,0.0,-1.3085481320469078e-13,7.083983193881954e-14,-1.3006414574727416e-16,2.640876570092379e-15,4.786218621953553e-13,-0.0001308548089582473,7.083982927724719e-05,0.00047862183419056237,7.131650559502023e-09,0.0,0.0,0.0,0.0,0.0,0.0,anisotropic
57,3.3574341223863158e-12,0.005125784315168858,0.9933072328567505,0.9933072328567505,0.9933071732521057,0.0,-1.3085481320469078e-13,7.083983193881954e-14,-1.3006414574727416e-16,2.640876570092379e-15,4.786218621953553e-13,-0.0001308548089582473,7.083982927724719e-05,0.00047862183419056237,7.150355183113019e-09,0.0,0.0,0.0,0.0,0.0,0.0,anisotropic
58,3.3574341223863158e-12,0.005125784315168858,0.9933072328567505,0.9933072328567505,0.9933071732521057,0.0,-1.3085481320469078e-13,7.083983193881954e-14,-1.3006414574727416e-16,2.640876570092379e-15,4.786218621953553e-13,-0.0001308548089582473,7.083982927724719e-05,0.00047862183419056237,7.16930082628253e-09,0.0,0.0,0.0,0.0,0.0,0.0,anisotropic
59,3.3574341223863158e-12,0.005125784315168858,0.9933072328567505,0.9933072328567505,0.9933071732521057,0.0,-1.3085481320469078e-13,7.083983193881954e-14,-1.3006414574727416e-16,2.640876570092379e-15,4.786218621953553e-13,-0.0001308548089582473,7.083982927724719e-05,0.00047862183419056237,7.188359156790243e-09,0.0,0.0,0.0,0.0,0.0,0.0,anisotropic
60,3.3574341223863158e-12,0.005125784315168858,0.9933072328567505,0.9933072328567505,0.9933071732521057,0.0,-1.3085481320469078e-13,7.083983193881954e-14,-1.3006414574727416e-16,2.640876570092379e-15,4.786218621953553e-13,-0.0001308548089582473,7.083982927724719e-05,0.00047862183419056237,7.20753286679691e-09,0.0,0.0,0.0,0.0,0.0,0.0,anisotropic
61,3.3574341223863158e-12,0.005125784315168858,0.9933072328567505,0.9933072328567505,0.9933071732521057,0.0,-1.3085481320469078e-13,7.083983193881954e-14,-1.3006414574727416e-16,2.640876570092379e-15,4.786218621953553e-13,-0.0001308548089582473,7.083982927724719e-05,0.00047862183419056237,7.226594272461659e-09,0.0,0.0,0.0,0.0,0.0,0.0,anisotropic
62,3.3574341223863158e-12,0.005125784315168858,0.9933072328567505,0.9933072328567505,0.9933071732521057,0.0,-1.3085481320469078e-13,7.083983193881954e-14,-1.3006414574727416e-16,2.640876570092379e-15,4.786218621953553e-13,-0.0001308548089582473,7.083982927724719e-05,0.00047862183419056237,7.245801627384543e-09,0.0,0.0,0.0,0.0,0.0,0.0,anisotropic
63,3.3574341223863158e-12,0.005125784315168858,0.9933072328567505,0.9933072328567505,0.9933071732521057,0.0,-1.3085481320469078e-13,7.083983193881954e-14,-1.3006414574727416e-16,2.640876570092379e-15,4.786218621953553e-13,-0.0001308548089582473,7.083982927724719e-05,0.00047862183419056237,7.265199325915193e-09,0.0,0.0,0.0,0.0,0.0,0.0,anisotropic
64,3.3574341223863158e-12,0.005125784315168858,0.9933072328567505,0.9933072328567505,0.9933071732521057,0.0,-1.3085481320469078e-13,7.083983193881954e-14,-1.3006414574727416e-16,2.640876570092379e-15,4.786218621953553e-13,-0.0001308548089582473,7.083982927724719e-05,0.00047862183419056237,7.284647531714681e-09,0.0,0.0,0.0,0.0,0.0,0.0,anisotropic
65,3.3574341223863158e-12,0.005125784315168858,0.9933072328567505,0.9933072328567505,0.9933071732521057,0.0,-1.3085481320469078e-13,7.083983193881954e-14,-1.3006414574727416e-16,2.640876570092379e-15,4.786218621953553e-13,-0.0001308548089582473,7.083982927724719e-05,0.00047862183419056237,7.304026632947494e-09,0.0,0.0,0.0,0.0,0.0,0.0,anisotropic
66,3.3574341223863158e-12,0.005125784315168858,0.9933072328567505,0.9933072328567505,0.9933071732521057,0.0,-1.3085481320469078e-13,7.083983193881954e-14,-1.3006414574727416e-16,2.640876570092379e-15,4.786218621953553e-13,-0.0001308548089582473,7.083982927724719e-05,0.00047862183419056237,7.32364128073719e-09,0.0,0.0,0.0,0.0,0.0,0.0,anisotropic
67,3.3574341223863158e-12,0.005125784315168858,0.9933072328567505,0.9933072328567505,0.9933071732521057,0.0,-1.3085481320469078e-13,7.083983193881954e-14,-1.3006414574727416e-16,2.640876570092379e-15,4.786218621953553e-13,-0.0001308548089582473,7.083982927724719e-05,0.00047862183419056237,7.343186761353049e-09,0.0,0.0,0.0,0.0,0.0,0.0,anisotropic
68,3.3574341223863158e-12,0.005125784315168858,0.9933072328567505,0.9933072328567505,0.9933071732521057,0.0,-1.3085481320469078e-13,7.083983193881954e-14,-1.3006414574727416e-16,2.640876570092379e-15,4.786218621953553e-13,-0.0001308548089582473,7.083982927724719e-05,0.00047862183419056237,7.362598402380116e-09,0.0,0.0,0.0,0.0,0.0,0.0,anisotropic
69,3.3574341223863158e-12,0.005125784315168858,0.9933072328567505,0.9933072328567505,0.9933071732521057,0.0,-1.3085481320469078e-13,7.083983193881954e-14,-1.3006414574727416e-16,2.640876570092379e-15,4.786218621953553e-13,-0.0001308548089582473,7.083982927724719e-05,0.00047862183419056237,7.382337043703133e-09,0.0,0.0,0.0,0.0,0.0,0.0,anisotropic
70,3.3574341223863158e-12,0.005125784315168858,0.9933072328567505,0.9933072328567505,0.9933071732521057,0.0,-1.3085481320469078e-13,7.083983193881954e-14,-1.3006414574727416e-16,2.640876570092379e-15,4.786218621953553e-13,-0.0001308548089582473,7.083982927724719e-05,0.00047862183419056237,7.402021381545814e-09,0.0,0.0,0.0,0.0,0.0,0.0,anisotropic
71,3.3574341223863158e-12,0.005125784315168858,0.9933072328567505,0.9933072328567505,0.9933071732521057,0.0,-1.3085481320469078e-13,7.083983193881954e-14,-1.3006414574727416e-16,2.640876570092379e-15,4.786218621953553e-13,-0.0001308548089582473,7.083982927724719e-05,0.00047862183419056237,7.421882599904807e-09,0.0,0.0,0.0,0.0,0.0,0.0,anisotropic
72,3.3574341223863158e-12,0.005125784315168858,0.9933072328567505,0.9933072328567505,0.9933071732521057,0.0,-1.3085481320469078e-13,7.083983193881954e-14,-1.3006414574727416e-16,2.640876570092379e-15,4.786218621953553e-13,-0.0001308548089582473,7.083982927724719e-05,0.00047862183419056237,7.44162275158439e-09,0.0,0.0,0.0,0.0,0.0,0.0,anisotropic
73,3.3574341223863158e-12,0.005125784315168858,0.9933072328567505,0.9933072328567505,0.9933071732521057,0.0,-1.3085481320469078e-13,7.083983193881954e-14,-1.3006414574727416e-16,2.640876570092379e-15,4.786218621953553e-13,-0.0001308548089582473,7.083982927724719e-05,0.00047862183419056237,7.461490534144455e-09,0.0,0.0,0.0,0.0,0.0,0.0,anisotropic
74,3.3574341223863158e-12,0.005125784315168858,0.9933072328567505,0.9933072328567505,0.9933071732521057,0.0,-1.3085481320469078e-13,7.083983193881954e-14,-1.3006414574727416e-16,2.640876570092379e-15,4.786218621953553e-13,-0.0001308548089582473,7.083982927724719e-05,0.00047862183419056237,7.481446381664249e-09,0.0,0.0,0.0,0.0,0.0,0.0,anisotropic
75,3.3574341223863158e-12,0.005125784315168858,0.9933072328567505,0.9933072328567505,0.9933071732521057,0.0,-1.3085481320469078e-13,7.083983193881954e-14,-1.3006414574727416e-16,2.640876570092379e-15,4.786218621953553e-13,-0.0001308548089582473,7.083982927724719e-05,0.00047862183419056237,7.501439501059003e-09,0.0,0.0,0.0,0.0,0.0,0.0,anisotropic
76,3.3574341223863158e-12,0.005125784315168858,0.9933072328567505,0.9933072328567505,0.9933071732521057,0.0,-1.3085481320469078e-13,7.083983193881954e-14,-1.3006414574727416e-16,2.640876570092379e-15,4.786218621953553e-13,-0.0001308548089582473,7.083982927724719e-05,0.00047862183419056237,7.52123064190771e-09,0.0,0.0,0.0,0.0,0.0,0.0,anisotropic
77,3.3574341223863158e-12,0.005125784315168858,0.9933072328567505,0.9933072328567505,0.9933071732521057,0.0,-1.3085481320469078e-13,7.083983193881954e-14,-1.3006414574727416e-16,2.640876570092379e-15,4.786218621953553e-13,-0.0001308548089582473,7.083982927724719e-05,0.00047862183419056237,7.541206420708059e-09,0.0,0.0,0.0,0.0,0.0,0.0,anisotropic
78,3.3574341223863158e-12,0.005125784315168858,0.9933072328567505,0.9933072328567505,0.9933071732521057,0.0,-1.3085481320469078e-13,7.083983193881954e-14,-1.3006414574727416e-16,2.640876570092379e-15,4.786218621953553e-13,-0.0001308548089582473,7.083982927724719e-05,0.00047862183419056237,7.561261768600409e-09,0.0,0.0,0.0,0.0,0.0,0.0,anisotropic
79,3.3574341223863158e-12,0.005125784315168858,0.9933072328567505,0.9933072328567505,0.9933071732521057,0.0,-1.3085481320469078e-13,7.083983193881954e-14,-1.3006414574727416e-16,2.640876570092379e-15,4.786218621953553e-13,-0.0001308548089582473,7.083982927724719e-05,0.00047862183419056237,7.581322372512143e-09,0.0,0.0,0.0,0.0,0.0,0.0,anisotropic
80,3.3574341223863158e-12,0.005125784315168858,0.9933072328567505,0.9933072328567505,0.9933071732521057,0.0,-1.3085481320469078e-13,7.083983193881954e-14,-1.3006414574727416e-16,2.640876570092379e-15,4.786218621953553e-13,-0.0001308548089582473,7.083982927724719e-05,0.00047862183419056237,7.601400544651524e-09,0.0,0.0,0.0,0.0,0.0,0.0,anisotropic
81,3.3574341223863158e-12,0.005125784315168858,0.9933072328567505,0.9933072328567505,0.9933071732521057,0.0,-1.3085481320469078e-13,7.083983193881954e-14,-1.3006414574727416e-16,2.640876570092379e-15,4.786218621953553e-13,-0.0001308548089582473,7.083982927724719e-05,0.00047862183419056237,7.621473519102713e-09,0.0,0.0,0.0,0.0,0.0,0.0,anisotropic
82,3.3574341223863158e-12,0.005125784315168858,0.9933072328567505,0.9933072328567505,0.9933071732521057,0.0,-1.3085481320469078e-13,7.083983193881954e-14,-1.3006414574727416e-16,2.640876570092379e-15,4.786218621953553e-13,-0.0001308548089582473,7.083982927724719e-05,0.00047862183419056237,7.641508393222516e-09,0.0,0.0,0.0,0.0,0.0,0.0,anisotropic
83,3.3574341223863158e-12,0.005125784315168858,0.9933072328567505,0.9933072328567505,0.9933071732521057,0.0,-1.3085481320469078e-13,7.083983193881954e-14,-1.3006414574727416e-16,2.640876570092379e-15,4.786218621953553e-13,-0.0001308548089582473,7.083982927724719e-05,0.00047862183419056237,7.6616738642413e-09,0.0,0.0,0.0,0.0,0.0,0.0,anisotropic
84,3.3574341223863158e-12,0.005125784315168858,0.9933072328567505,0.9933072328567505,0.9933071732521057,0.0,-1.3085481320469078e-13,7.083983193881954e-14,-1.3006414574727416e-16,2.640876570092379e-15,4.786218621953553e-13,-0.0001308548089582473,7.083982927724719e-05,0.00047862183419056237,7.681961933903763e-09,0.0,0.0,0.0,0.0,0.0,0.0,anisotropic
85,3.3574341223863158e-12,0.005125784315168858,0.9933072328567505,0.9933072328567505,0.9933071732521057,0.0,-1.3085481320469078e-13,7.083983193881954e-14,-1.3006414574727416e-16,2.640876570092379e-15,4.786218621953553e-13,-0.0001308548089582473,7.083982927724719e-05,0.00047862183419056237,7.702071057946078e-09,0.0,0.0,0.0,0.0,0.0,0.0,anisotropic
86,3.3574341223863158e-12,0.005125784315168858,0.9933072328567505,0.9933072328567505,0.9933071732521057,0.0,-1.3085481320469078e-13,7.083983193881954e-14,-1.3006414574727416e-16,2.640876570092379e-15,4.786218621953553e-13,-0.0001308548089582473,7.083982927724719e-05,0.00047862183419056237,7.722267878597647e-09,0.0,0.0,0.0,0.0,0.0,0.0,anisotropic
87,3.3574341223863158e-12,0.005125784315168858,0.9933072328567505,0.9933072328567505,0.9933071732521057,0.0,-1.3085481320469078e-13,7.083983193881954e-14,-1.3006414574727416e-16,2.640876570092379e-15,4.786218621953553e-13,-0.0001308548089582473,7.083982927724719e-05,0.00047862183419056237,7.742440633531532e-09,0.0,0.0,0.0,0.0,0.0,0.0,anisotropic
88,3.3574341223863158e-12,0.005125784315168858,0.9933072328567505,0.9933072328567505,0.9933071732521057,0.0,-1.3085481320469078e-13,7.083983193881954e-14,-1.3006414574727416e-16,2.640876570092379e-15,4.786218621953553e-13,-0.0001308548089582473,7.083982927724719e-05,0.00047862183419056237,7.762684853285758e-09,0.0,0.0,0.0,0.0,0.0,0.0,anisotropic
89,3.3574341223863158e-12,0.005125784315168858,0.9933072328567505,0.9933072328567505,0.9933071732521057,0.0,-1.3085481320469078e-13,7.083983193881954e-14,-1.3006414574727416e-16,2.640876570092379e-15,4.786218621953553e-13,-0.0001308548089582473,7.083982927724719e-05,0.00047862183419056237,7.78299712109025e-09,0.0,0.0,0.0,0.0,0.0,0.0,anisotropic
90,3.3574341223863158e-12,0.005125784315168858,0.9933072328567505,0.9933072328567505,0.9933071732521057,0.0,-1.3085481320469078e-13,7.083983193881954e-14,-1.3006414574727416e-16,2.640876570092379e-15,4.786218621953553e-13,-0.0001308548089582473,7.083982927724719e-05,0.00047862183419056237,7.803111660599493e-09,0.0,0.0,0.0,0.0,0.0,0.0,anisotropic
91,3.3574341223863158e-12,0.005125784315168858,0.9933072328567505,0.9933072328567505,0.9933071732521057,0.0,-1.3085481320469078e-13,7.083983193881954e-14,-1.3006414574727416e-16,2.640876570092379e-15,4.786218621953553e-13,-0.0001308548089582473,7.083982927724719e-05,0.00047862183419056237,7.823492935687027e-09,0.0,0.0,0.0,0.0,0.0,0.0,anisotropic
92,3.3574341223863158e-12,0.005125784315168858,0.9933072328567505,0.9933072328567505,0.9933071732521057,0.0,-1.3085481320469078e-13,7.083983193881954e-14,-1.3006414574727416e-16,2.640876570092379e-15,4.786218621953553e-13,-0.0001308548089582473,7.083982927724719e-05,0.00047862183419056237,7.84383963826482e-09,0.0,0.0,0.0,0.0,0.0,0.0,anisotropic
93,3.3574341223863158e-12,0.005125784315168858,0.9933072328567505,0.9933072328567505,0.9933071732521057,0.0,-1.3085481320469078e-13,7.083983193881954e-14,-1.3006414574727416e-16,2.640876570092379e-15,4.786218621953553e-13,-0.0001308548089582473,7.083982927724719e-05,0.00047862183419056237,7.863973763743172e-09,0.0,0.0,0.0,0.0,0.0,0.0,anisotropic
94,3.3574341223863158e-12,0.005125784315168858,0.9933072328567505,0.9933072328567505,0.9933071732521057,0.0,-1.3085481320469078e-13,7.083983193881954e-14,-1.3006414574727416e-16,2.640876570092379e-15,4.786218621953553e-13,-0.0001308548089582473,7.083982927724719e-05,0.00047862183419056237,7.884380530514504e-09,0.0,0.0,0.0,0.0,0.0,0.0,anisotropic
95,3.3574341223863158e-12,0.005125784315168858,0.9933072328567505,0.9933072328567505,0.9933071732521057,0.0,-1.3085481320469078e-13,7.083983193881954e-14,-1.3006414574727416e-16,2.640876570092379e-15,4.786218621953553e-13,-0.0001308548089582473,7.083982927724719e-05,0.00047862183419056237,7.904623015187793e-09,0.0,0.0,0.0,0.0,0.0,0.0,anisotropic
96,3.3574341223863158e-12,0.005125784315168858,0.9933072328567505,0.9933072328567505,0.9933071732521057,0.0,-1.3085481320469078e-13,7.083983193881954e-14,-1.3006414574727416e-16,2.640876570092379e-15,4.786218621953553e-13,-0.0001308548089582473,7.083982927724719e-05,0.00047862183419056237,7.92482474101531e-09,0.0,0.0,0.0,0.0,0.0,0.0,anisotropic
97,3.3574341223863158e-12,0.005125784315168858,0.9933072328567505,0.9933072328567505,0.9933071732521057,0.0,-1.3085481320469078e-13,7.083983193881954e-14,-1.3006414574727416e-16,2.640876570092379e-15,4.786218621953553e-13,-0.0001308548089582473,7.083982927724719e-05,0.00047862183419056237,7.945146929969134e-09,0.0,0.0,0.0,0.0,0.0,0.0,anisotropic
98,3.3574341223863158e-12,0.005125784315168858,0.9933072328567505,0.9933072328567505,0.9933071732521057,0.0,-1.3085481320469078e-13,7.083983193881954e-14,-1.3006414574727416e-16,2.640876570092379e-15,4.786218621953553e-13,-0.0001308548089582473,7.083982927724719e-05,0.00047862183419056237,7.965602867874339e-09,0.0,0.0,0.0,0.0,0.0,0.0,anisotropic
99,3.3574341223863158e-12,0.005125784315168858,0.9933072328567505,0.9933072328567505,0.9933071732521057,0.0,-1.3085481320469078e-13,7.083983193881954e-14,-1.3006414574727416e-16,2.640876570092379e-15,4.786218621953553e-13,-0.0001308548089582473,7.083982927724719e-05,0.00047862183419056237,7.985970684634735e-09,0.0,0.0,0.0,0.0,0.0,0.0,anisotropic
100,3.3574341223863158e-12,0.005125784315168858,0.9933072328567505,0.9933072328567505,0.9933071732521057,0.0,-1.3085481320469078e-13,7.083983193881954e-14,-1.3006414574727416e-16,2.640876570092379e-15,4.786218621953553e-13,-0.0001308548089582473,7.083982927724719e-05,0.00047862183419056237,8.006255376894474e-09,0.0,0.0,0.0,0.0,0.0,0.0,anisotropic
101,3.3574341223863158e-12,0.005125784315168858,0.9933072328567505,0.9933072328567505,0.9933071732521057,0.0,-1.3085481320469078e-13,7.083983193881954e-14,-1.3006414574727416e-16,2.640876570092379e-15,4.786218621953553e-13,-0.0001308548089582473,7.083982927724719e-05,0.00047862183419056237,8.026606799279503e-09,0.0,0.0,0.0,0.0,0.0,0.0,anisotropic
102,3.3574341223863158e-12,0.005125784315168858,0.9933072328567505,0.9933072328567505,0.9933071732521057,0.0,-1.3085481320469078e-13,7.083983193881954e-14,-1.3006414574727416e-16,2.640876570092379e-15,4.786218621953553e-13,-0.0001308548089582473,7.083982927724719e-05,0.00047862183419056237,8.046896846821885e-09,0.0,0.0,0.0,0.0,0.0,0.0,anisotropic
103,3.3574341223863158e-12,0.005125784315168858,0.9933072328567505,0.9933072328567505,0.9933071732521057,0.0,-1.3085481320469078e-13,7.083983193881954e-14,-1.3006414574727416e-16,2.640876570092379e-15,4.786218621953553e-13,-0.0001308548089582473,7.083982927724719e-05,0.00047862183419056237,8.067209983039136e-09,0.0,0.0,0.0,0.0,0.0,0.0,anisotropic
104,3.3574341223863158e-12,0.005125784315168858,0.9933072328567505,0.9933072328567505,0.9933071732521057,0.0,-1.3085481320469078e-13,7.083983193881954e-14,-1.3006414574727416e-16,2.640876570092379e-15,4.786218621953553e-13,-0.0001308548089582473,7.083982927724719e-05,0.00047862183419056237,8.087580859807654e-09,0.0,0.0,0.0,0.0,0.0,0.0,anisotropic
105,3.3574341223863158e-12,0.005125784315168858,0.9933072328567505,0.9933072328567505,0.9933071732521057,0.0,-1.3085481320469078e-13,7.083983193881954e-14,-1.3006414574727416e-16,2.640876570092379e-15,4.786218621953553e-13,-0.0001308548089582473,7.083982927724719e-05,0.00047862183419056237,8.10794079439016e-09,0.0,0.0,0.0,0.0,0.0,0.0,anisotropic
106,3.3574341223863158e-12,0.005125784315168858,0.9933072328567505,0.9933072328567505,0.9933071732521057,0.0,-1.3085481320469078e-13,7.083983193881954e-14,-1.3006414574727416e-16,2.640876570092379e-15,4.786218621953553e-13,-0.0001308548089582473,7.083982927724719e-05,0.00047862183419056237,8.128386175988653e-09,0.0,0.0,0.0,0.0,0.0,0.0,anisotropic
107,3.3574341223863158e-12,0.005125784315168858,0.9933072328567505,0.9933072328567505,0.9933071732521057,0.0,-1.3085481320469078e-13,7.083983193881954e-14,-1.3006414574727416e-16,2.640876570092379e-15,4.786218621953553e-13,-0.0001308548089582473,7.083982927724719e-05,0.00047862183419056237,8.1485872740103e-09,0.0,0.0,0.0,0.0,0.0,0.0,anisotropic
108,3.3574341223863158e-12,0.005125784315168858,0.9933072328567505,0.9933072328567505,0.9933071732521057,0.0,-1.3085481320469078e-13,7.083983193881954e-14,-1.3006414574727416e-16,2.640876570092379e-15,4.786218621953553e-13,-0.0001308548089582473,7.083982927724719e-05,0.00047862183419056237,8.168952064512248e-09,0.0,0.0,0.0,0.0,0.0,0.0,anisotropic
109,3.3574341223863158e-12,0.005125784315168858,0.9933072328567505,0.9933072328567505,0.9933071732521057,0.0,-1.3085481320469078e-13,7.083983193881954e-14,-1.3006414574727416e-16,2.640876570092379e-15,4.786218621953553e-13,-0.0001308548089582473,7.083982927724719e-05,0.00047862183419056237,8.189352849431152e-09,0.0,0.0,0.0,0.0,0.0,0.0,anisotropic
110,3.3574341223863158e-12,0.005125784315168858,0.9933072328567505,0.9933072328567505,0.9933071732521057,0.0,-1.3085481320469078e-13,7.083983193881954e-14,-1.3006414574727416e-16,2.640876570092379e-15,4.786218621953553e-13,-0.0001308548089582473,7.083982927724719e-05,0.00047862183419056237,8.209700792237435e-09,0.0,0.0,0.0,0.0,0.0,0.0,anisotropic
111,3.3574341223863158e-12,0.005125784315168858,0.9933072328567505,0.9933072328567505,0.9933071732521057,0.0,-1.3085481320469078e-13,7.083983193881954e-14,-1.3006414574727416e-16,2.640876570092379e-15,4.786218621953553e-13,-0.0001308548089582473,7.083982927724719e-05,0.00047862183419056237,8.230079311252999e-09,0.0,0.0,0.0,0.0,0.0,0.0,anisotropic
112,3.3574341223863158e-12,0.005125784315168858,0.9933072328567505,0.9933072328567505,0.9933071732521057,0.0,-1.3085481320469078e-13,7.083983193881954e-14,-1.3006414574727416e-16,2.640876570092379e-15,4.786218621953553e-13,-0.0001308548089582473,7.083982927724719e-05,0.00047862183419056237,8.250319609488442e-09,0.0,0.0,0.0,0.0,0.0,0.0,anisotropic
113,3.3574341223863158e-12,0.005125784315168858,0.9933072328567505,0.9933072328567505,0.9933071732521057,0.0,-1.3085481320469078e-13,7.083983193881954e-14,-1.3006414574727416e-16,2.640876570092379e-15,4.786218621953553e-13,-0.0001308548089582473,7.083982927724719e-05,0.00047862183419056237,8.27067276832986e-09,0.0,0.0,0.0,0.0,0.0,0.0,anisotropic
114,3.3574341223863158e-12,0.005125784315168858,0.9933072328567505,0.9933072328567505,0.9933071732521057,0.0,-1.3085481320469078e-13,7.083983193881954e-14,-1.3006414574727416e-16,2.640876570092379e-15,4.786218621953553e-13,-0.0001308548089582473,7.083982927724719e-05,0.00047862183419056237,8.290992610352287e-09,0.0,0.0,0.0,0.0,0.0,0.0,anisotropic
115,3.3574341223863158e-12,0.005125784315168858,0.9933072328567505,0.9933072328567505,0.9933071732521057,0.0,-1.3085481320469078e-13,7.083983193881954e-14,-1.3006414574727416e-16,2.640876570092379e-15,4.786218621953553e-13,-0.0001308548089582473,7.083982927724719e-05,0.00047862183419056237,8.311445976242272e-09,0.0,0.0,0.0,0.0,0.0,0.0,anisotropic
116,3.3574341223863158e-12,0.005125784315168858,0.9933072328567505,0.9933072328567505,0.9933071732521057,0.0,-1.3085481320469078e-13,7.083983193881954e-14,-1.3006414574727416e-16,2.640876570092379e-15,4.786218621953553e-13,-0.0001308548089582473,7.083982927724719e-05,0.00047862183419056237,8.33168850123611e-09,0.0,0.0,0.0,0.0,0.0,0.0,anisotropic
117,3.3574341223863158e-12,0.005125784315168858,0.9933072328567505,0.9933072328567505,0.9933071732521057,0.0,-1.3085481320469078e-13,7.083983193881954e-14,-1.3006414574727416e-16,2.640876570092379e-15,4.786218621953553e-13,-0.0001308548089582473,7.083982927724719e-05,0.00047862183419056237,8.352009676824691e-09,0.0,0.0,0.0,0.0,0.0,0.0,anisotropic
118,3.3574341223863158e-12,0.005125784315168858,0.9933072328567505,0.9933072328567505,0.9933071732521057,0.0,-1.3085481320469078e-13,7.083983193881954e-14,-1.3006414574727416e-16,2.640876570092379e-15,4.786218621953553e-13,-0.0001308548089582473,7.083982927724719e-05,0.00047862183419056237,8.37227706742099e-09,0.0,0.0,0.0,0.0,0.0,0.0,anisotropic
119,3.3574341223863158e-12,0.005125784315168858,0.9933072328567505,0.9933072328567505,0.9933071732521057,0.0,-1.3085481320469078e-13,7.083983193881954e-14,-1.3006414574727416e-16,2.640876570092379e-15,4.786218621953553e-13,-0.0001308548089582473,7.083982927724719e-05,0.00047862183419056237,8.392692277015848e-09,0.0,0.0,0.0,0.0,0.0,0.0,anisotropic
120,3.3574341223863158e-12,0.005125784315168858,0.9933072328567505,0.9933072328567505,0.9933071732521057,0.0,-1.3085481320469078e-13,7.083983193881954e-14,-1.3006414574727416e-16,2.640876570092379e-15,4.786218621953553e-13,-0.0001308548089582473,7.083982927724719e-05,0.00047862183419056237,8.413101183994877e-09,0.0,0.0,0.0,0.0,0.0,0.0,anisotropic
121,3.3574341223863158e-12,0.005125784315168858,0.9933072328567505,0.9933072328567505,0.9933071732521057,0.0,-1.3085481320469078e-13,7.083983193881954e-14,-1.3006414574727416e-16,2.640876570092379e-15,4.786218621953553e-13,-0.0001308548089582473,7.083982927724719e-05,0.00047862183419056237,8.433416662144462e-09,0.0,0.0,0.0,0.0,0.0,0.0,anisotropic
122,3.3574341223863158e-12,0.005125784315168858,0.9933072328567505,0.9933072328567505,0.9933071732521057,0.0,-1.3085481320469078e-13,7.083983193881954e-14,-1.3006414574727416e-16,2.640876570092379e-15,4.786218621953553e-13,-0.0001308548089582473,7.083982927724719e-05,0.00047862183419056237,8.453689270755284e-09,0.0,0.0,0.0,0.0,0.0,0.0,anisotropic
123,3.3574341223863158e-12,0.005125784315168858,0.9933072328567505,0.9933072328567505,0.9933071732521057,0.0,-1.3085481320469078e-13,7.083983193881954e-14,-1.3006414574727416e-16,2.640876570092379e-15,4.786218621953553e-13,-0.0001308548089582473,7.083982927724719e-05,0.00047862183419056237,8.473944489743891e-09,0.0,0.0,0.0,0.0,0.0,0.0,anisotropic
124,3.3574341223863158e-12,0.005125784315168858,0.9933072328567505,0.9933072328567505,0.9933071732521057,0.0,-1.3085481320469078e-13,7.083983193881954e-14,-1.3006414574727416e-16,2.640876570092379e-15,4.786218621953553e-13,-0.0001308548089582473,7.083982927724719e-05,0.00047862183419056237,8.494309827188921e-09,0.0,0.0,0.0,0.0,0.0,0.0,anisotropic
125,3.3574341223863158e-12,0.005125784315168858,0.9933072328567505,0.9933072328567505,0.9933071732521057,0.0,-1.3085481320469078e-13,7.083983193881954e-14,-1.3006414574727416e-16,2.640876570092379e-15,4.786218621953553e-13,-0.0001308548089582473,7.083982927724719e-05,0.00047862183419056237,8.514545708340131e-09,0.0,0.0,0.0,0.0,0.0,0.0,anisotropic
126,3.3574341223863158e-12,0.005125784315168858,0.9933072328567505,0.9933072328567505,0.9933071732521057,0.0,-1.3085481320469078e-13,7.083983193881954e-14,-1.3006414574727416e-16,2.640876570092379e-15,4.786218621953553e-13,-0.0001308548089582473,7.083982927724719e-05,0.00047862183419056237,8.535071350686577e-09,0.0,0.0,0.0,0.0,0.0,0.0,anisotropic
127,3.3574341223863158e-12,0.005125784315168858,0.9933072328567505,0.9933072328567505,0.9933071732521057,0.0,-1.3085481320469078e-13,7.083983193881954e-14,-1.3006414574727416e-16,2.640876570092379e-15,4.786218621953553e-13,-0.0001308548089582473,7.083982927724719e-05,0.00047862183419056237,8.555196221724007e-09,0.0,0.0,0.0,0.0,0.0,0.0,anisotropic
128,3.3574341223863158e-12,0.005125784315168858,0.9933072328567505,0.9933072328567505,0.9933071732521057,0.0,-1.3085481320469078e-13,7.083983193881954e-14,-1.3006414574727416e-16,2.640876570092379e-15,4.786218621953553e-13,-0.0001308548089582473,7.083982927724719e-05,0.00047862183419056237,8.575433211270796e-09,0.0,0.0,0.0,0.0,0.0,0.0,anisotropic
129,3.3574341223863158e-12,0.005125784315168858,0.9933072328567505,0.9933072328567505,0.9933071732521057,0.0,-1.3085481320469078e-13,7.083983193881954e-14,-1.3006414574727416e-16,2.640876570092379e-15,4.786218621953553e-13,-0.0001308548089582473,7.083982927724719e-05,0.00047862183419056237,8.595747426437106e-09,0.0,0.0,0.0,0.0,0.0,0.0,anisotropic
130,3.3574341223863158e-12,0.005125784315168858,0.9933072328567505,0.9933072328567505,0.9933071732521057,0.0,-1.3085481320469078e-13,7.083983193881954e-14,-1.3006414574727416e-16,2.640876570092379e-15,4.786218621953553e-13,-0.0001308548089582473,7.083982927724719e-05,0.00047862183419056237,8.616111512932742e-09,0.0,0.0,0.0,0.0,0.0,0.0,anisotropic
131,3.3574341223863158e-12,0.005125784315168858,0.9933072328567505,0.9933072328567505,0.9933071732521057,0.0,-1.3085481320469078e-13,7.083983193881954e-14,-1.3006414574727416e-16,2.640876570092379e-15,4.786218621953553e-13,-0.0001308548089582473,7.083982927724719e-05,0.00047862183419056237,8.636517451872056e-09,0.0,0.0,0.0,0.0,0.0,0.0,anisotropic
132,3.3574341223863158e-12,0.005125784315168858,0.9933072328567505,0.9933072328567505,0.9933071732521057,0.0,-1.3085481320469078e-13,7.083983193881954e-14,-1.3006414574727416e-16,2.640876570092379e-15,4.786218621953553e-13,-0.0001308548089582473,7.083982927724719e-05,0.00047862183419056237,8.659043194951175e-09,0.0,0.0,0.0,0.0,0.0,0.0,anisotropic
133,3.3574341223863158e-12,0.005125784315168858,0.9933072328567505,0.9933072328567505,0.9933071732521057,0.0,-1.3085481320469078e-13,7.083983193881954e-14,-1.3006414574727416e-16,2.640876570092379e-15,4.786218621953553e-13,-0.0001308548089582473,7.083982927724719e-05,0.00047862183419056237,8.681029788965012e-09,0.0,0.0,0.0,0.0,0.0,0.0,anisotropic
134,3.3574341223863158e-12,0.005125784315168858,0.9933072328567505,0.9933072328567505,0.9933071732521057,0.0,-1.3085481320469078e-13,7.083983193881954e-14,-1.3006414574727416e-16,2.640876570092379e-15,4.786218621953553e-13,-0.0001308548089582473,7.083982927724719e-05,0.00047862183419056237,8.701624971880728e-09,0.0,0.0,0.0,0.0,0.0,0.0,anisotropic
135,3.3574341223863158e-12,0.005125784315168858,0.9933072328567505,0.9933072328567505,0.9933071732521057,0.0,-1.3085481320469078e-13,7.083983193881954e-14,-1.3006414574727416e-16,2.640876570092379e-15,4.786218621953553e-13,-0.0001308548089582473,7.083982927724719e-05,0.00047862183419056237,8.720488023925302e-09,0.0,0.0,0.0,0.0,0.0,0.0,anisotropic
136,3.3574341223863158e-12,0.005125784315168858,0.9933072328567505,0.9933072328567505,0.9933071732521057,0.0,-1.3085481320469078e-13,7.083983193881954e-14,-1.3006414574727416e-16,2.640876570092379e-15,4.786218621953553e-13,-0.0001308548089582473,7.083982927724719e-05,0.00047862183419056237,8.738024373128377e-09,0.0,0.0,0.0,0.0,0.0,0.0,anisotropic
137,3.3574341223863158e-12,0.005125784315168858,0.9933072328567505,0.9933072328567505,0.9933071732521057,0.0,-1.3085481320469078e-13,7.083983193881954e-14,-1.3006414574727416e-16,2.640876570092379e-15,4.786218621953553e-13,-0.0001308548089582473,7.083982927724719e-05,0.00047862183419056237,8.757882450615905e-09,0.0,0.0,0.0,0.0,0.0,0.0,anisotropic
138,3.3574341223863158e-12,0.005125784315168858,0.9933072328567505,0.9933072328567505,0.9933071732521057,0.0,-1.3085481320469078e-13,7.083983193881954e-14,-1.3006414574727416e-16,2.640876570092379e-15,4.786218621953553e-13,-0.0001308548089582473,7.083982927724719e-05,0.00047862183419056237,8.777935457180736e-09,0.0,0.0,0.0,0.0,0.0,0.0,anisotropic
139,3.3574341223863158e-12,0.005125784315168858,0.9933072328567505,0.9933072328567505,0.9933071732521057,0.0,-1.3085481320469078e-13,7.083983193881954e-14,-1.3006414574727416e-16,2.640876570092379e-15,4.786218621953553e-13,-0.0001308548089582473,7.083982927724719e-05,0.00047862183419056237,8.798083585786837e-09,0.0,0.0,0.0,0.0,0.0,0.0,anisotropic
140,3.3574341223863158e-12,0.005125784315168858,0.9933072328567505,0.9933072328567505,0.9933071732521057,0.0,-1.3085481320469078e-13,7.083983193881954e-14,-1.3006414574727416e-16,2.640876570092379e-15,4.786218621953553e-13,-0.0001308548089582473,7.083982927724719e-05,0.00047862183419056237,8.818147392393704e-09,0.0,0.0,0.0,0.0,0.0,0.0,anisotropic
141,3.3574341223863158e-12,0.005125784315168858,0.9933072328567505,0.9933072328567505,0.9933071732521057,0.0,-1.3085481320469078e-13,7.083983193881954e-14,-1.3006414574727416e-16,2.640876570092379e-15,4.786218621953553e-13,-0.0001308548089582473,7.083982927724719e-05,0.00047862183419056237,8.83839975721892e-09,0.0,0.0,0.0,0.0,0.0,0.0,anisotropic
142,3.3574341223863158e-12,0.005125784315168858,0.9933072328567505,0.9933072328567505,0.9933071732521057,0.0,-1.3085481320469078e-13,7.083983193881954e-14,-1.3006414574727416e-16,2.640876570092379e-15,4.786218621953553e-13,-0.0001308548089582473,7.083982927724719e-05,0.00047862183419056237,8.858455889048149e-09,0.0,0.0,0.0,0.0,0.0,0.0,anisotropic
143,3.3574341223863158e-12,0.005125784315168858,0.9933072328567505,0.9933072328567505,0.9933071732521057,0.0,-1.3085481320469078e-13,7.083983193881954e-14,-1.3006414574727416e-16,2.640876570092379e-15,4.786218621953553e-13,-0.0001308548089582473,7.083982927724719e-05,0.00047862183419056237,8.87857463723358e-09,0.0,0.0,0.0,0.0,0.0,0.0,anisotropic
144,3.3574341223863158e-12,0.005125784315168858,0.9933072328567505,0.9933072328567505,0.9933071732521057,0.0,-1.3085481320469078e-13,7.083983193881954e-14,-1.3006414574727416e-16,2.640876570092379e-15,4.786218621953553e-13,-0.0001308548089582473,7.083982927724719e-05,0.00047862183419056237,8.898715699654721e-09,0.0,0.0,0.0,0.0,0.0,0.0,anisotropic
145,3.3574341223863158e-12,0.005125784315168858,0.9933072328567505,0.9933072328567505,0.9933071732521057,0.0,-1.3085481320469078e-13,7.083983193881954e-14,-1.3006414574727416e-16,2.640876570092379e-15,4.786218621953553e-13,-0.0001308548089582473,7.083982927724719e-05,0.00047862183419056237,8.918863374922655e-09,0.0,0.0,0.0,0.0,0.0,0.0,anisotropic
146,3.3574341223863158e-12,0.005125784315168858,0.9933072328567505,0.9933072328567505,0.9933071732521057,0.0,-1.3085481320469078e-13,7.083983193881954e-14,-1.3006414574727416e-16,2.640876570092379e-15,4.786218621953553e-13,-0.0001308548089582473,7.083982927724719e-05,0.00047862183419056237,8.938988733499802e-09,0.0,0.0,0.0,0.0,0.0,0.0,anisotropic
147,3.3574341223863158e-12,0.005125784315168858,0.9933072328567505,0.9933072328567505,0.9933071732521057,0.0,-1.3085481320469078e-13,7.083983193881954e-14,-1.3006414574727416e-16,2.640876570092379e-15,4.786218621953553e-13,-0.0001308548089582473,7.083982927724719e-05,0.00047862183419056237,8.95900312959307e-09,0.0,0.0,0.0,0.0,0.0,0.0,anisotropic
148,3.3574341223863158e-12,0.005125784315168858,0.9933072328567505,0.9933072328567505,0.9933071732521057,0.0,-1.3085481320469078e-13,7.083983193881954e-14,-1.3006414574727416e-16,2.640876570092379e-15,4.786218621953553e-13,-0.0001308548089582473,7.083982927724719e-05,0.00047862183419056237,8.979229512855532e-09,0.0,0.0,0.0,0.0,0.0,0.0,anisotropic
149,3.3574341223863158e-12,0.005125784315168858,0.9933072328567505,0.9933072328567505,0.9933071732521057,0.0,-1.3085481320469078e-13,7.083983193881954e-14,-1.3006414574727416e-16,2.640876570092379e-15,4.786218621953553e-13,-0.0001308548089582473,7.083982927724719e-05,0.00047862183419056237,8.999319807766845e-09,0.0,0.0,0.0,0.0,0.0,0.0,anisotropic
150,3.3574341223863158e-12,0.005125784315168858,0.9933072328567505,0.9933072328567505,0.9933071732521057,0.0,-1.3085481320469078e-13,7.083983193881954e-14,-1.3006414574727416e-16,2.640876570092379e-15,4.786218621953553e-13,-0.0001308548089582473,7.083982927724719e-05,0.00047862183419056237,9.019299102314548e-09,0.0,0.0,0.0,0.0,0.0,0.0,anisotropic
151,3.3574341223863158e-12,0.005125784315168858,0.9933072328567505,0.9933072328567505,0.9933071732521057,0.0,-1.3085481320469078e-13,7.083983193881954e-14,-1.3006414574727416e-16,2.640876570092379e-15,4.786218621953553e-13,-0.0001308548089582473,7.083982927724719e-05,0.00047862183419056237,9.039410772342034e-09,0.0,0.0,0.0,0.0,0.0,0.0,anisotropic
152,3.3574341223863158e-12,0.005125784315168858,0.9933072328567505,0.9933072328567505,0.9933071732521057,0.0,-1.3085481320469078e-13,7.083983193881954e-14,-1.3006414574727416e-16,2.640876570092379e-15,4.786218621953553e-13,-0.0001308548089582473,7.083982927724719e-05,0.00047862183419056237,9.059436187871248e-09,0.0,0.0,0.0,0.0,0.0,0.0,anisotropic
153,3.3574341223863158e-12,0.005125784315168858,0.9933072328567505,0.9933072328567505,0.9933071732521057,0.0,-1.3085481320469078e-13,7.083983193881954e-14,-1.3006414574727416e-16,2.640876570092379e-15,4.786218621953553e-13,-0.0001308548089582473,7.083982927724719e-05,0.00047862183419056237,9.079436560807165e-09,0.0,0.0,0.0,0.0,0.0,0.0,anisotropic
154,3.3574341223863158e-12,0.005125784315168858,0.9933072328567505,0.9933072328567505,0.9933071732521057,0.0,-1.3085481320469078e-13,7.083983193881954e-14,-1.3006414574727416e-16,2.640876570092379e-15,4.786218621953553e-13,-0.0001308548089582473,7.083982927724719e-05,0.00047862183419056237,9.09965172021358e-09,0.0,0.0,0.0,0.0,0.0,0.0,anisotropic
155,3.3574341223863158e-12,0.005125784315168858,0.9933072328567505,0.9933072328567505,0.9933071732521057,0.0,-1.3085481320469078e-13,7.083983193881954e-14,-1.3006414574727416e-16,2.640876570092379e-15,4.786218621953553e-13,-0.0001308548089582473,7.083982927724719e-05,0.00047862183419056237,9.119622801430153e-09,0.0,0.0,0.0,0.0,0.0,0.0,anisotropic
156,3.3574341223863158e-12,0.005125784315168858,0.9933072328567505,0.9933072328567505,0.9933071732521057,0.0,-1.3085481320469078e-13,7.083983193881954e-14,-1.3006414574727416e-16,2.640876570092379e-15,4.786218621953553e-13,-0.0001308548089582473,7.083982927724719e-05,0.00047862183419056237,9.139634582555736e-09,0.0,0.0,0.0,0.0,0.0,0.0,anisotropic
157,3.3574341223863158e-12,0.005125784315168858,0.9933072328567505,0.9933072328567505,0.9933071732521057,0.0,-1.3085481320469078e-13,7.083983193881954e-14,-1.3006414574727416e-16,2.640876570092379e-15,4.786218621953553e-13,-0.0001308548089582473,7.083982927724719e-05,0.00047862183419056237,9.159658474460993e-09,0.0,0.0,0.0,0.0,0.0,0.0,anisotropic
158,3.3574341223863158e-12,0.005125784315168858,0.9933072328567505,0.9933072328567505,0.9933071732521057,0.0,-1.3085481320469078e-13,7.083983193881954e-14,-1.3006414574727416e-16,2.640876570092379e-15,4.786218621953553e-13,-0.0001308548089582473,7.083982927724719e-05,0.00047862183419056237,9.179793495013852e-09,0.0,0.0,0.0,0.0,0.0,0.0,anisotropic
159,3.3574341223863158e-12,0.005125784315168858,0.9933072328567505,0.9933072328567505,0.9933071732521057,0.0,-1.3085481320469078e-13,7.083983193881954e-14,-1.3006414574727416e-16,2.640876570092379e-15,4.786218621953553e-13,-0.0001308548089582473,7.083982927724719e-05,0.00047862183419056237,9.199762467582547e-09,0.0,0.0,0.0,0.0,0.0,0.0,anisotropic
160,3.3574341223863158e-12,0.005125784315168858,0.9933072328567505,0.9933072328567505,0.9933071732521057,0.0,-1.3085481320469078e-13,7.083983193881954e-14,-1.3006414574727416e-16,2.640876570092379e-15,4.786218621953553e-13,-0.0001308548089582473,7.083982927724719e-05,0.00047862183419056237,9.219673915110751e-09,0.0,0.0,0.0,0.0,0.0,0.0,anisotropic
161,3.3574341223863158e-12,0.005125784315168858,0.9933072328567505,0.9933072328567505,0.9933071732521057,0.0,-1.3085481320469078e-13,7.083983193881954e-14,-1.3006414574727416e-16,2.640876570092379e-15,4.786218621953553e-13,-0.0001308548089582473,7.083982927724719e-05,0.00047862183419056237,9.239619053902925e-09,0.0,0.0,0.0,0.0,0.0,0.0,anisotropic
162,3.3574341223863158e-12,0.005125784315168858,0.9933072328567505,0.9933072328567505,0.9933071732521057,0.0,-1.3085481320469078e-13,7.083983193881954e-14,-1.3006414574727416e-16,2.640876570092379e-15,4.786218621953553e-13,-0.0001308548089582473,7.083982927724719e-05,0.00047862183419056237,9.259820923001303e-09,0.0,0.0,0.0,0.0,0.0,0.0,anisotropic
163,3.3574341223863158e-12,0.005125784315168858,0.9933072328567505,0.9933072328567505,0.9933071732521057,0.0,-1.3085481320469078e-13,7.083983193881954e-14,-1.3006414574727416e-16,2.640876570092379e-15,4.786218621953553e-13,-0.0001308548089582473,7.083982927724719e-05,0.00047862183419056237,9.27957714074534e-09,0.0,0.0,0.0,0.0,0.0,0.0,anisotropic
164,3.3574341223863158e-12,0.005125784315168858,0.9933072328567505,0.9933072328567505,0.9933071732521057,0.0,-1.3085481320469078e-13,7.083983193881954e-14,-1.3006414574727416e-16,2.640876570092379e-15,4.786218621953553e-13,-0.0001308548089582473,7.083982927724719e-05,0.00047862183419056237,9.299753090801895e-09,0.0,0.0,0.0,0.0,0.0,0.0,anisotropic
165,3.3574341223863158e-12,0.005125784315168858,0.9933072328567505,0.9933072328567505,0.9933071732521057,0.0,-1.3085481320469078e-13,7.083983193881954e-14,-1.3006414574727416e-16,2.640876570092379e-15,4.786218621953553e-13,-0.0001308548089582473,7.083982927724719e-05,0.00047862183419056237,9.319691174739496e-09,0.0,0.0,0.0,0.0,0.0,0.0,anisotropic
166,3.3574341223863158e-12,0.005125784315168858,0.9933072328567505,0.9933072328567505,0.9933071732521057,0.0,-1.3085481320469078e-13,7.083983193881954e-14,-1.3006414574727416e-16,2.640876570092379e-15,4.786218621953553e-13,-0.0001308548089582473,7.083982927724719e-05,0.00047862183419056237,9.339628047961059e-09,0.0,0.0,0.0,0.0,0.0,0.0,anisotropic
167,3.3574341223863158e-12,0.005125784315168858,0.9933072328567505,0.9933072328567505,0.9933071732521057,0.0,-1.3085481320469078e-13,7.083983193881954e-14,-1.3006414574727416e-16,2.640876570092379e-15,4.786218621953553e-13,-0.0001308548089582473,7.083982927724719e-05,0.00047862183419056237,9.359585122325902e-09,0.0,0.0,0.0,0.0,0.0,0.0,anisotropic
168,3.3574341223863158e-12,0.005125784315168858,0.9933072328567505,0.9933072328567505,0.9933071732521057,0.0,-1.3085481320469078e-13,7.083983193881954e-14,-1.3006414574727416e-16,2.640876570092379e-15,4.786218621953553e-13,-0.0001308548089582473,7.083982927724719e-05,0.00047862183419056237,9.379563496171047e-09,0.0,0.0,0.0,0.0,0.0,0.0,anisotropic
169,3.3574341223863158e-12,0.005125784315168858,0.9933072328567505,0.9933072328567505,0.9933071732521057,0.0,-1.3085481320469078e-13,7.083983193881954e-14,-1.3006414574727416e-16,2.640876570092379e-15,4.786218621953553e-13,-0.0001308548089582473,7.083982927724719e-05,0.00047862183419056237,9.399497901453843e-09,0.0,0.0,0.0,0.0,0.0,0.0,anisotropic
170,3.3574341223863158e-12,0.005125784315168858,0.9933072328567505,0.9933072328567505,0.9933071732521057,0.0,-1.3085481320469078e-13,7.083983193881954e-14,-1.3006414574727416e-16,2.640876570092379e-15,4.786218621953553e-13,-0.0001308548089582473,7.083982927724719e-05,0.00047862183419056237,9.419239442668841e-09,0.0,0.0,0.0,0.0,0.0,0.0,anisotropic
171,3.3574341223863158e-12,0.005125784315168858,0.9933072328567505,0.9933072328567505,0.9933071732521057,0.0,-1.3085481320469078e-13,7.083983193881954e-14,-1.3006414574727416e-16,2.640876570092379e-15,4.786218621953553e-13,-0.0001308548089582473,7.083982927724719e-05,0.00047862183419056237,9.439282789277842e-09,0.0,0.0,0.0,0.0,0.0,0.0,anisotropic
172,3.3574341223863158e-12,0.005125784315168858,0.9933072328567505,0.9933072328567505,0.9933071732521057,0.0,-1.3085481320469078e-13,7.083983193881954e-14,-1.3006414574727416e-16,2.640876570092379e-15,4.786218621953553e-13,-0.0001308548089582473,7.083982927724719e-05,0.00047862183419056237,9.458999706081472e-09,0.0,0.0,0.0,0.0,0.0,0.0,anisotropic
173,3.3574341223863158e-12,0.005125784315168858,0.9933072328567505,0.9933072328567505,0.9933071732521057,0.0,-1.3085481320469078e-13,7.083983193881954e-14,-1.3006414574727416e-16,2.640876570092379e-15,4.786218621953553e-13,-0.0001308548089582473,7.083982927724719e-05,0.00047862183419056237,9.4789434355528e-09,0.0,0.0,0.0,0.0,0.0,0.0,anisotropic
174,3.3574341223863158e-12,0.005125784315168858,0.9933072328567505,0.9933072328567505,0.9933071732521057,0.0,-1.3085481320469078e-13,7.083983193881954e-14,-1.3006414574727416e-16,2.640876570092379e-15,4.786218621953553e-13,-0.0001308548089582473,7.083982927724719e-05,0.00047862183419056237,9.49892959688918e-09,0.0,0.0,0.0,0.0,0.0,0.0,anisotropic
175,3.3574341223863158e-12,0.005125784315168858,0.9933072328567505,0.9933072328567505,0.9933071732521057,0.0,-1.3085481320469078e-13,7.083983193881954e-14,-1.3006414574727416e-16,2.640876570092379e-15,4.786218621953553e-13,-0.0001308548089582473,7.083982927724719e-05,0.00047862183419056237,9.518694360710679e-09,0.0,0.0,0.0,0.0,0.0,0.0,anisotropic
176,3.3574341223863158e-12,0.005125784315168858,0.9933072328567505,0.9933072328567505,0.9933071732521057,0.0,-1.3085481320469078e-13,7.083983193881954e-14,-1.3006414574727416e-16,2.640876570092379e-15,4.786218621953553e-13,-0.0001308548089582473,7.083982927724719e-05,0.00047862183419056237,9.538679045520613e-09,0.0,0.0,0.0,0.0,0.0,0.0,anisotropic
177,3.3574341223863158e-12,0.005125784315168858,0.9933072328567505,0.9933072328567505,0.9933071732521057,0.0,-1.3085481320469078e-13,7.083983193881954e-14,-1.3006414574727416e-16,2.640876570092379e-15,4.786218621953553e-13,-0.0001308548089582473,7.083982927724719e-05,0.00047862183419056237,9.558440804204546e-09,0.0,0.0,0.0,0.0,0.0,0.0,anisotropic
178,3.3574341223863158e-12,0.005125784315168858,0.9933072328567505,0.9933072328567505,0.9933071732521057,0.0,-1.3085481320469078e-13,7.083983193881954e-14,-1.3006414574727416e-16,2.640876570092379e-15,4.786218621953553e-13,-0.0001308548089582473,7.083982927724719e-05,0.00047862183419056237,9.578531126081462e-09,0.0,0.0,0.0,0.0,0.0,0.0,anisotropic
179,3.3574341223863158e-12,0.005125784315168858,0.9933072328567505,0.9933072328567505,0.9933071732521057,0.0,-1.3085481320469078e-13,7.083983193881954e-14,-1.3006414574727416e-16,2.640876570092379e-15,4.786218621953553e-13,-0.0001308548089582473,7.083982927724719e-05,0.00047862183419056237,9.598405152169554e-09,0.0,0.0,0.0,0.0,0.0,0.0,anisotropic
180,3.3574341223863158e-12,0.005125784315168858,0.9933072328567505,0.9933072328567505,0.9933071732521057,0.0,-1.3085481320469078e-13,7.083983193881954e-14,-1.3006414574727416e-16,2.640876570092379e-15,4.786218621953553e-13,-0.0001308548089582473,7.083982927724719e-05,0.00047862183419056237,9.618167752599753e-09,0.0,0.0,0.0,0.0,0.0,0.0,anisotropic
181,3.3574341223863158e-12,0.005125784315168858,0.9933072328567505,0.9933072328567505,0.9933071732521057,0.0,-1.3085481320469078e-13,7.083983193881954e-14,-1.3006414574727416e-16,2.640876570092379e-15,4.786218621953553e-13,-0.0001308548089582473,7.083982927724719e-05,0.00047862183419056237,9.638089354839813e-09,0.0,0.0,0.0,0.0,0.0,0.0,anisotropic
182,3.3574341223863158e-12,0.005125784315168858,0.9933072328567505,0.9933072328567505,0.9933071732521057,0.0,-1.3085481320469078e-13,7.083983193881954e-14,-1.3006414574727416e-16,2.640876570092379e-15,4.786218621953553e-13,-0.0001308548089582473,7.083982927724719e-05,0.00047862183419056237,9.65805339082637e-09,0.0,0.0,0.0,0.0,0.0,0.0,anisotropic
183,3.3574341223863158e-12,0.005125784315168858,0.9933072328567505,0.9933072328567505,0.9933071732521057,0.0,-1.3085481320469078e-13,7.083983193881954e-14,-1.3006414574727416e-16,2.640876570092379e-15,4.786218621953553e-13,-0.0001308548089582473,7.083982927724719e-05,0.00047862183419056237,9.67784964337706e-09,0.0,0.0,0.0,0.0,0.0,0.0,anisotropic
184,3.3574341223863158e-12,0.005125784315168858,0.9933072328567505,0.9933072328567505,0.9933071732521057,0.0,-1.3085481320469078e-13,7.083983193881954e-14,-1.3006414574727416e-16,2.640876570092379e-15,4.786218621953553e-13,-0.0001308548089582473,7.083982927724719e-05,0.00047862183419056237,9.69755334656638e-09,0.0,0.0,0.0,0.0,0.0,0.0,anisotropic
185,3.3574341223863158e-12,0.005125784315168858,0.9933072328567505,0.9933072328567505,0.9933071732521057,0.0,-1.3085481320469078e-13,7.083983193881954e-14,-1.3006414574727416e-16,2.640876570092379e-15,4.786218621953553e-13,-0.0001308548089582473,7.083982927724719e-05,0.00047862183419056237,9.717560721161328e-09,0.0,0.0,0.0,0.0,0.0,0.0,anisotropic
186,3.3574341223863158e-12,0.005125784315168858,0.9933072328567505,0.9933072328567505,0.9933071732521057,0.0,-1.3085481320469078e-13,7.083983193881954e-14,-1.3006414574727416e-16,2.640876570092379e-15,4.786218621953553e-13,-0.0001308548089582473,7.083982927724719e-05,0.00047862183419056237,9.737315189035224e-09,0.0,0.0,0.0,0.0,0.0,0.0,anisotropic
187,3.3574341223863158e-12,0.005125784315168858,0.9933072328567505,0.9933072328567505,0.9933071732521057,0.0,-1.3085481320469078e-13,7.083983193881954e-14,-1.3006414574727416e-16,2.640876570092379e-15,4.786218621953553e-13,-0.0001308548089582473,7.083982927724719e-05,0.00047862183419056237,9.75709939763978e-09,0.0,0.0,0.0,0.0,0.0,0.0,anisotropic
188,3.3574341223863158e-12,0.005125784315168858,0.9933072328567505,0.9933072328567505,0.9933071732521057,0.0,-1.3085481320469078e-13,7.083983193881954e-14,-1.3006414574727416e-16,2.640876570092379e-15,4.786218621953553e-13,-0.0001308548089582473,7.083982927724719e-05,0.00047862183419056237,9.777120261531457e-09,0.0,0.0,0.0,0.0,0.0,0.0,anisotropic
189,3.3574341223863158e-12,0.005125784315168858,0.9933072328567505,0.9933072328567505,0.9933071732521057,0.0,-1.3085481320469078e-13,7.083983193881954e-14,-1.3006414574727416e-16,2.640876570092379e-15,4.786218621953553e-13,-0.0001308548089582473,7.083982927724719e-05,0.00047862183419056237,9.796718576259062e-09,0.0,0.0,0.0,0.0,0.0,0.0,anisotropic
190,3.3574341223863158e-12,0.005125784315168858,0.9933072328567505,0.9933072328567505,0.9933071732521057,0.0,-1.3085481320469078e-13,7.083983193881954e-14,-1.3006414574727416e-16,2.640876570092379e-15,4.786218621953553e-13,-0.0001308548089582473,7.083982927724719e-05,0.00047862183419056237,9.816510982393122e-09,0.0,0.0,0.0,0.0,0.0,0.0,anisotropic
191,3.3574341223863158e-12,0.005125784315168858,0.9933072328567505,0.9933072328567505,0.9933071732521057,0.0,-1.3085481320469078e-13,7.083983193881954e-14,-1.3006414574727416e-16,2.640876570092379e-15,4.786218621953553e-13,-0.0001308548089582473,7.083982927724719e-05,0.00047862183419056237,9.836375276558881e-09,0.0,0.0,0.0,0.0,0.0,0.0,anisotropic
192,3.3574341223863158e-12,0.005125784315168858,0.9933072328567505,0.9933072328567505,0.9933071732521057,0.0,-1.3085481320469078e-13,7.083983193881954e-14,-1.3006414574727416e-16,2.640876570092379e-15,4.786218621953553e-13,-0.0001308548089582473,7.083982927724719e-05,0.00047862183419056237,9.856095846892134e-09,0.0,0.0,0.0,0.0,0.0,0.0,anisotropic
193,3.3574341223863158e-12,0.005125784315168858,0.9933072328567505,0.9933072328567505,0.9933071732521057,0.0,-1.3085481320469078e-13,7.083983193881954e-14,-1.3006414574727416e-16,2.640876570092379e-15,4.786218621953553e-13,-0.0001308548089582473,7.083982927724719e-05,0.00047862183419056237,9.875965614110339e-09,0.0,0.0,0.0,0.0,0.0,0.0,anisotropic
194,3.3574341223863158e-12,0.005125784315168858,0.9933072328567505,0.9933072328567505,0.9933071732521057,0.0,-1.3085481320469078e-13,7.083983193881954e-14,-1.3006414574727416e-16,2.640876570092379e-15,4.786218621953553e-13,-0.0001308548089582473,7.083982927724719e-05,0.00047862183419056237,9.895732176029704e-09,0.0,0.0,0.0,0.0,0.0,0.0,anisotropic
195,3.3574341223863158e-12,0.005125784315168858,0.9933072328567505,0.9933072328567505,0.9933071732521057,0.0,-1.3085481320469078e-13,7.083983193881954e-14,-1.3006414574727416e-16,2.640876570092379e-15,4.786218621953553e-13,-0.0001308548089582473,7.083982927724719e-05,0.00047862183419056237,9.915440326667255e-09,0.0,0.0,0.0,0.0,0.0,0.0,anisotropic
196,3.3574341223863158e-12,0.005125784315168858,0.9933072328567505,0.9933072328567505,0.9933071732521057,0.0,-1.3085481320469078e-13,7.083983193881954e-14,-1.3006414574727416e-16,2.640876570092379e-15,4.786218621953553e-13,-0.0001308548089582473,7.083982927724719e-05,0.00047862183419056237,9.935313207606806e-09,0.0,0.0,0.0,0.0,0.0,0.0,anisotropic
197,3.3574341223863158e-12,0.005125784315168858,0.9933072328567505,0.9933072328567505,0.9933071732521057,0.0,-1.3085481320469078e-13,7.083983193881954e-14,-1.3006414574727416e-16,2.640876570092379e-15,4.786218621953553e-13,-0.0001308548089582473,7.083982927724719e-05,0.00047862183419056237,9.955058300065887e-09,0.0,0.0,0.0,0.0,0.0,0.0,anisotropic
198,3.3574341223863158e-12,0.005125784315168858,0.9933072328567505,0.9933072328567505,0.9933071732521057,0.0,-1.3085481320469078e-13,7.083983193881954e-14,-1.3006414574727416e-16,2.640876570092379e-15,4.786218621953553e-13,-0.0001308548089582473,7.083982927724719e-05,0.00047862183419056237,9.974843014280381e-09,0.0,0.0,0.0,0.0,0.0,0.0,anisotropic
199,3.3574341223863158e-12,0.005125784315168858,0.9933072328567505,0.9933072328567505,0.9933071732521057,0.0,-1.3085481320469078e-13,7.083983193881954e-14,-1.3006414574727416e-16,2.640876570092379e-15,4.786218621953553e-13,-0.0001308548089582473,7.083982927724719e-05,0.00047862183419056237,9.994719353371266e-09,0.0,0.0,0.0,0.0,0.0,0.0,anisotropic
200,3.3574341223863158e-12,0.005125784315168858,0.9933072328567505,0.9933072328567505,0.9933071732521057,0.0,-1.3085481320469078e-13,7.083983193881954e-14,-1.3006414574727416e-16,2.640876570092379e-15,4.786218621953553e-13,-0.0001308548089582473,7.083982927724719e-05,0.00047862183419056237,1.0014423275806738e-08,0.0,0.0,0.0,0.0,0.0,0.0,anisotropic
201,3.3574341223863158e-12,0.005125784315168858,0.9933072328567505,0.9933072328567505,0.9933071732521057,0.0,-1.3085481320469078e-13,7.083983193881954e-14,-1.3006414574727416e-16,2.640876570092379e-15,4.786218621953553e-13,-0.0001308548089582473,7.083982927724719e-05,0.00047862183419056237,1.0034121651933405e-08,0.0,0.0,0.0,0.0,0.0,0.0,anisotropic
202,3.3574341223863158e-12,0.005125784315168858,0.9933072328567505,0.9933072328567505,0.9933071732521057,0.0,-1.3085481320469078e-13,7.083983193881954e-14,-1.3006414574727416e-16,2.640876570092379e-15,4.786218621953553e-13,-0.0001308548089582473,7.083982927724719e-05,0.00047862183419056237,1.005382412115034e-08,0.0,0.0,0.0,0.0,0.0,0.0,anisotropic
203,3.3574341223863158e-12,0.005125784315168858,0.9933072328567505,0.9933072328567505,0.9933071732521057,0.0,-1.3085481320469078e-13,7.083983193881954e-14,-1.3006414574727416e-16,2.640876570092379e-15,4.786218621953553e-13,-0.0001308548089582473,7.083982927724719e-05,0.00047862183419056237,1.0073583663599513e-08,0.0,0.0,0.0,0.0,0.0,0.0,anisotropic
204,3.3574341223863158e-12,0.005125784315168858,0.9933072328567505,0.9933072328567505,0.9933071732521057,0.0,-1.3085481320469078e-13,7.083983193881954e-14,-1.3006414574727416e-16,2.640876570092379e-15,4.786218621953553e-13,-0.0001308548089582473,7.083982927724719e-05,0.00047862183419056237,1.0093316107122068e-08,0.0,0.0,0.0,0.0,0.0,0.0,anisotropic
205,3.3574341223863158e-12,0.005125784315168858,0.9933072328567505,0.9933072328567505,0.9933071732521057,0.0,-1.3085481320469078e-13,7.083983193881954e-14,-1.3006414574727416e-16,2.640876570092379e-15,4.786218621953553e-13,-0.0001308548089582473,7.083982927724719e-05,0.00047862183419056237,1.0113052349607227e-08,0.0,0.0,0.0,0.0,0.0,0.0,anisotropic
206,3.3574341223863158e-12,0.005125784315168858,0.9933072328567505,0.9933072328567505,0.9933071732521057,0.0,-1.3085481320469078e-13,7.083983193881954e-14,-1.3006414574727416e-16,2.640876570092379e-15,4.786218621953553e-13,-0.0001308548089582473,7.083982927724719e-05,0.00047862183419056237,1.0132704035806047e-08,0.0,0.0,0.0,0.0,0.0,0.0,anisotropic
207,3.3574341223863158e-12,0.005125784315168858,0.9933072328567505,0.9933072328567505,0.9933071732521057,0.0,-1.3085481320469078e-13,7.083983193881954e-14,-1.3006414574727416e-16,2.640876570092379e-15,4.786218621953553e-13,-0.0001308548089582473,7.083982927724719e-05,0.00047862183419056237,1.0152382736027172e-08,0.0,0.0,0.0,0.0,0.0,0.0,anisotropic
208,3.3574341223863158e-12,0.005125784315168858,0.9933072328567505,0.9933072328567505,0.9933071732521057,0.0,-1.3085481320469078e-13,7.083983193881954e-14,-1.3006414574727416e-16,2.640876570092379e-15,4.786218621953553e-13,-0.0001308548089582473,7.083982927724719e-05,0.00047862183419056237,1.017216032138732e-08,0.0,0.0,0.0,0.0,0.0,0.0,anisotropic
209,3.3574341223863158e-12,0.005125784315168858,0.9933072328567505,0.9933072328567505,0.9933071732521057,0.0,-1.3085481320469078e-13,7.083983193881954e-14,-1.3006414574727416e-16,2.640876570092379e-15,4.786218621953553e-13,-0.0001308548089582473,7.083982927724719e-05,0.00047862183419056237,1.0191779567959312e-08,0.0,0.0,0.0,0.0,0.0,0.0,anisotropic
210,3.3574341223863158e-12,0.005125784315168858,0.9933072328567505,0.9933072328567505,0.9933071732521057,0.0,-1.3085481320469078e-13,7.083983193881954e-14,-1.3006414574727416e-16,2.640876570092379e-15,4.786218621953553e-13,-0.0001308548089582473,7.083982927724719e-05,0.00047862183419056237,1.0211453269164745e-08,0.0,0.0,0.0,0.0,0.0,0.0,anisotropic
211,3.3574341223863158e-12,0.005125784315168858,0.9933072328567505,0.9933072328567505,0.9933071732521057,0.0,-1.3085481320469078e-13,7.083983193881954e-14,-1.3006414574727416e-16,2.640876570092379e-15,4.786218621953553e-13,-0.0001308548089582473,7.083982927724719e-05,0.00047862183419056237,1.0231212593604154e-08,0.0,0.0,0.0,0.0,0.0,0.0,anisotropic
212,3.3574341223863158e-12,0.005125784315168858,0.9933072328567505,0.9933072328567505,0.9933071732521057,0.0,-1.3085481320469078e-13,7.083983193881954e-14,-1.3006414574727416e-16,2.640876570092379e-15,4.786218621953553e-13,-0.0001308548089582473,7.083982927724719e-05,0.00047862183419056237,1.0250841928502564e-08,0.0,0.0,0.0,0.0,0.0,0.0,anisotropic
213,3.3574341223863158e-12,0.005125784315168858,0.9933072328567505,0.9933072328567505,0.9933071732521057,0.0,-1.3085481320469078e-13,7.083983193881954e-14,-1.3006414574727416e-16,2.640876570092379e-15,4.786218621953553e-13,-0.0001308548089582473,7.083982927724719e-05,0.00047862183419056237,1.0270420006149312e-08,0.0,0.0,0.0,0.0,0.0,0.0,anisotropic
214,3.3574341223863158e-12,0.005125784315168858,0.9933072328567505,0.9933072328567505,0.9933071732521057,0.0,-1.3085481320469078e-13,7.083983193881954e-14,-1.3006414574727416e-16,2.640876570092379e-15,4.786218621953553e-13,-0.0001308548089582473,7.083982927724719e-05,0.00047862183419056237,1.0290047999281599e-08,0.0,0.0,0.0,0.0,0.0,0.0,anisotropic
215,3.3574341223863158e-12,0.005125784315168858,0.9933072328567505,0.9933072328567505,0.9933071732521057,0.0,-1.3085481320469078e-13,7.083983193881954e-14,-1.3006414574727416e-16,2.640876570092379e-15,4.786218621953553e-13,-0.0001308548089582473,7.083982927724719e-05,0.00047862183419056237,1.0309726222947557e-08,0.0,0.0,0.0,0.0,0.0,0.0,anisotropic
216,3.3574341223863158e-12,0.005125784315168858,0.9933072328567505,0.9933072328567505,0.9933071732521057,0.0,-1.3085481320469078e-13,7.083983193881954e-14,-1.3006414574727416e-16,2.640876570092379e-15,4.786218621953553e-13,-0.0001308548089582473,7.083982927724719e-05,0.00047862183419056237,1.0329463731770455e-08,0.0,0.0,0.0,0.0,0.0,0.0,anisotropic
217,3.3574341223863158e-12,0.005125784315168858,0.9933072328567505,0.9933072328567505,0.9933071732521057,0.0,-1.3085481320469078e-13,7.083983193881954e-14,-1.3006414574727416e-16,2.640876570092379e-15,4.786218621953553e-13,-0.0001308548089582473,7.083982927724719e-05,0.00047862183419056237,1.0349153724116679e-08,0.0,0.0,0.0,0.0,0.0,0.0,anisotropic
218,3.3574341223863158e-12,0.005125784315168858,0.9933072328567505,0.9933072328567505,0.9933071732521057,0.0,-1.3085481320469078e-13,7.083983193881954e-14,-1.3006414574727416e-16,2.640876570092379e-15,4.786218621953553e-13,-0.0001308548089582473,7.083982927724719e-05,0.00047862183419056237,1.0368846567731258e-08,0.0,0.0,0.0,0.0,0.0,0.0,anisotropic
219,3.3574341223863158e-12,0.005125784315168858,0.9933072328567505,0.9933072328567505,0.9933071732521057,0.0,-1.3085481320469078e-13,7.083983193881954e-14,-1.3006414574727416e-16,2.640876570092379e-15,4.786218621953553e-13,-0.0001308548089582473,7.083982927724719e-05,0.00047862183419056237,1.0388421359869403e-08,0.0,0.0,0.0,0.0,0.0,0.0,anisotropic
220,3.3574341223863158e-12,0.005125784315168858,0.9933072328567505,0.9933072328567505,0.9933071732521057,0.0,-1.3085481320469078e-13,7.083983193881954e-14,-1.3006414574727416e-16,2.640876570092379e-15,4.786218621953553e-13,-0.0001308548089582473,7.083982927724719e-05,0.00047862183419056237,1.0408034909842467e-08,0.0,0.0,0.0,0.0,0.0,0.0,anisotropic
221,3.3574341223863158e-12,0.005125784315168858,0.9933072328567505,0.9933072328567505,0.9933071732521057,0.0,-1.3085481320469078e-13,7.083983193881954e-14,-1.3006414574727416e-16,2.640876570092379e-15,4.786218621953553e-13,-0.0001308548089582473,7.083982927724719e-05,0.00047862183419056237,1.042776789916132e-08,0.0,0.0,0.0,0.0,0.0,0.0,anisotropic
222,3.3574341223863158e-12,0.005125784315168858,0.9933072328567505,0.9933072328567505,0.9933071732521057,0.0,-1.3085481320469078e-13,7.083983193881954e-14,-1.3006414574727416e-16,2.640876570092379e-15,4.786218621953553e-13,-0.0001308548089582473,7.083982927724719e-05,0.00047862183419056237,1.044719103986711e-08,0.0,0.0,0.0,0.0,0.0,0.0,anisotropic
223,3.3574341223863158e-12,0.005125784315168858,0.9933072328567505,0.9933072328567505,0.9933071732521057,0.0,-1.3085481320469078e-13,7.083983193881954e-14,-1.3006414574727416e-16,2.640876570092379e-15,4.786218621953553e-13,-0.0001308548089582473,7.083982927724719e-05,0.00047862183419056237,1.0466884030578778e-08,0.0,0.0,0.0,0.0,0.0,0.0,anisotropic
224,3.3574341223863158e-12,0.005125784315168858,0.9933072328567505,0.9933072328567505,0.9933071732521057,0.0,-1.3085481320469078e-13,7.083983193881954e-14,-1.3006414574727416e-16,2.640876570092379e-15,4.786218621953553e-13,-0.0001308548089582473,7.083982927724719e-05,0.00047862183419056237,1.0486460897002658e-08,0.0,0.0,0.0,0.0,0.0,0.0,anisotropic
225,3.3574341223863158e-12,0.005125784315168858,0.9933072328567505,0.9933072328567505,0.9933071732521057,0.0,-1.3085481320469078e-13,7.083983193881954e-14,-1.3006414574727416e-16,2.640876570092379e-15,4.786218621953553e-13,-0.0001308548089582473,7.083982927724719e-05,0.00047862183419056237,1.0506172705774386e-08,0.0,0.0,0.0,0.0,0.0,0.0,anisotropic
226,3.3574341223863158e-12,0.005125784315168858,0.9933072328567505,0.9933072328567505,0.9933071732521057,0.0,-1.3085481320469078e-13,7.083983193881954e-14,-1.3006414574727416e-16,2.640876570092379e-15,4.786218621953553e-13,-0.0001308548089582473,7.083982927724719e-05,0.00047862183419056237,1.0525703759050668e-08,0.0,0.0,0.0,0.0,0.0,0.0,anisotropic
227,3.3574341223863158e-12,0.005125784315168858,0.9933072328567505,0.9933072328567505,0.9933071732521057,0.0,-1.3085481320469078e-13,7.083983193881954e-14,-1.3006414574727416e-16,2.640876570092379e-15,4.786218621953553e-13,-0.0001308548089582473,7.083982927724719e-05,0.00047862183419056237,1.0545188424047355e-08,0.0,0.0,0.0,0.0,0.0,0.0,anisotropic
228,3.3574341223863158e-12,0.005125784315168858,0.9933072328567505,0.9933072328567505,0.9933071732521057,0.0,-1.3085481320469078e-13,7.083983193881954e-14,-1.3006414574727416e-16,2.640876570092379e-15,4.786218621953553e-13,-0.0001308548089582473,7.083982927724719e-05,0.00047862183419056237,1.0564757929965928e-08,0.0,0.0,0.0,0.0,0.0,0.0,anisotropic
229,3.3574341223863158e-12,0.005125784315168858,0.9933072328567505,0.9933072328567505,0.9933071732521057,0.0,-1.3085481320469078e-13,7.083983193881954e-14,-1.3006414574727416e-16,2.640876570092379e-15,4.786218621953553e-13,-0.0001308548089582473,7.083982927724719e-05,0.00047862183419056237,1.0584206557787948e-08,0.0,0.0,0.0,0.0,0.0,0.0,anisotropic
230,3.3574341223863158e-12,0.005125784315168858,0.9933072328567505,0.9933072328567505,0.9933071732521057,0.0,-1.3085481320469078e-13,7.083983193881954e-14,-1.3006414574727416e-16,2.640876570092379e-15,4.786218621953553e-13,-0.0001308548089582473,7.083982927724719e-05,0.00047862183419056237,1.0603775215989834e-08,0.0,0.0,0.0,0.0,0.0,0.0,anisotropic
231,3.3574341223863158e-12,0.005125784315168858,0.9933072328567505,0.9933072328567505,0.9933071732521057,0.0,-1.3085481320469078e-13,7.083983193881954e-14,-1.3006414574727416e-16,2.640876570092379e-15,4.786218621953553e-13,-0.0001308548089582473,7.083982927724719e-05,0.00047862183419056237,1.062333209835957e-08,0.0,0.0,0.0,0.0,0.0,0.0,anisotropic
232,3.3574341223863158e-12,0.005125784315168858,0.9933072328567505,0.9933072328567505,0.9933071732521057,0.0,-1.3085481320469078e-13,7.083983193881954e-14,-1.3006414574727416e-16,2.640876570092379e-15,4.786218621953553e-13,-0.0001308548089582473,7.083982927724719e-05,0.00047862183419056237,1.0642975187978953e-08,0.0,0.0,0.0,0.0,0.0,0.0,anisotropic
233,3.3574341223863158e-12,0.005125784315168858,0.9933072328567505,0.9933072328567505,0.9933071732521057,0.0,-1.3085481320469078e-13,7.083983193881954e-14,-1.3006414574727416e-16,2.640876570092379e-15,4.786218621953553e-13,-0.0001308548089582473,7.083982927724719e-05,0.00047862183419056237,1.0662411271198478e-08,0.0,0.0,0.0,0.0,0.0,0.0,anisotropic
234,3.3574341223863158e-12,0.005125784315168858,0.9933072328567505,0.9933072328567505,0.9933071732521057,0.0,-1.3085481320469078e-13,7.083983193881954e-14,-1.3006414574727416e-16,2.640876570092379e-15,4.786218621953553e-13,-0.0001308548089582473,7.083982927724719e-05,0.00047862183419056237,1.068206563324358e-08,0.0,0.0,0.0,0.0,0.0,0.0,anisotropic
235,3.3574341223863158e-12,0.005125784315168858,0.9933072328567505,0.9933072328567505,0.9933071732521057,0.0,-1.3085481320469078e-13,7.083983193881954e-14,-1.3006414574727416e-16,2.640876570092379e-15,4.786218621953553e-13,-0.0001308548089582473,7.083982927724719e-05,0.00047862183419056237,1.0701607092843838e-08,0.0,0.0,0.0,0.0,0.0,0.0,anisotropic
236,3.3574341223863158e-12,0.005125784315168858,0.9933072328567505,0.9933072328567505,0.9933071732521057,0.0,-1.3085481320469078e-13,7.083983193881954e-14,-1.3006414574727416e-16,2.640876570092379e-15,4.786218621953553e-13,-0.0001308548089582473,7.083982927724719e-05,0.00047862183419056237,1.0721206188887396e-08,0.0,0.0,0.0,0.0,0.0,0.0,anisotropic
237,3.3574341223863158e-12,0.005125784315168858,0.9933072328567505,0.9933072328567505,0.9933071732521057,0.0,-1.3085481320469078e-13,7.083983193881954e-14,-1.3006414574727416e-16,2.640876570092379e-15,4.786218621953553e-13,-0.0001308548089582473,7.083982927724719e-05,0.00047862183419056237,1.0740705378127591e-08,0.0,0.0,0.0,0.0,0.0,0.0,anisotropic
238,3.3574341223863158e-12,0.005125784315168858,0.9933072328567505,0.9933072328567505,0.9933071732521057,0.0,-1.3085481320469078e-13,7.083983193881954e-14,-1.3006414574727416e-16,2.640876570092379e-15,4.786218621953553e-13,-0.0001308548089582473,7.083982927724719e-05,0.00047862183419056237,1.0760142234232058e-08,0.0,0.0,0.0,0.0,0.0,0.0,anisotropic
239,3.3574341223863158e-12,0.005125784315168858,0.9933072328567505,0.9933072328567505,0.9933071732521057,0.0,-1.3085481320469078e-13,7.083983193881954e-14,-1.3006414574727416e-16,2.640876570092379e-15,4.786218621953553e-13,-0.0001308548089582473,7.083982927724719e-05,0.00047862183419056237,1.077980393170619e-08,0.0,0.0,0.0,0.0,0.0,0.0,anisotropic
240,3.3574341223863158e-12,0.005125784315168858,0.9933072328567505,0.9933072328567505,0.9933071732521057,0.0,-1.3085481320469078e-13,7.083983193881954e-14,-1.3006414574727416e-16,2.640876570092379e-15,4.786218621953553e-13,-0.0001308548089582473,7.083982927724719e-05,0.00047862183419056237,1.0799171943734063e-08,0.0,0.0,0.0,0.0,0.0,0.0,anisotropic
241,3.3574341223863158e-12,0.005125784315168858,0.9933072328567505,0.9933072328567505,0.9933071732521057,0.0,-1.3085481320469078e-13,7.083983193881954e-14,-1.3006414574727416e-16,2.640876570092379e-15,4.786218621953553e-13,-0.0001308548089582473,7.083982927724719e-05,0.00047862183419056237,1.0818778490998344e-08,0.0,0.0,0.0,0.0,0.0,0.0,anisotropic
242,3.3574341223863158e-12,0.005125784315168858,0.9933072328567505,0.9933072328567505,0.9933071732521057,0.0,-1.3085481320469078e-13,7.083983193881954e-14,-1.3006414574727416e-16,2.640876570092379e-15,4.786218621953553e-13,-0.0001308548089582473,7.083982927724719e-05,0.00047862183419056237,1.0838365350977195e-08,0.0,0.0,0.0,0.0,0.0,0.0,anisotropic
243,3.3574341223863158e-12,0.005125784315168858,0.9933072328567505,0.9933072328567505,0.9933071732521057,0.0,-1.3085481320469078e-13,7.083983193881954e-14,-1.3006414574727416e-16,2.640876570092379e-15,4.786218621953553e-13,-0.0001308548089582473,7.083982927724719e-05,0.00047862183419056237,1.0857778751272212e-08,0.0,0.0,0.0,0.0,0.0,0.0,anisotropic
244,3.3574341223863158e-12,0.005125784315168858,0.9933072328567505,0.9933072328567505,0.9933071732521057,0.0,-1.3085481320469078e-13,7.083983193881954e-14,-1.3006414574727416e-16,2.640876570092379e-15,4.786218621953553e-13,-0.0001308548089582473,7.083982927724719e-05,0.00047862183419056237,1.0877262693460282e-08,0.0,0.0,0.0,0.0,0.0,0.0,anisotropic
245,3.3574341223863158e-12,0.005125784315168858,0.9933072328567505,0.9933072328567505,0.9933071732521057,0.0,-1.3085481320469078e-13,7.083983193881954e-14,-1.3006414574727416e-16,2.640876570092379e-15,4.786218621953553e-13,-0.0001308548089582473,7.083982927724719e-05,0.00047862183419056237,1.0896691385399689e-08,0.0,0.0,0.0,0.0,0.0,0.0,anisotropic
246,3.3574341223863158e-12,0.005125784315168858,0.9933072328567505,0.9933072328567505,0.9933071732521057,0.0,-1.3085481320469078e-13,7.083983193881954e-14,-1.3006414574727416e-16,2.640876570092379e-15,4.786218621953553e-13,-0.0001308548089582473,7.083982927724719e-05,0.00047862183419056237,1.091630274369963e-08,0.0,0.0,0.0,0.0,0.0,0.0,anisotropic
247,3.3574341223863158e-12,0.005125784315168858,0.9933072328567505,0.9933072328567505,0.9933071732521057,0.0,-1.3085481320469078e-13,7.083983193881954e-14,-1.3006414574727416e-16,2.640876570092379e-15,4.786218621953553e-13,-0.0001308548089582473,7.083982927724719e-05,0.00047862183419056237,1.0935700045965017e-08,0.0,0.0,0.0,0.0,0.0,0.0,anisotropic
248,3.3574341223863158e-12,0.005125784315168858,0.9933072328567505,0.9933072328567505,0.9933071732521057,0.0,-1.3085481320469078e-13,7.083983193881954e-14,-1.3006414574727416e-16,2.640876570092379e-15,4.786218621953553e-13,-0.0001308548089582473,7.083982927724719e-05,0.00047862183419056237,1.095528071632788e-08,0.0,0.0,0.0,0.0,0.0,0.0,anisotropic
249,3.3574341223863158e-12,0.005125784315168858,0.9933072328567505,0.9933072328567505,0.9933071732521057,0.0,-1.3085481320469078e-13,7.083983193881954e-14,-1.3006414574727416e-16,2.640876570092379e-15,4.786218621953553e-13,-0.0001308548089582473,7.083982927724719e-05,0.00047862183419056237,1.097467160734192e-08,0.0,0.0,0.0,0.0,0.0,0.0,anisotropic
250,3.3574341223863158e-12,0.005125784315168858,0.9933072328567505,0.9933072328567505,0.9933071732521057,0.0,-1.3085481320469078e-13,7.083983193881954e-14,-1.3006414574727416e-16,2.640876570092379e-15,4.786218621953553e-13,-0.0001308548089582473,7.083982927724719e-05,0.00047862183419056237,1.099413685186074e-08,0.0,0.0,0.0,0.0,0.0,0.0,anisotropic
251,3.3574341223863158e-12,0.005125784315168858,0.9933072328567505,0.9933072328567505,0.9933071732521057,0.0,-1.3085481320469078e-13,7.083983193881954e-14,-1.3006414574727416e-16,2.640876570092379e-15,4.786218621953553e-13,-0.0001308548089582473,7.083982927724719e-05,0.00047862183419056237,1.1013621707068487e-08,0.0,0.0,0.0,0.0,0.0,0.0,anisotropic
252,3.3574341223863158e-12,0.005125784315168858,0.9933072328567505,0.9933072328567505,0.9933071732521057,0.0,-1.3085481320469078e-13,7.083983193881954e-14,-1.3006414574727416e-16,2.640876570092379e-15,4.786218621953553e-13,-0.0001308548089582473,7.083982927724719e-05,0.00047862183419056237,1.103312824305902e-08,0.0,0.0,0.0,0.0,0.0,0.0,anisotropic
253,3.3574341223863158e-12,0.005125784315168858,0.9933072328567505,0.9933072328567505,0.9933071732521057,0.0,-1.3085481320469078e-13,7.083983193881954e-14,-1.3006414574727416e-16,2.640876570092379e-15,4.786218621953553e-13,-0.0001308548089582473,7.083982927724719e-05,0.00047862183419056237,1.1052652526650482e-08,0.0,0.0,0.0,0.0,0.0,0.0,anisotropic
254,3.3574341223863158e-12,0.005125784315168858,0.9933072328567505,0.9933072328567505,0.9933071732521057,0.0,-1.3085481320469078e-13,7.083983193881954e-14,-1.3006414574727416e-16,2.640876570092379e-15,4.786218621953553e-13,-0.0001308548089582473,7.083982927724719e-05,0.00047862183419056237,1.107214091751145e-08,0.0,0.0,0.0,0.0,0.0,0.0,anisotropic
255,3.3574341223863158e-12,0.005125784315168858,0.9933072328567505,0.9933072328567505,0.9933071732521057,0.0,-1.3085481320469078e-13,7.083983193881954e-14,-1.3006414574727416e-16,2.640876570092379e-15,4.786218621953553e-13,-0.0001308548089582473,7.083982927724719e-05,0.00047862183419056237,1.1091453343075469e-08,0.0,0.0,0.0,0.0,0.0,0.0,anisotropic
256,3.3574341223863158e-12,0.005125784315168858,0.9933072328567505,0.9933072328567505,0.9933071732521057,0.0,-1.3085481320469078e-13,7.083983193881954e-14,-1.3006414574727416e-16,2.640876570092379e-15,4.786218621953553e-13,-0.0001308548089582473,7.083982927724719e-05,0.00047862183419056237,1.1110948843698075e-08,0.0,0.0,0.0,0.0,0.0,0.0,anisotropic
257,3.3574341223863158e-12,0.005125784315168858,0.9933072328567505,0.9933072328567505,0.9933071732521057,0.0,-1.3085481320469078e-13,7.083983193881954e-14,-1.3006414574727416e-16,2.640876570092379e-15,4.786218621953553e-13,-0.0001308548089582473,7.083982927724719e-05,0.00047862183419056237,1.1130356070946884e-08,0.0,0.0,0.0,0.0,0.0,0.0,anisotropic
258,3.3574341223863158e-12,0.005125784315168858,0.9933072328567505,0.9933072328567505,0.9933071732521057,0.0,-1.3085481320469078e-13,7.083983193881954e-14,-1.3006414574727416e-16,2.640876570092379e-15,4.786218621953553e-13,-0.0001308548089582473,7.083982927724719e-05,0.00047862183419056237,1.1149932994916713e-08,0.0,0.0,0.0,0.0,0.0,0.0,anisotropic
259,3.3574341223863158e-12,0.005125784315168858,0.9933072328567505,0.9933072328567505,0.9933071732521057,0.0,-1.3085481320469078e-13,7.083983193881954e-14,-1.3006414574727416e-16,2.640876570092379e-15,4.786218621953553e-13,-0.0001308548089582473,7.083982927724719e-05,0.00047862183419056237,1.1169303703522193e-08,0.0,0.0,0.0,0.0,0.0,0.0,anisotropic
260,3.3574341223863158e-12,0.005125784315168858,0.9933072328567505,0.9933072328567505,0.9933071732521057,0.0,-1.3085481320469078e-13,7.083983193881954e-14,-1.3006414574727416e-16,2.640876570092379e-15,4.786218621953553e-13,-0.0001308548089582473,7.083982927724719e-05,0.00047862183419056237,1.1188717163262888e-08,0.0,0.0,0.0,0.0,0.0,0.0,anisotropic
261,3.3574341223863158e-12,0.005125784315168858,0.9933072328567505,0.9933072328567505,0.9933071732521057,0.0,-1.3085481320469078e-13,7.083983193881954e-14,-1.3006414574727416e-16,2.640876570092379e-15,4.786218621953553e-13,-0.0001308548089582473,7.083982927724719e-05,0.00047862183419056237,1.1208172518463335e-08,0.0,0.0,0.0,0.0,0.0,0.0,anisotropic
262,3.3574341223863158e-12,0.005125784315168858,0.9933072328567505,0.9933072328567505,0.9933071732521057,0.0,-1.3085481320469078e-13,7.083983193881954e-14,-1.3006414574727416e-16,2.640876570092379e-15,4.786218621953553e-13,-0.0001308548089582473,7.083982927724719e-05,0.00047862183419056237,1.1227622745134222e-08,0.0,0.0,0.0,0.0,0.0,0.0,anisotropic
263,3.3574341223863158e-12,0.005125784315168858,0.9933072328567505,0.9933072328567505,0.9933071732521057,0.0,-1.3085481320469078e-13,7.083983193881954e-14,-1.3006414574727416e-16,2.640876570092379e-15,4.786218621953553e-13,-0.0001308548089582473,7.083982927724719e-05,0.00047862183419056237,1.1246914176036146e-08,0.0,0.0,0.0,0.0,0.0,0.0,anisotropic
264,3.3574341223863158e-12,0.005125784315168858,0.9933072328567505,0.9933072328567505,0.9933071732521057,0.0,-1.3085481320469078e-13,7.083983193881954e-14,-1.3006414574727416e-16,2.640876570092379e-15,4.786218621953553e-13,-0.0001308548089582473,7.083982927724719e-05,0.00047862183419056237,1.1266355431734006e-08,0.0,0.0,0.0,0.0,0.0,0.0,anisotropic
265,3.3574341223863158e-12,0.005125784315168858,0.9933072328567505,0.9933072328567505,0.9933071732521057,0.0,-1.3085481320469078e-13,7.083983193881954e-14,-1.3006414574727416e-16,2.640876570092379e-15,4.786218621953553e-13,-0.0001308548089582473,7.083982927724719e-05,0.00047862183419056237,1.1285728441079184e-08,0.0,0.0,0.0,0.0,0.0,0.0,anisotropic
266,3.3574341223863158e-12,0.005125784315168858,0.9933072328567505,0.9933072328567505,0.9933071732521057,0.0,-1.3085481320469078e-13,7.083983193881954e-14,-1.3006414574727416e-16,2.640876570092379e-15,4.786218621953553e-13,-0.0001308548089582473,7.083982927724719e-05,0.00047862183419056237,1.1305211831141576e-08,0.0,0.0,0.0,0.0,0.0,0.0,anisotropic
267,3.3574341223863158e-12,0.005125784315168858,0.9933072328567505,0.9933072328567505,0.9933071732521057,0.0,-1.3085481320469078e-13,7.083983193881954e-14,-1.3006414574727416e-16,2.640876570092379e-15,4.786218621953553e-13,-0.0001308548089582473,7.083982927724719e-05,0.00047862183419056237,1.132460740580145e-08,0.0,0.0,0.0,0.0,0.0,0.0,anisotropic
268,3.3574341223863158e-12,0.005125784315168858,0.9933072328567505,0.9933072328567505,0.9933071732521057,0.0,-1.3085481320469078e-13,7.083983193881954e-14,-1.3006414574727416e-16,2.640876570092379e-15,4.786218621953553e-13,-0.0001308548089582473,7.083982927724719e-05,0.00047862183419056237,1.1343998689016107e-08,0.0,0.0,0.0,0.0,0.0,0.0,anisotropic
269,3.3574341223863158e-12,0.005125784315168858,0.9933072328567505,0.9933072328567505,0.9933071732521057,0.0,-1.3085481320469078e-13,7.083983193881954e-14,-1.3006414574727416e-16,2.640876570092379e-15,4.786218621953553e-13,-0.0001308548089582473,7.083982927724719e-05,0.00047862183419056237,1.1363187624858499e-08,0.0,0.0,0.0,0.0,0.0,0.0,anisotropic
270,3.3574341223863158e-12,0.005125784315168858,0.9933072328567505,0.9933072328567505,0.9933071732521057,0.0,-1.3085481320469078e-13,7.083983193881954e-14,-1.3006414574727416e-16,2.640876570092379e-15,4.786218621953553e-13,-0.0001308548089582473,7.083982927724719e-05,0.00047862183419056237,1.1382644609768567e-08,0.0,0.0,0.0,0.0,0.0,0.0,anisotropic
271,3.3574341223863158e-12,0.005125784315168858,0.9933072328567505,0.9933072328567505,0.9933071732521057,0.0,-1.3085481320469078e-13,7.083983193881954e-14,-1.3006414574727416e-16,2.640876570092379e-15,4.786218621953553e-13,-0.0001308548089582473,7.083982927724719e-05,0.00047862183419056237,1.1402089653838882e-08,0.0,0.0,0.0,0.0,0.0,0.0,anisotropic
272,3.3574341223863158e-12,0.005125784315168858,0.9933072328567505,0.9933072328567505,0.9933071732521057,0.0,-1.3085481320469078e-13,7.083983193881954e-14,-1.3006414574727416e-16,2.640876570092379e-15,4.786218621953553e-13,-0.0001308548089582473,7.083982927724719e-05,0.00047862183419056237,1.1421545971690024e-08,0.0,0.0,0.0,0.0,0.0,0.0,anisotropic
273,3.3574341223863158e-12,0.005125784315168858,0.9933072328567505,0.9933072328567505,0.9933071732521057,0.0,-1.3085481320469078e-13,7.083983193881954e-14,-1.3006414574727416e-16,2.640876570092379e-15,4.786218621953553e-13,-0.0001308548089582473,7.083982927724719e-05,0.00047862183419056237,1.1440776249736421e-08,0.0,0.0,0.0,0.0,0.0,0.0,anisotropic
274,3.3574341223863158e-12,0.005125784315168858,0.9933072328567505,0.9933072328567505,0.9933071732521057,0.0,-1.3085481320469078e-13,7.083983193881954e-14,-1.3006414574727416e-16,2.640876570092379e-15,4.786218621953553e-13,-0.0001308548089582473,7.083982927724719e-05,0.00047862183419056237,1.1460212692420383e-08,0.0,0.0,0.0,0.0,0.0,0.0,anisotropic
275,3.3574341223863158e-12,0.005125784315168858,0.9933072328567505,0.9933072328567505,0.9933071732521057,0.0,-1.3085481320469078e-13,7.083983193881954e-14,-1.3006414574727416e-16,2.640876570092379e-15,4.786218621953553e-13,-0.0001308548089582473,7.083982927724719e-05,0.00047862183419056237,1.1479500680127522e-08,0.0,0.0,0.0,0.0,0.0,0.0,anisotropic
276,3.3574341223863158e-12,0.005125784315168858,0.9933072328567505,0.9933072328567505,0.9933071732521057,0.0,-1.3085481320469078e-13,7.083983193881954e-14,-1.3006414574727416e-16,2.640876570092379e-15,4.786218621953553e-13,-0.0001308548089582473,7.083982927724719e-05,0.00047862183419056237,1.1499026948193906e-08,0.0,0.0,0.0,0.0,0.0,0.0,anisotropic
277,3.3574341223863158e-12,0.005125784315168858,0.9933072328567505,0.9933072328567505,0.9933071732521057,0.0,-1.3085481320469078e-13,7.083983193881954e-14,-1.3006414574727416e-16,2.640876570092379e-15,4.786218621953553e-13,-0.0001308548089582473,7.083982927724719e-05,0.00047862183419056237,1.151827009687512e-08,0.0,0.0,0.0,0.0,0.0,0.0,anisotropic
278,3.3574341223863158e-12,0.005125784315168858,0.9933072328567505,0.9933072328567505,0.9933071732521057,0.0,-1.3085481320469078e-13,7.083983193881954e-14,-1.3006414574727416e-16,2.640876570092379e-15,4.786218621953553e-13,-0.0001308548089582473,7.083982927724719e-05,0.00047862183419056237,1.1537690376141738e-08,0.0,0.0,0.0,0.0,0.0,0.0,anisotropic
279,3.3574341223863158e-12,0.005125784315168858,0.9933072328567505,0.9933072328567505,0.9933071732521057,0.0,-1.3085481320469078e-13,7.083983193881954e-14,-1.3006414574727416e-16,2.640876570092379e-15,4.786218621953553e-13,-0.0001308548089582473,7.083982927724719e-05,0.00047862183419056237,1.1556995458080234e-08,0.0,0.0,0.0,0.0,0.0,0.0,anisotropic
280,3.3574341223863158e-12,0.005125784315168858,0.9933072328567505,0.9933072328567505,0.9933071732521057,0.0,-1.3085481320469078e-13,7.083983193881954e-14,-1.3006414574727416e-16,2.640876570092379e-15,4.786218621953553e-13,-0.0001308548089582473,7.083982927724719e-05,0.00047862183419056237,1.1576378571186125e-08,0.0,0.0,0.0,0.0,0.0,0.0,anisotropic
281,3.3574341223863158e-12,0.005125784315168858,0.9933072328567505,0.9933072328567505,0.9933071732521057,0.0,-1.3085481320469078e-13,7.083983193881954e-14,-1.3006414574727416e-16,2.640876570092379e-15,4.786218621953553e-13,-0.0001308548089582473,7.083982927724719e-05,0.00047862183419056237,1.1595613843971055e-08,0.0,0.0,0.0,0.0,0.0,0.0,anisotropic
282,3.3574341223863158e-12,0.005125784315168858,0.9933072328567505,0.9933072328567505,0.9933071732521057,0.0,-1.3085481320469078e-13,7.083983193881954e-14,-1.3006414574727416e-16,2.640876570092379e-15,4.786218621953553e-13,-0.0001308548089582473,7.083982927724719e-05,0.00047862183419056237,1.1614892337720474e-08,0.0,0.0,0.0,0.0,0.0,0.0,anisotropic
283,3.3574341223863158e-12,0.005125784315168858,0.9933072328567505,0.9933072328567505,0.9933071732521057,0.0,-1.3085481320469078e-13,7.083983193881954e-14,-1.3006414574727416e-16,2.640876570092379e-15,4.786218621953553e-13,-0.0001308548089582473,7.083982927724719e-05,0.00047862183419056237,1.1634119503999321e-08,0.0,0.0,0.0,0.0,0.0,0.0,anisotropic
284,3.3574341223863158e-12,0.005125784315168858,0.9933072328567505,0.9933072328567505,0.9933071732521057,0.0,-1.3085481320469078e-13,7.083983193881954e-14,-1.3006414574727416e-16,2.640876570092379e-15,4.786218621953553e-13,-0.0001308548089582473,7.083982927724719e-05,0.00047862183419056237,1.165336877633073e-08,0.0,0.0,0.0,0.0,0.0,0.0,anisotropic
285,3.3574341223863158e-12,0.005125784315168858,0.9933072328567505,0.9933072328567505,0.9933071732521057,0.0,-1.3085481320469078e-13,7.083983193881954e-14,-1.3006414574727416e-16,2.640876570092379e-15,4.786218621953553e-13,-0.0001308548089582473,7.083982927724719e-05,0.00047862183419056237,1.167281886968321e-08,0.0,0.0,0.0,0.0,0.0,0.0,anisotropic
286,3.3574341223863158e-12,0.005125784315168858,0.9933072328567505,0.9933072328567505,0.9933071732521057,0.0,-1.3085481320469078e-13,7.083983193881954e-14,-1.3006414574727416e-16,2.640876570092379e-15,4.786218621953553e-13,-0.0001308548089582473,7.083982927724719e-05,0.00047862183419056237,1.1692051794331111e-08,0.0,0.0,0.0,0.0,0.0,0.0,anisotropic
287,3.3574341223863158e-12,0.005125784315168858,0.9933072328567505,0.9933072328567505,0.9933071732521057,0.0,-1.3085481320469078e-13,7.083983193881954e-14,-1.3006414574727416e-16,2.640876570092379e-15,4.786218621953553e-13,-0.0001308548089582473,7.083982927724719e-05,0.00047862183419056237,1.1711439232761877e-08,0.0,0.0,0.0,0.0,0.0,0.0,anisotropic
288,3.3574341223863158e-12,0.005125784315168858,0.9933072328567505,0.9933072328567505,0.9933071732521057,0.0,-1.3085481320469078e-13,7.083983193881954e-14,-1.3006414574727416e-16,2.640876570092379e-15,4.786218621953553e-13,-0.0001308548089582473,7.083982927724719e-05,0.00047862183419056237,1.173073594664874e-08,0.0,0.0,0.0,0.0,0.0,0.0,anisotropic
289,3.3574341223863158e-12,0.005125784315168858,0.9933072328567505,0.9933072328567505,0.9933071732521057,0.0,-1.3085481320469078e-13,7.083983193881954e-14,-1.3006414574727416e-16,2.640876570092379e-15,4.786218621953553e-13,-0.0001308548089582473,7.083982927724719e-05,0.00047862183419056237,1.1749960854029472e-08,0.0,0.0,0.0,0.0,0.0,0.0,anisotropic
290,3.3574341223863158e-12,0.005125784315168858,0.9933072328567505,0.9933072328567505,0.9933071732521057,0.0,-1.3085481320469078e-13,7.083983193881954e-14,-1.3006414574727416e-16,2.640876570092379e-15,4.786218621953553e-13,-0.0001308548089582473,7.083982927724719e-05,0.00047862183419056237,1.1769336959546324e-08,0.0,0.0,0.0,0.0,0.0,0.0,anisotropic
291,3.3574341223863158e-12,0.005125784315168858,0.9933072328567505,0.9933072328567505,0.9933071732521057,0.0,-1.3085481320469078e-13,7.083983193881954e-14,-1.3006414574727416e-16,2.640876570092379e-15,4.786218621953553e-13,-0.0001308548089582473,7.083982927724719e-05,0.00047862183419056237,1.1788632398220424e-08,0.0,0.0,0.0,0.0,0.0,0.0,anisotropic
292,3.3574341223863158e-12,0.005125784315168858,0.9933072328567505,0.9933072328567505,0.9933071732521057,0.0,-1.3085481320469078e-13,7.083983193881954e-14,-1.3006414574727416e-16,2.640876570092379e-15,4.786218621953553e-13,-0.0001308548089582473,7.083982927724719e-05,0.00047862183419056237,1.180801795362415e-08,0.0,0.0,0.0,0.0,0.0,0.0,anisotropic
293,3.3574341223863158e-12,0.005125784315168858,0.9933072328567505,0.9933072328567505,0.9933071732521057,0.0,-1.3085481320469078e-13,7.083983193881954e-14,-1.3006414574727416e-16,2.640876570092379e-15,4.786218621953553e-13,-0.0001308548089582473,7.083982927724719e-05,0.00047862183419056237,1.1827119946660424e-08,0.0,0.0,0.0,0.0,0.0,0.0,anisotropic
294,3.3574341223863158e-12,0.005125784315168858,0.9933072328567505,0.9933072328567505,0.9933071732521057,0.0,-1.3085481320469078e-13,7.083983193881954e-14,-1.3006414574727416e-16,2.640876570092379e-15,4.786218621953553e-13,-0.0001308548089582473,7.083982927724719e-05,0.00047862183419056237,1.1846455339725536e-08,0.0,0.0,0.0,0.0,0.0,0.0,anisotropic
295,3.3574341223863158e-12,0.005125784315168858,0.9933072328567505,0.9933072328567505,0.9933071732521057,0.0,-1.3085481320469078e-13,7.083983193881954e-14,-1.3006414574727416e-16,2.640876570092379e-15,4.786218621953553e-13,-0.0001308548089582473,7.083982927724719e-05,0.00047862183419056237,1.186569567102538e-08,0.0,0.0,0.0,0.0,0.0,0.0,anisotropic
296,3.3574341223863158e-12,0.005125784315168858,0.9933072328567505,0.9933072328567505,0.9933071732521057,0.0,-1.3085481320469078e-13,7.083983193881954e-14,-1.3006414574727416e-16,2.640876570092379e-15,4.786218621953553e-13,-0.0001308548089582473,7.083982927724719e-05,0.00047862183419056237,1.1885120018508744e-08,0.0,0.0,0.0,0.0,0.0,0.0,anisotropic
297,3.3574341223863158e-12,0.005125784315168858,0.9933072328567505,0.9933072328567505,0.9933071732521057,0.0,-1.3085481320469078e-13,7.083983193881954e-14,-1.3006414574727416e-16,2.640876570092379e-15,4.786218621953553e-13,-0.0001308548089582473,7.083982927724719e-05,0.00047862183419056237,1.190429246525622e-08,0.0,0.0,0.0,0.0,0.0,0.0,anisotropic
298,3.3574341223863158e-12,0.005125784315168858,0.9933072328567505,0.9933072328567505,0.9933071732521057,0.0,-1.3085481320469078e-13,7.083983193881954e-14,-1.3006414574727416e-16,2.640876570092379e-15,4.786218621953553e-13,-0.0001308548089582473,7.083982927724719e-05,0.00047862183419056237,1.1923677930912616e-08,0.0,0.0,0.0,0.0,0.0,0.0,anisotropic
299,3.3574341223863158e-12,0.005125784315168858,0.9933072328567505,0.9933072328567505,0.9933071732521057,0.0,-1.3085481320469078e-13,7.083983193881954e-14,-1.3006414574727416e-16,2.640876570092379e-15,4.786218621953553e-13,-0.0001308548089582473,7.083982927724719e-05,0.00047862183419056237,1.1942814402501103e-08,0.0,0.0,0.0,0.0,0.0,0.0,anisotropic
300,3.3574341223863158e-12,0.005125784315168858,0.9933072328567505,0.9933072328567505,0.9933071732521057,0.0,-1.3085481320469078e-13,7.083983193881954e-14,-1.3006414574727416e-16,2.640876570092379e-15,4.786218621953553e-13,-0.0001308548089582473,7.083982927724719e-05,0.00047862183419056237,1.1962155431192648e-08,0.0,0.0,0.0,0.0,0.0,0.0,anisotropic
301,3.3574341223863158e-12,0.005125784315168858,0.9933072328567505,0.9933072328567505,0.9933071732521057,0.0,-1.3085481320469078e-13,7.083983193881954e-14,-1.3006414574727416e-16,2.640876570092379e-15,4.786218621953553e-13,-0.0001308548089582473,7.083982927724719e-05,0.00047862183419056237,1.1981451420104309e-08,0.0,0.0,0.0,0.0,0.0,0.0,anisotropic
302,3.3574341223863158e-12,0.005125784315168858,0.9933072328567505,0.9933072328567505,0.9933071732521057,0.0,-1.3085481320469078e-13,7.083983193881954e-14,-1.3006414574727416e-16,2.640876570092379e-15,4.786218621953553e-13,-0.0001308548089582473,7.083982927724719e-05,0.00047862183419056237,1.2000676616496232e-08,0.0,0.0,0.0,0.0,0.0,0.0,anisotropic
303,3.3574341223863158e-12,0.005125784315168858,0.9933072328567505,0.9933072328567505,0.9933071732521057,0.0,-1.3085481320469078e-13,7.083983193881954e-14,-1.3006414574727416e-16,2.640876570092379e-15,4.786218621953553e-13,-0.0001308548089582473,7.083982927724719e-05,0.00047862183419056237,1.2020000904305263e-08,0.0,0.0,0.0,0.0,0.0,0.0,anisotropic
304,3.3574341223863158e-12,0.005125784315168858,0.9933072328567505,0.9933072328567505,0.9933071732521057,0.0,-1.3085481320469078e-13,7.083983193881954e-14,-1.3006414574727416e-16,2.640876570092379e-15,4.786218621953553e-13,-0.0001308548089582473,7.083982927724719e-05,0.00047862183419056237,1.2039047123701927e-08,0.0,0.0,0.0,0.0,0.0,0.0,anisotropic
305,3.3574341223863158e-12,0.005125784315168858,0.9933072328567505,0.9933072328567505,0.9933071732521057,0.0,-1.3085481320469078e-13,7.083983193881954e-14,-1.3006414574727416e-16,2.640876570092379e-15,4.786218621953553e-13,-0.0001308548089582473,7.083982927724719e-05,0.00047862183419056237,1.2058433449628643e-08,0.0,0.0,0.0,0.0,0.0,0.0,anisotropic
306,3.3574341223863158e-12,0.005125784315168858,0.9933072328567505,0.9933072328567505,0.9933071732521057,0.0,-1.3085481320469078e-13,7.083983193881954e-14,-1.3006414574727416e-16,2.640876570092379e-15,4.786218621953553e-13,-0.0001308548089582473,7.083982927724719e-05,0.00047862183419056237,1.2077629389671868e-08,0.0,0.0,0.0,0.0,0.0,0.0,anisotropic
307,3.3574341223863158e-12,0.005125784315168858,0.9933072328567505,0.9933072328567505,0.9933071732521057,0.0,-1.3085481320469078e-13,7.083983193881954e-14,-1.3006414574727416e-16,2.640876570092379e-15,4.786218621953553e-13,-0.0001308548089582473,7.083982927724719e-05,0.00047862183419056237,1.2096746303728362e-08,0.0,0.0,0.0,0.0,0.0,0.0,anisotropic
308,3.3574341223863158e-12,0.005125784315168858,0.9933072328567505,0.9933072328567505,0.9933071732521057,0.0,-1.3085481320469078e-13,7.083983193881954e-14,-1.3006414574727416e-16,2.640876570092379e-15,4.786218621953553e-13,-0.0001308548089582473,7.083982927724719e-05,0.00047862183419056237,1.2116106132370725e-08,0.0,0.0,0.0,0.0,0.0,0.0,anisotropic
309,3.3574341223863158e-12,0.005125784315168858,0.9933072328567505,0.9933072328567505,0.9933071732521057,0.0,-1.3085481320469078e-13,7.083983193881954e-14,-1.3006414574727416e-16,2.640876570092379e-15,4.786218621953553e-13,-0.0001308548089582473,7.083982927724719e-05,0.00047862183419056237,1.2135298444771622e-08,0.0,0.0,0.0,0.0,0.0,0.0,anisotropic
310,3.3574341223863158e-12,0.005125784315168858,0.9933072328567505,0.9933072328567505,0.9933071732521057,0.0,-1.3085481320469078e-13,7.083983193881954e-14,-1.3006414574727416e-16,2.640876570092379e-15,4.786218621953553e-13,-0.0001308548089582473,7.083982927724719e-05,0.00047862183419056237,1.2154545046331236e-08,0.0,0.0,0.0,0.0,0.0,0.0,anisotropic
311,3.3574341223863158e-12,0.005125784315168858,0.9933072328567505,0.9933072328567505,0.9933071732521057,0.0,-1.3085481320469078e-13,7.083983193881954e-14,-1.3006414574727416e-16,2.640876570092379e-15,4.786218621953553e-13,-0.0001308548089582473,7.083982927724719e-05,0.00047862183419056237,1.2173891756582566e-08,0.0,0.0,0.0,0.0,0.0,0.0,anisotropic
312,3.3574341223863158e-12,0.005125784315168858,0.9933072328567505,0.9933072328567505,0.9933071732521057,0.0,-1.3085481320469078e-13,7.083983193881954e-14,-1.3006414574727416e-16,2.640876570092379e-15,4.786218621953553e-13,-0.0001308548089582473,7.083982927724719e-05,0.00047862183419056237,1.2192910147594966e-08,0.0,0.0,0.0,0.0,0.0,0.0,anisotropic
313,3.3574341223863158e-12,0.005125784315168858,0.9933072328567505,0.9933072328567505,0.9933071732521057,0.0,-1.3085481320469078e-13,7.083983193881954e-14,-1.3006414574727416e-16,2.640876570092379e-15,4.786218621953553e-13,-0.0001308548089582473,7.083982927724719e-05,0.00047862183419056237,1.2212340488597826e-08,0.0,0.0,0.0,0.0,0.0,0.0,anisotropic
314,3.3574341223863158e-12,0.005125784315168858,0.9933072328567505,0.9933072328567505,0.9933071732521057,0.0,-1.3085481320469078e-13,7.083983193881954e-14,-1.3006414574727416e-16,2.640876570092379e-15,4.786218621953553e-13,-0.0001308548089582473,7.083982927724719e-05,0.00047862183419056237,1.223141514965881e-08,0.0,0.0,0.0,0.0,0.0,0.0,anisotropic
315,3.3574341223863158e-12,0.005125784315168858,0.9933072328567505,0.9933072328567505,0.9933071732521057,0.0,-1.3085481320469078e-13,7.083983193881954e-14,-1.3006414574727416e-16,2.640876570092379e-15,4.786218621953553e-13,-0.0001308548089582473,7.083982927724719e-05,0.00047862183419056237,1.2250810280493026e-08,0.0,0.0,0.0,0.0,0.0,0.0,anisotropic
316,3.3574341223863158e-12,0.005125784315168858,0.9933072328567505,0.9933072328567505,0.9933071732521057,0.0,-1.3085481320469078e-13,7.083983193881954e-14,-1.3006414574727416e-16,2.640876570092379e-15,4.786218621953553e-13,-0.0001308548089582473,7.083982927724719e-05,0.00047862183419056237,1.2269906238862138e-08,0.0,0.0,0.0,0.0,0.0,0.0,anisotropic
317,3.3574341223863158e-12,0.005125784315168858,0.9933072328567505,0.9933072328567505,0.9933071732521057,0.0,-1.3085481320469078e-13,7.083983193881954e-14,-1.3006414574727416e-16,2.640876570092379e-15,4.786218621953553e-13,-0.0001308548089582473,7.083982927724719e-05,0.00047862183419056237,1.2289156734181428e-08,0.0,0.0,0.0,0.0,0.0,0.0,anisotropic
318,3.3574341223863158e-12,0.005125784315168858,0.9933072328567505,0.9933072328567505,0.9933071732521057,0.0,-1.3085481320469078e-13,7.083983193881954e-14,-1.3006414574727416e-16,2.640876570092379e-15,4.786218621953553e-13,-0.0001308548089582473,7.083982927724719e-05,0.00047862183419056237,1.230835091659455e-08,0.0,0.0,0.0,0.0,0.0,0.0,anisotropic
319,3.3574341223863158e-12,0.005125784315168858,0.9933072328567505,0.9933072328567505,0.9933071732521057,0.0,-1.3085481320469078e-13,7.083983193881954e-14,-1.3006414574727416e-16,2.640876570092379e-15,4.786218621953553e-13,-0.0001308548089582473,7.083982927724719e-05,0.00047862183419056237,1.2327487925389302e-08,0.0,0.0,0.0,0.0,0.0,0.0,anisotropic
320,3.3574341223863158e-12,0.005125784315168858,0.9933072328567505,0.9933072328567505,0.9933071732521057,0.0,-1.3085481320469078e-13,7.083983193881954e-14,-1.3006414574727416e-16,2.640876570092379e-15,4.786218621953553e-13,-0.0001308548089582473,7.083982927724719e-05,0.00047862183419056237,1.2346617572728739e-08,0.0,0.0,0.0,0.0,0.0,0.0,anisotropic
321,3.3574341223863158e-12,0.005125784315168858,0.9933072328567505,0.9933072328567505,0.9933071732521057,0.0,-1.3085481320469078e-13,7.083983193881954e-14,-1.3006414574727416e-16,2.640876570092379e-15,4.786218621953553e-13,-0.0001308548089582473,7.083982927724719e-05,0.00047862183419056237,1.2365926832319222e-08,0.0,0.0,0.0,0.0,0.0,0.0,anisotropic
322,3.3574341223863158e-12,0.005125784315168858,0.9933072328567505,0.9933072328567505,0.9933071732521057,0.0,-1.3085481320469078e-13,7.083983193881954e-14,-1.3006414574727416e-16,2.640876570092379e-15,4.786218621953553e-13,-0.0001308548089582473,7.083982927724719e-05,0.00047862183419056237,1.2385106904497784e-08,0.0,0.0,0.0,0.0,0.0,0.0,anisotropic
323,3.3574341223863158e-12,0.005125784315168858,0.9933072328567505,0.9933072328567505,0.9933071732521057,0.0,-1.3085481320469078e-13,7.083983193881954e-14,-1.3006414574727416e-16,2.640876570092379e-15,4.786218621953553e-13,-0.0001308548089582473,7.083982927724719e-05,0.00047862183419056237,1.2404408216390912e-08,0.0,0.0,0.0,0.0,0.0,0.0,anisotropic
324,3.3574341223863158e-12,0.005125784315168858,0.9933072328567505,0.9933072328567505,0.9933071732521057,0.0,-1.3085481320469078e-13,7.083983193881954e-14,-1.3006414574727416e-16,2.640876570092379e-15,4.786218621953553e-13,-0.0001308548089582473,7.083982927724719e-05,0.00047862183419056237,1.2423495642447177e-08,0.0,0.0,0.0,0.0,0.0,0.0,anisotropic
325,3.3574341223863158e-12,0.005125784315168858,0.9933072328567505,0.9933072328567505,0.9933071732521057,0.0,-1.3085481320469078e-13,7.083983193881954e-14,-1.3006414574727416e-16,2.640876570092379e-15,4.786218621953553e-13,-0.0001308548089582473,7.083982927724719e-05,0.00047862183419056237,1.2442689305616572e-08,0.0,0.0,0.0,0.0,0.0,0.0,anisotropic
326,3.3574341223863158e-12,0.005125784315168858,0.9933072328567505,0.9933072328567505,0.9933071732521057,0.0,-1.3085481320469078e-13,7.083983193881954e-14,-1.3006414574727416e-16,2.640876570092379e-15,4.786218621953553e-13,-0.0001308548089582473,7.083982927724719e-05,0.00047862183419056237,1.246182845227012e-08,0.0,0.0,0.0,0.0,0.0,0.0,anisotropic
327,3.3574341223863158e-12,0.005125784315168858,0.9933072328567505,0.9933072328567505,0.9933071732521057,0.0,-1.3085481320469078e-13,7.083983193881954e-14,-1.3006414574727416e-16,2.640876570092379e-15,4.786218621953553e-13,-0.0001308548089582473,7.083982927724719e-05,0.00047862183419056237,1.2480951097656158e-08,0.0,0.0,0.0,0.0,0.0,0.0,anisotropic
328,3.3574341223863158e-12,0.005125784315168858,0.9933072328567505,0.9933072328567505,0.9933071732521057,0.0,-1.3085481320469078e-13,7.083983193881954e-14,-1.3006414574727416e-16,2.640876570092379e-15,4.786218621953553e-13,-0.0001308548089582473,7.083982927724719e-05,0.00047862183419056237,1.2500371739019978e-08,0.0,0.0,0.0,0.0,0.0,0.0,anisotropic
329,3.3574341223863158e-12,0.005125784315168858,0.9933072328567505,0.9933072328567505,0.9933071732521057,0.0,-1.3085481320469078e-13,7.083983193881954e-14,-1.3006414574727416e-16,2.640876570092379e-15,4.786218621953553e-13,-0.0001308548089582473,7.083982927724719e-05,0.00047862183419056237,1.2519364704752042e-08,0.0,0.0,0.0,0.0,0.0,0.0,anisotropic
330,3.3574341223863158e-12,0.005125784315168858,0.9933072328567505,0.9933072328567505,0.9933071732521057,0.0,-1.3085481320469078e-13,7.083983193881954e-14,-1.3006414574727416e-16,2.640876570092379e-15,4.786218621953553e-13,-0.0001308548089582473,7.083982927724719e-05,0.00047862183419056237,1.2538490341466258e-08,0.0,0.0,0.0,0.0,0.0,0.0,anisotropic
331,3.3574341223863158e-12,0.005125784315168858,0.9933072328567505,0.9933072328567505,0.9933071732521057,0.0,-1.3085481320469078e-13,7.083983193881954e-14,-1.3006414574727416e-16,2.640876570092379e-15,4.786218621953553e-13,-0.0001308548089582473,7.083982927724719e-05,0.00047862183419056237,1.2557729558575542e-08,0.0,0.0,0.0,0.0,0.0,0.0,anisotropic
332,3.3574341223863158e-12,0.005125784315168858,0.9933072328567505,0.9933072328567505,0.9933071732521057,0.0,-1.3085481320469078e-13,7.083983193881954e-14,-1.3006414574727416e-16,2.640876570092379e-15,4.786218621953553e-13,-0.0001308548089582473,7.083982927724719e-05,0.00047862183419056237,1.2576902662521629e-08,0.0,0.0,0.0,0.0,0.0,0.0,anisotropic
333,3.3574341223863158e-12,0.005125784315168858,0.9933072328567505,0.9933072328567505,0.9933071732521057,0.0,-1.3085481320469078e-13,7.083983193881954e-14,-1.3006414574727416e-16,2.640876570092379e-15,4.786218621953553e-13,-0.0001308548089582473,7.083982927724719e-05,0.00047862183419056237,1.2595848126539614e-08,0.0,0.0,0.0,0.0,0.0,0.0,anisotropic
334,3.3574341223863158e-12,0.005125784315168858,0.9933072328567505,0.9933072328567505,0.9933071732521057,0.0,-1.3085481320469078e-13,7.083983193881954e-14,-1.3006414574727416e-16,2.640876570092379e-15,4.786218621953553e-13,-0.0001308548089582473,7.083982927724719e-05,0.00047862183419056237,1.2614897015569878e-08,0.0,0.0,0.0,0.0,0.0,0.0,anisotropic
335,3.3574341223863158e-12,0.005125784315168858,0.9933072328567505,0.9933072328567505,0.9933071732521057,0.0,-1.3085481320469078e-13,7.083983193881954e-14,-1.3006414574727416e-16,2.640876570092379e-15,4.786218621953553e-13,-0.0001308548089582473,7.083982927724719e-05,0.00047862183419056237,1.2634259359685167e-08,0.0,0.0,0.0,0.0,0.0,0.0,anisotropic
336,3.3574341223863158e-12,0.005125784315168858,0.9933072328567505,0.9933072328567505,0.9933071732521057,0.0,-1.3085481320469078e-13,7.083983193881954e-14,-1.3006414574727416e-16,2.640876570092379e-15,4.786218621953553e-13,-0.0001308548089582473,7.083982927724719e-05,0.00047862183419056237,1.2653384365469302e-08,0.0,0.0,0.0,0.0,0.0,0.0,anisotropic
337,3.3574341223863158e-12,0.005125784315168858,0.9933072328567505,0.9933072328567505,0.9933071732521057,0.0,-1.3085481320469078e-13,7.083983193881954e-14,-1.3006414574727416e-16,2.640876570092379e-15,4.786218621953553e-13,-0.0001308548089582473,7.083982927724719e-05,0.00047862183419056237,1.2672550540181315e-08,0.0,0.0,0.0,0.0,0.0,0.0,anisotropic
338,3.3574341223863158e-12,0.005125784315168858,0.9933072328567505,0.9933072328567505,0.9933071732521057,0.0,-1.3085481320469078e-13,7.083983193881954e-14,-1.3006414574727416e-16,2.640876570092379e-15,4.786218621953553e-13,-0.0001308548089582473,7.083982927724719e-05,0.00047862183419056237,1.2691650696249662e-08,0.0,0.0,0.0,0.0,0.0,0.0,anisotropic
339,3.3574341223863158e-12,0.005125784315168858,0.9933072328567505,0.9933072328567505,0.9933071732521057,0.0,-1.3085481320469078e-13,7.083983193881954e-14,-1.3006414574727416e-16,2.640876570092379e-15,4.786218621953553e-13,-0.0001308548089582473,7.083982927724719e-05,0.00047862183419056237,1.271075513898069e-08,0.0,0.0,0.0,0.0,0.0,0.0,anisotropic
340,3.3574341223863158e-12,0.005125784315168858,0.9933072328567505,0.9933072328567505,0.9933071732521057,0.0,-1.3085481320469078e-13,7.083983193881954e-14,-1.3006414574727416e-16,2.640876570092379e-15,4.786218621953553e-13,-0.0001308548089582473,7.083982927724719e-05,0.00047862183419056237,1.2729897079908894e-08,0.0,0.0,0.0,0.0,0.0,0.0,anisotropic
341,3.3574341223863158e-12,0.005125784315168858,0.9933072328567505,0.9933072328567505,0.9933071732521057,0.0,-1.3085481320469078e-13,7.083983193881954e-14,-1.3006414574727416e-16,2.640876570092379e-15,4.786218621953553e-13,-0.0001308548089582473,7.083982927724719e-05,0.00047862183419056237,1.2748910308461811e-08,0.0,0.0,0.0,0.0,0.0,0.0,anisotropic
342,3.3574341223863158e-12,0.005125784315168858,0.9933072328567505,0.9933072328567505,0.9933071732521057,0.0,-1.3085481320469078e-13,7.083983193881954e-14,-1.3006414574727416e-16,2.640876570092379e-15,4.786218621953553e-13,-0.0001308548089582473,7.083982927724719e-05,0.00047862183419056237,1.2768167201506467e-08,0.0,0.0,0.0,0.0,0.0,0.0,anisotropic
343,3.3574341223863158e-12,0.005125784315168858,0.9933072328567505,0.9933072328567505,0.9933071732521057,0.0,-1.3085481320469078e-13,7.083983193881954e-14,-1.3006414574727416e-16,2.640876570092379e-15,4.786218621953553e-13,-0.0001308548089582473,7.083982927724719e-05,0.00047862183419056237,1.278727649666473e-08,0.0,0.0,0.0,0.0,0.0,0.0,anisotropic
344,3.3574341223863158e-12,0.005125784315168858,0.9933072328567505,0.9933072328567505,0.9933071732521057,0.0,-1.3085481320469078e-13,7.083983193881954e-14,-1.3006414574727416e-16,2.640876570092379e-15,4.786218621953553e-13,-0.0001308548089582473,7.083982927724719e-05,0.00047862183419056237,1.2806463017921069e-08,0.0,0.0,0.0,0.0,0.0,0.0,anisotropic
345,3.3574341223863158e-12,0.005125784315168858,0.9933072328567505,0.9933072328567505,0.9933071732521057,0.0,-1.3085481320469078e-13,7.083983193881954e-14,-1.3006414574727416e-16,2.640876570092379e-15,4.786218621953553e-13,-0.0001308548089582473,7.083982927724719e-05,0.00047862183419056237,1.282558252151582e-08,0.0,0.0,0.0,0.0,0.0,0.0,anisotropic
346,3.3574341223863158e-12,0.005125784315168858,0.9933072328567505,0.9933072328567505,0.9933071732521057,0.0,-1.3085481320469078e-13,7.083983193881954e-14,-1.3006414574727416e-16,2.640876570092379e-15,4.786218621953553e-13,-0.0001308548089582473,7.083982927724719e-05,0.00047862183419056237,1.2844621826641665e-08,0.0,0.0,0.0,0.0,0.0,0.0,anisotropic
347,3.3574341223863158e-12,0.005125784315168858,0.9933072328567505,0.9933072328567505,0.9933071732521057,0.0,-1.3085481320469078e-13,7.083983193881954e-14,-1.3006414574727416e-16,2.640876570092379e-15,4.786218621953553e-13,-0.0001308548089582473,7.083982927724719e-05,0.00047862183419056237,1.2863777745786103e-08,0.0,0.0,0.0,0.0,0.0,0.0,anisotropic
348,3.3574341223863158e-12,0.005125784315168858,0.9933072328567505,0.9933072328567505,0.9933071732521057,0.0,-1.3085481320469078e-13,7.083983193881954e-14,-1.3006414574727416e-16,2.640876570092379e-15,4.786218621953553e-13,-0.0001308548089582473,7.083982927724719e-05,0.00047862183419056237,1.288300697228453e-08,0.0,0.0,0.0,0.0,0.0,0.0,anisotropic
349,3.3574341223863158e-12,0.005125784315168858,0.9933072328567505,0.9933072328567505,0.9933071732521057,0.0,-1.3085481320469078e-13,7.083983193881954e-14,-1.3006414574727416e-16,2.640876570092379e-15,4.786218621953553e-13,-0.0001308548089582473,7.083982927724719e-05,0.00047862183419056237,1.2901926555835342e-08,0.0,0.0,0.0,0.0,0.0,0.0,anisotropic
350,3.3574341223863158e-12,0.005125784315168858,0.9933072328567505,0.9933072328567505,0.9933071732521057,0.0,-1.3085481320469078e-13,7.083983193881954e-14,-1.3006414574727416e-16,2.640876570092379e-15,4.786218621953553e-13,-0.0001308548089582473,7.083982927724719e-05,0.00047862183419056237,1.2921129908538316e-08,0.0,0.0,0.0,0.0,0.0,0.0,anisotropic
351,3.3574341223863158e-12,0.005125784315168858,0.9933072328567505,0.9933072328567505,0.9933071732521057,0.0,-1.3085481320469078e-13,7.083983193881954e-14,-1.3006414574727416e-16,2.640876570092379e-15,4.786218621953553e-13,-0.0001308548089582473,7.083982927724719e-05,0.00047862183419056237,1.2940234711023633e-08,0.0,0.0,0.0,0.0,0.0,0.0,anisotropic
352,3.3574341223863158e-12,0.005125784315168858,0.9933072328567505,0.9933072328567505,0.9933071732521057,0.0,-1.3085481320469078e-13,7.083983193881954e-14,-1.3006414574727416e-16,2.640876570092379e-15,4.786218621953553e-13,-0.0001308548089582473,7.083982927724719e-05,0.00047862183419056237,1.2959382199789927e-08,0.0,0.0,0.0,0.0,0.0,0.0,anisotropic
353,3.3574341223863158e-12,0.005125784315168858,0.9933072328567505,0.9933072328567505,0.9933071732521057,0.0,-1.3085481320469078e-13,7.083983193881954e-14,-1.3006414574727416e-16,2.640876570092379e-15,4.786218621953553e-13,-0.0001308548089582473,7.083982927724719e-05,0.00047862183419056237,1.2978547222245644e-08,0.0,0.0,0.0,0.0,0.0,0.0,anisotropic
354,3.3574341223863158e-12,0.005125784315168858,0.9933072328567505,0.9933072328567505,0.9933071732521057,0.0,-1.3085481320469078e-13,7.083983193881954e-14,-1.3006414574727416e-16,2.640876570092379e-15,4.786218621953553e-13,-0.0001308548089582473,7.083982927724719e-05,0.00047862183419056237,1.2997639483759578e-08,0.0,0.0,0.0,0.0,0.0,0.0,anisotropic
355,3.3574341223863158e-12,0.005125784315168858,0.9933072328567505,0.9933072328567505,0.9933071732521057,0.0,-1.3085481320469078e-13,7.083983193881954e-14,-1.3006414574727416e-16,2.640876570092379e-15,4.786218621953553e-13,-0.0001308548089582473,7.083982927724719e-05,0.00047862183419056237,1.3016714755697889e-08,0.0,0.0,0.0,0.0,0.0,0.0,anisotropic
356,3.3574341223863158e-12,0.005125784315168858,0.9933072328567505,0.9933072328567505,0.9933071732521057,0.0,-1.3085481320469078e-13,7.083983193881954e-14,-1.3006414574727416e-16,2.640876570092379e-15,4.786218621953553e-13,-0.0001308548089582473,7.083982927724719e-05,0.00047862183419056237,1.3035661874133179e-08,0.0,0.0,0.0,0.0,0.0,0.0,anisotropic
357,3.3574341223863158e-12,0.005125784315168858,0.9933072328567505,0.9933072328567505,0.9933071732521057,0.0,-1.3085481320469078e-13,7.083983193881954e-14,-1.3006414574727416e-16,2.640876570092379e-15,4.786218621953553e-13,-0.0001308548089582473,7.083982927724719e-05,0.00047862183419056237,1.3054808183138367e-08,0.0,0.0,0.0,0.0,0.0,0.0,anisotropic
358,3.3574341223863158e-12,0.005125784315168858,0.9933072328567505,0.9933072328567505,0.9933071732521057,0.0,-1.3085481320469078e-13,7.083983193881954e-14,-1.3006414574727416e-16,2.640876570092379e-15,4.786218621953553e-13,-0.0001308548089582473,7.083982927724719e-05,0.00047862183419056237,1.3073955186258814e-08,0.0,0.0,0.0,0.0,0.0,0.0,anisotropic
359,3.3574341223863158e-12,0.005125784315168858,0.9933072328567505,0.9933072328567505,0.9933071732521057,0.0,-1.3085481320469078e-13,7.083983193881954e-14,-1.3006414574727416e-16,2.640876570092379e-15,4.786218621953553e-13,-0.0001308548089582473,7.083982927724719e-05,0.00047862183419056237,1.309293288945749e-08,0.0,0.0,0.0,0.0,0.0,0.0,anisotropic
360,3.3574341223863158e-12,0.005125784315168858,0.9933072328567505,0.9933072328567505,0.9933071732521057,0.0,-1.3085481320469078e-13,7.083983193881954e-14,-1.3006414574727416e-16,2.640876570092379e-15,4.786218621953553e-13,-0.0001308548089582473,7.083982927724719e-05,0.00047862183419056237,1.3112145977974854e-08,0.0,0.0,0.0,0.0,0.0,0.0,anisotropic
361,3.3574341223863158e-12,0.005125784315168858,0.9933072328567505,0.9933072328567505,0.9933071732521057,0.0,-1.3085481320469078e-13,7.083983193881954e-14,-1.3006414574727416e-16,2.640876570092379e-15,4.786218621953553e-13,-0.0001308548089582473,7.083982927724719e-05,0.00047862183419056237,1.3131251743727865e-08,0.0,0.0,0.0,0.0,0.0,0.0,anisotropic
362,3.3574341223863158e-12,0.005125784315168858,0.9933072328567505,0.9933072328567505,0.9933071732521057,0.0,-1.3085481320469078e-13,7.083983193881954e-14,-1.3006414574727416e-16,2.640876570092379e-15,4.786218621953553e-13,-0.0001308548089582473,7.083982927724719e-05,0.00047862183419056237,1.3150188495888888e-08,0.0,0.0,0.0,0.0,0.0,0.0,anisotropic
363,3.3574341223863158e-12,0.005125784315168858,0.9933072328567505,0.9933072328567505,0.9933071732521057,0.0,-1.3085481320469078e-13,7.083983193881954e-14,-1.3006414574727416e-16,2.640876570092379e-15,4.786218621953553e-13,-0.0001308548089582473,7.083982927724719e-05,0.00047862183419056237,1.3169482745501634e-08,0.0,0.0,0.0,0.0,0.0,0.0,anisotropic
364,3.3574341223863158e-12,0.005125784315168858,0.9933072328567505,0.9933072328567505,0.9933071732521057,0.0,-1.3085481320469078e-13,7.083983193881954e-14,-1.3006414574727416e-16,2.640876570092379e-15,4.786218621953553e-13,-0.0001308548089582473,7.083982927724719e-05,0.00047862183419056237,1.3188485550584638e-08,0.0,0.0,0.0,0.0,0.0,0.0,anisotropic
365,3.3574341223863158e-12,0.005125784315168858,0.9933072328567505,0.9933072328567505,0.9933071732521057,0.0,-1.3085481320469078e-13,7.083983193881954e-14,-1.3006414574727416e-16,2.640876570092379e-15,4.786218621953553e-13,-0.0001308548089582473,7.083982927724719e-05,0.00047862183419056237,1.3207494509983846e-08,0.0,0.0,0.0,0.0,0.0,0.0,anisotropic
366,3.3574341223863158e-12,0.005125784315168858,0.9933072328567505,0.9933072328567505,0.9933071732521057,0.0,-1.3085481320469078e-13,7.083983193881954e-14,-1.3006414574727416e-16,2.640876570092379e-15,4.786218621953553e-13,-0.0001308548089582473,7.083982927724719e-05,0.00047862183419056237,1.3226558093356063e-08,0.0,0.0,0.0,0.0,0.0,0.0,anisotropic
367,3.3574341223863158e-12,0.005125784315168858,0.9933072328567505,0.9933072328567505,0.9933071732521057,0.0,-1.3085481320469078e-13,7.083983193881954e-14,-1.3006414574727416e-16,2.640876570092379e-15,4.786218621953553e-13,-0.0001308548089582473,7.083982927724719e-05,0.00047862183419056237,1.3245688062838438e-08,0.0,0.0,0.0,0.0,0.0,0.0,anisotropic
368,3.3574341223863158e-12,0.005125784315168858,0.9933072328567505,0.9933072328567505,0.9933071732521057,0.0,-1.3085481320469078e-13,7.083983193881954e-14,-1.3006414574727416e-16,2.640876570092379e-15,4.786218621953553e-13,-0.0001308548089582473,7.083982927724719e-05,0.00047862183419056237,1.3264801401182062e-08,0.0,0.0,0.0,0.0,0.0,0.0,anisotropic
369,3.3574341223863158e-12,0.005125784315168858,0.9933072328567505,0.9933072328567505,0.9933071732521057,0.0,-1.3085481320469078e-13,7.083983193881954e-14,-1.3006414574727416e-16,2.640876570092379e-15,4.786218621953553e-13,-0.0001308548089582473,7.083982927724719e-05,0.00047862183419056237,1.3283792638367954e-08,0.0,0.0,0.0,0.0,0.0,0.0,anisotropic
370,3.3574341223863158e-12,0.005125784315168858,0.9933072328567505,0.9933072328567505,0.9933071732521057,0.0,-1.3085481320469078e-13,7.083983193881954e-14,-1.3006414574727416e-16,2.640876570092379e-15,4.786218621953553e-13,-0.0001308548089582473,7.083982927724719e-05,0.00047862183419056237,1.330278739967072e-08,0.0,0.0,0.0,0.0,0.0,0.0,anisotropic
371,3.3574341223863158e-12,0.005125784315168858,0.9933072328567505,0.9933072328567505,0.9933071732521057,0.0,-1.3085481320469078e-13,7.083983193881954e-14,-1.3006414574727416e-16,2.640876570092379e-15,4.786218621953553e-13,-0.0001308548089582473,7.083982927724719e-05,0.00047862183419056237,1.3321939966627452e-08,0.0,0.0,0.0,0.0,0.0,0.0,anisotropic
372,3.3574341223863158e-12,0.005125784315168858,0.9933072328567505,0.9933072328567505,0.9933071732521057,0.0,-1.3085481320469078e-13,7.083983193881954e-14,-1.3006414574727416e-16,2.640876570092379e-15,4.786218621953553e-13,-0.0001308548089582473,7.083982927724719e-05,0.00047862183419056237,1.3340876658483711e-08,0.0,0.0,0.0,0.0,0.0,0.0,anisotropic
373,3.3574341223863158e-12,0.005125784315168858,0.9933072328567505,0.9933072328567505,0.9933071732521057,0.0,-1.3085481320469078e-13,7.083983193881954e-14,-1.3006414574727416e-16,2.640876570092379e-15,4.786218621953553e-13,-0.0001308548089582473,7.083982927724719e-05,0.00047862183419056237,1.3359996356739404e-08,0.0,0.0,0.0,0.0,0.0,0.0,anisotropic
374,3.3574341223863158e-12,0.005125784315168858,0.9933072328567505,0.9933072328567505,0.9933071732521057,0.0,-1.3085481320469078e-13,7.083983193881954e-14,-1.3006414574727416e-16,2.640876570092379e-15,4.786218621953553e-13,-0.0001308548089582473,7.083982927724719e-05,0.00047862183419056237,1.3379033813265281e-08,0.0,0.0,0.0,0.0,0.0,0.0,anisotropic
375,3.3574341223863158e-12,0.005125784315168858,0.9933072328567505,0.9933072328567505,0.9933071732521057,0.0,-1.3085481320469078e-13,7.083983193881954e-14,-1.3006414574727416e-16,2.640876570092379e-15,4.786218621953553e-13,-0.0001308548089582473,7.083982927724719e-05,0.00047862183419056237,1.3398123953578416e-08,0.0,0.0,0.0,0.0,0.0,0.0,anisotropic
376,3.3574341223863158e-12,0.005125784315168858,0.9933072328567505,0.9933072328567505,0.9933071732521057,0.0,-1.3085481320469078e-13,7.083983193881954e-14,-1.3006414574727416e-16,2.640876570092379e-15,4.786218621953553e-13,-0.0001308548089582473,7.083982927724719e-05,0.00047862183419056237,1.341700745987874e-08,0.0,0.0,0.0,0.0,0.0,0.0,anisotropic
377,3.3574341223863158e-12,0.005125784315168858,0.9933072328567505,0.9933072328567505,0.9933071732521057,0.0,-1.3085481320469078e-13,7.083983193881954e-14,-1.3006414574727416e-16,2.640876570092379e-15,4.786218621953553e-13,-0.0001308548089582473,7.083982927724719e-05,0.00047862183419056237,1.3436160662224754e-08,0.0,0.0,0.0,0.0,0.0,0.0,anisotropic
378,3.3574341223863158e-12,0.005125784315168858,0.9933072328567505,0.9933072328567505,0.9933071732521057,0.0,-1.3085481320469078e-13,7.083983193881954e-14,-1.3006414574727416e-16,2.640876570092379e-15,4.786218621953553e-13,-0.0001308548089582473,7.083982927724719e-05,0.00047862183419056237,1.3455249178453168e-08,0.0,0.0,0.0,0.0,0.0,0.0,anisotropic
379,3.3574341223863158e-12,0.005125784315168858,0.9933072328567505,0.9933072328567505,0.9933071732521057,0.0,-1.3085481320469078e-13,7.083983193881954e-14,-1.3006414574727416e-16,2.640876570092379e-15,4.786218621953553e-13,-0.0001308548089582473,7.083982927724719e-05,0.00047862183419056237,1.3474233616275676e-08,0.0,0.0,0.0,0.0,0.0,0.0,anisotropic
380,3.3574341223863158e-12,0.005125784315168858,0.9933072328567505,0.9933072328567505,0.9933071732521057,0.0,-1.3085481320469078e-13,7.083983193881954e-14,-1.3006414574727416e-16,2.640876570092379e-15,4.786218621953553e-13,-0.0001308548089582473,7.083982927724719e-05,0.00047862183419056237,1.3493400997780512e-08,0.0,0.0,0.0,0.0,0.0,0.0,anisotropic
381,3.3574341223863158e-12,0.005125784315168858,0.9933072328567505,0.9933072328567505,0.9933071732521057,0.0,-1.3085481320469078e-13,7.083983193881954e-14,-1.3006414574727416e-16,2.640876570092379e-15,4.786218621953553e-13,-0.0001308548089582473,7.083982927724719e-05,0.00047862183419056237,1.3512493432361698e-08,0.0,0.0,0.0,0.0,0.0,0.0,anisotropic
382,3.3574341223863158e-12,0.005125784315168858,0.9933072328567505,0.9933072328567505,0.9933071732521057,0.0,-1.3085481320469078e-13,7.083983193881954e-14,-1.3006414574727416e-16,2.640876570092379e-15,4.786218621953553e-13,-0.0001308548089582473,7.083982927724719e-05,0.00047862183419056237,1.3531363172227325e-08,0.0,0.0,0.0,0.0,0.0,0.0,anisotropic
383,3.3574341223863158e-12,0.005125784315168858,0.9933072328567505,0.9933072328567505,0.9933071732521057,0.0,-1.3085481320469078e-13,7.083983193881954e-14,-1.3006414574727416e-16,2.640876570092379e-15,4.786218621953553e-13,-0.0001308548089582473,7.083982927724719e-05,0.00047862183419056237,1.3550281862333637e-08,0.0,0.0,0.0,0.0,0.0,0.0,anisotropic
384,3.3574341223863158e-12,0.005125784315168858,0.9933072328567505,0.9933072328567505,0.9933071732521057,0.0,-1.3085481320469078e-13,7.083983193881954e-14,-1.3006414574727416e-16,2.640876570092379e-15,4.786218621953553e-13,-0.0001308548089582473,7.083982927724719e-05,0.00047862183419056237,1.3569372779518325e-08,0.0,0.0,0.0,0.0,0.0,0.0,anisotropic
385,3.3574341223863158e-12,0.005125784315168858,0.9933072328567505,0.9933072328567505,0.9933071732521057,0.0,-1.3085481320469078e-13,7.083983193881954e-14,-1.3006414574727416e-16,2.640876570092379e-15,4.786218621953553e-13,-0.0001308548089582473,7.083982927724719e-05,0.00047862183419056237,1.3588439874150502e-08,0.0,0.0,0.0,0.0,0.0,0.0,anisotropic
386,3.3574341223863158e-12,0.005125784315168858,0.9933072328567505,0.9933072328567505,0.9933071732521057,0.0,-1.3085481320469078e-13,7.083983193881954e-14,-1.3006414574727416e-16,2.640876570092379e-15,4.786218621953553e-13,-0.0001308548089582473,7.083982927724719e-05,0.00047862183419056237,1.3607593672210407e-08,0.0,0.0,0.0,0.0,0.0,0.0,anisotropic
387,3.3574341223863158e-12,0.005125784315168858,0.9933072328567505,0.9933072328567505,0.9933071732521057,0.0,-1.3085481320469078e-13,7.083983193881954e-14,-1.3006414574727416e-16,2.640876570092379e-15,4.786218621953553e-13,-0.0001308548089582473,7.083982927724719e-05,0.00047862183419056237,1.3626507842725601e-08,0.0,0.0,0.0,0.0,0.0,0.0,anisotropic
388,3.3574341223863158e-12,0.005125784315168858,0.9933072328567505,0.9933072328567505,0.9933071732521057,0.0,-1.3085481320469078e-13,7.083983193881954e-14,-1.3006414574727416e-16,2.640876570092379e-15,4.786218621953553e-13,-0.0001308548089582473,7.083982927724719e-05,0.00047862183419056237,1.364558302161707e-08,0.0,0.0,0.0,0.0,0.0,0.0,anisotropic
389,3.3574341223863158e-12,0.005125784315168858,0.9933072328567505,0.9933072328567505,0.9933071732521057,0.0,-1.3085481320469078e-13,7.083983193881954e-14,-1.3006414574727416e-16,2.640876570092379e-15,4.786218621953553e-13,-0.0001308548089582473,7.083982927724719e-05,0.00047862183419056237,1.3664594253409836e-08,0.0,0.0,0.0,0.0,0.0,0.0,anisotropic
390,3.3574341223863158e-12,0.005125784315168858,0.9933072328567505,0.9933072328567505,0.9933071732521057,0.0,-1.3085481320469078e-13,7.083983193881954e-14,-1.3006414574727416e-16,2.640876570092379e-15,4.786218621953553e-13,-0.0001308548089582473,7.083982927724719e-05,0.00047862183419056237,1.3683542468229854e-08,0.0,0.0,0.0,0.0,0.0,0.0,anisotropic
391,3.3574341223863158e-12,0.005125784315168858,0.9933072328567505,0.9933072328567505,0.9933071732521057,0.0,-1.3085481320469078e-13,7.083983193881954e-14,-1.3006414574727416e-16,2.640876570092379e-15,4.786218621953553e-13,-0.0001308548089582473,7.083982927724719e-05,0.00047862183419056237,1.3702412094885458e-08,0.0,0.0,0.0,0.0,0.0,0.0,anisotropic
392,3.3574341223863158e-12,0.005125784315168858,0.9933072328567505,0.9933072328567505,0.9933071732521057,0.0,-1.3085481320469078e-13,7.083983193881954e-14,-1.3006414574727416e-16,2.640876570092379e-15,4.786218621953553e-13,-0.0001308548089582473,7.083982927724719e-05,0.00047862183419056237,1.3721260552208556e-08,0.0,0.0,0.0,0.0,0.0,0.0,anisotropic
393,3.3574341223863158e-12,0.005125784315168858,0.9933072328567505,0.9933072328567505,0.9933071732521057,0.0,-1.3085481320469078e-13,7.083983193881954e-14,-1.3006414574727416e-16,2.640876570092379e-15,4.786218621953553e-13,-0.0001308548089582473,7.083982927724719e-05,0.00047862183419056237,1.3740319299695025e-08,0.0,0.0,0.0,0.0,0.0,0.0,anisotropic
394,3.3574341223863158e-12,0.005125784315168858,0.9933072328567505,0.9933072328567505,0.9933071732521057,0.0,-1.3085481320469078e-13,7.083983193881954e-14,-1.3006414574727416e-16,2.640876570092379e-15,4.786218621953553e-13,-0.0001308548089582473,7.083982927724719e-05,0.00047862183419056237,1.3759409616281997e-08,0.0,0.0,0.0,0.0,0.0,0.0,anisotropic
395,3.3574341223863158e-12,0.005125784315168858,0.9933072328567505,0.9933072328567505,0.9933071732521057,0.0,-1.3085481320469078e-13,7.083983193881954e-14,-1.3006414574727416e-16,2.640876570092379e-15,4.786218621953553e-13,-0.0001308548089582473,7.083982927724719e-05,0.00047862183419056237,1.37783572717299e-08,0.0,0.0,0.0,0.0,0.0,0.0,anisotropic
396,3.3574341223863158e-12,0.005125784315168858,0.9933072328567505,0.9933072328567505,0.9933071732521057,0.0,-1.3085481320469078e-13,7.083983193881954e-14,-1.3006414574727416e-16,2.640876570092379e-15,4.786218621953553e-13,-0.0001308548089582473,7.083982927724719e-05,0.00047862183419056237,1.3797449954521083e-08,0.0,0.0,0.0,0.0,0.0,0.0,anisotropic
397,3.3574341223863158e-12,0.005125784315168858,0.9933072328567505,0.9933072328567505,0.9933071732521057,0.0,-1.3085481320469078e-13,7.083983193881954e-14,-1.3006414574727416e-16,2.640876570092379e-15,4.786218621953553e-13,-0.0001308548089582473,7.083982927724719e-05,0.00047862183419056237,1.3816392151193173e-08,0.0,0.0,0.0,0.0,0.0,0.0,anisotropic
398,3.3574341223863158e-12,0.005125784315168858,0.9933072328567505,0.9933072328567505,0.9933071732521057,0.0,-1.3085481320469078e-13,7.083983193881954e-14,-1.3006414574727416e-16,2.640876570092379e-15,4.786218621953553e-13,-0.0001308548089582473,7.083982927724719e-05,0.00047862183419056237,1.3835471634257425e-08,0.0,0.0,0.0,0.0,0.0,0.0,anisotropic
399,3.3574341223863158e-12,0.005125784315168858,0.9933072328567505,0.9933072328567505,0.9933071732521057,0.0,-1.3085481320469078e-13,7.083983193881954e-14,-1.3006414574727416e-16,2.640876570092379e-15,4.786218621953553e-13,-0.0001308548089582473,7.083982927724719e-05,0.00047862183419056237,1.3854329991814641e-08,0.0,0.0,0.0,0.0,0.0,0.0,anisotropic
400,3.3574341223863158e-12,0.005125784315168858,0.9933072328567505,0.9933072328567505,0.9933071732521057,0.0,-1.3085481320469078e-13,7.083983193881954e-14,-1.3006414574727416e-16,2.640876570092379e-15,4.786218621953553e-13,-0.0001308548089582473,7.083982927724719e-05,0.00047862183419056237,1.3873437849117374e-08,0.0,0.0,0.0,0.0,0.0,0.0,anisotropic
401,3.3574341223863158e-12,0.005125784315168858,0.9933072328567505,0.9933072328567505,0.9933071732521057,0.0,-1.3085481320469078e-13,7.083983193881954e-14,-1.3006414574727416e-16,2.640876570092379e-15,4.786218621953553e-13,-0.0001308548089582473,7.083982927724719e-05,0.00047862183419056237,1.3892306147236694e-08,0.0,0.0,0.0,0.0,0.0,0.0,anisotropic
402,3.3574341223863158e-12,0.005125784315168858,0.9933072328567505,0.9933072328567505,0.9933071732521057,0.0,-1.3085481320469078e-13,7.083983193881954e-14,-1.3006414574727416e-16,2.640876570092379e-15,4.786218621953553e-13,-0.0001308548089582473,7.083982927724719e-05,0.00047862183419056237,1.3911445980473276e-08,0.0,0.0,0.0,0.0,0.0,0.0,anisotropic
403,3.3574341223863158e-12,0.005125784315168858,0.9933072328567505,0.9933072328567505,0.9933071732521057,0.0,-1.3085481320469078e-13,7.083983193881954e-14,-1.3006414574727416e-16,2.640876570092379e-15,4.786218621953553e-13,-0.0001308548089582473,7.083982927724719e-05,0.00047862183419056237,1.3930013146486029e-08,0.0,0.0,0.0,0.0,0.0,0.0,anisotropic
404,3.3574341223863158e-12,0.005125784315168858,0.9933072328567505,0.9933072328567505,0.9933071732521057,0.0,-1.3085481320469078e-13,7.083983193881954e-14,-1.3006414574727416e-16,2.640876570092379e-15,4.786218621953553e-13,-0.0001308548089582473,7.083982927724719e-05,0.00047862183419056237,1.3948860302425762e-08,0.0,0.0,0.0,0.0,0.0,0.0,anisotropic
405,3.3574341223863158e-12,0.005125784315168858,0.9933072328567505,0.9933072328567505,0.9933071732521057,0.0,-1.3085481320469078e-13,7.083983193881954e-14,-1.3006414574727416e-16,2.640876570092379e-15,4.786218621953553e-13,-0.0001308548089582473,7.083982927724719e-05,0.00047862183419056237,1.3967846829148404e-08,0.0,0.0,0.0,0.0,0.0,0.0,anisotropic
406,3.3574341223863158e-12,0.005125784315168858,0.9933072328567505,0.9933072328567505,0.9933071732521057,0.0,-1.3085481320469078e-13,7.083983193881954e-14,-1.3006414574727416e-16,2.640876570092379e-15,4.786218621953553e-13,-0.0001308548089582473,7.083982927724719e-05,0.00047862183419056237,1.3987023820478778e-08,0.0,0.0,0.0,0.0,0.0,0.0,anisotropic
407,3.3574341223863158e-12,0.005125784315168858,0.9933072328567505,0.9933072328567505,0.9933071732521057,0.0,-1.3085481320469078e-13,7.083983193881954e-14,-1.3006414574727416e-16,2.640876570092379e-15,4.786218621953553e-13,-0.0001308548089582473,7.083982927724719e-05,0.00047862183419056237,1.4005984793045196e-08,0.0,0.0,0.0,0.0,0.0,0.0,anisotropic
408,3.3574341223863158e-12,0.005125784315168858,0.9933072328567505,0.9933072328567505,0.9933071732521057,0.0,-1.3085481320469078e-13,7.083983193881954e-14,-1.3006414574727416e-16,2.640876570092379e-15,4.786218621953553e-13,-0.0001308548089582473,7.083982927724719e-05,0.00047862183419056237,1.4025039212598994e-08,0.0,0.0,0.0,0.0,0.0,0.0,anisotropic
409,3.3574341223863158e-12,0.005125784315168858,0.9933072328567505,0.9933072328567505,0.9933071732521057,0.0,-1.3085481320469078e-13,7.083983193881954e-14,-1.3006414574727416e-16,2.640876570092379e-15,4.786218621953553e-13,-0.0001308548089582473,7.083982927724719e-05,0.00047862183419056237,1.4043983374971294e-08,0.0,0.0,0.0,0.0,0.0,0.0,anisotropic
410,3.3574341223863158e-12,0.005125784315168858,0.9933072328567505,0.9933072328567505,0.9933071732521057,0.0,-1.3085481320469078e-13,7.083983193881954e-14,-1.3006414574727416e-16,2.640876570092379e-15,4.786218621953553e-13,-0.0001308548089582473,7.083982927724719e-05,0.00047862183419056237,1.40628601921986e-08,0.0,0.0,0.0,0.0,0.0,0.0,anisotropic
411,3.3574341223863158e-12,0.005125784315168858,0.9933072328567505,0.9933072328567505,0.9933071732521057,0.0,-1.3085481320469078e-13,7.083983193881954e-14,-1.3006414574727416e-16,2.640876570092379e-15,4.786218621953553e-13,-0.0001308548089582473,7.083982927724719e-05,0.00047862183419056237,1.4081719735709715e-08,0.0,0.0,0.0,0.0,0.0,0.0,anisotropic
412,3.3574341223863158e-12,0.005125784315168858,0.9933072328567505,0.9933072328567505,0.9933071732521057,0.0,-1.3085481320469078e-13,7.083983193881954e-14,-1.3006414574727416e-16,2.640876570092379e-15,4.786218621953553e-13,-0.0001308548089582473,7.083982927724719e-05,0.00047862183419056237,1.4100785023183367e-08,0.0,0.0,0.0,0.0,0.0,0.0,anisotropic
413,3.3574341223863158e-12,0.005125784315168858,0.9933072328567505,0.9933072328567505,0.9933071732521057,0.0,-1.3085481320469078e-13,7.083983193881954e-14,-1.3006414574727416e-16,2.640876570092379e-15,4.786218621953553e-13,-0.0001308548089582473,7.083982927724719e-05,0.00047862183419056237,1.4119916906901866e-08,0.0,0.0,0.0,0.0,0.0,0.0,anisotropic
414,3.3574341223863158e-12,0.005125784315168858,0.9933072328567505,0.9933072328567505,0.9933071732521057,0.0,-1.3085481320469078e-13,7.083983193881954e-14,-1.3006414574727416e-16,2.640876570092379e-15,4.786218621953553e-13,-0.0001308548089582473,7.083982927724719e-05,0.00047862183419056237,1.4138802162363856e-08,0.0,0.0,0.0,0.0,0.0,0.0,anisotropic
415,3.3574341223863158e-12,0.005125784315168858,0.9933072328567505,0.9933072328567505,0.9933071732521057,0.0,-1.3085481320469078e-13,7.083983193881954e-14,-1.3006414574727416e-16,2.640876570092379e-15,4.786218621953553e-13,-0.0001308548089582473,7.083982927724719e-05,0.00047862183419056237,1.4157713754812099e-08,0.0,0.0,0.0,0.0,0.0,0.0,anisotropic
416,3.3574341223863158e-12,0.005125784315168858,0.9933072328567505,0.9933072328567505,0.9933071732521057,0.0,-1.3085481320469078e-13,7.083983193881954e-14,-1.3006414574727416e-16,2.640876570092379e-15,4.786218621953553e-13,-0.0001308548089582473,7.083982927724719e-05,0.00047862183419056237,1.4176732166240499e-08,0.0,0.0,0.0,0.0,0.0,0.0,anisotropic
417,3.3574341223863158e-12,0.005125784315168858,0.9933072328567505,0.9933072328567505,0.9933071732521057,0.0,-1.3085481320469078e-13,7.083983193881954e-14,-1.3006414574727416e-16,2.640876570092379e-15,4.786218621953553e-13,-0.0001308548089582473,7.083982927724719e-05,0.00047862183419056237,1.419581023163277e-08,0.0,0.0,0.0,0.0,0.0,0.0,anisotropic
418,3.3574341223863158e-12,0.005125784315168858,0.9933072328567505,0.9933072328567505,0.9933071732521057,0.0,-1.3085481320469078e-13,7.083983193881954e-14,-1.3006414574727416e-16,2.640876570092379e-15,4.786218621953553e-13,-0.0001308548089582473,7.083982927724719e-05,0.00047862183419056237,1.421459047067962e-08,0.0,0.0,0.0,0.0,0.0,0.0,anisotropic
419,3.3574341223863158e-12,0.005125784315168858,0.9933072328567505,0.9933072328567505,0.9933071732521057,0.0,-1.3085481320469078e-13,7.083983193881954e-14,-1.3006414574727416e-16,2.640876570092379e-15,4.786218621953553e-13,-0.0001308548089582473,7.083982927724719e-05,0.00047862183419056237,1.4233714164285268e-08,0.0,0.0,0.0,0.0,0.0,0.0,anisotropic
420,3.3574341223863158e-12,0.005125784315168858,0.9933072328567505,0.9933072328567505,0.9933071732521057,0.0,-1.3085481320469078e-13,7.083983193881954e-14,-1.3006414574727416e-16,2.640876570092379e-15,4.786218621953553e-13,-0.0001308548089582473,7.083982927724719e-05,0.00047862183419056237,1.4252567088460428e-08,0.0,0.0,0.0,0.0,0.0,0.0,anisotropic
421,3.3574341223863158e-12,0.005125784315168858,0.9933072328567505,0.9933072328567505,0.9933071732521057,0.0,-1.3085481320469078e-13,7.083983193881954e-14,-1.3006414574727416e-16,2.640876570092379e-15,4.786218621953553e-13,-0.0001308548089582473,7.083982927724719e-05,0.00047862183419056237,1.427164401964777e-08,0.0,0.0,0.0,0.0,0.0,0.0,anisotropic
422,3.3574341223863158e-12,0.005125784315168858,0.9933072328567505,0.9933072328567505,0.9933071732521057,0.0,-1.3085481320469078e-13,7.083983193881954e-14,-1.3006414574727416e-16,2.640876570092379e-15,4.786218621953553e-13,-0.0001308548089582473,7.083982927724719e-05,0.00047862183419056237,1.4290457069423822e-08,0.0,0.0,0.0,0.0,0.0,0.0,anisotropic
423,3.3574341223863158e-12,0.005125784315168858,0.9933072328567505,0.9933072328567505,0.9933071732521057,0.0,-1.3085481320469078e-13,7.083983193881954e-14,-1.3006414574727416e-16,2.640876570092379e-15,4.786218621953553e-13,-0.0001308548089582473,7.083982927724719e-05,0.00047862183419056237,1.4309344007153013e-08,0.0,0.0,0.0,0.0,0.0,0.0,anisotropic
424,3.3574341223863158e-12,0.005125784315168858,0.9933072328567505,0.9933072328567505,0.9933071732521057,0.0,-1.3085481320469078e-13,7.083983193881954e-14,-1.3006414574727416e-16,2.640876570092379e-15,4.786218621953553e-13,-0.0001308548089582473,7.083982927724719e-05,0.00047862183419056237,1.4328444092890611e-08,0.0,0.0,0.0,0.0,0.0,0.0,anisotropic
425,3.3574341223863158e-12,0.005125784315168858,0.9933072328567505,0.9933072328567505,0.9933071732521057,0.0,-1.3085481320469078e-13,7.083983193881954e-14,-1.3006414574727416e-16,2.640876570092379e-15,4.786218621953553e-13,-0.0001308548089582473,7.083982927724719e-05,0.00047862183419056237,1.4347342801559405e-08,0.0,0.0,0.0,0.0,0.0,0.0,anisotropic
426,3.3574341223863158e-12,0.005125784315168858,0.9933072328567505,0.9933072328567505,0.9933071732521057,0.0,-1.3085481320469078e-13,7.083983193881954e-14,-1.3006414574727416e-16,2.640876570092379e-15,4.786218621953553e-13,-0.0001308548089582473,7.083982927724719e-05,0.00047862183419056237,1.4366245859543198e-08,0.0,0.0,0.0,0.0,0.0,0.0,anisotropic
427,3.3574341223863158e-12,0.005125784315168858,0.9933072328567505,0.9933072328567505,0.9933071732521057,0.0,-1.3085481320469078e-13,7.083983193881954e-14,-1.3006414574727416e-16,2.640876570092379e-15,4.786218621953553e-13,-0.0001308548089582473,7.083982927724719e-05,0.00047862183419056237,1.4385198449340048e-08,0.0,0.0,0.0,0.0,0.0,0.0,anisotropic
428,3.3574341223863158e-12,0.005125784315168858,0.9933072328567505,0.9933072328567505,0.9933071732521057,0.0,-1.3085481320469078e-13,7.083983193881954e-14,-1.3006414574727416e-16,2.640876570092379e-15,4.786218621953553e-13,-0.0001308548089582473,7.083982927724719e-05,0.00047862183419056237,1.440422393613131e-08,0.0,0.0,0.0,0.0,0.0,0.0,anisotropic
429,3.3574341223863158e-12,0.005125784315168858,0.9933072328567505,0.9933072328567505,0.9933071732521057,0.0,-1.3085481320469078e-13,7.083983193881954e-14,-1.3006414574727416e-16,2.640876570092379e-15,4.786218621953553e-13,-0.0001308548089582473,7.083982927724719e-05,0.00047862183419056237,1.4423091560834274e-08,0.0,0.0,0.0,0.0,0.0,0.0,anisotropic
430,3.3574341223863158e-12,0.005125784315168858,0.9933072328567505,0.9933072328567505,0.9933071732521057,0.0,-1.3085481320469078e-13,7.083983193881954e-14,-1.3006414574727416e-16,2.640876570092379e-15,4.786218621953553e-13,-0.0001308548089582473,7.083982927724719e-05,0.00047862183419056237,1.44421587952365e-08,0.0,0.0,0.0,0.0,0.0,0.0,anisotropic
431,3.3574341223863158e-12,0.005125784315168858,0.9933072328567505,0.9933072328567505,0.9933071732521057,0.0,-1.3085481320469078e-13,7.083983193881954e-14,-1.3006414574727416e-16,2.640876570092379e-15,4.786218621953553e-13,-0.0001308548089582473,7.083982927724719e-05,0.00047862183419056237,1.4461096707683877e-08,0.0,0.0,0.0,0.0,0.0,0.0,anisotropic
432,3.3574341223863158e-12,0.005125784315168858,0.9933072328567505,0.9933072328567505,0.9933071732521057,0.0,-1.3085481320469078e-13,7.083983193881954e-14,-1.3006414574727416e-16,2.640876570092379e-15,4.786218621953553e-13,-0.0001308548089582473,7.083982927724719e-05,0.00047862183419056237,1.4479954105536801e-08,0.0,0.0,0.0,0.0,0.0,0.0,anisotropic
433,3.3574341223863158e-12,0.005125784315168858,0.9933072328567505,0.9933072328567505,0.9933071732521057,0.0,-1.3085481320469078e-13,7.083983193881954e-14,-1.3006414574727416e-16,2.640876570092379e-15,4.786218621953553e-13,-0.0001308548089582473,7.083982927724719e-05,0.00047862183419056237,1.4498773960691628e-08,0.0,0.0,0.0,0.0,0.0,0.0,anisotropic
434,3.3574341223863158e-12,0.005125784315168858,0.9933072328567505,0.9933072328567505,0.9933071732521057,0.0,-1.3085481320469078e-13,7.083983193881954e-14,-1.3006414574727416e-16,2.640876570092379e-15,4.786218621953553e-13,-0.0001308548089582473,7.083982927724719e-05,0.00047862183419056237,1.4517801515435558e-08,0.0,0.0,0.0,0.0,0.0,0.0,anisotropic
435,3.3574341223863158e-12,0.005125784315168858,0.9933072328567505,0.9933072328567505,0.9933071732521057,0.0,-1.3085481320469078e-13,7.083983193881954e-14,-1.3006414574727416e-16,2.640876570092379e-15,4.786218621953553e-13,-0.0001308548089582473,7.083982927724719e-05,0.00047862183419056237,1.453669756722494e-08,0.0,0.0,0.0,0.0,0.0,0.0,anisotropic
436,3.3574341223863158e-12,0.005125784315168858,0.9933072328567505,0.9933072328567505,0.9933071732521057,0.0,-1.3085481320469078e-13,7.083983193881954e-14,-1.3006414574727416e-16,2.640876570092379e-15,4.786218621953553e-13,-0.0001308548089582473,7.083982927724719e-05,0.00047862183419056237,1.4555475155046517e-08,0.0,0.0,0.0,0.0,0.0,0.0,anisotropic
437,3.3574341223863158e-12,0.005125784315168858,0.9933072328567505,0.9933072328567505,0.9933071732521057,0.0,-1.3085481320469078e-13,7.083983193881954e-14,-1.3006414574727416e-16,2.640876570092379e-15,4.786218621953553e-13,-0.0001308548089582473,7.083982927724719e-05,0.00047862183419056237,1.4574355155460719e-08,0.0,0.0,0.0,0.0,0.0,0.0,anisotropic
438,3.3574341223863158e-12,0.005125784315168858,0.9933072328567505,0.9933072328567505,0.9933071732521057,0.0,-1.3085481320469078e-13,7.083983193881954e-14,-1.3006414574727416e-16,2.640876570092379e-15,4.786218621953553e-13,-0.0001308548089582473,7.083982927724719e-05,0.00047862183419056237,1.4593168088224695e-08,0.0,0.0,0.0,0.0,0.0,0.0,anisotropic
439,3.3574341223863158e-12,0.005125784315168858,0.9933072328567505,0.9933072328567505,0.9933071732521057,0.0,-1.3085481320469078e-13,7.083983193881954e-14,-1.3006414574727416e-16,2.640876570092379e-15,4.786218621953553e-13,-0.0001308548089582473,7.083982927724719e-05,0.00047862183419056237,1.4612184795944856e-08,0.0,0.0,0.0,0.0,0.0,0.0,anisotropic
440,3.3574341223863158e-12,0.005125784315168858,0.9933072328567505,0.9933072328567505,0.9933071732521057,0.0,-1.3085481320469078e-13,7.083983193881954e-14,-1.3006414574727416e-16,2.640876570092379e-15,4.786218621953553e-13,-0.0001308548089582473,7.083982927724719e-05,0.00047862183419056237,1.463125454041716e-08,0.0,0.0,0.0,0.0,0.0,0.0,anisotropic
441,3.3574341223863158e-12,0.005125784315168858,0.9933072328567505,0.9933072328567505,0.9933071732521057,0.0,-1.3085481320469078e-13,7.083983193881954e-14,-1.3006414574727416e-16,2.640876570092379e-15,4.786218621953553e-13,-0.0001308548089582473,7.083982927724719e-05,0.00047862183419056237,1.4649937459079304e-08,0.0,0.0,0.0,0.0,0.0,0.0,anisotropic
442,3.3574341223863158e-12,0.005125784315168858,0.9933072328567505,0.9933072328567505,0.9933071732521057,0.0,-1.3085481320469078e-13,7.083983193881954e-14,-1.3006414574727416e-16,2.640876570092379e-15,4.786218621953553e-13,-0.0001308548089582473,7.083982927724719e-05,0.00047862183419056237,1.4669088335887938e-08,0.0,0.0,0.0,0.0,0.0,0.0,anisotropic
443,3.3574341223863158e-12,0.005125784315168858,0.9933072328567505,0.9933072328567505,0.9933071732521057,0.0,-1.3085481320469078e-13,7.083983193881954e-14,-1.3006414574727416e-16,2.640876570092379e-15,4.786218621953553e-13,-0.0001308548089582473,7.083982927724719e-05,0.00047862183419056237,1.468793827028273e-08,0.0,0.0,0.0,0.0,0.0,0.0,anisotropic
444,3.3574341223863158e-12,0.005125784315168858,0.9933072328567505,0.9933072328567505,0.9933071732521057,0.0,-1.3085481320469078e-13,7.083983193881954e-14,-1.3006414574727416e-16,2.640876570092379e-15,4.786218621953553e-13,-0.0001308548089582473,7.083982927724719e-05,0.00047862183419056237,1.4706773674929277e-08,0.0,0.0,0.0,0.0,0.0,0.0,anisotropic
445,3.3574341223863158e-12,0.005125784315168858,0.9933072328567505,0.9933072328567505,0.9933071732521057,0.0,-1.3085481320469078e-13,7.083983193881954e-14,-1.3006414574727416e-16,2.640876570092379e-15,4.786218621953553e-13,-0.0001308548089582473,7.083982927724719e-05,0.00047862183419056237,1.4725687659743357e-08,0.0,0.0,0.0,0.0,0.0,0.0,anisotropic
446,3.3574341223863158e-12,0.005125784315168858,0.9933072328567505,0.9933072328567505,0.9933071732521057,0.0,-1.3085481320469078e-13,7.083983193881954e-14,-1.3006414574727416e-16,2.640876570092379e-15,4.786218621953553e-13,-0.0001308548089582473,7.083982927724719e-05,0.00047862183419056237,1.4744598098434839e-08,0.0,0.0,0.0,0.0,0.0,0.0,anisotropic
447,3.3574341223863158e-12,0.005125784315168858,0.9933072328567505,0.9933072328567505,0.9933071732521057,0.0,-1.3085481320469078e-13,7.083983193881954e-14,-1.3006414574727416e-16,2.640876570092379e-15,4.786218621953553e-13,-0.0001308548089582473,7.083982927724719e-05,0.00047862183419056237,1.4763585416759097e-08,0.0,0.0,0.0,0.0,0.0,0.0,anisotropic
448,3.3574341223863158e-12,0.005125784315168858,0.9933072328567505,0.9933072328567505,0.9933071732521057,0.0,-1.3085481320469078e-13,7.083983193881954e-14,-1.3006414574727416e-16,2.640876570092379e-15,4.786218621953553e-13,-0.0001308548089582473,7.083982927724719e-05,0.00047862183419056237,1.478232197132758e-08,0.0,0.0,0.0,0.0,0.0,0.0,anisotropic
449,3.3574341223863158e-12,0.005125784315168858,0.9933072328567505,0.9933072328567505,0.9933071732521057,0.0,-1.3085481320469078e-13,7.083983193881954e-14,-1.3006414574727416e-16,2.640876570092379e-15,4.786218621953553e-13,-0.0001308548089582473,7.083982927724719e-05,0.00047862183419056237,1.4801503306453395e-08,0.0,0.0,0.0,0.0,0.0,0.0,anisotropic
450,3.3574341223863158e-12,0.005125784315168858,0.9933072328567505,0.9933072328567505,0.9933071732521057,0.0,-1.3085481320469078e-13,7.083983193881954e-14,-1.3006414574727416e-16,2.640876570092379e-15,4.786218621953553e-13,-0.0001308548089582473,7.083982927724719e-05,0.00047862183419056237,1.4820222241475305e-08,0.0,0.0,0.0,0.0,0.0,0.0,anisotropic
451,3.3574341223863158e-12,0.005125784315168858,0.9933072328567505,0.9933072328567505,0.9933071732521057,0.0,-1.3085481320469078e-13,7.083983193881954e-14,-1.3006414574727416e-16,2.640876570092379e-15,4.786218621953553e-13,-0.0001308548089582473,7.083982927724719e-05,0.00047862183419056237,1.483915062980677e-08,0.0,0.0,0.0,0.0,0.0,0.0,anisotropic
452,3.3574341223863158e-12,0.005125784315168858,0.9933072328567505,0.9933072328567505,0.9933071732521057,0.0,-1.3085481320469078e-13,7.083983193881954e-14,-1.3006414574727416e-16,2.640876570092379e-15,4.786218621953553e-13,-0.0001308548089582473,7.083982927724719e-05,0.00047862183419056237,1.4858109620424328e-08,0.0,0.0,0.0,0.0,0.0,0.0,anisotropic
453,3.3574341223863158e-12,0.005125784315168858,0.9933072328567505,0.9933072328567505,0.9933071732521057,0.0,-1.3085481320469078e-13,7.083983193881954e-14,-1.3006414574727416e-16,2.640876570092379e-15,4.786218621953553e-13,-0.0001308548089582473,7.083982927724719e-05,0.00047862183419056237,1.4876923230529344e-08,0.0,0.0,0.0,0.0,0.0,0.0,anisotropic
454,3.3574341223863158e-12,0.005125784315168858,0.9933072328567505,0.9933072328567505,0.9933071732521057,0.0,-1.3085481320469078e-13,7.083983193881954e-14,-1.3006414574727416e-16,2.640876570092379e-15,4.786218621953553e-13,-0.0001308548089582473,7.083982927724719e-05,0.00047862183419056237,1.4895958562001081e-08,0.0,0.0,0.0,0.0,0.0,0.0,anisotropic
455,3.3574341223863158e-12,0.005125784315168858,0.9933072328567505,0.9933072328567505,0.9933071732521057,0.0,-1.3085481320469078e-13,7.083983193881954e-14,-1.3006414574727416e-16,2.640876570092379e-15,4.786218621953553e-13,-0.0001308548089582473,7.083982927724719e-05,0.00047862183419056237,1.491472561213547e-08,0.0,0.0,0.0,0.0,0.0,0.0,anisotropic
456,3.3574341223863158e-12,0.005125784315168858,0.9933072328567505,0.9933072328567505,0.9933071732521057,0.0,-1.3085481320469078e-13,7.083983193881954e-14,-1.3006414574727416e-16,2.640876570092379e-15,4.786218621953553e-13,-0.0001308548089582473,7.083982927724719e-05,0.00047862183419056237,1.493362958257348e-08,0.0,0.0,0.0,0.0,0.0,0.0,anisotropic
457,3.3574341223863158e-12,0.005125784315168858,0.9933072328567505,0.9933072328567505,0.9933071732521057,0.0,-1.3085481320469078e-13,7.083983193881954e-14,-1.3006414574727416e-16,2.640876570092379e-15,4.786218621953553e-13,-0.0001308548089582473,7.083982927724719e-05,0.00047862183419056237,1.4952498209566563e-08,0.0,0.0,0.0,0.0,0.0,0.0,anisotropic
458,3.3574341223863158e-12,0.005125784315168858,0.9933072328567505,0.9933072328567505,0.9933071732521057,0.0,-1.3085481320469078e-13,7.083983193881954e-14,-1.3006414574727416e-16,2.640876570092379e-15,4.786218621953553e-13,-0.0001308548089582473,7.083982927724719e-05,0.00047862183419056237,1.497143590890374e-08,0.0,0.0,0.0,0.0,0.0,0.0,anisotropic
459,3.3574341223863158e-12,0.005125784315168858,0.9933072328567505,0.9933072328567505,0.9933071732521057,0.0,-1.3085481320469078e-13,7.083983193881954e-14,-1.3006414574727416e-16,2.640876570092379e-15,4.786218621953553e-13,-0.0001308548089582473,7.083982927724719e-05,0.00047862183419056237,1.4990276604799146e-08,0.0,0.0,0.0,0.0,0.0,0.0,anisotropic
460,3.3574341223863158e-12,0.005125784315168858,0.9933072328567505,0.9933072328567505,0.9933071732521057,0.0,-1.3085481320469078e-13,7.083983193881954e-14,-1.3006414574727416e-16,2.640876570092379e-15,4.786218621953553e-13,-0.0001308548089582473,7.083982927724719e-05,0.00047862183419056237,1.5009270131127737e-08,0.0,0.0,0.0,0.0,0.0,0.0,anisotropic
461,3.3574341223863158e-12,0.005125784315168858,0.9933072328567505,0.9933072328567505,0.9933071732521057,0.0,-1.3085481320469078e-13,7.083983193881954e-14,-1.3006414574727416e-16,2.640876570092379e-15,4.786218621953553e-13,-0.0001308548089582473,7.083982927724719e-05,0.00047862183419056237,1.5028234499376472e-08,0.0,0.0,0.0,0.0,0.0,0.0,anisotropic
462,3.3574341223863158e-12,0.005125784315168858,0.9933072328567505,0.9933072328567505,0.9933071732521057,0.0,-1.3085481320469078e-13,7.083983193881954e-14,-1.3006414574727416e-16,2.640876570092379e-15,4.786218621953553e-13,-0.0001308548089582473,7.083982927724719e-05,0.00047862183419056237,1.5047075145368764e-08,0.0,0.0,0.0,0.0,0.0,0.0,anisotropic
463,3.3574341223863158e-12,0.005125784315168858,0.9933072328567505,0.9933072328567505,0.9933071732521057,0.0,-1.3085481320469078e-13,7.083983193881954e-14,-1.3006414574727416e-16,2.640876570092379e-15,4.786218621953553e-13,-0.0001308548089582473,7.083982927724719e-05,0.00047862183419056237,1.5065848003150862e-08,0.0,0.0,0.0,0.0,0.0,0.0,anisotropic
464,3.3574341223863158e-12,0.005125784315168858,0.9933072328567505,0.9933072328567505,0.9933071732521057,0.0,-1.3085481320469078e-13,7.083983193881954e-14,-1.3006414574727416e-16,2.640876570092379e-15,4.786218621953553e-13,-0.0001308548089582473,7.083982927724719e-05,0.00047862183419056237,1.5084811250666608e-08,0.0,0.0,0.0,0.0,0.0,0.0,anisotropic
465,3.3574341223863158e-12,0.005125784315168858,0.9933072328567505,0.9933072328567505,0.9933071732521057,0.0,-1.3085481320469078e-13,7.083983193881954e-14,-1.3006414574727416e-16,2.640876570092379e-15,4.786218621953553e-13,-0.0001308548089582473,7.083982927724719e-05,0.00047862183419056237,1.510360734442479e-08,0.0,0.0,0.0,0.0,0.0,0.0,anisotropic
466,3.3574341223863158e-12,0.005125784315168858,0.9933072328567505,0.9933072328567505,0.9933071732521057,0.0,-1.3085481320469078e-13,7.083983193881954e-14,-1.3006414574727416e-16,2.640876570092379e-15,4.786218621953553e-13,-0.0001308548089582473,7.083982927724719e-05,0.00047862183419056237,1.5122659095287302e-08,0.0,0.0,0.0,0.0,0.0,0.0,anisotropic
467,3.3574341223863158e-12,0.005125784315168858,0.9933072328567505,0.9933072328567505,0.9933071732521057,0.0,-1.3085481320469078e-13,7.083983193881954e-14,-1.3006414574727416e-16,2.640876570092379e-15,4.786218621953553e-13,-0.0001308548089582473,7.083982927724719e-05,0.00047862183419056237,1.5141418701127374e-08,0.0,0.0,0.0,0.0,0.0,0.0,anisotropic
468,3.3574341223863158e-12,0.005125784315168858,0.9933072328567505,0.9933072328567505,0.9933071732521057,0.0,-1.3085481320469078e-13,7.083983193881954e-14,-1.3006414574727416e-16,2.640876570092379e-15,4.786218621953553e-13,-0.0001308548089582473,7.083982927724719e-05,0.00047862183419056237,1.5160131323798475e-08,0.0,0.0,0.0,0.0,0.0,0.0,anisotropic
469,3.3574341223863158e-12,0.005125784315168858,0.9933072328567505,0.9933072328567505,0.9933071732521057,0.0,-1.3085481320469078e-13,7.083983193881954e-14,-1.3006414574727416e-16,2.640876570092379e-15,4.786218621953553e-13,-0.0001308548089582473,7.083982927724719e-05,0.00047862183419056237,1.5178987412196195e-08,0.0,0.0,0.0,0.0,0.0,0.0,anisotropic
470,3.3574341223863158e-12,0.005125784315168858,0.9933072328567505,0.9933072328567505,0.9933071732521057,0.0,-1.3085481320469078e-13,7.083983193881954e-14,-1.3006414574727416e-16,2.640876570092379e-15,4.786218621953553e-13,-0.0001308548089582473,7.083982927724719e-05,0.00047862183419056237,1.519792170520603e-08,0.0,0.0,0.0,0.0,0.0,0.0,anisotropic
471,3.3574341223863158e-12,0.005125784315168858,0.9933072328567505,0.9933072328567505,0.9933071732521057,0.0,-1.3085481320469078e-13,7.083983193881954e-14,-1.3006414574727416e-16,2.640876570092379e-15,4.786218621953553e-13,-0.0001308548089582473,7.083982927724719e-05,0.00047862183419056237,1.5216870182083164e-08,0.0,0.0,0.0,0.0,0.0,0.0,anisotropic
472,3.3574341223863158e-12,0.005125784315168858,0.9933072328567505,0.9933072328567505,0.9933071732521057,0.0,-1.3085481320469078e-13,7.083983193881954e-14,-1.3006414574727416e-16,2.640876570092379e-15,4.786218621953553e-13,-0.0001308548089582473,7.083982927724719e-05,0.00047862183419056237,1.5235713677112102e-08,0.0,0.0,0.0,0.0,0.0,0.0,anisotropic
473,3.3574341223863158e-12,0.005125784315168858,0.9933072328567505,0.9933072328567505,0.9933071732521057,0.0,-1.3085481320469078e-13,7.083983193881954e-14,-1.3006414574727416e-16,2.640876570092379e-15,4.786218621953553e-13,-0.0001308548089582473,7.083982927724719e-05,0.00047862183419056237,1.525454490129258e-08,0.0,0.0,0.0,0.0,0.0,0.0,anisotropic
474,3.3574341223863158e-12,0.005125784315168858,0.9933072328567505,0.9933072328567505,0.9933071732521057,0.0,-1.3085481320469078e-13,7.083983193881954e-14,-1.3006414574727416e-16,2.640876570092379e-15,4.786218621953553e-13,-0.0001308548089582473,7.083982927724719e-05,0.00047862183419056237,1.5273352760756246e-08,0.0,0.0,0.0,0.0,0.0,0.0,anisotropic
475,3.3574341223863158e-12,0.005125784315168858,0.9933072328567505,0.9933072328567505,0.9933071732521057,0.0,-1.3085481320469078e-13,7.083983193881954e-14,-1.3006414574727416e-16,2.640876570092379e-15,4.786218621953553e-13,-0.0001308548089582473,7.083982927724719e-05,0.00047862183419056237,1.5292165986403896e-08,0.0,0.0,0.0,0.0,0.0,0.0,anisotropic
476,3.3574341223863158e-12,0.005125784315168858,0.9933072328567505,0.9933072328567505,0.9933071732521057,0.0,-1.3085481320469078e-13,7.083983193881954e-14,-1.3006414574727416e-16,2.640876570092379e-15,4.786218621953553e-13,-0.0001308548089582473,7.083982927724719e-05,0.00047862183419056237,1.5311141494513464e-08,0.0,0.0,0.0,0.0,0.0,0.0,anisotropic
477,3.3574341223863158e-12,0.005125784315168858,0.9933072328567505,0.9933072328567505,0.9933071732521057,0.0,-1.3085481320469078e-13,7.083983193881954e-14,-1.3006414574727416e-16,2.640876570092379e-15,4.786218621953553e-13,-0.0001308548089582473,7.083982927724719e-05,0.00047862183419056237,1.5329925995388175e-08,0.0,0.0,0.0,0.0,0.0,0.0,anisotropic
478,3.3574341223863158e-12,0.005125784315168858,0.9933072328567505,0.9933072328567505,0.9933071732521057,0.0,-1.3085481320469078e-13,7.083983193881954e-14,-1.3006414574727416e-16,2.640876570092379e-15,4.786218621953553e-13,-0.0001308548089582473,7.083982927724719e-05,0.00047862183419056237,1.5348791694594817e-08,0.0,0.0,0.0,0.0,0.0,0.0,anisotropic
479,3.3574341223863158e-12,0.005125784315168858,0.9933072328567505,0.9933072328567505,0.9933071732521057,0.0,-1.3085481320469078e-13,7.083983193881954e-14,-1.3006414574727416e-16,2.640876570092379e-15,4.786218621953553e-13,-0.0001308548089582473,7.083982927724719e-05,0.00047862183419056237,1.5367758762045894e-08,0.0,0.0,0.0,0.0,0.0,0.0,anisotropic
480,3.3574341223863158e-12,0.005125784315168858,0.9933072328567505,0.9933072328567505,0.9933071732521057,0.0,-1.3085481320469078e-13,7.083983193881954e-14,-1.3006414574727416e-16,2.640876570092379e-15,4.786218621953553e-13,-0.0001308548089582473,7.083982927724719e-05,0.00047862183419056237,1.5386484974532375e-08,0.0,0.0,0.0,0.0,0.0,0.0,anisotropic
481,3.3574341223863158e-12,0.005125784315168858,0.9933072328567505,0.9933072328567505,0.9933071732521057,0.0,-1.3085481320469078e-13,7.083983193881954e-14,-1.3006414574727416e-16,2.640876570092379e-15,4.786218621953553e-13,-0.0001308548089582473,7.083982927724719e-05,0.00047862183419056237,1.5405468618225117e-08,0.0,0.0,0.0,0.0,0.0,0.0,anisotropic
482,3.3574341223863158e-12,0.005125784315168858,0.9933072328567505,0.9933072328567505,0.9933071732521057,0.0,-1.3085481320469078e-13,7.083983193881954e-14,-1.3006414574727416e-16,2.640876570092379e-15,4.786218621953553e-13,-0.0001308548089582473,7.083982927724719e-05,0.00047862183419056237,1.5424292495510433e-08,0.0,0.0,0.0,0.0,0.0,0.0,anisotropic
483,3.3574341223863158e-12,0.005125784315168858,0.9933072328567505,0.9933072328567505,0.9933071732521057,0.0,-1.3085481320469078e-13,7.083983193881954e-14,-1.3006414574727416e-16,2.640876570092379e-15,4.786218621953553e-13,-0.0001308548089582473,7.083982927724719e-05,0.00047862183419056237,1.5443156970253535e-08,0.0,0.0,0.0,0.0,0.0,0.0,anisotropic
484,3.3574341223863158e-12,0.005125784315168858,0.9933072328567505,0.9933072328567505,0.9933071732521057,0.0,-1.3085481320469078e-13,7.083983193881954e-14,-1.3006414574727416e-16,2.640876570092379e-15,4.786218621953553e-13,-0.0001308548089582473,7.083982927724719e-05,0.00047862183419056237,1.5461908027031055e-08,0.0,0.0,0.0,0.0,0.0,0.0,anisotropic
485,3.3574341223863158e-12,0.005125784315168858,0.9933072328567505,0.9933072328567505,0.9933071732521057,0.0,-1.3085481320469078e-13,7.083983193881954e-14,-1.3006414574727416e-16,2.640876570092379e-15,4.786218621953553e-13,-0.0001308548089582473,7.083982927724719e-05,0.00047862183419056237,1.5480840879432474e-08,0.0,0.0,0.0,0.0,0.0,0.0,anisotropic
486,3.3574341223863158e-12,0.005125784315168858,0.9933072328567505,0.9933072328567505,0.9933071732521057,0.0,-1.3085481320469078e-13,7.083983193881954e-14,-1.3006414574727416e-16,2.640876570092379e-15,4.786218621953553e-13,-0.0001308548089582473,7.083982927724719e-05,0.00047862183419056237,1.5499787402103426e-08,0.0,0.0,0.0,0.0,0.0,0.0,anisotropic
487,3.3574341223863158e-12,0.005125784315168858,0.9933072328567505,0.9933072328567505,0.9933071732521057,0.0,-1.3085481320469078e-13,7.083983193881954e-14,-1.3006414574727416e-16,2.640876570092379e-15,4.786218621953553e-13,-0.0001308548089582473,7.083982927724719e-05,0.00047862183419056237,1.551850148044036e-08,0.0,0.0,0.0,0.0,0.0,0.0,anisotropic
488,3.3574341223863158e-12,0.005125784315168858,0.9933072328567505,0.9933072328567505,0.9933071732521057,0.0,-1.3085481320469078e-13,7.083983193881954e-14,-1.3006414574727416e-16,2.640876570092379e-15,4.786218621953553e-13,-0.0001308548089582473,7.083982927724719e-05,0.00047862183419056237,1.5537351736518853e-08,0.0,0.0,0.0,0.0,0.0,0.0,anisotropic
489,3.3574341223863158e-12,0.005125784315168858,0.9933072328567505,0.9933072328567505,0.9933071732521057,0.0,-1.3085481320469078e-13,7.083983193881954e-14,-1.3006414574727416e-16,2.640876570092379e-15,4.786218621953553e-13,-0.0001308548089582473,7.083982927724719e-05,0.00047862183419056237,1.555617151716102e-08,0.0,0.0,0.0,0.0,0.0,0.0,anisotropic
490,3.3574341223863158e-12,0.005125784315168858,0.9933072328567505,0.9933072328567505,0.9933071732521057,0.0,-1.3085481320469078e-13,7.083983193881954e-14,-1.3006414574727416e-16,2.640876570092379e-15,4.786218621953553e-13,-0.0001308548089582473,7.083982927724719e-05,0.00047862183419056237,1.557499673841749e-08,0.0,0.0,0.0,0.0,0.0,0.0,anisotropic
491,3.3574341223863158e-12,0.005125784315168858,0.9933072328567505,0.9933072328567505,0.9933071732521057,0.0,-1.3085481320469078e-13,7.083983193881954e-14,-1.3006414574727416e-16,2.640876570092379e-15,4.786218621953553e-13,-0.0001308548089582473,7.083982927724719e-05,0.00047862183419056237,1.5593898389952725e-08,0.0,0.0,0.0,0.0,0.0,0.0,anisotropic
492,3.3574341223863158e-12,0.005125784315168858,0.9933072328567505,0.9933072328567505,0.9933071732521057,0.0,-1.3085481320469078e-13,7.083983193881954e-14,-1.3006414574727416e-16,2.640876570092379e-15,4.786218621953553e-13,-0.0001308548089582473,7.083982927724719e-05,0.00047862183419056237,1.5612698662580027e-08,0.0,0.0,0.0,0.0,0.0,0.0,anisotropic
493,3.3574341223863158e-12,0.005125784315168858,0.9933072328567505,0.9933072328567505,0.9933071732521057,0.0,-1.3085481320469078e-13,7.083983193881954e-14,-1.3006414574727416e-16,2.640876570092379e-15,4.786218621953553e-13,-0.0001308548089582473,7.083982927724719e-05,0.00047862183419056237,1.563141990267692e-08,0.0,0.0,0.0,0.0,0.0,0.0,anisotropic
494,3.3574341223863158e-12,0.005125784315168858,0.9933072328567505,0.9933072328567505,0.9933071732521057,0.0,-1.3085481320469078e-13,7.083983193881954e-14,-1.3006414574727416e-16,2.640876570092379e-15,4.786218621953553e-13,-0.0001308548089582473,7.083982927724719e-05,0.00047862183419056237,1.5650388883094325e-08,0.0,0.0,0.0,0.0,0.0,0.0,anisotropic
495,3.3574341223863158e-12,0.005125784315168858,0.9933072328567505,0.9933072328567505,0.9933071732521057,0.0,-1.3085481320469078e-13,7.083983193881954e-14,-1.3006414574727416e-16,2.640876570092379e-15,4.786218621953553e-13,-0.0001308548089582473,7.083982927724719e-05,0.00047862183419056237,1.566931037923627e-08,0.0,0.0,0.0,0.0,0.0,0.0,anisotropic
496,3.3574341223863158e-12,0.005125784315168858,0.9933072328567505,0.9933072328567505,0.9933071732521057,0.0,-1.3085481320469078e-13,7.083983193881954e-14,-1.3006414574727416e-16,2.640876570092379e-15,4.786218621953553e-13,-0.0001308548089582473,7.083982927724719e-05,0.00047862183419056237,1.5688091525135774e-08,0.0,0.0,0.0,0.0,0.0,0.0,anisotropic
497,3.3574341223863158e-12,0.005125784315168858,0.9933072328567505,0.9933072328567505,0.9933071732521057,0.0,-1.3085481320469078e-13,7.083983193881954e-14,-1.3006414574727416e-16,2.640876570092379e-15,4.786218621953553e-13,-0.0001308548089582473,7.083982927724719e-05,0.00047862183419056237,1.570688294114012e-08,0.0,0.0,0.0,0.0,0.0,0.0,anisotropic
498,3.3574341223863158e-12,0.005125784315168858,0.9933072328567505,0.9933072328567505,0.9933071732521057,0.0,-1.3085481320469078e-13,7.083983193881954e-14,-1.3006414574727416e-16,2.640876570092379e-15,4.786218621953553e-13,-0.0001308548089582473,7.083982927724719e-05,0.00047862183419056237,1.572570761685466e-08,0.0,0.0,0.0,0.0,0.0,0.0,anisotropic
499,3.3574341223863158e-12,0.005125784315168858,0.9933072328567505,0.9933072328567505,0.9933071732521057,0.0,-1.3085481320469078e-13,7.083983193881954e-14,-1.3006414574727416e-16,2.640876570092379e-15,4.786218621953553e-13,-0.0001308548089582473,7.083982927724719e-05,0.00047862183419056237,1.5744497719640643e-08,0.0,0.0,0.0,0.0,0.0,0.0,anisotropic
