epoch,cost,mse,gamma_min,gamma_max,gamma_mean,gamma_std,adjoint_grad_min,adjoint_grad_max,adjoint_grad_mean,adjoint_grad_std,adjoint_grad_norm,scaled_grad_min,scaled_grad_max,scaled_grad_norm,param_grad_norm,delta_gamma_mean_abs,delta_gamma_max_abs,delta_gamma_std,tv_raw,tv_loss,tv_weight,tv_type
0,3.357441711801523e-12,0.005125780589878559,0.9933039546012878,0.9933047294616699,0.9933043718338013,1.7838290489180508e-07,-1.3085547727852143e-13,7.0840739958139e-14,-1.300649266057724e-16,2.6408905461360087e-15,4.786244100704606e-13,-0.0001308554783463478,7.084073877194896e-05,0.00047862439532764256,3.053513509367253e-05,1.902570147649385e-06,1.9669532775878906e-06,2.499124640564787e-08,0.0,0.0,0.0,anisotropic
1,3.3574365076310952e-12,0.005125786177814007,0.9933058619499207,0.9933066368103027,0.9933062791824341,1.709212398282034e-07,-1.3085501649259812e-13,7.084010976562624e-14,-1.3006438397529058e-16,2.640881017015352e-15,4.78622621136876e-13,-0.0001308550126850605,7.084011303959414e-05,0.0004786226199939847,3.051622437289859e-05,1.730037183733657e-06,1.7881393432617188e-06,2.2896443852005177e-08,0.0,0.0,0.0,anisotropic
2,3.3574304360989293e-12,0.0051257917657494545,0.9933075904846191,0.9933083653450012,0.9933080673217773,1.883065863239608e-07,-1.3085436597129463e-13,7.083985226761028e-14,-1.3006283549318388e-16,2.6408672527299592e-15,4.786201816819879e-13,-0.00013085437240079045,7.083985110512003e-05,0.00047862017527222633,3.049923963118905e-05,1.5993628039723262e-06,1.6689300537109375e-06,2.388009079368203e-08,0.0,0.0,0.0,anisotropic
3,3.357425448768936e-12,0.0051257978193461895,0.9933091998100281,0.9933099746704102,0.993309736251831,1.71225138956288e-07,-1.3085383742273554e-13,7.083945246805917e-14,-1.3006204139979583e-16,2.640857300092829e-15,4.786183927484033e-13,-0.000130853833979927,7.083945092745125e-05,0.00047861839993856847,3.048413895341029e-05,1.492449882789515e-06,1.5497207641601562e-06,2.0696759861493774e-08,0.0,0.0,0.0,anisotropic
4,3.3574213288006804e-12,0.005125802010297775,0.9933106899261475,0.9933114647865295,0.9933110475540161,1.8587724071039702e-07,-1.3085348505702948e-13,7.083896457708155e-14,-1.300616178833222e-16,2.6408501003127773e-15,4.786170374956877e-13,-0.00013085348473396152,7.08389634382911e-05,0.000478617032058537,3.0470541047182484e-05,1.4041943359188735e-06,1.430511474609375e-06,2.959828648840812e-08,0.0,0.0,0.0,anisotropic
5,3.357416775151556e-12,0.005125807132571936,0.9933121204376221,0.9933128952980042,0.9933125972747803,1.6501982713634789e-07,-1.3085301071857902e-13,7.083878839422852e-14,-1.3006030762923191e-16,2.6408388771262262e-15,4.786150317216686e-13,-0.000130853004520759,7.083878881530836e-05,0.0004786150238942355,3.04579392914904e-05,1.329317456111312e-06,1.3709068298339844e-06,2.751496275266163e-08,0.0,0.0,0.0,anisotropic
6,3.3574130888641696e-12,0.005125812720507383,0.9933134317398071,0.9933142066001892,0.9933137893676758,1.7108513361563382e-07,-1.3085257703771003e-13,7.08384563573132e-14,-1.3005955324051327e-16,2.6408306185549905e-15,4.786134596285185e-13,-0.00013085258251521736,7.083845412125811e-05,0.0004786134813912213,3.0446502538163575e-05,1.265892933588475e-06,1.3113021850585938e-06,2.5644347090292285e-08,0.0,0.0,0.0,anisotropic
7,3.357409402576783e-12,0.00512581504881382,0.9933146834373474,0.9933154582977295,0.9933149814605713,1.6767553745467012e-07,-1.3085226532958544e-13,7.0837961690072e-14,-1.3005934148227645e-16,2.6408246893243597e-15,4.786124296364547e-13,-0.00013085226237308234,7.083795935614035e-05,0.00047861243365332484,3.0436089537986734e-05,1.2098917068215087e-06,1.2516975402832031e-06,2.734599036102736e-08,0.0,0.0,0.0,anisotropic
8,3.3574052826085277e-12,0.005125819705426693,0.9933158755302429,0.9933167099952698,0.9933164119720459,1.676858971677575e-07,-1.3085189941135222e-13,7.083775162590109e-14,-1.300584679795496e-16,2.640816218994887e-15,4.786109117534132e-13,-0.00013085189857520163,7.083774835336953e-05,0.00047861089115031064,3.042632888590317e-05,1.1633401300059631e-06,1.1920928955078125e-06,2.9784287036704882e-08,0.0,0.0,0.0,anisotropic
9,3.3574013794807067e-12,0.005125824362039566,0.9933170676231384,0.9933179020881653,0.9933174848556519,1.7154239628780488e-07,-1.3085146573048323e-13,7.083754833799374e-14,-1.3005743565814513e-16,2.6408075369071778e-15,4.786092854501545e-13,-0.00013085146201774478,7.083755190251395e-05,0.0004786092904396355,3.0417243540881316e-05,1.1182510206708685e-06,1.1920928955078125e-06,2.5436394324174216e-08,0.0,0.0,0.0,anisotropic
10,3.3573985605550583e-12,0.005125829018652439,0.9933182001113892,0.993319034576416,0.9933185577392578,1.7088476056414947e-07,-1.3085118112741295e-13,7.083717564349695e-14,-1.3005719743012872e-16,2.6408020311930206e-15,4.786083096681992e-13,-0.00013085118553135544,7.083717355271801e-05,0.0004786083009094,3.040897764452077e-05,1.0808089427882805e-06,1.1324882507324219e-06,2.105231011739761e-08,0.0,0.0,0.0,anisotropic
11,3.3573953079485408e-12,0.005125831346958876,0.9933192729949951,0.993320107460022,0.9933196306228638,1.736018901965508e-07,-1.3085089652434267e-13,7.083683683031805e-14,-1.3005674744387549e-16,2.640795890204153e-15,4.786071712559181e-13,-0.00013085089449305087,7.083683885866776e-05,0.0004786071658600122,3.040122917471274e-05,1.045067619998008e-06,1.0728836059570312e-06,2.9736506590438694e-08,0.0,0.0,0.0,anisotropic
12,3.357391838501589e-12,0.005125834606587887,0.9933202862739563,0.9933211803436279,0.9933205842971802,1.7313755051873159e-07,-1.3085053060610946e-13,7.083668097625576e-14,-1.3005584747136903e-16,2.6407876316329173e-15,4.786057075829853e-13,-0.00013085053069517016,7.083667878760025e-05,0.0004786056815646589,3.0393931279248008e-05,1.0157418728340417e-06,1.0728836059570312e-06,1.673186034167884e-08,0.0,0.0,0.0,anisotropic
13,3.3573885858950714e-12,0.00512583926320076,0.9933212995529175,0.9933221936225891,0.9933216571807861,1.9267898210273415e-07,-1.3085013758282193e-13,7.083653867472062e-14,-1.3005505337798098e-16,2.640780220094629e-15,4.786043523302697e-13,-0.000130850137793459,7.083654054440558e-05,0.00047860434278845787,3.0387142309261982e-05,9.83902282314375e-07,1.0132789611816406e-06,2.9799734235780306e-08,0.0,0.0,0.0,anisotropic
14,3.357385333288554e-12,0.005125842988491058,0.9933222532272339,0.9933232069015503,0.9933226108551025,1.8302249316093366e-07,-1.308498123221702e-13,7.083627440044107e-14,-1.3005447104282974e-16,2.6407738673475244e-15,4.786032139179885e-13,-0.00013084981765132397,7.083627133397385e-05,0.00047860326594673097,3.038086427275201e-05,9.579944162396714e-07,1.0132789611816406e-06,1.772252922194184e-08,0.0,0.0,0.0,anisotropic
15,3.357383164884209e-12,0.005125847179442644,0.9933232069015503,0.9933241605758667,0.993323564529419,1.8380191590949835e-07,-1.3084962258679e-13,7.083587460088997e-14,-1.3005448427771954e-16,2.6407704792157354e-15,4.786026176067937e-13,-0.000130849628476426,7.083587115630507e-05,0.0004786026256624609,3.0375152696405023e-05,9.353188943350688e-07,9.5367431640625e-07,2.7516723122289477e-08,0.0,0.0,0.0,anisotropic
16,3.357380129118126e-12,0.005125848576426506,0.9933241009712219,0.9933251142501831,0.9933245182037354,1.8896442099958222e-07,-1.308493786413012e-13,7.083566453671905e-14,-1.300539548821275e-16,2.6407645499851046e-15,4.786014791945126e-13,-0.00013084938109386712,7.083566742949188e-05,0.0004786014906130731,3.0369698144169893e-05,9.117029549088329e-07,9.5367431640625e-07,2.7205064867530382e-08,0.0,0.0,0.0,anisotropic
17,3.3573773101924775e-12,0.0051258523017168045,0.9933249950408936,0.9933260679244995,0.9933254718780518,2.039308668599915e-07,-1.3084897206548651e-13,7.083558999781969e-14,-1.3005290932583324e-16,2.640756291413869e-15,4.786000155215797e-13,-0.00013084897364024073,7.083558739395812e-05,0.00047859997721388936,3.0364504272254734e-05,8.928000170271844e-07,9.5367431640625e-07,1.541331329235618e-08,0.0,0.0,0.0,anisotropic
18,3.3573742744263946e-12,0.005125855095684528,0.9933258891105652,0.9933269619941711,0.9933263063430786,1.888608238687084e-07,-1.308487281199977e-13,7.083539348617593e-14,-1.30052393165131e-16,2.6407507856997118e-15,4.785989855295159e-13,-0.00013084872625768185,7.083539094310254e-05,0.0004785990167874843,3.0359782300278294e-05,8.73824319569394e-07,8.940696716308594e-07,2.8228834381138768e-08,0.0,0.0,0.0,anisotropic
19,3.357371455500746e-12,0.005125858820974827,0.9933267831802368,0.9933278560638428,0.993327260017395,1.9607570322932588e-07,-1.3084842996440027e-13,7.083512921189639e-14,-1.3005200935332678e-16,2.6407454917437914e-15,4.785980639576692e-13,-0.00013084843521937728,7.083512900862843e-05,0.00047859808546490967,3.0355409232534182e-05,8.555289241485298e-07,8.940696716308594e-07,2.8492861403606184e-08,0.0,0.0,0.0,anisotropic
20,3.357368853415532e-12,0.005125862546265125,0.9933276176452637,0.9933286905288696,0.9933280944824219,2.077147343015895e-07,-1.308482944391287e-13,7.083480395124464e-14,-1.3005187700442877e-16,2.6407416800955288e-15,4.785974134363657e-13,-0.000130848289700225,7.083480159053579e-05,0.00047859741607680917,3.0351421308713022e-05,8.397619239985943e-07,8.940696716308594e-07,1.8182602090632827e-08,0.0,0.0,0.0,anisotropic
21,3.3573669018516217e-12,0.0051258644089102745,0.9933284521102905,0.9933295249938965,0.9933290481567383,2.1109549663833604e-07,-1.3084800983605843e-13,7.083458033454657e-14,-1.3005146672284495e-16,2.640736809656082e-15,4.785964918645191e-13,-0.00013084801321383566,7.083458331180736e-05,0.0004785964556504041,3.0347679295163135e-05,8.229671948356554e-07,8.940696716308594e-07,2.3578802910151353e-08,0.0,0.0,0.0,anisotropic
22,3.3573638660855387e-12,0.005125867202877998,0.9933292269706726,0.9933303594589233,0.9933298826217651,2.0858462335127115e-07,-1.3084764391782522e-13,7.083449901938363e-14,-1.3005047410610988e-16,2.6407291863595568e-15,4.785950824016949e-13,-0.00013084764941595495,7.0834496000316e-05,0.00047859508777037263,3.0344102924405167e-05,8.085753506748006e-07,8.344650268554688e-07,2.9544814594828495e-08,0.0,0.0,0.0,anisotropic
23,3.3573619145216282e-12,0.0051258704625070095,0.9933300614356995,0.9933311939239502,0.993330717086792,2.059033761270257e-07,-1.308473999723364e-13,7.083436349411207e-14,-1.3004997118029745e-16,2.6407241041618732e-15,4.785941608298483e-13,-0.00013084740203339607,7.083436503307894e-05,0.000478594156447798,3.0340939421276508e-05,7.969447324285284e-07,8.344650268554688e-07,2.8786049099949196e-08,0.0,0.0,0.0,anisotropic
24,3.3573584450746763e-12,0.005125873722136021,0.9933308362960815,0.993332028388977,0.9933314323425293,2.0567050285080768e-07,-1.308471560268476e-13,7.08341669824683e-14,-1.3004953442893402e-16,2.6407181749312425e-15,4.785931308377844e-13,-0.00013084715465083718,7.083416858222336e-05,0.00047859313781373203,3.033806542273275e-05,7.819999154889956e-07,8.344650268554688e-07,1.9709542442569727e-08,0.0,0.0,0.0,anisotropic
25,3.357356927191635e-12,0.005125876981765032,0.9933316111564636,0.9933328032493591,0.9933321475982666,2.1507024428046861e-07,-1.3084700694904888e-13,7.083382139302583e-14,-1.3004960060338303e-16,2.640716269107111e-15,4.785927513670241e-13,-0.0001308470091316849,7.083381933625787e-05,0.00047859273036010563,3.0335600210322717e-05,7.679573172936216e-07,8.344650268554688e-07,1.9815503904396792e-08,0.0,0.0,0.0,anisotropic
26,3.357354325106421e-12,0.005125880241394043,0.9933323264122009,0.9933335781097412,0.9933329224586487,2.1196046873228624e-07,-1.308468172136687e-13,7.083360455259133e-14,-1.300491506171298e-16,2.6407111869094276e-15,4.785918297951774e-13,-0.00013084681995678693,7.083360105752945e-05,0.00047859185724519193,3.033329379311766e-05,7.582166290376335e-07,8.344650268554688e-07,2.675667687412897e-08,0.0,0.0,0.0,anisotropic
27,3.357352156702076e-12,0.005125881172716618,0.993333101272583,0.9933343529701233,0.9933336973190308,2.158552661057911e-07,-1.308466003732342e-13,7.083345547479261e-14,-1.3004872710065617e-16,2.640706316469981e-15,4.785910166435481e-13,-0.0001308466016780585,7.083345553837717e-05,0.0004785910132341087,3.0331250475819398e-05,7.484995876438916e-07,7.748603820800781e-07,2.9603393514321397e-08,0.0,0.0,0.0,anisotropic
28,3.357349120935993e-12,0.005125883966684341,0.9933338165283203,0.9933351278305054,0.9933345317840576,2.2542583621998347e-07,-1.3084619379741952e-13,7.083340126468399e-14,-1.300477212490313e-16,2.6406991166899292e-15,4.785896071807239e-13,-0.0001308461942244321,7.083340460667387e-05,0.00047858961625024676,3.0329329609343305e-05,7.357994036283344e-07,7.748603820800781e-07,2.83280812141129e-08,0.0,0.0,0.0,anisotropic
29,3.3573471693720824e-12,0.005125886760652065,0.9933345317840576,0.9933358430862427,0.9933352470397949,2.2564842083738768e-07,-1.308460176145665e-13,7.083324541062169e-14,-1.3004733743722708e-16,2.6406944580087193e-15,4.785887940290945e-13,-0.00013084601960144937,7.083324453560635e-05,0.00047858883044682443,3.0327833862754395e-05,7.263515726663172e-07,7.748603820800781e-07,2.3200477983209566e-08,0.0,0.0,0.0,anisotropic
30,3.3573450009677375e-12,0.005125889088958502,0.9933352470397949,0.9933366179466248,0.9933358430862427,2.2522060305618652e-07,-1.3084577366907768e-13,7.08330285701872e-14,-1.3004695362542286e-16,2.6406897993275094e-15,4.785879808774651e-13,-0.0001308457722188905,7.083302625687793e-05,0.0004785879864357412,3.032655849344179e-05,7.187536539277062e-07,7.748603820800781e-07,1.7192400392218588e-08,0.0,0.0,0.0,anisotropic
31,3.357343049403827e-12,0.005125892348587513,0.9933359622955322,0.9933373332023621,0.9933366775512695,2.2819295963927289e-07,-1.3084562459127896e-13,7.083274396711692e-14,-1.3004703303476166e-16,2.6406876817451413e-15,4.785875471965961e-13,-0.0001308456266997382,7.083274249453098e-05,0.0004785875207744539,3.0325605938874897e-05,7.104081305442378e-07,7.748603820800781e-07,1.8125980716376944e-08,0.0,0.0,0.0,anisotropic
32,3.357340447318613e-12,0.005125895142555237,0.9933366775512695,0.9933380484580994,0.9933373928070068,2.3353977951501292e-07,-1.3084540775084447e-13,7.083252712668242e-14,-1.3004656981361863e-16,2.6406825995474578e-15,4.785866256247495e-13,-0.00013084540842100978,7.083252421580255e-05,0.0004785866185557097,3.0324732206482227e-05,7.019698387011886e-07,7.748603820800781e-07,2.4968546341597175e-08,0.0,0.0,0.0,anisotropic
33,3.357338712595137e-12,0.005125896539539099,0.9933373928070068,0.9933387637138367,0.9933380484580994,2.398660114977247e-07,-1.3084523156799144e-13,7.083238482514728e-14,-1.30046212471594e-16,2.6406785761409583e-15,4.785859208933374e-13,-0.00013084523379802704,7.083238597260788e-05,0.00047858592006377876,3.032408612218818e-05,6.951122486498207e-07,7.748603820800781e-07,2.8221048609111676e-08,0.0,0.0,0.0,anisotropic
34,3.3573358936694886e-12,0.005125898867845535,0.9933380484580994,0.9933394193649292,0.9933387041091919,2.4321735736521077e-07,-1.308449063073397e-13,7.083234416756581e-14,-1.3004532573397735e-16,2.6406715881191435e-15,4.78584674060839e-13,-0.00013084489910397679,7.08323423168622e-05,0.0004785846685990691,3.0323517608149058e-05,6.863701855763793e-07,7.152557373046875e-07,2.9788669309027682e-08,0.0,0.0,0.0,anisotropic
35,3.357333942105578e-12,0.005125901661813259,0.9933387041091919,0.9933401346206665,0.9933394193649292,2.3844927454774734e-07,-1.3084466236185088e-13,7.08321950897671e-14,-1.3004482280816492e-16,2.64066650592146e-15,4.785837524889924e-13,-0.00013084466627333313,7.083219679770991e-05,0.0004785837372764945,3.0323236441556706e-05,6.79714503348805e-07,7.152557373046875e-07,2.9244988652976645e-08,0.0,0.0,0.0,anisotropic
36,3.357331340020364e-12,0.005125904455780983,0.9933394193649292,0.9933408498764038,0.9933401346206665,2.438644628455222e-07,-1.3084443196888923e-13,7.083199857812333e-14,-1.300444522312505e-16,2.6406622707567237e-15,4.785829393373631e-13,-0.00013084443344268948,7.083200034685433e-05,0.00047858295147307217,3.0323158892720834e-05,6.726004357915372e-07,7.152557373046875e-07,2.6888686832649e-08,0.0,0.0,0.0,anisotropic
37,3.3573298221373227e-12,0.005125907249748707,0.9933400750160217,0.9933415055274963,0.9933407306671143,2.5017945404215425e-07,-1.308443506537263e-13,7.083172075131663e-14,-1.300444919359199e-16,2.640659729657882e-15,4.785824514463854e-13,-0.0001308443461311981,7.083172386046499e-05,0.00047858248581178486,3.03233785531891e-05,6.661266525043175e-07,7.152557373046875e-07,2.2791249776332734e-08,0.0,0.0,0.0,anisotropic
38,3.357327870573412e-12,0.005125910509377718,0.9933407306671143,0.9933422207832336,0.9933414459228516,2.488175141479587e-07,-1.3084414736581895e-13,7.083156489725434e-14,-1.3004424047301368e-16,2.640656341526093e-15,4.785818551351906e-13,-0.0001308441424043849,7.083156378939748e-05,0.00047858181642368436,3.0323698143293865e-05,6.596710591111332e-07,7.152557373046875e-07,1.7358093629127325e-08,0.0,0.0,0.0,anisotropic
39,3.3573259190095017e-12,0.00512591190636158,0.9933413863182068,0.9933428764343262,0.9933421611785889,2.566635544098972e-07,-1.3084397118296592e-13,7.083136838561058e-14,-1.3004388313098906e-16,2.6406521063613566e-15,4.785811504037785e-13,-0.00013084396778140217,7.08313673385419e-05,0.0004785811179317534,3.0324157679388128e-05,6.562950147781521e-07,7.152557373046875e-07,1.6077958520099855e-08,0.0,0.0,0.0,anisotropic
40,3.3573237506051568e-12,0.005125913303345442,0.9933419823646545,0.9933435320854187,0.9933427572250366,2.591891359315923e-07,-1.3084375434253143e-13,7.083126674165691e-14,-1.3004322138649902e-16,2.6406468124054363e-15,4.785801204117146e-13,-0.00013084374950267375,7.08312654751353e-05,0.00047858012840151787,3.0324717287610994e-05,6.496502464869991e-07,7.152557373046875e-07,1.973704932822784e-08,0.0,0.0,0.0,anisotropic
41,3.3573215822008118e-12,0.005125916097313166,0.9933426380157471,0.993344247341156,0.9933433532714844,2.6362218363829015e-07,-1.3084341552935252e-13,7.083119897902113e-14,-1.3004258611178858e-16,2.640641306691279e-15,4.785791446297594e-13,-0.0001308434148086235,7.083119999151677e-05,0.00047857913887128234,3.0325427498660744e-05,6.444570317398757e-07,7.152557373046875e-07,2.3708528473775914e-08,0.0,0.0,0.0,anisotropic
42,3.3573191969560323e-12,0.005125918425619602,0.9933432936668396,0.9933449029922485,0.9933441281318665,2.6422813448334637e-07,-1.3084321224144518e-13,7.083104990122241e-14,-1.3004216259531495e-16,2.6406366480100692e-15,4.785782772680214e-13,-0.0001308432110818103,7.083104719640687e-05,0.00047857826575636864,3.0326367541092248e-05,6.379177648341283e-07,7.152557373046875e-07,2.7424109205753666e-08,0.0,0.0,0.0,anisotropic
43,3.3573170285516873e-12,0.005125920753926039,0.9933438897132874,0.9933456182479858,0.9933446645736694,2.6655865781322063e-07,-1.3084298184848353e-13,7.083085338957865e-14,-1.3004179201840053e-16,2.640632412845333e-15,4.785775725366093e-13,-0.00013084297825116664,7.083085074555129e-05,0.0004785775381606072,3.0327472219900596e-05,6.360733095789328e-07,7.152557373046875e-07,2.8125324291750076e-08,0.0,0.0,0.0,anisotropic
44,3.3573152938282114e-12,0.005125923082232475,0.9933445453643799,0.9933462738990784,0.9933453798294067,2.7361494403521647e-07,-1.308429005333206e-13,7.083057556277195e-14,-1.3004184495795973e-16,2.640630295262965e-15,4.785771388557403e-13,-0.0001308429054915905,7.083057425916195e-05,0.0004785771598108113,3.032878305408459e-05,6.295849743764848e-07,7.152557373046875e-07,2.9626260555914996e-08,0.0,0.0,0.0,anisotropic
45,3.3573135591047354e-12,0.005125925876200199,0.9933451414108276,0.9933469295501709,0.9933460354804993,2.7669108249028795e-07,-1.3084272435046757e-13,7.083042648497323e-14,-1.3004161996483312e-16,2.640626695372939e-15,4.785764883344368e-13,-0.00013084273086860776,7.083042874000967e-05,0.0004785764904227108,3.0330196386906306e-05,6.248992576729506e-07,7.152557373046875e-07,2.9802199819073394e-08,0.0,0.0,0.0,anisotropic
46,3.3573118243812594e-12,0.005125927273184061,0.9933457374572754,0.9933475852012634,0.9933465719223022,2.8315375288912037e-07,-1.3084257527266885e-13,7.083028418343809e-14,-1.300412493879187e-16,2.640623095482913e-15,4.785758378131333e-13,-0.00013084257079754025,7.083028322085738e-05,0.00047857582103461027,3.0331727151063024e-05,6.19005732005462e-07,7.152557373046875e-07,2.9010234214865704e-08,0.0,0.0,0.0,anisotropic
47,3.357309872817349e-12,0.005125928670167923,0.9933463931083679,0.993348240852356,0.99334716796875,2.8613249014597386e-07,-1.3084233132718004e-13,7.083018253948442e-14,-1.3004070675743686e-16,2.6406180132852296e-15,4.785749704513953e-13,-0.0001308423379668966,7.083018135745078e-05,0.0004785749188158661,3.0333361443077426e-05,6.168520485516638e-07,7.152557373046875e-07,2.8427617593251853e-08,0.0,0.0,0.0,anisotropic
48,3.357307270732135e-12,0.005125931464135647,0.9933469891548157,0.9933488965034485,0.9933478832244873,2.924508635260281e-07,-1.3084204672410976e-13,7.083011477684864e-14,-1.300399920733876e-16,2.6406122958128357e-15,4.785738862492228e-13,-0.00013084204692859203,7.083011587383226e-05,0.00047857387107796967,3.0335052886456028e-05,6.1234095483087e-07,6.556510925292969e-07,2.6594300095439394e-08,0.0,0.0,0.0,anisotropic
49,3.3573057528490935e-12,0.005125933792442083,0.9933475852012634,0.993349552154541,0.9933483600616455,2.997192041220842e-07,-1.3084187054125673e-13,7.08299724753135e-14,-1.300396214964732e-16,2.640608484164573e-15,4.785731273077021e-13,-0.00013084187230560929,7.082997035467997e-05,0.00047857314348220825,3.0336987066273073e-05,6.104673957452178e-07,6.556510925292969e-07,2.555639966317358e-08,0.0,0.0,0.0,anisotropic
50,3.3573031507638795e-12,0.00512593612074852,0.9933481812477112,0.9933502078056335,0.9933490753173828,3.032831443761097e-07,-1.3084162659576792e-13,7.082976918740616e-14,-1.3003926415444857e-16,2.6406042489998368e-15,4.785723683661813e-13,-0.0001308416249230504,7.082976662786677e-05,0.0004785723576787859,3.0339063978504662e-05,6.053523975424469e-07,6.556510925292969e-07,2.2485682649175942e-08,0.0,0.0,0.0,anisotropic
51,3.3573009823595346e-12,0.005125937983393669,0.9933487772941589,0.9933508634567261,0.9933496713638306,3.1034431913212757e-07,-1.3084155883313214e-13,7.082953201818093e-14,-1.3003930385911797e-16,2.640601919659232e-15,4.78571988895421e-13,-0.00013084155216347426,7.082953379722312e-05,0.00047857197932899,3.034135888666403e-05,6.009358912706375e-07,6.556510925292969e-07,1.9689293750957404e-08,0.0,0.0,0.0,anisotropic
52,3.3573001149977966e-12,0.005125940777361393,0.9933493733406067,0.9933515191078186,0.9933502674102783,3.1477804895985173e-07,-1.3084142330786058e-13,7.082934905906432e-14,-1.3003907886599135e-16,2.6405989550439164e-15,4.785714467943347e-13,-0.0001308414211962372,7.082935189828277e-05,0.0004785714263562113,3.0343753417772283e-05,5.994206730974838e-07,6.556510925292969e-07,1.874854049788155e-08,0.0,0.0,0.0,anisotropic
53,3.357297729753017e-12,0.0051259431056678295,0.9933499693870544,0.9933521747589111,0.9933508634567261,3.2145237582881236e-07,-1.3084120646742609e-13,7.082919320500203e-14,-1.3003872152396673e-16,2.64059471987918e-15,4.78570687852814e-13,-0.00013084120291750878,7.082919182721525e-05,0.0004785706987604499,3.0346265487904593e-05,5.944966687820852e-07,6.556510925292969e-07,1.8509505039787655e-08,0.0,0.0,0.0,anisotropic
54,3.3572957781891066e-12,0.0051259445026516914,0.9933505058288574,0.9933527708053589,0.9933514595031738,3.2564742014074e-07,-1.308409896269916e-13,7.08290780085212e-14,-1.300382980074931e-16,2.640590272956207e-15,4.785698747011846e-13,-0.00013084098463878036,7.082907541189343e-05,0.0004785698838531971,3.034892433551499e-05,5.933670763624832e-07,6.556510925292969e-07,1.962112783360226e-08,0.0,0.0,0.0,anisotropic
55,3.3572936097847617e-12,0.005125946365296841,0.9933511018753052,0.9933534264564514,0.9933520555496216,3.3118027431555674e-07,-1.3084075923402994e-13,7.082902379841258e-14,-1.3003755685366426e-16,2.6405849790002867e-15,4.785688447091208e-13,-0.00013084076636005193,7.082902448019013e-05,0.00047856889432296157,3.0351660804017484e-05,5.893252819078043e-07,6.556510925292969e-07,2.174313173952669e-08,0.0,0.0,0.0,anisotropic
56,3.357291658220851e-12,0.005125948693603277,0.9933516979217529,0.993354082107544,0.9933526515960693,3.371993955170183e-07,-1.3084054239359544e-13,7.082891537819533e-14,-1.3003715980697023e-16,2.6405805320773136e-15,4.785680857676e-13,-0.0001308405480813235,7.082891534082592e-05,0.0004785680503118783,3.0354646364039424e-05,5.875899660168216e-07,6.556510925292969e-07,2.3104421487118998e-08,0.0,0.0,0.0,anisotropic
57,3.3572897066569407e-12,0.005125951021909714,0.9933522343635559,0.9933546781539917,0.9933532476425171,3.424485157665913e-07,-1.3084031200063378e-13,7.082874597160588e-14,-1.300367627602762e-16,2.6405762969125774e-15,4.785673268260793e-13,-0.00013084031525067985,7.082874799380079e-05,0.0004785673227161169,3.0357817128482707e-05,5.838483048137277e-07,6.556510925292969e-07,2.514094177286097e-08,0.0,0.0,0.0,anisotropic
58,3.3572875382525957e-12,0.005125952884554863,0.9933528304100037,0.9933553338050842,0.9933538436889648,3.491583129289211e-07,-1.3084020358041654e-13,7.082856978875285e-14,-1.300365907067088e-16,2.640573332297262e-15,4.785667305148844e-13,-0.00013084019883535802,7.082857337081805e-05,0.0004785667988471687,3.0361276438945976e-05,5.832498572999611e-07,6.556510925292969e-07,2.552408240319437e-08,0.0,0.0,0.0,anisotropic
59,3.3572860203695543e-12,0.005125954747200012,0.9933534264564514,0.993355929851532,0.9933544397354126,3.5824672295348137e-07,-1.3084004095009066e-13,7.082829196194615e-14,-1.30036577471819e-16,2.640571002956657e-15,4.78566351044124e-13,-0.0001308400387642905,7.08282896084711e-05,0.0004785663331858814,3.036498157553704e-05,5.792062438558787e-07,6.556510925292969e-07,2.7557815585055323e-08,0.0,0.0,0.0,anisotropic
60,3.3572840688056438e-12,0.005125957541167736,0.9933539628982544,0.9933565855026245,0.9933549165725708,3.700754405144835e-07,-1.3083991897734626e-13,7.082814288414743e-14,-1.3003622012979437e-16,2.6405671913083944e-15,4.785656463127119e-13,-0.00013083992234896868,7.082814408931881e-05,0.00047856566379778087,3.0368821077300214e-05,5.786532710772008e-07,6.556510925292969e-07,2.7744853525746294e-08,0.0,0.0,0.0,anisotropic
61,3.357282334082168e-12,0.005125958938151598,0.9933544993400574,0.9933571815490723,0.9933556318283081,3.733112805548444e-07,-1.3083972924196607e-13,7.082803446393018e-14,-1.3003588925754935e-16,2.6405633796601317e-15,4.785649957914084e-13,-0.00013083973317407072,7.08280349499546e-05,0.0004785649653058499,3.037287845698937e-05,5.778238119091839e-07,6.556510925292969e-07,2.8166676102614474e-08,0.0,0.0,0.0,anisotropic
62,3.357280599358692e-12,0.005125959869474173,0.9933550953865051,0.9933578372001648,0.9933561086654663,3.7673709130103816e-07,-1.3083952595405873e-13,7.082792604371294e-14,-1.3003538633173692e-16,2.6405589327371587e-15,4.785641826397791e-13,-0.00013083952944725752,7.082792581059039e-05,0.0004785641795024276,3.0377070878634864e-05,5.746733222622424e-07,6.556510925292969e-07,2.9115758692910276e-08,0.0,0.0,0.0,anisotropic
63,3.357278430954347e-12,0.005125962197780609,0.9933556318283081,0.9933584332466125,0.9933567047119141,3.838743225514918e-07,-1.308392549035156e-13,7.082786505734073e-14,-1.3003476429191628e-16,2.6405536387812383e-15,4.785632068578238e-13,-0.00013083925296086818,7.082786760292947e-05,0.00047856324817985296,3.0381498060605206e-05,5.737801984651014e-07,6.556510925292969e-07,2.936699772249085e-08,0.0,0.0,0.0,anisotropic
64,3.3572760457095674e-12,0.005125964060425758,0.9933561682701111,0.9933590888977051,0.9933573007583618,3.957321155212412e-07,-1.3083902451055396e-13,7.082767532196055e-14,-1.3003430107077325e-16,2.6405489801000284e-15,4.785623937061945e-13,-0.00013083902013022453,7.08276784280315e-05,0.00047856237506493926,3.038618180128683e-05,5.709425749955699e-07,6.556510925292969e-07,2.9916051857981074e-08,0.0,0.0,0.0,anisotropic
65,3.3572743109860914e-12,0.005125966854393482,0.9933567047119141,0.9933596849441528,0.9933578968048096,4.0788711430650437e-07,-1.3083884832770093e-13,7.082753979668899e-14,-1.3003400990319763e-16,2.6405455919682394e-15,4.78561743184891e-13,-0.00013083884550724179,7.082754018483683e-05,0.0004785617347806692,3.0391199962866812e-05,5.706460797227919e-07,6.556510925292969e-07,2.986687519523912e-08,0.0,0.0,0.0,anisotropic
66,3.35727279310305e-12,0.0051259687170386314,0.993357241153717,0.9933603405952454,0.9933584332466125,4.166049905052205e-07,-1.308386721448479e-13,7.082736361383596e-14,-1.3003389078918942e-16,2.640542627352924e-15,4.785612010838047e-13,-0.00013083867088425905,7.08273655618541e-05,0.000478561210911721,3.0396442075691285e-05,5.676829459844157e-07,6.556510925292969e-07,3.0198343381471204e-08,0.0,0.0,0.0,anisotropic
67,3.357270624698705e-12,0.005125971045345068,0.99335777759552,0.9933609366416931,0.9933589696884155,4.235825485920941e-07,-1.308385772771578e-13,7.082711289208357e-14,-1.3003382461474042e-16,2.6405400862540822e-15,4.785607131928271e-13,-0.00013083858357276767,7.08271109033376e-05,0.0004785607161466032,3.0401980658467875e-05,5.677866283804178e-07,6.556510925292969e-07,3.019322392106005e-08,0.0,0.0,0.0,anisotropic
68,3.3572691068156635e-12,0.0051259733736515045,0.993358314037323,0.9933615326881409,0.9933595657348633,4.3443441199997324e-07,-1.308384281993591e-13,7.082695703802128e-14,-1.300334937424954e-16,2.6405364863640564e-15,4.785601168816322e-13,-0.00013083842350170016,7.08269581082277e-05,0.00047856010496616364,3.040768970077988e-05,5.679685273207724e-07,6.556510925292969e-07,3.0283793250873714e-08,0.0,0.0,0.0,anisotropic
69,3.357267155251753e-12,0.005125975236296654,0.993358850479126,0.9933621883392334,0.993360161781311,4.442480019406503e-07,-1.3083819780639744e-13,7.082684184154045e-14,-1.3003313640047077e-16,2.640532462957557e-15,4.785594121502201e-13,-0.0001308381906710565,7.082684169290587e-05,0.0004785593773704022,3.0413678958126756e-05,5.650854291161522e-07,6.556510925292969e-07,3.017806804450629e-08,0.0,0.0,0.0,anisotropic
70,3.357264986847408e-12,0.005125976167619228,0.993359386920929,0.9933627843856812,0.9933606386184692,4.534253434940183e-07,-1.3083795386090863e-13,7.082674019758678e-14,-1.3003250112576033e-16,2.6405271690016366e-15,4.785584363682649e-13,-0.00013083795784041286,7.082673982949927e-05,0.0004785584460478276,3.0419867117279148e-05,5.659821908921003e-07,6.556510925292969e-07,3.033886741832248e-08,0.0,0.0,0.0,anisotropic
71,3.357262818443063e-12,0.005125978030264378,0.9933599233627319,0.9933634400367737,0.993361234664917,4.710249186246074e-07,-1.3083772346794698e-13,7.082663177736953e-14,-1.300319452603887e-16,2.6405225103204267e-15,4.785575690065269e-13,-0.0001308377250097692,7.082663069013506e-05,0.0004785575729329139,3.042626206783152e-05,5.661950126523152e-07,6.556510925292969e-07,3.038995188830995e-08,0.0,0.0,0.0,anisotropic
72,3.357260650038718e-12,0.005125980358570814,0.9933604598045349,0.9933640360832214,0.9933618307113647,4.7674802772235125e-07,-1.3083752018003963e-13,7.082649625209797e-14,-1.3003157468347427e-16,2.6405184869139273e-15,4.785568642751148e-13,-0.000130837521282956,7.0826499722898e-05,0.0004785568453371525,3.0432943373274222e-05,5.638776201521978e-07,6.556510925292969e-07,3.031559003829898e-08,0.0,0.0,0.0,anisotropic
73,3.357258915315242e-12,0.005125982686877251,0.9933609962463379,0.9933646321296692,0.9933624267578125,4.849526931138826e-07,-1.308373439971866e-13,7.082632006924494e-14,-1.3003128351589865e-16,2.640514463507428e-15,4.785561595437027e-13,-0.00013083734665997326,7.082631782395765e-05,0.00047855611774139106,3.0439970768172304e-05,5.651563697028905e-07,6.556510925292969e-07,3.0441832166161475e-08,0.0,0.0,0.0,anisotropic
74,3.357256746910897e-12,0.005125984083861113,0.9933614730834961,0.9933652877807617,0.9933630228042603,5.039405550633091e-07,-1.3083716781433358e-13,7.082613033386476e-14,-1.3003112469722104e-16,2.6405114988921124e-15,4.785555632325078e-13,-0.00013083717203699052,7.082612864905968e-05,0.0004785555647686124,3.0447297039095125e-05,5.659185262629762e-07,6.556510925292969e-07,3.0569669462465754e-08,0.0,0.0,0.0,anisotropic
75,3.35725544586829e-12,0.005125986412167549,0.9933620095252991,0.9933658838272095,0.9933634996414185,5.203899036132498e-07,-1.3083705939411633e-13,7.082594059848457e-14,-1.3003099234832304e-16,2.6405089577932707e-15,4.785550753415302e-13,-0.0001308370556216687,7.082593947416171e-05,0.00047855512821115553,3.0454965061097147e-05,5.635538400383666e-07,6.556510925292969e-07,3.0545226792355606e-08,0.0,0.0,0.0,anisotropic
76,3.3572530606235107e-12,0.005125988274812698,0.993362545967102,0.993366539478302,0.9933640956878662,5.285569386614952e-07,-1.30836856106209e-13,7.082578474442228e-14,-1.3003070118074742e-16,2.640504934386771e-15,4.785543164000094e-13,-0.0001308368518948555,7.082578667905182e-05,0.00047855437151156366,3.0462913018468552e-05,5.648435035254806e-07,6.556510925292969e-07,3.0627930414084403e-08,0.0,0.0,0.0,anisotropic
77,3.3572511090596002e-12,0.00512598967179656,0.993363082408905,0.9933671951293945,0.993364691734314,5.403737191045366e-07,-1.3083662571324733e-13,7.082564921915072e-14,-1.3003025119449419e-16,2.640500699222035e-15,4.785536116685973e-13,-0.00013083661906421185,7.082564843585715e-05,0.0004785536148119718,3.047109974949743e-05,5.661458999384195e-07,6.556510925292969e-07,3.0892298497064985e-08,0.0,0.0,0.0,anisotropic
78,3.3572489406552553e-12,0.005125991068780422,0.993363618850708,0.9933677911758423,0.9933651685714722,5.640274594043149e-07,-1.3083639532028568e-13,7.082554079893347e-14,-1.3002970856401235e-16,2.6404956170243514e-15,4.785526900967507e-13,-0.00013083640078548342,7.082553929649293e-05,0.0004785527125932276,3.047954841425282e-05,5.64481524634175e-07,6.556510925292969e-07,3.1097698638404836e-08,0.0,0.0,0.0,anisotropic
79,3.3572469890913448e-12,0.0051259929314255714,0.9933640956878662,0.9933684468269348,0.9933657646179199,5.777569640486035e-07,-1.3083616492732403e-13,7.082544593124337e-14,-1.3002913946375092e-16,2.6404907465849047e-15,4.785517685249041e-13,-0.00013083616795483977,7.082544470904395e-05,0.000478551781270653,3.048830095573603e-05,5.65571099286899e-07,6.556510925292969e-07,3.1098529973405675e-08,0.0,0.0,0.0,anisotropic
80,3.3572450375274343e-12,0.005125994794070721,0.9933646321296692,0.9933691024780273,0.9933663606643677,5.901350732528954e-07,-1.3083596163941669e-13,7.08252833009175e-14,-1.300287821217263e-16,2.640486934936642e-15,4.785511180036006e-13,-0.00013083596422802657,7.082528463797644e-05,0.0004785511118825525,3.049736530158854e-05,5.669171514455229e-07,6.556510925292969e-07,3.135546222665653e-08,0.0,0.0,0.0,anisotropic
81,3.3572424354422203e-12,0.00512599665671587,0.9933651089668274,0.9933697581291199,0.9933669567108154,6.105403826950351e-07,-1.3083575835150935e-13,7.082509356553732e-14,-1.3002847771926087e-16,2.6404831232883794e-15,4.785503590620799e-13,-0.00013083576050121337,7.082509546307847e-05,0.00047855041339062154,3.0506741815266863e-05,5.658494046656415e-07,6.556510925292969e-07,3.151195926420769e-08,0.0,0.0,0.0,anisotropic
82,3.3572411343996134e-12,0.0051259989850223064,0.9933656454086304,0.9933703541755676,0.9933674335479736,6.299508754636918e-07,-1.3083563637876494e-13,7.082491060642071e-14,-1.3002831890058326e-16,2.640480158673064e-15,4.785499253812109e-13,-0.00013083562953397632,7.082491356413811e-05,0.0004785499186255038,3.051640129341504e-05,5.669116944773123e-07,6.556510925292969e-07,3.153488137286331e-08,0.0,0.0,0.0,anisotropic
83,3.357239182835703e-12,0.005126001313328743,0.9933661818504333,0.9933710098266602,0.9933680295944214,6.437147703763912e-07,-1.3083550085349338e-13,7.082470731851337e-14,-1.3002816008190565e-16,2.640476982299512e-15,4.78549329070016e-13,-0.00013083549856673926,7.082470983732492e-05,0.0004785493074450642,3.052632877066561e-05,5.678193701896816e-07,6.556510925292969e-07,3.178355356681095e-08,0.0,0.0,0.0,anisotropic
84,3.3572367975909234e-12,0.005126003175973892,0.9933666586875916,0.9933716654777527,0.9933686256408691,6.600818664992403e-07,-1.3083528401305888e-13,7.082453791192392e-14,-1.3002781597477083e-16,2.640473170651249e-15,4.785485701284953e-13,-0.00013083528028801084,7.082453521434218e-05,0.0004785485507454723,3.053651610102157e-05,5.663096089847386e-07,6.556510925292969e-07,3.195170705794226e-08,0.0,0.0,0.0,anisotropic
85,3.3572350628674474e-12,0.005126004572957754,0.9933671951293945,0.9933723211288452,0.9933692216873169,6.797657192691986e-07,-1.3083510783020585e-13,7.082440238665236e-14,-1.30027339518738e-16,2.6404683002118024e-15,4.785477027667573e-13,-0.0001308351056650281,7.082440424710512e-05,0.0004785477358382195,3.0546955845413076e-05,5.682595656253397e-07,6.556510925292969e-07,3.202724840889459e-08,0.0,0.0,0.0,anisotropic
86,3.3572324607822335e-12,0.005126005969941616,0.9933676719665527,0.993372917175293,0.9933696985244751,7.031307518445828e-07,-1.308348503321899e-13,7.082429396643511e-14,-1.3002678365336637e-16,2.6404634297723557e-15,4.785468896151279e-13,-0.00013083484373055398,7.082429510774091e-05,0.0004785468627233058,3.0557643080860345e-05,5.694455467164516e-07,6.556510925292969e-07,3.2120098580890044e-08,0.0,0.0,0.0,anisotropic
87,3.3572302923778885e-12,0.005126007832586765,0.9933682084083557,0.9933735728263855,0.9933702945709229,7.188994004536653e-07,-1.3083460638670108e-13,7.082416521742713e-14,-1.3002630719733353e-16,2.6404589828493827e-15,4.785460222533899e-13,-0.00013083461089991033,7.082416414050385e-05,0.00047854604781605303,3.05686985538138e-05,5.705078365281224e-07,6.556510925292969e-07,3.203027887366261e-08,0.0,0.0,0.0,anisotropic
88,3.357227907133109e-12,0.0051260096952319145,0.9933686852455139,0.993374228477478,0.9933708906173706,7.326818263209134e-07,-1.3083438954626658e-13,7.082402291589199e-14,-1.300258836808599e-16,2.6404547476846464e-15,4.785452091017606e-13,-0.0001308343926211819,7.082402589730918e-05,0.00047854523290880024,3.058006703993783e-05,5.680776666849852e-07,6.556510925292969e-07,3.2431707097657636e-08,0.0,0.0,0.0,anisotropic
89,3.3572259555691986e-12,0.005126011557877064,0.9933692216873169,0.9933748841285706,0.9933714866638184,7.571675837425573e-07,-1.3083424046846787e-13,7.082386706182969e-14,-1.300256586877333e-16,2.6404513595528574e-15,4.785446670006743e-13,-0.00013083424710202962,7.082386582624167e-05,0.00047854462172836065,3.0591902114036025e-05,5.698311724700034e-07,6.556510925292969e-07,3.2589010601213886e-08,0.0,0.0,0.0,anisotropic
90,3.3572242208457226e-12,0.005126013420522213,0.9933696985244751,0.9933755397796631,0.9933720827102661,7.742207799310563e-07,-1.308341049431963e-13,7.082363666886804e-14,-1.3002546016438628e-16,2.640448183179305e-15,4.785440164793708e-13,-0.00013083410158287734,7.082364027155563e-05,0.0004785440396517515,3.060409752995868e-05,5.713336577173322e-07,6.556510925292969e-07,3.2491982437932165e-08,0.0,0.0,0.0,anisotropic
91,3.3572224861222466e-12,0.005126014817506075,0.9933702349662781,0.9933761954307556,0.9933725595474243,7.896962301856547e-07,-1.3083392876034328e-13,7.082346726227859e-14,-1.3002522193636987e-16,2.6404443715310425e-15,4.78543420168176e-13,-0.0001308339269598946,7.082346564857289e-05,0.00047854339936748147,3.0616537309333764e-05,5.722704372601584e-07,6.556510925292969e-07,3.268487702712264e-08,0.0,0.0,0.0,anisotropic
92,3.3572198840370326e-12,0.005126016680151224,0.9933707118034363,0.9933767914772034,0.9933731555938721,8.106688937914441e-07,-1.3083369836738162e-13,7.082329107942556e-14,-1.3002479841989624e-16,2.6404397128498326e-15,4.78542552806438e-13,-0.00013083369412925094,7.082329102559015e-05,0.0004785425553563982,3.062930937653208e-05,5.702240741811693e-07,6.556510925292969e-07,3.294073636084249e-08,0.0,0.0,0.0,anisotropic
93,3.357217932473122e-12,0.005126018077135086,0.9933711886405945,0.9933774471282959,0.9933737516403198,8.328856324624212e-07,-1.3083349507947428e-13,7.0823155554154e-14,-1.300243749034226e-16,2.6404354776850963e-15,4.785417938649172e-13,-0.00013083349040243775,7.082315278239548e-05,0.00047854174044914544,3.064244784123119e-05,5.71482814848423e-07,6.556510925292969e-07,3.3086838158169485e-08,0.0,0.0,0.0,anisotropic
94,3.3572155472283427e-12,0.005126019474118948,0.9933717250823975,0.9933781027793884,0.9933743476867676,8.522757184437069e-07,-1.3083329179156694e-13,7.08230335814096e-14,-1.3002384550783058e-16,2.6404308190038864e-15,4.785409265031793e-13,-0.00013083328667562455,7.082303636707366e-05,0.00047854092554189265,3.0655867958515326e-05,5.725087248720229e-07,7.152557373046875e-07,3.3095275853156636e-08,0.0,0.0,0.0,anisotropic
95,3.3572131619835632e-12,0.00512602087110281,0.9933722019195557,0.9933788180351257,0.9933749437332153,8.720442110643489e-07,-1.3083300718849666e-13,7.082289127987446e-14,-1.3002332934712834e-16,2.6404261603226765e-15,4.785400591414413e-13,-0.0001308330101892352,7.082289084792137e-05,0.00047854005242697895,3.06695903486112e-05,5.735146260121837e-07,7.152557373046875e-07,3.3249591524509015e-08,0.0,0.0,0.0,anisotropic
96,3.3572112104196528e-12,0.005126022733747959,0.9933726787567139,0.9933794736862183,0.9933754205703735,8.877450454747304e-07,-1.3083281745311648e-13,7.082276930713005e-14,-1.3002299847488332e-16,2.640422136916177e-15,4.785393544100291e-13,-0.00013083282101433724,7.082276715664193e-05,0.000478539353935048,3.0683714105666436e-05,5.711517587769777e-07,7.152557373046875e-07,3.353112631998556e-08,0.0,0.0,0.0,anisotropic
97,3.3572090420153078e-12,0.005126024596393108,0.9933731555938721,0.9933801293373108,0.9933760166168213,9.053518397195148e-07,-1.3083264127026345e-13,7.082255246669555e-14,-1.300226808375281e-16,2.6404183252679144e-15,4.78538649678617e-13,-0.0001308326463913545,7.08225488779135e-05,0.000478538655443117,3.069816363565218e-05,5.723832146031782e-07,7.152557373046875e-07,3.3850575675842265e-08,0.0,0.0,0.0,anisotropic
98,3.357207307291832e-12,0.005126026459038258,0.993373692035675,0.9933807849884033,0.993376612663269,9.256199291485245e-07,-1.3083251929751905e-13,7.082236950757895e-14,-1.300225220188505e-16,2.6404149371361254e-15,4.785380533674222e-13,-0.00013083251542411745,7.082236697897315e-05,0.000478538015158847,3.0713024636114474e-05,5.732035788241774e-07,7.152557373046875e-07,3.399263803771646e-08,0.0,0.0,0.0,anisotropic
99,3.357204271525749e-12,0.005126028321683407,0.9933741688728333,0.9933814406394958,0.9933772087097168,9.464142181059287e-07,-1.3083230245708455e-13,7.082217299593518e-14,-1.3002215144193607e-16,2.640410701971389e-15,4.785372402157928e-13,-0.00013083229714538902,7.082217052811757e-05,0.00047853722935542464,3.072817929208357e-05,5.745969247072935e-07,7.152557373046875e-07,3.431203765558166e-08,0.0,0.0,0.0,anisotropic
100,3.3572023199618384e-12,0.005126030184328556,0.9933746457099915,0.9933821558952332,0.9933778047561646,9.688200179880369e-07,-1.308320720641229e-13,7.082201714187289e-14,-1.3002176763013184e-16,2.640406466806653e-15,4.785364812742721e-13,-0.0001308320788666606,7.082201773300767e-05,0.00047853647265583277,3.074369349541063e-05,5.754063749918714e-07,7.152557373046875e-07,3.4377126922890966e-08,0.0,0.0,0.0,anisotropic
101,3.357199934717059e-12,0.005126031581312418,0.9933751225471497,0.9933828115463257,0.9933782815933228,9.93194589682389e-07,-1.3083184167116124e-13,7.082189516912848e-14,-1.3002130440898881e-16,2.6404020198836798e-15,4.785356681226427e-13,-0.00013083184603601694,7.082189404172823e-05,0.00047853565774858,3.075952414480206e-05,5.734509613830596e-07,7.152557373046875e-07,3.4926607384022645e-08,0.0,0.0,0.0,anisotropic
102,3.357197766312714e-12,0.00512603297829628,0.9933755993843079,0.9933834671974182,0.9933788776397705,1.0109794175150455e-06,-1.3083162483072674e-13,7.082174609132977e-14,-1.3002082795295598e-16,2.64039736120247e-15,4.785348549710133e-13,-0.00013083162775728852,7.082174852257594e-05,0.0004785348428413272,3.077571595062739e-05,5.746005626861006e-07,7.152557373046875e-07,3.504588974578837e-08,0.0,0.0,0.0,anisotropic
103,3.3571951642275e-12,0.005126034375280142,0.9933760762214661,0.9933841824531555,0.9933794736862183,1.0320617320758174e-06,-1.3083143509534656e-13,7.082159023726747e-14,-1.3002036473181295e-16,2.64039270252126e-15,4.785339876092753e-13,-0.00013083143858239055,7.082158845150843e-05,0.0004785339697264135,3.0792152136721596e-05,5.756974132964388e-07,7.152557373046875e-07,3.519996383261059e-08,0.0,0.0,0.0,anisotropic
104,3.357193429504024e-12,0.005126035772264004,0.9933765530586243,0.993384838104248,0.993380069732666,1.0600349469314096e-06,-1.3083119114985775e-13,7.082146148825949e-14,-1.3001996768511893e-16,2.6403886791147605e-15,4.785332286677546e-13,-0.00013083119119983166,7.082146476022899e-05,0.00047853324213065207,3.0808804348339386e-05,5.76501406612806e-07,7.152557373046875e-07,3.578017171435022e-08,0.0,0.0,0.0,anisotropic
105,3.35719082741881e-12,0.005126037634909153,0.9933770298957825,0.9933855533599854,0.9933806657791138,1.0814871984621277e-06,-1.3083100141447757e-13,7.082125142408857e-14,-1.300196632826535e-16,2.6403842321917875e-15,4.785324697262339e-13,-0.0001308310020249337,7.082125375745818e-05,0.00047853245632722974,3.0825730097139264e-05,5.744132067775354e-07,7.152557373046875e-07,3.626311340099164e-08,0.0,0.0,0.0,anisotropic
106,3.357188659014465e-12,0.005126038566231728,0.9933775067329407,0.9933862090110779,0.9933812618255615,1.106102672565612e-06,-1.3083082523162454e-13,7.082105491244481e-14,-1.300193588801881e-16,2.640380420543525e-15,4.785317649948218e-13,-0.00013083082740195096,7.08210573066026e-05,0.00047853178693912923,3.08429584906897e-05,5.759411578765139e-07,7.152557373046875e-07,3.672985116054406e-08,0.0,0.0,0.0,anisotropic
107,3.35718649061012e-12,0.005126040428876877,0.9933779835700989,0.9933868646621704,0.9933817386627197,1.1331625273669488e-06,-1.3083063549624435e-13,7.082086517706462e-14,-1.3001904124283287e-16,2.6403763971370254e-15,4.78531006053301e-13,-0.000130830638227053,7.082086813170463e-05,0.0004785310011357069,3.0860514175861345e-05,5.769397830590606e-07,7.152557373046875e-07,3.6730099850501574e-08,0.0,0.0,0.0,anisotropic
108,3.3571841053653406e-12,0.005126041825860739,0.9933784604072571,0.9933875799179077,0.9933823347091675,1.1551267107279273e-06,-1.30830432208337e-13,7.082072287552948e-14,-1.3001860449146944e-16,2.640372161972289e-15,4.785302471117803e-13,-0.0001308304345002398,7.082072261255234e-05,0.000478530244436115,3.08783327625327e-05,5.783003871329129e-07,7.152557373046875e-07,3.715052088182347e-08,0.0,0.0,0.0,anisotropic
109,3.357181720120561e-12,0.005126043222844601,0.9933788776397705,0.993388295173645,0.9933829307556152,1.1914215747310664e-06,-1.3083021536790251e-13,7.082057379773077e-14,-1.300181280354366e-16,2.6403672915328424e-15,4.785294339601509e-13,-0.00013083021622151136,7.082057709340006e-05,0.0004785294004250318,3.0896450678274997e-05,5.794208846054971e-07,7.152557373046875e-07,3.748641219658566e-08,0.0,0.0,0.0,anisotropic
110,3.357179118035347e-12,0.005126044154167175,0.9933793544769287,0.9933889508247375,0.993383526802063,1.2123616670578485e-06,-1.3082999852746802e-13,7.082045182498636e-14,-1.3001765157940378e-16,2.6403626328516325e-15,4.785285123883043e-13,-0.00013082999794278294,7.082045340212062e-05,0.0004785285273101181,3.091482153188071e-05,5.773199518444017e-07,7.152557373046875e-07,3.797201131305883e-08,0.0,0.0,0.0,anisotropic
111,3.3571765159501332e-12,0.0051260460168123245,0.9933798313140869,0.9933896660804749,0.9933841228485107,1.2379066447465448e-06,-1.3082979523956068e-13,7.082026208960618e-14,-1.3001720159315055e-16,2.6403581859286594e-15,4.785276992366749e-13,-0.00013082979421596974,7.082026422722265e-05,0.0004785277124028653,3.093354947104159e-05,5.784404493169859e-07,7.152557373046875e-07,3.8419788239707486e-08,0.0,0.0,0.0,anisotropic
112,3.3571739138649193e-12,0.005126047879457474,0.9933803081512451,0.9933903217315674,0.9933847188949585,1.268104711016349e-06,-1.308295377415447e-13,7.082010623554388e-14,-1.3001681778134633e-16,2.6403535272474495e-15,4.785268860850456e-13,-0.00013082953228149563,7.082010415615514e-05,0.00047852686839178205,3.095263269246168e-05,5.796791811008006e-07,7.152557373046875e-07,3.882844268332519e-08,0.0,0.0,0.0,anisotropic
113,3.3571721791414433e-12,0.005126048810780048,0.9933807253837585,0.9933910369873047,0.9933851957321167,1.295263700740179e-06,-1.30829388663746e-13,7.081988939510939e-14,-1.300165398486605e-16,2.6403503508738973e-15,4.785262897738507e-13,-0.00013082938676234335,7.081988587742671e-05,0.00047852625721134245,3.097213857494034e-05,5.810488801216707e-07,7.152557373046875e-07,3.9136114793336674e-08,0.0,0.0,0.0,anisotropic
114,3.3571700107370983e-12,0.005126050673425198,0.9933812022209167,0.993391752243042,0.9933857917785645,1.33028856907913e-06,-1.308291718233115e-13,7.081971998851994e-14,-1.3001616927174608e-16,2.6403456921926874e-15,4.785254224121127e-13,-0.00013082916848361492,7.081971853040159e-05,0.00047852544230408967,3.0991937802906764e-05,5.818128556711599e-07,7.152557373046875e-07,3.9759996184329793e-08,0.0,0.0,0.0,anisotropic
115,3.35716719181145e-12,0.0051260520704090595,0.993381679058075,0.9933924674987793,0.9933863878250122,1.3648011645273073e-06,-1.3082896853540416e-13,7.081955058193048e-14,-1.3001579869483166e-16,2.640341457027951e-15,4.78524663470592e-13,-0.00013082896475680172,7.081955118337646e-05,0.00047852465650066733,3.101207064300732e-05,5.832607712363824e-07,7.152557373046875e-07,4.036464318346589e-08,0.0,0.0,0.0,anisotropic
116,3.3571648065666704e-12,0.005126053001731634,0.9933820962905884,0.9933931827545166,0.99338698387146,1.3917816659159143e-06,-1.3082872458991535e-13,7.081938117534103e-14,-1.3001532223879883e-16,2.6403365865885044e-15,4.78523796108854e-13,-0.00013082871737424284,7.081938383635134e-05,0.0004785238124895841,3.1032550183920365e-05,5.813490133732557e-07,7.152557373046875e-07,4.0704872361629896e-08,0.0,0.0,0.0,anisotropic
117,3.3571622044814564e-12,0.005126054398715496,0.9933825731277466,0.9933938980102539,0.9933875799179077,1.4309438256532303e-06,-1.3082854840706232e-13,7.081924565006947e-14,-1.300148590176558e-16,2.6403321396655313e-15,4.785229829572246e-13,-0.0001308285427512601,7.081924559315667e-05,0.00047852296847850084,3.1053418525478274e-05,5.825640982948244e-07,7.152557373046875e-07,4.1191825062014686e-08,0.0,0.0,0.0,anisotropic
118,3.3571591687153735e-12,0.005126055330038071,0.99338299036026,0.9933946132659912,0.9933881759643555,1.4622686421716935e-06,-1.308283044615735e-13,7.081906269095287e-14,-1.3001436932673317e-16,2.640326845709611e-15,4.78522061385378e-13,-0.00013082830992061645,7.081906369421631e-05,0.00047852203715592623,3.1074635534780944e-05,5.839647201355547e-07,7.748603820800781e-07,4.1803538408657914e-08,0.0,0.0,0.0,anisotropic
119,3.3571570003110285e-12,0.005126056727021933,0.9933834671974182,0.9933953285217285,0.9933887720108032,1.492964429417043e-06,-1.3082807406861185e-13,7.081890006062699e-14,-1.3001395904514934e-16,2.6403226105448747e-15,4.785212482337486e-13,-0.0001308280770899728,7.08189036231488e-05,0.0004785212513525039,3.109627103047014e-05,5.852161848451942e-07,7.748603820800781e-07,4.2666698618631926e-08,0.0,0.0,0.0,anisotropic
120,3.357154615066249e-12,0.0051260581240057945,0.9933838844299316,0.9933960437774658,0.993389368057251,1.5209066077659372e-06,-1.3082787078070451e-13,7.081867644392892e-14,-1.3001356199845532e-16,2.6403181636219016e-15,4.785204350821193e-13,-0.0001308278733631596,7.081867806846276e-05,0.0004785204364452511,3.11182961108253e-05,5.866222636541352e-07,7.748603820800781e-07,4.3426943818758446e-08,0.0,0.0,0.0,anisotropic
121,3.3571522298214695e-12,0.0051260595209896564,0.9933843612670898,0.9933967590332031,0.993389904499054,1.5562685575787327e-06,-1.3082766749279717e-13,7.081849348481231e-14,-1.300132311262103e-16,2.640314140215402e-15,4.785197303507072e-13,-0.0001308276696363464,7.08184961695224e-05,0.00047851973795332015,3.114069492420911e-05,5.844012775924057e-07,7.748603820800781e-07,4.367266726035268e-08,0.0,0.0,0.0,anisotropic
122,3.3571496277362556e-12,0.005126060917973518,0.9933847784996033,0.9933975338935852,0.9933905005455017,1.5915459243842633e-06,-1.3082743709983552e-13,7.081832407822286e-14,-1.3001282084462647e-16,2.6403092697759555e-15,4.785188629889692e-13,-0.00013082743680570275,7.081832154653966e-05,0.00047851886483840644,3.116348979975167e-05,5.86158421356231e-07,7.748603820800781e-07,4.46413039867366e-08,0.0,0.0,0.0,anisotropic
123,3.357146808810607e-12,0.005126061849296093,0.9933851957321167,0.9933982491493225,0.9933910369873047,1.6275307643809356e-06,-1.3082723381192818e-13,7.081816144789699e-14,-1.3001239732815284e-16,2.6403048228529824e-15,4.785180498373398e-13,-0.00013082723307888955,7.081816147547215e-05,0.00047851799172349274,3.118669420934777e-05,5.875899660168216e-07,7.748603820800781e-07,4.5051358199543756e-08,0.0,0.0,0.0,anisotropic
124,3.3571439898849587e-12,0.005126062780618668,0.9933856725692749,0.9933989644050598,0.9933916330337524,1.6603361245870474e-06,-1.3082701697149368e-13,7.081798526504396e-14,-1.300118811674506e-16,2.6402999524135357e-15,4.785170740553846e-13,-0.00013082701480016112,7.081798685248941e-05,0.0004785170895047486,3.1210308551560754e-05,5.885849532205611e-07,7.748603820800781e-07,4.6099401629362546e-08,0.0,0.0,0.0,anisotropic
125,3.3571413877997447e-12,0.005126063711941242,0.9933860898017883,0.9933996796607971,0.9933922290802002,1.6990535414151964e-06,-1.3082677302600487e-13,7.081780908219093e-14,-1.3001144441608718e-16,2.6402946584576153e-15,4.785162066936466e-13,-0.00013082676741760224,7.081781222950667e-05,0.0004785162163898349,3.1234411482898244e-05,5.900692485738546e-07,7.748603820800781e-07,4.6797328678849226e-08,0.0,0.0,0.0,anisotropic
126,3.3571383520336617e-12,0.005126065108925104,0.9933865070343018,0.9934004545211792,0.993392825126648,1.7396514522260986e-06,-1.3082655618557038e-13,7.081764645186506e-14,-1.3001098119494415e-16,2.6402902115346422e-15,4.785153935420172e-13,-0.00013082654913887382,7.081764488248155e-05,0.0004785153432749212,3.125896593508392e-05,5.918755050515756e-07,7.748603820800781e-07,4.737536940524478e-08,0.0,0.0,0.0,anisotropic
127,3.3571364004697513e-12,0.005126066505908966,0.9933869242668152,0.9934011697769165,0.9933934211730957,1.7769121996025206e-06,-1.3082633934513588e-13,7.081746349274845e-14,-1.3001065032269913e-16,2.640285976369906e-15,4.785145803903879e-13,-0.00013082634541206062,7.081746298354119e-05,0.00047851455747149885,3.128401242830442e-05,5.930305633228272e-07,7.748603820800781e-07,4.8313076206341066e-08,0.0,0.0,0.0,anisotropic
128,3.3571333647036683e-12,0.005126067437231541,0.9933873414993286,0.9934019446372986,0.9933940172195435,1.8168278757002554e-06,-1.3082613605722854e-13,7.0817294086159e-14,-1.300101738666663e-16,2.640281317688696e-15,4.785137672387585e-13,-0.00013082614168524742,7.081729563651606e-05,0.00047851374256424606,3.130952245791203e-05,5.917954695178196e-07,7.748603820800781e-07,4.902840800014019e-08,0.0,0.0,0.0,anisotropic
129,3.35713054577802e-12,0.005126068834215403,0.993387758731842,0.9934026598930359,0.9933946132659912,1.852626724030415e-06,-1.3082590566426688e-13,7.081706369319735e-14,-1.3000977681997228e-16,2.6402764472492493e-15,4.785128998770205e-13,-0.00013082590885460377,7.081706280587241e-05,0.0004785128985531628,3.1335561431681775e-05,5.925739969825372e-07,7.748603820800781e-07,4.9939306023816243e-08,0.0,0.0,0.0,anisotropic
130,3.357127943692806e-12,0.00512606929987669,0.9933881759643555,0.993403434753418,0.993395209312439,1.8989613863595878e-06,-1.3082566171877807e-13,7.081692139166221e-14,-1.3000931359882925e-16,2.6402715768098026e-15,4.785119783051739e-13,-0.00013082566147204489,7.081692456267774e-05,0.00047851199633441865,3.136200579524794e-05,5.945221346337348e-07,7.748603820800781e-07,5.081183829247493e-08,0.0,0.0,0.0,anisotropic
131,3.3571251247671574e-12,0.0051260702311992645,0.9933885931968689,0.9934041500091553,0.9933958053588867,1.9448552848189138e-06,-1.3082539066823495e-13,7.081670455122771e-14,-1.3000887684746582e-16,2.640266494612119e-15,4.785110567333273e-13,-0.00013082538498565555,7.081670628394932e-05,0.00047851106501184404,3.1389002397135517e-05,5.961919669061899e-07,7.748603820800781e-07,5.1508276754930193e-08,0.0,0.0,0.0,anisotropic
132,3.357122739522378e-12,0.005126071162521839,0.9933890104293823,0.9934049248695374,0.9933964014053345,1.990527380257845e-06,-1.308251602752733e-13,7.081653514463826e-14,-1.3000838715654319e-16,2.6402616241726724e-15,4.785101893715893e-13,-0.00013082516670692712,7.081653166096658e-05,0.00047851019189693034,3.141652382654413e-05,5.973779479973018e-07,7.748603820800781e-07,5.254799972931323e-08,0.0,0.0,0.0,anisotropic
133,3.357119703756295e-12,0.005126072093844414,0.9933894276618958,0.9934056997299194,0.9933969974517822,2.0342758944025263e-06,-1.3082497053989312e-13,7.081633185673092e-14,-1.3000793717028996e-16,2.6402571772496993e-15,4.785093762199599e-13,-0.00013082497753202915,7.081633521011099e-05,0.00047850937698967755,3.144461580182383e-05,5.993315426167101e-07,7.748603820800781e-07,5.33250954504183e-08,0.0,0.0,0.0,anisotropic
134,3.357116667990212e-12,0.005126073025166988,0.9933898448944092,0.9934064149856567,0.99339759349823,2.0784409571206197e-06,-1.3082474014693146e-13,7.081614889761431e-14,-1.3000748718403673e-16,2.6402523068102526e-15,4.785085088582219e-13,-0.0001308247447013855,7.081614603521302e-05,0.00047850850387476385,3.147328074055138e-05,5.976107786409557e-07,7.748603820800781e-07,5.440297812242534e-08,0.0,0.0,0.0,anisotropic
135,3.357114065904998e-12,0.005126073956489563,0.9933902025222778,0.9934071898460388,0.9933981895446777,2.131524752257974e-06,-1.3082452330649696e-13,7.081598626728844e-14,-1.300071430769019e-16,2.6402476481290427e-15,4.785076957065926e-13,-0.00013082452642265707,7.081598596414551e-05,0.0004785076598636806,3.150251324559426e-05,5.996062100166455e-07,8.344650268554688e-07,5.531870428399088e-08,0.0,0.0,0.0,anisotropic
136,3.357110596458046e-12,0.005126074887812138,0.9933906197547913,0.9934079647064209,0.9933987855911255,2.1764010398328537e-06,-1.30824265808481e-13,7.081578975564468e-14,-1.3000658721153027e-16,2.6402419306566487e-15,4.785066657145287e-13,-0.00013082426448818296,7.081578951328993e-05,0.0004785066412296146,3.1532277263050385e-05,6.009959179209545e-07,8.344650268554688e-07,5.6489099620193883e-08,0.0,0.0,0.0,anisotropic
137,3.357107560691963e-12,0.005126075353473425,0.9933909773826599,0.993408739566803,0.9933993816375732,2.2268518478085753e-06,-1.3082399475793788e-13,7.081555258641944e-14,-1.3000612399038724e-16,2.6402368484589652e-15,4.785056899325735e-13,-0.00013082398800179362,7.081554940668866e-05,0.00047850568080320954,3.1562660842689836e-05,6.029131327522919e-07,8.344650268554688e-07,5.7040200118763096e-08,0.0,0.0,0.0,anisotropic
138,3.357104958606749e-12,0.005126075819134712,0.9933913946151733,0.9934095144271851,0.993399977684021,2.272614437970333e-06,-1.3082379147003054e-13,7.081537640356642e-14,-1.300056342994646e-16,2.6402321897777553e-15,4.785048225708355e-13,-0.00013082378427498043,7.081537478370592e-05,0.00047850480768829584,3.1593638700838265e-05,6.045156624168158e-07,8.344650268554688e-07,5.822012383305264e-08,0.0,0.0,0.0,anisotropic
139,3.3571017060002317e-12,0.005126076750457287,0.993391752243042,0.9934102892875671,0.9934006333351135,2.3234654236148344e-06,-1.308234933144331e-13,7.081520022071339e-14,-1.3000515784343178e-16,2.640226895821835e-15,4.785038467888802e-13,-0.00013082349323667586,7.081520016072318e-05,0.0004785038763657212,3.162523189926021e-05,6.064528861315921e-07,8.344650268554688e-07,5.9509215333264365e-08,0.0,0.0,0.0,anisotropic
140,3.3570986702341488e-12,0.005126077216118574,0.9933921098709106,0.9934110641479492,0.9934011697769165,2.370725496803061e-06,-1.308232764739986e-13,7.081500370906962e-14,-1.3000465491761935e-16,2.6402220253823883e-15,4.785029794271423e-13,-0.00013082327495794743,7.08150037098676e-05,0.00047850297414697707,3.165740983947253e-05,6.082882464397699e-07,8.344650268554688e-07,6.022423093554607e-08,0.0,0.0,0.0,anisotropic
141,3.3570958513085003e-12,0.0051260776817798615,0.9933925271034241,0.9934118986129761,0.993401825428009,2.428708739898866e-06,-1.3082308673861842e-13,7.081478686863513e-14,-1.3000419169647632e-16,2.640216731426468e-15,4.785020578552956e-13,-0.00013082308578304946,7.081478543113917e-05,0.00047850204282440245,3.169016135984751e-05,6.070476956665516e-07,8.344650268554688e-07,6.154554199611084e-08,0.0,0.0,0.0,anisotropic
142,3.3570932492232863e-12,0.005126078613102436,0.9933928847312927,0.9934126734733582,0.9934024810791016,2.4829432732076384e-06,-1.3082280213554814e-13,7.081459035699136e-14,-1.3000372847533329e-16,2.6402112257123108e-15,4.785010278632318e-13,-0.00013082280929666013,7.081458898028359e-05,0.0004785010532941669,3.172357923903436e-05,6.086447683628649e-07,8.344650268554688e-07,6.24395966042357e-08,0.0,0.0,0.0,anisotropic
143,3.3570893460954654e-12,0.005126079078763723,0.9933932423591614,0.9934134483337402,0.9934030771255493,2.5383974389114883e-06,-1.3082254463753218e-13,7.081435996402971e-14,-1.3000325201930046e-16,2.6402061435146272e-15,4.785001062913852e-13,-0.00013082254736218601,7.081436342559755e-05,0.0004785001219715923,3.1757655977286915e-05,6.10614733886905e-07,8.344650268554688e-07,6.359356063967425e-08,0.0,0.0,0.0,anisotropic
144,3.3570858766485134e-12,0.005126079544425011,0.99339359998703,0.9934142827987671,0.9934036731719971,2.5948161237465683e-06,-1.3082227358698906e-13,7.081416345238595e-14,-1.3000274909348802e-16,2.6402010613169437e-15,4.784991847195386e-13,-0.00013082227087579668,7.081416697474197e-05,0.0004784991906490177,3.179243140380951e-05,6.12457370152697e-07,8.344650268554688e-07,6.5022028650219e-08,0.0,0.0,0.0,anisotropic
145,3.3570828408824305e-12,0.005126080010086298,0.9933939576148987,0.9934150576591492,0.9934042692184448,2.6483303372515365e-06,-1.3082208385160887e-13,7.081394661195145e-14,-1.300021932281164e-16,2.6401957673610234e-15,4.784982089375833e-13,-0.0001308220817008987,7.081394869601354e-05,0.00047849820111878216,3.182786642303818e-05,6.147784006316215e-07,8.344650268554688e-07,6.619018222409068e-08,0.0,0.0,0.0,anisotropic
146,3.3570798051163475e-12,0.005126080475747585,0.9933943152427673,0.993415892124176,0.9934048652648926,2.7109392704005586e-06,-1.3082181280106575e-13,7.081375687657127e-14,-1.3000171677208356e-16,2.640190473405103e-15,4.784972873657367e-13,-0.0001308218197664246,7.081375952111557e-05,0.0004784972406923771,3.186413233228785e-05,6.167683750391006e-07,8.344650268554688e-07,6.73398261596958e-08,0.0,0.0,0.0,anisotropic
147,3.35707655250983e-12,0.005126080475747585,0.993394672870636,0.9934167265892029,0.9934054613113403,2.771359959297115e-06,-1.3082154175052263e-13,7.081356714119108e-14,-1.3000125355094053e-16,2.6401853912074195e-15,4.784962573736729e-13,-0.00013082154328003526,7.08135703462176e-05,0.0004784963093698025,3.190135828487028e-05,6.186328391777351e-07,8.940696716308594e-07,6.85511807319017e-08,0.0,0.0,0.0,anisotropic
148,3.3570732999033126e-12,0.00512608140707016,0.9933949708938599,0.9934175610542297,0.9934060573577881,2.83557096736331e-06,-1.3082129780503382e-13,7.081332319570227e-14,-1.300007373902383e-16,2.6401796737350255e-15,4.784952815917176e-13,-0.00013082129589747638,7.081332296365872e-05,0.0004784952907357365,3.193921383119331e-05,6.210357241798192e-07,8.940696716308594e-07,7.005975533047604e-08,0.0,0.0,0.0,anisotropic
149,3.3570698304563606e-12,0.00512608140707016,0.9933953285217285,0.9934184551239014,0.9934067726135254,2.9082345918141073e-06,-1.308210267544907e-13,7.081310635526777e-14,-1.3000024769931566e-16,2.6401741680208684e-15,4.784943058097624e-13,-0.00013082103396300226,7.08131046849303e-05,0.0004784942721016705,3.197784223354528e-05,6.202626536833122e-07,8.940696716308594e-07,7.171458094035188e-08,0.0,0.0,0.0,anisotropic
150,3.357066577849843e-12,0.005126081872731447,0.9933956861495972,0.9934192895889282,0.9934073686599731,2.972534730361076e-06,-1.3082075570394758e-13,7.081290306736043e-14,-1.2999975800839303e-16,2.640169085823185e-15,4.784933300278071e-13,-0.00013082075747661293,7.08129009581171e-05,0.0004784933407790959,3.201732960129928e-05,6.225855031516403e-07,8.940696716308594e-07,7.316462813378166e-08,0.0,0.0,0.0,anisotropic
151,3.3570628915624567e-12,0.0051260823383927345,0.9933960437774658,0.9934201240539551,0.9934079647064209,3.036214820895111e-06,-1.3082051175845877e-13,7.081269300318951e-14,-1.299991756732418e-16,2.640163156592554e-15,4.784923000357433e-13,-0.00013082051009405404,7.081268995534629e-05,0.0004784923221450299,3.2057638451764934e-05,6.252757884794846e-07,8.940696716308594e-07,7.445524374816159e-08,0.0,0.0,0.0,anisotropic
152,3.3570589884346358e-12,0.0051260823383927345,0.9933963418006897,0.9934210181236267,0.9934085607528687,3.1012364161142614e-06,-1.3082024070791565e-13,7.081249649154575e-14,-1.2999861980787016e-16,2.64015743912016e-15,4.784912158335708e-13,-0.0001308202336076647,7.08124935044907e-05,0.000478491245303303,3.209894174879871e-05,6.281297828536481e-07,8.940696716308594e-07,7.623462749961618e-08,0.0,0.0,0.0,anisotropic
153,3.357055952668553e-12,0.005126081872731447,0.9933966994285583,0.9934219121932983,0.9934092164039612,3.1702593332738616e-06,-1.3081996965737253e-13,7.081224576979336e-14,-1.2999811688205773e-16,2.640151933406003e-15,4.784902400516156e-13,-0.0001308199716731906,7.081224612193182e-05,0.000478490226669237,3.21410926005808e-05,6.307873263722286e-07,8.940696716308594e-07,7.804430879332358e-08,0.0,0.0,0.0,anisotropic
154,3.357052483221601e-12,0.0051260823383927345,0.9933969974517822,0.99342280626297,0.9934098720550537,3.2412931432190817e-06,-1.3081973926441087e-13,7.08120492581496e-14,-1.299975610166861e-16,2.640146215933609e-15,4.784892100595517e-13,-0.00013081973884254694,7.081204967107624e-05,0.0004784891789313406,3.218409271385993e-05,6.337322702165693e-07,8.940696716308594e-07,7.996136019983169e-08,0.0,0.0,0.0,anisotropic
155,3.3570487969342144e-12,0.0051260823383927345,0.9933972954750061,0.9934236407279968,0.9934104681015015,3.3182011520693777e-06,-1.3081942755628628e-13,7.081183919397868e-14,-1.2999704485598386e-16,2.640140498461215e-15,4.784881800674878e-13,-0.00013081943325232714,7.081183866830543e-05,0.00047848818940110505,3.222799589448577e-05,6.366881279973313e-07,9.5367431640625e-07,8.181485355862606e-08,0.0,0.0,0.0,anisotropic
156,3.357045544327697e-12,0.0051260823383927345,0.9933976531028748,0.9934245944023132,0.993411123752594,3.394400891920668e-06,-1.3081918361079747e-13,7.081158169596272e-14,-1.2999656839995103e-16,2.6401352045052947e-15,4.784872042855326e-13,-0.00013081918586976826,7.081158400978893e-05,0.0004784872289747,3.22729455749859e-05,6.401496648322791e-07,9.5367431640625e-07,8.370749071673345e-08,0.0,0.0,0.0,anisotropic
157,3.3570414243594415e-12,0.005126081872731447,0.9933979511260986,0.9934254884719849,0.9934117794036865,3.476970732663176e-06,-1.308189261127815e-13,7.081135807926464e-14,-1.2999593312524059e-16,2.6401288517581903e-15,4.784860658732515e-13,-0.00013081892393529415,7.081135845510289e-05,0.0004784860648214817,3.2318805938195464e-05,6.398586265277117e-07,9.5367431640625e-07,8.553713115588835e-08,0.0,0.0,0.0,anisotropic
158,3.357037304391186e-12,0.00512608140707016,0.9933982491493225,0.9934263825416565,0.993412435054779,3.558850721674389e-06,-1.3081864150971123e-13,7.081113446256657e-14,-1.2999536402497915e-16,2.6401229225275595e-15,4.78484981671079e-13,-0.0001308186474489048,7.081113290041685e-05,0.0004784849879797548,3.2365819803888836e-05,6.434929673559964e-07,9.5367431640625e-07,8.755593938758466e-08,0.0,0.0,0.0,anisotropic
159,3.357033401263365e-12,0.00512608140707016,0.9933985471725464,0.9934272766113281,0.9934130907058716,3.6359390378493117e-06,-1.3081835690664095e-13,7.081089729334133e-14,-1.299947552200483e-16,2.6401169932969287e-15,4.784838974689065e-13,-0.00013081835641060024,7.08109000697732e-05,0.00047848388203419745,3.241377476072841e-05,6.46987246000208e-07,9.5367431640625e-07,8.97585152870306e-08,0.0,0.0,0.0,anisotropic
160,3.357029931816413e-12,0.00512608140707016,0.9933988451957703,0.9934282302856445,0.9934136867523193,3.7231970964057837e-06,-1.3081807230357068e-13,7.081068045290684e-14,-1.2999421258956648e-16,2.6401106405498243e-15,4.784827590566254e-13,-0.00013081806537229568,7.081068179104477e-05,0.00047848274698480964,3.246258052039345e-05,6.502777978312224e-07,9.5367431640625e-07,9.171994719281429e-08,0.0,0.0,0.0,anisotropic
161,3.3570260286885922e-12,0.00512608140707016,0.9933991432189941,0.9934291839599609,0.9934143424034119,3.810974476436968e-06,-1.3081780125302755e-13,7.081044328368161e-14,-1.2999363025441524e-16,2.6401049230774304e-15,4.784817290645615e-13,-0.00013081780343782157,7.08104416844435e-05,0.00047848172835074365,3.2512384144540453e-05,6.539958121720701e-07,9.5367431640625e-07,9.380805465752928e-08,0.0,0.0,0.0,anisotropic
162,3.3570219087203368e-12,0.005126080475747585,0.993399441242218,0.9934301376342773,0.9934149980545044,3.897201168001629e-06,-1.3081748954490297e-13,7.081020611445638e-14,-1.299930082145946e-16,2.640098358572089e-15,4.784805906522804e-13,-0.00013081748329568654,7.081020885379985e-05,0.0004784805350936949,3.2563288657419534e-05,6.573900463990867e-07,9.5367431640625e-07,9.566176828457174e-08,0.0,0.0,0.0,anisotropic
163,3.357018005592516e-12,0.005126080475747585,0.9933997392654419,0.993431031703949,0.9934157133102417,3.990326149505563e-06,-1.308172049418327e-13,7.080993506391325e-14,-1.2999249205389237e-16,2.6400922175832215e-15,4.784794522399993e-13,-0.0001308172068092972,7.080993236741051e-05,0.000478479458251968,3.2615140053937725e-05,6.609479896724224e-07,1.0132789611816406e-06,9.744116624688104e-08,0.0,0.0,0.0,anisotropic
164,3.357013235102957e-12,0.005126079544425011,0.9934000372886658,0.9934320449829102,0.9934163093566895,4.082024588569766e-06,-1.3081690678623525e-13,7.080969789468802e-14,-1.2999181707451252e-16,2.640086076594354e-15,4.784782596176096e-13,-0.0001308169012190774,7.080969953676686e-05,0.0004784782649949193,3.266779118971064e-05,6.643967935815454e-07,1.0132789611816406e-06,9.954990787264251e-08,0.0,0.0,0.0,anisotropic
165,3.3570091151347015e-12,0.005126079078763723,0.9934002757072449,0.9934329986572266,0.993416965007782,4.172631633991841e-06,-1.3081666284074644e-13,7.080944717293564e-14,-1.299912612091409e-16,2.6400795120890127e-15,4.784771212053285e-13,-0.00013081666838843375,7.080944487825036e-05,0.00047847710084170103,3.272139774582903e-05,6.675218173768371e-07,1.0132789611816406e-06,1.0147634554869e-07,0.0,0.0,0.0,anisotropic
166,3.3570052120068805e-12,0.005126078613102436,0.9934005737304688,0.993433952331543,0.9934176802635193,4.268286375008756e-06,-1.308163375800947e-13,7.080918289865609e-14,-1.2999058622976104e-16,2.6400727358254347e-15,4.784758743728301e-13,-0.0001308163336943835,7.080918294377625e-05,0.0004784759075846523,3.2775736839247695e-05,6.675218173768371e-07,1.0132789611816406e-06,1.031380847393848e-07,0.0,0.0,0.0,anisotropic
167,3.3570008751981906e-12,0.0051260776817798615,0.9934008717536926,0.9934349060058594,0.9934183359146118,4.372228431748226e-06,-1.3081601231944295e-13,7.080895928195802e-14,-1.299899641899404e-16,2.6400663830783303e-15,4.784746817504404e-13,-0.00013081601355224848,7.080895738909021e-05,0.0004784747143276036,3.2831340770581246e-05,6.704722181893885e-07,1.0132789611816406e-06,1.0490256130424314e-07,0.0,0.0,0.0,anisotropic
168,3.356996755229935e-12,0.005126076750457287,0.9934011101722717,0.9934358596801758,0.9934189915657043,4.4714752220897935e-06,-1.3081572771637268e-13,7.08086882314149e-14,-1.2998932891522996e-16,2.640060030331226e-15,4.784735433381593e-13,-0.0001308157225139439,7.080868817865849e-05,0.00047847357927821577,3.288801029034055e-05,6.732007022947073e-07,1.0132789611816406e-06,1.0658075666469813e-07,0.0,0.0,0.0,anisotropic
169,3.3569926352616797e-12,0.005126076750457287,0.9934014081954956,0.993436872959137,0.9934196472167969,4.5722408685833216e-06,-1.308154431133024e-13,7.080843750966251e-14,-1.2998874658007873e-16,2.6400536775841215e-15,4.784724049258782e-13,-0.00013081544602755457,7.08084407960996e-05,0.0004784724151249975,3.294580939663939e-05,6.759437383152544e-07,1.0132789611816406e-06,1.0851967147118557e-07,0.0,0.0,0.0,anisotropic
170,3.3569882984529897e-12,0.005126075353473425,0.9934016466140747,0.9934378266334534,0.9934203624725342,4.67545351057197e-06,-1.308151314051778e-13,7.080824099801875e-14,-1.299881510100377e-16,2.640047536595254e-15,4.784713207237057e-13,-0.00013081512588541955,7.080824434524402e-05,0.00047847130917944014,3.3004702150667996e-05,6.784066499676555e-07,1.0132789611816406e-06,1.1003479016835627e-07,0.0,0.0,0.0,anisotropic
171,3.3569837448038653e-12,0.00512607442215085,0.9934018850326538,0.9934388399124146,0.9934210181236267,4.7873304538370576e-06,-1.308148603546347e-13,7.080794961868489e-14,-1.2998751573532725e-16,2.640040760331676e-15,4.784700738912073e-13,-0.00013081486395094544,7.080794603098184e-05,0.00047847008681856096,3.3064708944115605e-05,6.809568731114268e-07,1.0132789611816406e-06,1.1216690154469688e-07,0.0,0.0,0.0,anisotropic
172,3.3569794079951754e-12,0.005126073490828276,0.9934021234512329,0.9934398531913757,0.993421733379364,4.891414846497355e-06,-1.3081453509398294e-13,7.080770567319608e-14,-1.299868804606168e-16,2.6400344075845714e-15,4.784689354789262e-13,-0.00013081452925689518,7.080770592438057e-05,0.0004784689226653427,3.312587147196092e-05,6.834707164671272e-07,1.0132789611816406e-06,1.139003131811478e-07,0.0,0.0,0.0,anisotropic
173,3.356974420665182e-12,0.005126072093844414,0.993402361869812,0.9934408664703369,0.9934223890304565,4.997134965378791e-06,-1.3081425049091266e-13,7.08074210701258e-14,-1.2998620548123696e-16,2.6400274195627566e-15,4.784676344363192e-13,-0.00013081425277050585,7.080742216203362e-05,0.00047846761299297214,3.318832588124387e-05,6.858608685433865e-07,1.0728836059570312e-06,1.160114777576382e-07,0.0,0.0,0.0,anisotropic
174,3.356969650175623e-12,0.005126071162521839,0.9934026598930359,0.9934418797492981,0.9934231042861938,5.10819154442288e-06,-1.3081391167773376e-13,7.08071432433191e-14,-1.2998551726696732e-16,2.6400204315409417e-15,4.784663333937123e-13,-0.0001308139180764556,7.080714567564428e-05,0.00047846639063209295,3.3251966591898695e-05,6.886803021188825e-07,1.0728836059570312e-06,1.1823482992667778e-07,0.0,0.0,0.0,anisotropic
175,3.356964879686064e-12,0.0051260702311992645,0.993402898311615,0.9934428930282593,0.9934237599372864,5.2221039368305355e-06,-1.3081359996960917e-13,7.080688574530314e-14,-1.2998478934802827e-16,2.640013443519127e-15,4.784650865612139e-13,-0.00013081359793432057,7.080688374117017e-05,0.0004784650809597224,3.331674738656879e-05,6.907794158905745e-07,1.0728836059570312e-06,1.2000174365311977e-07,0.0,0.0,0.0,anisotropic
176,3.356960976558243e-12,0.00512606929987669,0.9934030771255493,0.9934439659118652,0.9934244751930237,5.335691639629658e-06,-1.3081330181401174e-13,7.080662824728717e-14,-1.2998422024776684e-16,2.6400068790137857e-15,4.784639481489328e-13,-0.000130813306896016,7.080662908265367e-05,0.00047846391680650413,3.338278626048207e-05,6.903810572111979e-07,1.0728836059570312e-06,1.223379371140254e-07,0.0,0.0,0.0,anisotropic
177,3.356955772387815e-12,0.005126067902892828,0.9934033155441284,0.9934449791908264,0.9934251308441162,5.456944563775323e-06,-1.3081296300083284e-13,7.080631653916258e-14,-1.299834923288278e-16,2.639999890991971e-15,4.784625928962172e-13,-0.00013081295765005052,7.080631621647626e-05,0.0004784626071341336,3.3450017494688485e-05,6.929785740794614e-07,1.0728836059570312e-06,1.243106453330256e-07,0.0,0.0,0.0,anisotropic
178,3.3569510018982562e-12,0.005126066505908966,0.9934035539627075,0.9934460520744324,0.9934258460998535,5.575259820034262e-06,-1.308126377401811e-13,7.080607259367377e-14,-1.2998284381922755e-16,2.639992691211919e-15,4.784613460637188e-13,-0.0001308126375079155,7.0806076109875e-05,0.000478461297461763,3.351853980960887e-05,6.952977855689824e-07,1.0728836059570312e-06,1.2669866578107758e-07,0.0,0.0,0.0,anisotropic
179,3.3569462314086973e-12,0.0051260655745863914,0.9934037923812866,0.9934470653533936,0.993426501750946,5.6951239457703196e-06,-1.3081233958458366e-13,7.080580831939423e-14,-1.299821026653987e-16,2.6399857031901043e-15,4.784600450211118e-13,-0.00013081234646961093,7.080580689944327e-05,0.0004784600459970534,3.358829636508336e-05,6.979134923312813e-07,1.0728836059570312e-06,1.2858943421178992e-07,0.0,0.0,0.0,anisotropic
180,3.356940810397835e-12,0.005126063711941242,0.993403971195221,0.9934481382369995,0.9934272170066833,5.8141863519267645e-06,-1.3081201432393191e-13,7.080553726885111e-14,-1.2998141445112906e-16,2.6399785034100526e-15,4.784587981886135e-13,-0.00013081201177556068,7.080553768901154e-05,0.00047845873632468283,3.365933265943696e-05,7.005728548392653e-07,1.0728836059570312e-06,1.3122580355684477e-07,0.0,0.0,0.0,anisotropic
181,3.3569362567487104e-12,0.00512606231495738,0.9934042096138,0.9934492111206055,0.9934279322624207,5.946011697233189e-06,-1.308116484056987e-13,7.080524588951725e-14,-1.2998075270663901e-16,2.639971091871764e-15,4.784574429358979e-13,-0.00013081164797767997,7.080524665070698e-05,0.0004784574266523123,3.373177775546652e-05,7.029248081380501e-07,1.1324882507324219e-06,1.3306410551194858e-07,0.0,0.0,0.0,anisotropic
182,3.3569310525782825e-12,0.005126060917973518,0.9934043884277344,0.9934502840042114,0.993428647518158,6.069483333703829e-06,-1.3081137735515558e-13,7.080494095765624e-14,-1.2997998508303057e-16,2.6399638920917125e-15,4.784560876831823e-13,-0.00013081137149129063,7.080494106048718e-05,0.0004784561169799417,3.380557383234877e-05,7.057205948513001e-07,1.1324882507324219e-06,1.3567000678449403e-07,0.0,0.0,0.0,anisotropic
183,3.3569254147269856e-12,0.005126059055328369,0.9934046268463135,0.9934513568878174,0.9934293627738953,6.2083577176963445e-06,-1.308109978843952e-13,7.080469023590386e-14,-1.2997927039898132e-16,2.639956480553424e-15,4.784547324304667e-13,-0.0001308109931414947,7.08046936779283e-05,0.0004784547199960798,3.3880713964208054e-05,7.084636308718473e-07,1.1324882507324219e-06,1.3803376930354716e-07,0.0,0.0,0.0,anisotropic
184,3.3569202105565576e-12,0.00512605719268322,0.9934048652648926,0.9934524893760681,0.9934300184249878,6.335610123642255e-06,-1.3081068617627062e-13,7.080438530404284e-14,-1.2997852924515247e-16,2.6399492807733724e-15,4.784534313878597e-13,-0.0001308106875512749,7.08043880877085e-05,0.0004784534394275397,3.395720390889731e-05,7.108610589057207e-07,1.1324882507324219e-06,1.4023960659415025e-07,0.0,0.0,0.0,anisotropic
185,3.3569152232265642e-12,0.005126055330038071,0.9934050440788269,0.9934535622596741,0.9934307336807251,6.471787855844013e-06,-1.3081038802067319e-13,7.080410070097257e-14,-1.2997786750066243e-16,2.639941657476847e-15,4.784520761351441e-13,-0.0001308103819610551,7.080410432536155e-05,0.00047845207154750824,3.4035100473426307e-05,7.13987901690416e-07,1.1324882507324219e-06,1.4255317637434928e-07,0.0,0.0,0.0,anisotropic
186,3.3569102358965708e-12,0.0051260534673929214,0.993405282497406,0.9934546947479248,0.9934314489364624,6.610605396417668e-06,-1.3081000854991282e-13,7.080380932163871e-14,-1.2997709987705398e-16,2.6399344576967954e-15,4.784507208824285e-13,-0.00013081000361125916,7.080380601109937e-05,0.00047845073277130723,3.411437498006575e-05,7.133949111448601e-07,1.1324882507324219e-06,1.452157931680631e-07,0.0,0.0,0.0,anisotropic
187,3.356904598045274e-12,0.005126051604747772,0.9934054613113403,0.9934558272361755,0.9934321641921997,6.74814918966149e-06,-1.3080966973673391e-13,7.080349761351412e-14,-1.2997635872322513e-16,2.63992683440027e-15,4.784493114196042e-13,-0.0001308096689172089,7.080350042087957e-05,0.0004784493357874453,3.419512434845828e-05,7.162907422753051e-07,1.1324882507324219e-06,1.475754203283941e-07,0.0,0.0,0.0,anisotropic
188,3.356898960193977e-12,0.005126049742102623,0.9934056401252747,0.9934569597244263,0.993432879447937,6.892910278111231e-06,-1.3080934447608217e-13,7.080321301044384e-14,-1.2997559109961668e-16,2.639919211103745e-15,4.784479561668886e-13,-0.00013080934877507389,7.0803209382575e-05,0.0004784479388035834,3.427732055032412e-05,7.192593329818919e-07,1.1920928955078125e-06,1.4991744023973297e-07,0.0,0.0,0.0,anisotropic
189,3.3568931055022455e-12,0.005126047879457474,0.993405818939209,0.993458092212677,0.9934336543083191,7.034389000182273e-06,-1.3080900566290327e-13,7.080290130231925e-14,-1.2997482347600823e-16,2.639910952532509e-15,4.784464924939558e-13,-0.0001308089995291084,7.080290379235521e-05,0.000478446512715891,3.436093965412824e-05,7.216913218144327e-07,1.1920928955078125e-06,1.525332322671602e-07,0.0,0.0,0.0,anisotropic
190,3.3568879013318176e-12,0.0051260460168123245,0.9934059977531433,0.9934592247009277,0.9934343099594116,7.18772025720682e-06,-1.3080861263961574e-13,7.080257604166751e-14,-1.2997402938262018e-16,2.639903329235984e-15,4.784450830311315e-13,-0.00013080860662739724,7.080257637426257e-05,0.00047844505752436817,3.444601992773768e-05,7.250509952427819e-07,1.1920928955078125e-06,1.5482127935229073e-07,0.0,0.0,0.0,anisotropic
191,3.3568826971613897e-12,0.005126043222844601,0.9934061765670776,0.9934603571891785,0.9934350848197937,7.341481250477955e-06,-1.3080824672138253e-13,7.080228466233365e-14,-1.2997331469857094e-16,2.6398959176976954e-15,4.784437277784159e-13,-0.00013080824282951653,7.0802285335958e-05,0.00047844371874816716,3.453255988531915e-05,7.277994882315397e-07,1.1920928955078125e-06,1.5741407821678877e-07,0.0,0.0,0.0,anisotropic
192,3.3568768424696582e-12,0.0051260413601994514,0.993406355381012,0.993461549282074,0.9934357404708862,7.495512363675516e-06,-1.3080790790820362e-13,7.080200005926338e-14,-1.2997248090051348e-16,2.639887447368223e-15,4.784422098953744e-13,-0.00013080790813546628,7.080200157361105e-05,0.0004784422053489834,3.462063213074713e-05,7.306098268600181e-07,1.1920928955078125e-06,1.5985948209618073e-07,0.0,0.0,0.0,anisotropic
193,3.3568707709374923e-12,0.005126039497554302,0.9934065341949463,0.9934626817703247,0.9934365749359131,7.650938641745597e-06,-1.308075419899704e-13,7.080166802234805e-14,-1.2997172651179484e-16,2.639879400555224e-15,4.784407462224416e-13,-0.00013080754433758557,7.08016668795608e-05,0.000478440779261291,3.4710317356400136e-05,7.335293048527092e-07,1.1920928955078125e-06,1.626690107059403e-07,0.0,0.0,0.0,anisotropic
194,3.3568646994053264e-12,0.005126036703586578,0.9934067130088806,0.9934638738632202,0.9934372901916504,7.808998816472013e-06,-1.308071760717372e-13,7.080133598543273e-14,-1.2997085300906798e-16,2.639871353742225e-15,4.784392825495087e-13,-0.00013080718053970486,7.080133946146816e-05,0.0004784392367582768,3.4801609375340804e-05,7.364342309301719e-07,1.2516975402832031e-06,1.650766705552087e-07,0.0,0.0,0.0,anisotropic
195,3.3568590615540295e-12,0.005126034375280142,0.9934068918228149,0.9934650659561157,0.9934380054473877,7.961426490510348e-06,-1.3080682370603114e-13,7.08010378298353e-14,-1.2997008538545953e-16,2.639863518687463e-15,4.784378188765759e-13,-0.00013080681674182415,7.080104114720598e-05,0.0004784378397744149,3.489451563634997e-05,7.394282874884084e-07,1.2516975402832031e-06,1.6779438283265335e-07,0.0,0.0,0.0,anisotropic
196,3.3568529900218635e-12,0.005126032046973705,0.9934070706367493,0.9934662580490112,0.993438720703125,8.125156455207616e-06,-1.3080645778779793e-13,7.080070579291997e-14,-1.2996926482229188e-16,2.6398548365997535e-15,4.784363009935344e-13,-0.00013080645294394344,7.080070645315573e-05,0.0004784362972714007,3.498915691763083e-05,7.426988304359838e-07,1.2516975402832031e-06,1.7059063850410894e-07,0.0,0.0,0.0,anisotropic
197,3.356846701649263e-12,0.005126029718667269,0.9934071898460388,0.9934675097465515,0.9934394955635071,8.294781764561776e-06,-1.308060647645104e-13,7.080037375600465e-14,-1.2996844425912423e-16,2.6398465780285178e-15,4.784347831104929e-13,-0.00013080606004223228,7.080037175910547e-05,0.0004784348129760474,3.508542266956352e-05,7.426351658068597e-07,1.2516975402832031e-06,1.7317977096809045e-07,0.0,0.0,0.0,anisotropic
198,3.3568408469575317e-12,0.005126026924699545,0.9934073686599731,0.993468701839447,0.9934402704238892,8.46449620439671e-06,-1.3080568529375003e-13,7.080008237667079e-14,-1.2996757075639737e-16,2.6398378959408084e-15,4.784332110173428e-13,-0.00013080568169243634,7.08000807208009e-05,0.00047843324136920273,3.5183300481941045e-05,7.454545993823558e-07,1.2516975402832031e-06,1.7610287272873393e-07,0.0,0.0,0.0,anisotropic
199,3.3568345585849313e-12,0.005126024596393108,0.9934075474739075,0.9934698939323425,0.9934409856796265,8.637195605842862e-06,-1.3080536003309828e-13,7.0799709682174e-14,-1.2996675019322972e-16,2.6398298491278095e-15,4.7843174734441e-13,-0.0001308053615503013,7.079970964696258e-05,0.00047843175707384944,3.528294003508931e-05,7.489470590371639e-07,1.2516975402832031e-06,1.7891017023430322e-07,0.0,0.0,0.0,anisotropic
200,3.356828270212331e-12,0.0051260218024253845,0.9934077262878418,0.9934711456298828,0.9934417009353638,8.806956429907586e-06,-1.3080491279970213e-13,7.079938442152225e-14,-1.2996586345561306e-16,2.6398211670401e-15,4.784301752512599e-13,-0.00013080491044092923,7.079938222886994e-05,0.0004784301563631743,3.538421963646171e-05,7.52186679164879e-07,1.3113021850585938e-06,1.8174056037878472e-07,0.0,0.0,0.0,anisotropic
201,3.356821764999296e-12,0.005126019474118948,0.9934079051017761,0.9934723973274231,0.9934424757957458,8.984730811789632e-06,-1.3080454688146892e-13,7.079905916087051e-14,-1.299650296575556e-16,2.639812484952391e-15,4.784286031581098e-13,-0.00013080454664304852,7.079906208673492e-05,0.0004784286138601601,3.5487141303444925e-05,7.551971066277474e-07,1.3113021850585938e-06,1.8450103311806743e-07,0.0,0.0,0.0,anisotropic
202,3.3568150429458266e-12,0.005126016680151224,0.9934081435203552,0.9934736490249634,0.9934432506561279,9.165175470116083e-06,-1.3080416741070855e-13,7.079872712395519e-14,-1.2996412968504915e-16,2.639803379348208e-15,4.784269226447424e-13,-0.0001308041682932526,7.079872739268467e-05,0.0004784269549418241,3.559189861443045e-05,7.587677828269079e-07,1.3113021850585938e-06,1.8745522822882776e-07,0.0,0.0,0.0,anisotropic
203,3.3568089714136606e-12,0.0051260138861835,0.9934083223342896,0.9934749007225037,0.9934439659118652,9.348261301056482e-06,-1.3080377438742102e-13,7.079839508703986e-14,-1.299633091218815e-16,2.639795120776972e-15,4.784254047617009e-13,-0.00013080377539154142,7.079839269863442e-05,0.0004784253833349794,3.5698431897358456e-05,7.618673407705501e-07,1.3113021850585938e-06,1.9022651542854874e-07,0.0,0.0,0.0,anisotropic
204,3.3568024662006257e-12,0.005126010626554489,0.9934085011482239,0.993476152420044,0.9934448003768921,9.534859600535128e-06,-1.308034084691878e-13,7.079802239254307e-14,-1.2996242238426484e-16,2.639786015172789e-15,4.784237784584422e-13,-0.0001308034115936607,7.079802162479609e-05,0.0004784237826243043,3.5806774104646583e-05,7.653488864889368e-07,1.3113021850585938e-06,1.9331480416440172e-07,0.0,0.0,0.0,anisotropic
205,3.3567953104662873e-12,0.005126008298248053,0.993408739566803,0.993477463722229,0.9934455156326294,9.723547918838449e-06,-1.3080298834084597e-13,7.079768357936417e-14,-1.2996148270708898e-16,2.639776909568606e-15,4.784221521551835e-13,-0.0001308029895881191,7.079768693074584e-05,0.00047842212370596826,3.591637405090005e-05,7.684029696974903e-07,1.3113021850585938e-06,1.9657809957607242e-07,0.0,0.0,0.0,anisotropic
206,3.3567888052532524e-12,0.005126005504280329,0.9934089183807373,0.9934787750244141,0.9934462308883667,9.915941518556792e-06,-1.3080262242261276e-13,7.079735154244884e-14,-1.2996060920436212e-16,2.63976801572266e-15,4.784205258519247e-13,-0.00013080262579023838,7.079735223669559e-05,0.0004784205520991236,3.6027908088066534e-05,7.718153938185424e-07,1.3113021850585938e-06,1.9919900751119712e-07,0.0,0.0,0.0,anisotropic
207,3.3567818663593485e-12,0.005126002244651318,0.9934091567993164,0.9934800863265991,0.9934470653533936,1.0106968147738371e-05,-1.308022429518524e-13,7.079700595300636e-14,-1.2995968276207606e-16,2.6397593336349506e-15,4.78418899548666e-13,-0.00013080224744044244,7.079700299073011e-05,0.000478418922284618,3.6141422804925096e-05,7.750641088932753e-07,1.3709068298339844e-06,2.022672873636111e-07,0.0,0.0,0.0,anisotropic
208,3.3567749274654446e-12,0.005125999916344881,0.9934093952178955,0.9934813976287842,0.9934477806091309,1.0309215213055722e-05,-1.3080175506087477e-13,7.0796626482246e-14,-1.2995875631979e-16,2.6397493809978204e-15,4.784171106150814e-13,-0.00013080175267532468,7.079662464093417e-05,0.0004784171178471297,3.6256649885439076e-05,7.783382898196578e-07,1.3709068298339844e-06,2.0538996636787488e-07,0.0,0.0,0.0,anisotropic
209,3.3567675548906717e-12,0.005125997122377157,0.9934096336364746,0.9934827089309692,0.9934486150741577,1.0508765626582317e-05,-1.3080138914264156e-13,7.07962537877492e-14,-1.2995780340772434e-16,2.6397402753936374e-15,4.784154301017141e-13,-0.00013080138887744397,7.079625356709585e-05,0.00047841545892879367,3.637353352819278e-05,7.78782123234123e-07,1.3709068298339844e-06,2.083110643980035e-07,0.0,0.0,0.0,anisotropic
210,3.3567606159967678e-12,0.005125993862748146,0.9934098720550537,0.9934840202331543,0.9934493899345398,1.0712328730733134e-05,-1.308010367769355e-13,7.079588786951599e-14,-1.2995690343521789e-16,2.6397309580312176e-15,4.784138037984553e-13,-0.0001308010396314785,7.079588976921514e-05,0.0004784137709066272,3.649234944539441e-05,7.817325240466744e-07,1.3709068298339844e-06,2.1154890816887928e-07,0.0,0.0,0.0,anisotropic
211,3.3567534602624294e-12,0.005125991068780422,0.9934101104736328,0.9934853315353394,0.9934501647949219,1.0917156942014117e-05,-1.308006030960665e-13,7.07955151750192e-14,-1.2995591081848282e-16,2.639721428910561e-15,4.784120148648707e-13,-0.00013080060307402164,7.079551869537681e-05,0.0004784120246767998,3.661283975365447e-05,7.855051080696285e-07,1.3709068298339844e-06,2.1489445600764157e-07,0.0,0.0,0.0,anisotropic
212,3.356746304528091e-12,0.005125988274812698,0.9934103488922119,0.9934867024421692,0.9934509992599487,1.113195230573183e-05,-1.308001694151975e-13,7.079514925678598e-14,-1.2995497114130696e-16,2.639712111548141e-15,4.784103343515034e-13,-0.00013080016651656479,7.079514762153849e-05,0.00047841036575846374,3.673545545473752e-05,7.887447281973436e-07,1.430511474609375e-06,2.179146463276993e-07,0.0,0.0,0.0,anisotropic
213,3.3567391487937526e-12,0.0051259854808449745,0.9934105277061462,0.993488073348999,0.993451714515686,1.1342962352500763e-05,-1.3079974928685567e-13,7.079479689107993e-14,-1.299539917594617e-16,2.6397023706692477e-15,4.784085454179188e-13,-0.00013079974451102316,7.079479837557301e-05,0.0004784085613209754,3.686016386709774e-05,7.924336387077346e-07,1.430511474609375e-06,2.2098568308592803e-07,0.0,0.0,0.0,anisotropic
214,3.3567313425381107e-12,0.005125982686877251,0.9934107661247253,0.9934894442558289,0.9934525489807129,1.1561308383534197e-05,-1.3079932915851383e-13,7.07944038677924e-14,-1.2995301237761644e-16,2.6396926297903543e-15,4.784068106944428e-13,-0.00013079932250548154,7.079440547386184e-05,0.000478406815091148,3.6986778545430864e-05,7.957569323480129e-07,1.430511474609375e-06,2.2476073979760258e-07,0.0,0.0,0.0,anisotropic
215,3.3567237531229033e-12,0.0051259794272482395,0.9934110045433044,0.9934908151626587,0.993453323841095,1.1775812708947342e-05,-1.3079886837259053e-13,7.079403117329561e-14,-1.2995199329110177e-16,2.6396822536367505e-15,4.784049133406409e-13,-0.00013079887139610946,7.079403440002352e-05,0.00047840492334216833,3.711552734948284e-05,7.994676707312465e-07,1.430511474609375e-06,2.2775827801524429e-07,0.0,0.0,0.0,anisotropic
216,3.3567155131863924e-12,0.005125977098941803,0.9934112429618835,0.9934922456741333,0.993454098701477,1.1992437976005021e-05,-1.3079852955941162e-13,7.079361782121735e-14,-1.299509742045871e-16,2.639672724516094e-15,4.78403178617165e-13,-0.0001307985367020592,7.079361967043951e-05,0.00047840317711234093,3.724648533944428e-05,8.034767233766615e-07,1.430511474609375e-06,2.3158963813330047e-07,0.0,0.0,0.0,anisotropic
217,3.3567085742924885e-12,0.005125974304974079,0.9934114813804626,0.9934936165809631,0.9934549331665039,1.2223620615259279e-05,-1.30798041668434e-13,7.079324512672056e-14,-1.2994999482274184e-16,2.6396625601207268e-15,4.784013896835804e-13,-0.00013079804193694144,7.079324859660119e-05,0.0004784013726748526,3.737965077640822e-05,8.071674528764561e-07,1.4901161193847656e-06,2.3483036670768342e-07,0.0,0.0,0.0,anisotropic
218,3.3567007680368466e-12,0.005125971045345068,0.9934117197990417,0.9934950470924377,0.9934557676315308,1.2450017493392807e-05,-1.307975808825107e-13,7.079285887969661e-14,-1.2994897573622718e-16,2.6396523957253597e-15,4.783994923297785e-13,-0.00013079757627565414,7.079285569489002e-05,0.0004783994809258729,3.751488850009738e-05,8.109764166874811e-07,1.4901161193847656e-06,2.3863091769271705e-07,0.0,0.0,0.0,anisotropic
219,3.356692311259901e-12,0.005125967785716057,0.9934119582176208,0.9934964776039124,0.9934566020965576,1.2690343282883987e-05,-1.3079716075416886e-13,7.079243875135477e-14,-1.299479301799329e-16,2.6396422313299927e-15,4.783975949759767e-13,-0.00013079715427011251,7.079244096530601e-05,0.0004783976182807237,3.7652326503628494e-05,8.151746442308649e-07,1.4901161193847656e-06,2.4235094997493434e-07,0.0,0.0,0.0,anisotropic
220,3.3566851555255628e-12,0.005125964991748333,0.9934121966362,0.9934979677200317,0.9934573769569397,1.2927958778163884e-05,-1.3079674062582702e-13,7.079204572806724e-14,-1.2994692432830805e-16,2.6396320669346256e-15,4.783958060423921e-13,-0.00013079674681648612,7.079204806359485e-05,0.0004783958138432354,3.779199947274132e-05,8.188781066564843e-07,1.4901161193847656e-06,2.4587779989815317e-07,0.0,0.0,0.0,anisotropic
221,3.3566762650677484e-12,0.005125962197780609,0.993412435054779,0.9934993982315063,0.9934581518173218,1.3165952623239718e-05,-1.3079626628737656e-13,7.079164592851614e-14,-1.2994583906734438e-16,2.639621267264548e-15,4.78393800268373e-13,-0.00013079626660328358,7.079164788592607e-05,0.0004783938347827643,3.793409477738065e-05,8.199403964681551e-07,1.4901161193847656e-06,2.496593083378684e-07,0.0,0.0,0.0,anisotropic
222,3.356668241971672e-12,0.005125959869474173,0.9934126734733582,0.9935008883476257,0.9934589862823486,1.3410425708570983e-05,-1.3079583260650757e-13,7.079123257643788e-14,-1.299447670412705e-16,2.6396104675944707e-15,4.783919029145711e-13,-0.00013079583004582673,7.079123315634206e-05,0.0004783918848261237,3.8078594463099857e-05,8.242805051850155e-07,1.5497207641601562e-06,2.535286114380142e-07,0.0,0.0,0.0,anisotropic
223,3.356659134673423e-12,0.0051259566098451614,0.9934128522872925,0.9935023784637451,0.9934598207473755,1.3659004252986051e-05,-1.3079538537311142e-13,7.079080567183246e-14,-1.2994361560585783e-16,2.63959987968263e-15,4.783899513506606e-13,-0.00013079537893645465,7.079080387484282e-05,0.00047838996397331357,3.822551698436155e-05,8.282149792648852e-07,1.5497207641601562e-06,2.5762525979189377e-07,0.0,0.0,0.0,anisotropic
224,3.3566508947369122e-12,0.005125953815877438,0.9934130907058716,0.9935038685798645,0.9934606552124023,1.3908493201597594e-05,-1.3079487037707949e-13,7.079037876722705e-14,-1.2994258328445337e-16,2.6395888682543157e-15,4.783879997867502e-13,-0.00013079486961942166,7.07903818693012e-05,0.0004783879849128425,3.837478734599547e-05,8.324386726599187e-07,1.5497207641601562e-06,2.6165304234382347e-07,0.0,0.0,0.0,anisotropic
225,3.3566426548004014e-12,0.005125951021909714,0.9934133291244507,0.9935054183006287,0.9934614896774292,1.416205759596778e-05,-1.3079445024873765e-13,7.078995863888521e-14,-1.299414450839305e-16,2.639578068584238e-15,4.783859940127311e-13,-0.00013079444761388004,7.078995986375958e-05,0.0004783860349562019,3.852651196188247e-05,8.370298019144684e-07,1.5497207641601562e-06,2.659267011040356e-07,0.0,0.0,0.0,anisotropic
226,3.3566339811830215e-12,0.005125947762280703,0.9934135675430298,0.9935069680213928,0.993462324142456,1.4424499568121973e-05,-1.307940030153415e-13,7.078953851054337e-14,-1.2994032011829742e-16,2.6395672689141607e-15,4.78383988238712e-13,-0.00013079399650450796,7.078953785821795e-05,0.00047838399768806994,3.868078495336129e-05,8.411680028075352e-07,1.6093254089355469e-06,2.698572814097133e-07,0.0,0.0,0.0,anisotropic
227,3.3566248738847726e-12,0.005125945433974266,0.9934138059616089,0.993508517742157,0.9934631586074829,1.4688050214317627e-05,-1.3079348801930957e-13,7.078909127714722e-14,-1.2993918191777455e-16,2.639555622211136e-15,4.783818740444756e-13,-0.00013079348718747497,7.078909402480349e-05,0.00047838190221227705,3.883753060847151e-05,8.457845979137346e-07,1.6093254089355469e-06,2.7421526738180546e-07,0.0,0.0,0.0,anisotropic
228,3.3566159834269582e-12,0.005125942174345255,0.993414044380188,0.9935100674629211,0.9934639930725098,1.4956744053051807e-05,-1.3079300012833195e-13,7.07886643725418e-14,-1.2993807018703128e-16,2.6395446107828216e-15,4.783798682704565e-13,-0.00013079300697427243,7.078866474330425e-05,0.00047837989404797554,3.8996897700102544e-05,8.502356649842113e-07,1.6093254089355469e-06,2.784856576454331e-07,0.0,0.0,0.0,anisotropic
229,3.356606659288275e-12,0.005125938914716244,0.9934142827987671,0.9935116171836853,0.9934648871421814,1.522861020930577e-05,-1.3079251223735433e-13,7.078823746793639e-14,-1.299368525771696e-16,2.639532964079797e-15,4.783777540762202e-13,-0.00013079251220915467,7.078823546180502e-05,0.00047837779857218266,3.915883559067428e-05,8.546430763090029e-07,1.6093254089355469e-06,2.82762670167358e-07,0.0,0.0,0.0,anisotropic
230,3.356597985670895e-12,0.00512593612074852,0.9934145212173462,0.9935132265090942,0.9934657216072083,1.5499865185120143e-05,-1.307920243463767e-13,7.078777668201308e-14,-1.2993571437664673e-16,2.639521317376772e-15,4.783756940920925e-13,-0.0001307920174440369,7.078777707647532e-05,0.0004783756739925593,3.932335981448965e-05,8.594506653025746e-07,1.6689300537109375e-06,2.871867934572947e-07,0.0,0.0,0.0,anisotropic
231,3.3565882278513426e-12,0.005125933326780796,0.9934147596359253,0.9935148358345032,0.9934665560722351,1.5779392924741842e-05,-1.307915635604534e-13,7.078728879103546e-14,-1.2993447029700545e-16,2.6395094589155106e-15,4.783735256877475e-13,-0.00013079156633466482,7.078728958731517e-05,0.00047837354941293597,3.949057745887129e-05,8.640326996101066e-07,1.6689300537109375e-06,2.916682149134431e-07,0.0,0.0,0.0,anisotropic
232,3.3565793373935282e-12,0.005125930532813072,0.9934149384498596,0.9935164451599121,0.9934674501419067,1.6062358554336242e-05,-1.3079106211694863e-13,7.078685511016647e-14,-1.2993329239181317e-16,2.639497812212486e-15,4.783714114935111e-13,-0.00013079105701763183,7.078685302985832e-05,0.0004783713957294822,3.966054716086325e-05,8.687893569003791e-07,1.6689300537109375e-06,2.9623964792335755e-07,0.0,0.0,0.0,anisotropic
233,3.3565697964144103e-12,0.005125927738845348,0.9934151768684387,0.9935181140899658,0.9934682846069336,1.6361917005269788e-05,-1.307905200158624e-13,7.078639432424316e-14,-1.299320350772821e-16,2.639485318476514e-15,4.783691888790575e-13,-0.00013079051859676838,7.078639464452863e-05,0.000478369154734537,3.9833304298516475e-05,8.734914445085451e-07,1.6689300537109375e-06,3.010569002981356e-07,0.0,0.0,0.0,anisotropic
234,3.3565598217544235e-12,0.005125924479216337,0.9934154152870178,0.9935197830200195,0.9934691786766052,1.6654403225402348e-05,-1.307899914673033e-13,7.078594709084701e-14,-1.2993081746742041e-16,2.6394730364987786e-15,4.783669120544953e-13,-0.00013078999472782016,7.078594353515655e-05,0.00047836697194725275,4.000879983718159e-05,8.783899829722941e-07,1.7285346984863281e-06,3.055175739063998e-07,0.0,0.0,0.0,anisotropic
235,3.3565494134135676e-12,0.005125921685248613,0.9934156537055969,0.993521511554718,0.9934700727462769,1.6955826140474528e-05,-1.3078950357632568e-13,7.07854253185515e-14,-1.2992956015288933e-16,2.639461178037517e-15,4.783647436501504e-13,-0.0001307894999627024,7.078542694216594e-05,0.0004783647309523076,4.0187138362931315e-05,8.800107025308535e-07,1.7285346984863281e-06,3.1034551284392364e-07,0.0,0.0,0.0,anisotropic
236,3.3565398724344497e-12,0.005125918425619602,0.9934159517288208,0.9935231804847717,0.9934709072113037,1.7249845768674277e-05,-1.307889750277666e-13,7.078499163768251e-14,-1.2992830283835825e-16,2.639448684301545e-15,4.783625210356968e-13,-0.00013078897609375417,7.078499038470909e-05,0.00047836251906119287,4.036834153191121e-05,8.85387635207735e-07,1.7285346984863281e-06,3.1521892651653616e-07,0.0,0.0,0.0,anisotropic
237,3.356529030412725e-12,0.005125915631651878,0.9934161901473999,0.9935249090194702,0.9934718608856201,1.7561993445269763e-05,-1.3078848713678898e-13,7.078449019417773e-14,-1.2992693964470876e-16,2.6394357670490995e-15,4.783601357909173e-13,-0.0001307884813286364,7.078448834363371e-05,0.0004783601616509259,4.0552400423379805e-05,8.901552064344287e-07,1.7285346984863281e-06,3.20352143035052e-07,0.0,0.0,0.0,anisotropic
238,3.356519489433607e-12,0.0051259128376841545,0.993416428565979,0.9935266375541687,0.993472695350647,1.787136534403544e-05,-1.307879585882299e-13,7.078396842188223e-14,-1.2992566909528788e-16,2.6394234850713643e-15,4.783578589663551e-13,-0.0001307879574596882,7.07839717506431e-05,0.0004783578624483198,4.073942092280083e-05,8.953120413934812e-07,1.7881393432617188e-06,3.249880080602452e-07,0.0,0.0,0.0,anisotropic
239,3.356508647411882e-12,0.005125910043716431,0.9934166669845581,0.993528425693512,0.9934736490249634,1.8191221897723153e-05,-1.307874029346165e-13,7.078350085969534e-14,-1.29924332371418e-16,2.639410356060682e-15,4.783555279316842e-13,-0.0001307874044869095,7.078349881339818e-05,0.00047835553414188325,4.092943745047943e-05,9.001742000691593e-07,1.7881393432617188e-06,3.3030858048732625e-07,0.0,0.0,0.0,anisotropic
240,3.3564986727518953e-12,0.0051259067840874195,0.993416965007782,0.9935301542282104,0.9934744834899902,1.851410161179956e-05,-1.3078688793858456e-13,7.078300619245415e-14,-1.2992304858710732e-16,2.63939786232471e-15,4.783531968970134e-13,-0.00013078689516987652,7.078300404828042e-05,0.0004783532058354467,4.112248491612144e-05,9.06075001694262e-07,1.7881393432617188e-06,3.3526058018651383e-07,0.0,0.0,0.0,anisotropic
241,3.3564878307301704e-12,0.005125904455780983,0.9934172034263611,0.9935319423675537,0.9934754371643066,1.8842560166376643e-05,-1.3078633228497116e-13,7.078251830147653e-14,-1.2992169862834763e-16,2.6393843097975538e-15,4.783507574421253e-13,-0.0001307863276451826,7.078251655912027e-05,0.0004783507902175188,4.1318580699207456e-05,9.112718544201925e-07,1.8477439880371094e-06,3.4067096521539497e-07,0.0,0.0,0.0,anisotropic
242,3.3564774223893146e-12,0.005125901196151972,0.9934174418449402,0.993533730506897,0.993476390838623,1.916276232805103e-05,-1.3078580373641208e-13,7.078199652918102e-14,-1.2992040160914715e-16,2.639371604303345e-15,4.783484806175631e-13,-0.0001307858037762344,7.078199996612966e-05,0.00047834846191108227,4.151783436193447e-05,9.164505172520876e-07,1.8477439880371094e-06,3.461097719537065e-07,0.0,0.0,0.0,anisotropic
243,3.3564661466867207e-12,0.005125898402184248,0.9934176802635193,0.993535578250885,0.9934772253036499,1.951040576386731e-05,-1.3078526163532583e-13,7.078146798062193e-14,-1.2991894577126905e-16,2.639357840017952e-15,4.783459869525664e-13,-0.00013078526535537094,7.078146882122383e-05,0.000478345958981663,4.1720178113559655e-05,9.218219929607585e-07,1.8477439880371094e-06,3.513817432576616e-07,0.0,0.0,0.0,anisotropic
244,3.356455304664996e-12,0.005125895608216524,0.9934179782867432,0.9935373663902283,0.9934781789779663,1.9850587705150247e-05,-1.3078469242918528e-13,7.078095298459e-14,-1.2991756934272976e-16,2.639344499249033e-15,4.783435474976783e-13,-0.00013078469783067703,7.078095222823322e-05,0.0004783435433637351,4.1925483286190414e-05,9.276645869249478e-07,1.8477439880371094e-06,3.5673804177349666e-07,0.0,0.0,0.0,anisotropic
245,3.356443595281533e-12,0.005125892348587513,0.9934182167053223,0.9935392141342163,0.9934791326522827,2.0198860511300154e-05,-1.307841638806262e-13,7.078042443603091e-14,-1.2991612673974147e-16,2.639330523205403e-15,4.783409996225729e-13,-0.00013078415940981358,7.078042108332738e-05,0.0004783409822266549,4.2134097387188354e-05,9.326649887952954e-07,1.9073486328125e-06,3.6238347433936724e-07,0.0,0.0,0.0,anisotropic
246,3.356432753259808e-12,0.005125889554619789,0.9934184551239014,0.9935411214828491,0.9934800863265991,2.0550865883706138e-05,-1.3078356756943132e-13,7.077988233494467e-14,-1.2991471060653278e-16,2.639316970678247e-15,4.783385601676848e-13,-0.00013078356278128922,7.077988266246393e-05,0.00047833850840106606,4.2345799607082636e-05,9.385112207382917e-07,1.9073486328125e-06,3.678881910218479e-07,0.0,0.0,0.0,anisotropic
247,3.356420393355042e-12,0.005125886760652065,0.9934187531471252,0.9935429692268372,0.993480920791626,2.0907562429783866e-05,-1.3078302546834508e-13,7.077934701012201e-14,-1.2991322829887509e-16,2.639302359359907e-15,4.783359038723622e-13,-0.00013078302436042577,7.077934424160048e-05,0.0004783359181601554,4.25606565861027e-05,9.441409929422662e-07,1.9073486328125e-06,3.7354445225901145e-07,0.0,0.0,0.0,anisotropic
248,3.3564089008120135e-12,0.005125883966684341,0.9934189915657043,0.99354487657547,0.9934818744659424,2.127728112100158e-05,-1.3078244270967737e-13,7.077880490903576e-14,-1.29911772460997e-16,2.639288595074514e-15,4.783333559972569e-13,-0.00013078244228381664,7.077880582073703e-05,0.0004783333570230752,4.277874661080501e-05,9.491759556112811e-07,1.9669532775878906e-06,3.792463303398108e-07,0.0,0.0,0.0,anisotropic
249,3.356396974588116e-12,0.005125881172716618,0.9934192299842834,0.9935467839241028,0.9934828281402588,2.1636624296661466e-05,-1.3078185995100966e-13,7.077823570289521e-14,-1.299102901533393e-16,2.639273983756174e-15,4.783307539120429e-13,-0.0001307818602072075,7.077823829604313e-05,0.0004783307667821646,4.2999993827903476e-05,9.521445463178679e-07,1.9669532775878906e-06,3.8512740729856887e-07,0.0,0.0,0.0,anisotropic
250,3.35638461468335e-12,0.005125878378748894,0.9934194684028625,0.9935486912727356,0.9934837818145752,2.2012918634572998e-05,-1.3078130429739626e-13,7.07777139305997e-14,-1.299087946107918e-16,2.639260007712544e-15,4.78328151826829e-13,-0.00013078130723442882,7.07777144270949e-05,0.000478328118333593,4.322454713390791e-05,9.577925084158778e-07,1.9669532775878906e-06,3.9037351484694227e-07,0.0,0.0,0.0,anisotropic
251,3.356372905299887e-12,0.005125875119119883,0.9934197068214417,0.9935506582260132,0.9934847354888916,2.240441790490877e-05,-1.3078064022356561e-13,7.077714472445915e-14,-1.299073255380239e-16,2.6392451846359672e-15,4.783254413213978e-13,-0.00013078063784632832,7.0777146902401e-05,0.0004783254989888519,4.345246994860475e-05,9.629075066186488e-07,1.9669532775878906e-06,3.9640119098294235e-07,0.0,0.0,0.0,anisotropic
252,3.3563605453951206e-12,0.005125872325152159,0.9934199452400208,0.9935526251792908,0.993485689163208,2.279239379276987e-05,-1.3078008456995222e-13,7.077656196579143e-14,-1.299057373512478e-16,2.6392301498011535e-15,4.783227308159665e-13,-0.00013078008487354964,7.077656482579187e-05,0.0004783227341249585,4.36845710783315e-05,9.69339453149587e-07,2.0265579223632812e-06,4.0237222265204764e-07,0.0,0.0,0.0,anisotropic
253,3.3563484023307888e-12,0.005125869065523148,0.9934201836585999,0.9935546517372131,0.9934866428375244,2.318175756954588e-05,-1.3077946115370304e-13,7.077599953591446e-14,-1.299042021040309e-16,2.6392151149663397e-15,4.78320074520644e-13,-0.00013077945914119482,7.077599730109796e-05,0.0004783200565725565,4.3919798483942395e-05,9.74918293650262e-07,2.0265579223632812e-06,4.0804414425110735e-07,0.0,0.0,0.0,anisotropic
254,3.3563351750642845e-12,0.005125866271555424,0.9934204816818237,0.9935566782951355,0.9934877157211304,2.3578506443300284e-05,-1.307788241849267e-13,7.07754303297739e-14,-1.299025874474752e-16,2.639199868373289e-15,4.783172013848869e-13,-0.00013077881885692477,7.077542977640405e-05,0.00047831720439717174,4.415848547369268e-05,9.812301868805662e-07,2.086162567138672e-06,4.1426898178542615e-07,0.0,0.0,0.0,anisotropic
255,3.3563221646382146e-12,0.0051258634775877,0.9934207201004028,0.9935587048530579,0.9934886693954468,2.3979864636203274e-05,-1.3077821432120468e-13,7.077482724231546e-14,-1.299010124955889e-16,2.6391846217802386e-15,4.783144908794557e-13,-0.00013077820767648518,7.077482587192208e-05,0.00047831449774093926,4.440021103299227e-05,9.87471139524132e-07,2.086162567138672e-06,4.199404770588444e-07,0.0,0.0,0.0,anisotropic
256,3.356309154212145e-12,0.005125860217958689,0.9934209585189819,0.993560791015625,0.9934896230697632,2.4388855308643542e-05,-1.3077764511506412e-13,7.077422415485701e-14,-1.298993713692536e-16,2.6391687399124775e-15,4.783116177436986e-13,-0.00013077764015179127,7.07742219674401e-05,0.00047831161646172404,4.46451241957879e-05,9.93322828435339e-07,2.086162567138672e-06,4.26281786758409e-07,0.0,0.0,0.0,anisotropic
257,3.356296143786075e-12,0.005125857423990965,0.993421196937561,0.9935628771781921,0.9934906363487244,2.4800207029329613e-05,-1.3077696748870632e-13,7.077362784366215e-14,-1.298977302429183e-16,2.6391526462864797e-15,4.783086903978329e-13,-0.00013077697076369077,7.077362533891574e-05,0.00047830870607867837,4.489360353899698e-05,9.997565939556807e-07,2.1457672119140625e-06,4.323340760947758e-07,0.0,0.0,0.0,anisotropic
258,3.3562824828387017e-12,0.005125854630023241,0.9934214353561401,0.9935649633407593,0.9934916496276855,2.5225646822946146e-05,-1.3077634407245714e-13,7.077301797994012e-14,-1.2989604941191358e-16,2.6391369761769555e-15,4.783058714721844e-13,-0.00013077634503133595,7.077302143443376e-05,0.00047830588300712407,4.5145841858133385e-05,1.0060066415462643e-06,2.1457672119140625e-06,4.3815373373945476e-07,0.0,0.0,0.0,anisotropic
259,3.3562692555721974e-12,0.00512585137039423,0.9934216737747192,0.9935670495033264,0.9934926629066467,2.5641573301982135e-05,-1.307756799986265e-13,7.077239456369094e-14,-1.2989442152046808e-16,2.6391208825509577e-15,4.783029441263187e-13,-0.00013077567564323545,7.077239570207894e-05,0.00047830294352024794,4.5401260964973434e-05,1.0122712410520762e-06,2.1457672119140625e-06,4.444059982233739e-07,0.0,0.0,0.0,anisotropic
260,3.3562553777843895e-12,0.005125848576426506,0.9934219121932983,0.9935691952705383,0.9934936761856079,2.6081830583279952e-05,-1.3077507013490447e-13,7.07717914762325e-14,-1.2989268774990417e-16,2.639104577166723e-15,4.782999625703444e-13,-0.00013077506446279585,7.077179179759696e-05,0.0004782999458257109,4.5660186838369334e-05,1.0183739505009726e-06,2.1457672119140625e-06,4.504227320012433e-07,0.0,0.0,0.0,anisotropic
261,3.3562412831561472e-12,0.005125845316797495,0.9934221506118774,0.9935713410377502,0.9934946298599243,2.6516545403865166e-05,-1.3077441961360098e-13,7.07711748362469e-14,-1.2989099368400966e-16,2.6390882717824884e-15,4.7829698101437e-13,-0.0001307744241785258,7.077117334119976e-05,0.0004782969772350043,4.5922462212389495e-05,1.0248513717669994e-06,2.205371856689453e-06,4.565628159980406e-07,0.0,0.0,0.0,anisotropic
262,3.3562269716874704e-12,0.005125842522829771,0.9934223890304565,0.9935735464096069,0.9934957027435303,2.696151022973936e-05,-1.3077376909229749e-13,7.077051076241625e-14,-1.2988920697388655e-16,2.6390713311235433e-15,4.782939452482871e-13,-0.00013077376934234053,7.077051122905686e-05,0.00047829392133280635,4.618756285110666e-05,1.0311268852092326e-06,2.205371856689453e-06,4.622738174475671e-07,0.0,0.0,0.0,anisotropic
263,3.3562130938996626e-12,0.00512583926320076,0.9934226274490356,0.9935756921768188,0.9934967160224915,2.741125354077667e-05,-1.3077307791341253e-13,7.076987379363991e-14,-1.2988747320332263e-16,2.639054602222835e-15,4.782909094822041e-13,-0.00013077307085040957,7.076987094478682e-05,0.00047829089453443885,4.645631057146346e-05,1.037946276483126e-06,2.205371856689453e-06,4.687435648520477e-07,0.0,0.0,0.0,anisotropic
264,3.356198348750117e-12,0.005125836003571749,0.9934228658676147,0.9935778975486755,0.9934977889060974,2.7864036383107305e-05,-1.3077241383958188e-13,7.07692300486e-14,-1.2988568649319952e-16,2.6390372380474163e-15,4.782877652959039e-13,-0.0001307724160142243,7.076923066051677e-05,0.00047828772221691906,4.6728615704537136e-05,1.0407547961222008e-06,2.2649765014648438e-06,4.747784601022431e-07,0.0,0.0,0.0,anisotropic
265,3.35618403728144e-12,0.005125833209604025,0.9934231042861938,0.9935801029205322,0.9934988021850586,2.832339669112116e-05,-1.3077173621322408e-13,7.076855919850578e-14,-1.298838733132968e-16,2.6390196621137608e-15,4.782846211096037e-13,-0.00013077173207420856,7.076856127241626e-05,0.0004782846081070602,4.700455281523055e-05,1.047523255692795e-06,2.2649765014648438e-06,4.811318490283156e-07,0.0,0.0,0.0,anisotropic
266,3.356168858451025e-12,0.005125829949975014,0.993423342704773,0.9935823082923889,0.9934998154640198,2.880246211134363e-05,-1.3077104503433912e-13,7.076790190093871e-14,-1.2988204689850429e-16,2.639002509696579e-15,4.782814769233035e-13,-0.00013077104813419282,7.076789916027337e-05,0.0004782814357895404,4.728385447509343e-05,1.0546391422394663e-06,2.2649765014648438e-06,4.873704142482893e-07,0.0,0.0,0.0,anisotropic
267,3.3561532459397414e-12,0.005125826690346003,0.993423581123352,0.9935845732688904,0.9935008883476257,2.927130481111817e-05,-1.3077036740798131e-13,7.076725137963522e-14,-1.2988022048371177e-16,2.63898514552116e-15,4.782782785268946e-13,-0.0001307703641941771,7.076725160004571e-05,0.0004782782634720206,4.756686067383105e-05,1.0608418961055577e-06,2.3245811462402344e-06,4.937550102113164e-07,0.0,0.0,0.0,anisotropic
268,3.356138283949761e-12,0.005125823896378279,0.9934237599372864,0.9935868382453918,0.9935019612312317,2.974815470224712e-05,-1.3076967622909635e-13,7.076659408206815e-14,-1.2987834112936005e-16,2.638967357829268e-15,4.782750801304858e-13,-0.00013076968025416136,7.076659676386043e-05,0.0004782750620506704,4.785333545641035e-05,1.0680814739316702e-06,2.3245811462402344e-06,4.998379381504492e-07,0.0,0.0,0.0,anisotropic
269,3.3561231051193463e-12,0.005125820636749268,0.9934239983558655,0.9935891628265381,0.9935030341148376,3.0236262318794616e-05,-1.307689850502114e-13,7.076590967944676e-14,-1.2987644854011853e-16,2.6389493583791387e-15,4.782717733138597e-13,-0.0001307689817622304,7.07659128238447e-05,0.0004782717733178288,4.8143449372335224e-05,1.0748317436082289e-06,2.3245811462402344e-06,5.062358354734897e-07,0.0,0.0,0.0,anisotropic
270,3.3561074926080625e-12,0.005125817377120256,0.9934242367744446,0.9935914278030396,0.9935041069984436,3.072723120567389e-05,-1.3076832097638075e-13,7.076522527682538e-14,-1.29874555950877e-16,2.6389315706872463e-15,4.782685207073423e-13,-0.00013076832692604512,7.076522888382897e-05,0.0004782685427926481,4.8437149895629286e-05,1.0813910193974152e-06,2.384185791015625e-06,5.127564577378507e-07,0.0,0.0,0.0,anisotropic
271,3.3560914464159097e-12,0.005125814117491245,0.9934244751930237,0.9935937523841858,0.9935051798820496,3.121918052784167e-05,-1.3076761624496863e-13,7.076452732167685e-14,-1.2987261042207628e-16,2.6389131477206436e-15,4.782651596806076e-13,-0.00013076761388219893,7.0764530391898e-05,0.00047826519585214555,4.873485712127459e-05,1.0886560630751774e-06,2.384185791015625e-06,5.194200412006467e-07,0.0,0.0,0.0,anisotropic
272,3.356075400223757e-12,0.005125811323523521,0.993424654006958,0.9935961365699768,0.9935063123703003,3.1722604035167024e-05,-1.307668844085022e-13,7.076384291905546e-14,-1.2987062518860615e-16,2.638894301237567e-15,4.782617986538729e-13,-0.0001307668862864375,7.076384645188227e-05,0.00047826176160015166,4.9036523852071486e-05,1.0956919140880927e-06,2.384185791015625e-06,5.262566560304549e-07,0.0,0.0,0.0,anisotropic
273,3.356059354031604e-12,0.00512580806389451,0.9934248924255371,0.9935985207557678,0.9935073852539062,3.2232142984867096e-05,-1.3076613901950862e-13,7.076312463511619e-14,-1.2986865319002583e-16,2.6388754547544907e-15,4.782583834170295e-13,-0.00013076614413876086,7.076312613207847e-05,0.0004782583564519882,4.9342202614242044e-05,1.1028459994122386e-06,2.4437904357910156e-06,5.327217422745889e-07,0.0,0.0,0.0,anisotropic
274,3.3560424404777134e-12,0.005125804804265499,0.9934251308441162,0.9936009049415588,0.9935084581375122,3.27547786582727e-05,-1.307654342880965e-13,7.076240635117692e-14,-1.298666414867761e-16,2.6388561847549407e-15,4.782549139700776e-13,-0.00013076543109491467,7.076240581227466e-05,0.00047825489309616387,4.965157450001102e-05,1.1098200047854334e-06,2.4437904357910156e-06,5.396967708293232e-07,0.0,0.0,0.0,anisotropic
275,3.3560263942855606e-12,0.005125801544636488,0.9934253096580505,0.9936033487319946,0.9935095310211182,3.327727972646244e-05,-1.3076471600415723e-13,7.076166773844692e-14,-1.2986464301841617e-16,2.6388373382718643e-15,4.782514987332342e-13,-0.00013076471805106848,7.076167094055563e-05,0.00047825145884417,4.996478677297048e-05,1.1171814549015835e-06,2.5033950805664062e-06,5.465399794957193e-07,0.0,0.0,0.0,anisotropic
276,3.356009047050801e-12,0.005125798285007477,0.9934255480766296,0.9936057925224304,0.9935107231140137,3.380469934199937e-05,-1.307639841676908e-13,7.07609630070348e-14,-1.2986257837560724e-16,2.6388180682723143e-15,4.78247920866065e-13,-0.00013076399045530707,7.076096517266706e-05,0.00047824790817685425,5.028202955549012e-05,1.1239499144721776e-06,2.5033950805664062e-06,5.535424065783445e-07,0.0,0.0,0.0,anisotropic
277,3.35599213349691e-12,0.005125795025378466,0.993425726890564,0.9936082363128662,0.9935117959976196,3.434073005337268e-05,-1.3076315746353429e-13,7.076021761804122e-14,-1.298604607932391e-16,2.638797951239817e-15,4.782442887887872e-13,-0.00013076316099613905,7.07602157490328e-05,0.0004782442410942167,5.06030815357613e-05,1.1312513379380107e-06,2.5033950805664062e-06,5.608335413853638e-07,0.0,0.0,0.0,anisotropic
278,3.3559747862621503e-12,0.0051257917657494545,0.9934259653091431,0.9936107397079468,0.9935129880905151,3.4878776205005124e-05,-1.3076243917959501e-13,7.075946545278405e-14,-1.2985843585509957e-16,2.6387782577237933e-15,4.78240710921618e-13,-0.00013076243340037763,7.075946632539853e-05,0.000478240690426901,5.0927699874809036e-05,1.138580046244897e-06,2.562999725341797e-06,5.674418162016082e-07,0.0,0.0,0.0,anisotropic
279,3.3559574390273905e-12,0.005125788971781731,0.9934262037277222,0.9936132431030273,0.9935140609741211,3.542707781889476e-05,-1.3076166668554712e-13,7.075870651126331e-14,-1.2985629180295184e-16,2.638758140691296e-15,4.782370246342316e-13,-0.00013076166214887053,7.075870962580666e-05,0.00047823702334426343,5.1256128797378875e-05,1.142509063356556e-06,2.562999725341797e-06,5.749506613028643e-07,0.0,0.0,0.0,anisotropic
280,3.3559387907500238e-12,0.005125785246491432,0.9934264421463013,0.9936157464981079,0.9935152530670166,3.598937837523408e-05,-1.3076092129655353e-13,7.075794756974257e-14,-1.298540815763551e-16,2.6387380236587987e-15,4.782332841367365e-13,-0.00013076092000119388,7.075794565025717e-05,0.00047823332715779543,5.158864209251546e-05,1.1498359526740387e-06,2.562999725341797e-06,5.819124453410041e-07,0.0,0.0,0.0,anisotropic
281,3.355921443515264e-12,0.005125781986862421,0.9934266805648804,0.9936183094978333,0.9935163855552673,3.654805914266035e-05,-1.3076014880250564e-13,7.075718185195826e-14,-1.2985189781953795e-16,2.638717483109828e-15,4.782296520594587e-13,-0.00013076014874968678,7.075718167470768e-05,0.00047822960186749697,5.192522771530141e-05,1.1569263733690605e-06,2.6226043701171875e-06,5.897300070500933e-07,0.0,0.0,0.0,anisotropic
282,3.3559030120783317e-12,0.00512577872723341,0.9934269189834595,0.9936208724975586,0.9935175180435181,3.712334728334099e-05,-1.3075936275593059e-13,7.075638902911963e-14,-1.2984972729761061e-16,2.6386965190443833e-15,4.78225857351855e-13,-0.00013075936294626445,7.075638859532773e-05,0.00047822584747336805,5.226546222921805e-05,1.1642987374216318e-06,2.6226043701171875e-06,5.96629718074837e-07,0.0,0.0,0.0,anisotropic
283,3.3558850143222685e-12,0.005125775001943111,0.9934271574020386,0.9936234951019287,0.9935187101364136,3.7693276681238785e-05,-1.307585902618827e-13,7.075561653507173e-14,-1.2984747736634447e-16,2.6386757667371755e-15,4.782220626442513e-13,-0.00013075859169475734,7.075561734382063e-05,0.00047822209307923913,5.260957230158646e-05,1.1716820154106244e-06,2.6226043701171875e-06,6.042524205440714e-07,0.0,0.0,0.0,anisotropic
284,3.3558663660449017e-12,0.0051257717423141,0.9934273958206177,0.9936261177062988,0.9935198426246643,3.828335684374906e-05,-1.3075779066278048e-13,7.075478983091521e-14,-1.2984525390485793e-16,2.638654590913494e-15,4.782182137265389e-13,-0.00013075779133941978,7.075478788465261e-05,0.00047821825137361884,5.295769306457427e-05,1.1792053555836901e-06,2.682209014892578e-06,6.117978728070739e-07,0.0,0.0,0.0,anisotropic
285,3.355847284086666e-12,0.005125768482685089,0.9934276342391968,0.993628740310669,0.9935210943222046,3.887782077072188e-05,-1.3075699106367827e-13,7.075402411313089e-14,-1.2984299073870198e-16,2.638633203331576e-15,4.782143648088266e-13,-0.00013075699098408222,7.075402390910313e-05,0.00047821435146033764,5.3309564417986355e-05,1.1866341083077714e-06,2.682209014892578e-06,6.194484853949689e-07,0.0,0.0,0.0,anisotropic
286,3.3558284189688647e-12,0.005125765223056078,0.9934278726577759,0.9936313629150391,0.9935221672058105,3.946594733861275e-05,-1.3075620501710322e-13,7.075318385644722e-14,-1.2984064816320723e-16,2.638611603991421e-15,4.78210407470897e-13,-0.0001307562051806599,7.07531871739775e-05,0.000478210422443226,5.366542637922696e-05,1.1940301192225888e-06,2.7418136596679688e-06,6.273268695622392e-07,0.0,0.0,0.0,anisotropic
287,3.355808469648891e-12,0.005125761963427067,0.9934280514717102,0.993634045124054,0.9935234189033508,4.007264578831382e-05,-1.3075540541800101e-13,7.075236392855427e-14,-1.2983829235282268e-16,2.6385897928930292e-15,4.782064501329675e-13,-0.00013075540482532233,7.075236499076709e-05,0.0004782064352184534,5.402500145269726e-05,1.201435225084424e-06,2.7418136596679688e-06,6.350828130052832e-07,0.0,0.0,0.0,anisotropic
288,3.3557889540097863e-12,0.005125758238136768,0.9934282898902893,0.9936367869377136,0.9935246109962463,4.0685394196771085e-05,-1.3075456516131734e-13,7.075151689560702e-14,-1.2983593654243813e-16,2.6385677700364006e-15,4.782024385849293e-13,-0.00013075456081423908,7.075151370372623e-05,0.0004782024188898504,5.4388500061799574e-05,1.2088457879144698e-06,2.7418136596679688e-06,6.426826075767167e-07,0.0,0.0,0.0,anisotropic
289,3.355769221530247e-12,0.00512575451284647,0.9934285283088684,0.9936394691467285,0.9935258030891418,4.130330853513442e-05,-1.3075375200968797e-13,7.075069696771408e-14,-1.2983356749716378e-16,2.638545535421535e-15,4.781984270368911e-13,-0.0001307537459069863,7.075069879647344e-05,0.00047819840256124735,5.475595903558346e-05,1.2166019587311894e-06,2.8014183044433594e-06,6.5036823571063e-07,0.0,0.0,0.0,anisotropic
290,3.3557492722102733e-12,0.005125751718878746,0.9934287667274475,0.9936422109603882,0.9935270547866821,4.192955020698719e-05,-1.3075292530553145e-13,7.074984993476682e-14,-1.2983117198210983e-16,2.638522877290196e-15,4.78194252858527e-13,-0.0001307529309997335,7.074984750943258e-05,0.00047819429892115295,5.5127348872314226e-05,1.2242344382684678e-06,2.8014183044433594e-06,6.582534410881635e-07,0.0,0.0,0.0,anisotropic
291,3.355729106049865e-12,0.005125747993588448,0.9934290051460266,0.9936450123786926,0.9935282468795776,4.256921965861693e-05,-1.3075208504884778e-13,7.074900290181957e-14,-1.2982873676238647e-16,2.638500430917094e-15,4.781901871003802e-13,-0.00013075208698865026,7.074900349834934e-05,0.00047819019528105855,5.550245814277e-05,1.2320979294599965e-06,2.8014183044433594e-06,6.661643396910222e-07,0.0,0.0,0.0,anisotropic
292,3.355708506208588e-12,0.005125744268298149,0.9934292435646057,0.9936478137969971,0.9935294389724731,4.3208598071942106e-05,-1.307512447921641e-13,7.074814231634516e-14,-1.2982630154266311e-16,2.638477561027518e-15,4.781860129220161e-13,-0.00013075124297756702,7.074814493535087e-05,0.00047818603343330324,5.588172106087963e-05,1.2399268598528579e-06,2.86102294921875e-06,6.741635729667905e-07,0.0,0.0,0.0,anisotropic
293,3.3556874726864416e-12,0.005125741008669138,0.99342942237854,0.9936506152153015,0.9935306906700134,4.385474312584847e-05,-1.307503503253718e-13,7.074728173087075e-14,-1.2982374720893155e-16,2.6384540558632317e-15,4.781817303234348e-13,-0.0001307503553107381,7.074727909639478e-05,0.00047818172606639564,5.626512387665389e-05,1.2477139534894377e-06,2.86102294921875e-06,6.818260089858086e-07,0.0,0.0,0.0,anisotropic
294,3.3556668728451644e-12,0.005125737749040127,0.9934296607971191,0.993653416633606,0.9935319423675537,4.4517641072161496e-05,-1.3074953717374244e-13,7.074638048781487e-14,-1.298212458147592e-16,2.6384305506989454e-15,4.781775019349621e-13,-0.0001307495404034853,7.074637687765062e-05,0.00047817747690714896,5.665254114309917e-05,1.2556938600027934e-06,2.9206275939941406e-06,6.901346409904363e-07,0.0,0.0,0.0,anisotropic
295,3.3556451888017147e-12,0.005125734023749828,0.9934298992156982,0.9936562776565552,0.993533194065094,4.517731213127263e-05,-1.3074864270695014e-13,7.074553345486762e-14,-1.2981875765547663e-16,2.6384068337764223e-15,4.781731651262722e-13,-0.00013074863818474114,7.074553286656737e-05,0.00047817316954024136,5.70435909340541e-05,1.2605887604877353e-06,2.9206275939941406e-06,6.979897193559736e-07,0.0,0.0,0.0,anisotropic
296,3.355623938439134e-12,0.00512573029845953,0.9934301376342773,0.9936591982841492,0.993534505367279,4.5852266339352354e-05,-1.3074777534521215e-13,7.074463898807531e-14,-1.2981620332174507e-16,2.638383328612136e-15,4.781689367377995e-13,-0.00013074777962174267,7.074463792378083e-05,0.0004781689203809947,5.74386346326626e-05,1.2681139196502045e-06,2.9802322387695312e-06,7.058591222630639e-07,0.0,0.0,0.0,anisotropic
297,3.3556022543956843e-12,0.005125726573169231,0.9934303164482117,0.9936620593070984,0.9935357570648193,4.652352799894288e-05,-1.3074694864105563e-13,7.074373096875586e-14,-1.298135960484543e-16,2.6383591881731392e-15,4.781645457190009e-13,-0.00013074695016257465,7.074372842907906e-05,0.00047816449659876525,5.783768083780965e-05,1.2763739505317062e-06,2.9802322387695312e-06,7.137401212276018e-07,0.0,0.0,0.0,anisotropic
298,3.3555803535118e-12,0.00512572331354022,0.9934305548667908,0.9936649799346924,0.9935370087623596,4.720896322396584e-05,-1.3074602706920901e-13,7.074280262064567e-14,-1.2981097554027373e-16,2.638334624217669e-15,4.781601004900937e-13,-0.00013074603339191526,7.074280438246205e-05,0.00047816007281653583,5.824042356041801e-05,1.2838499969802797e-06,2.9802322387695312e-06,7.222602675938106e-07,0.0,0.0,0.0,anisotropic
299,3.355558018947047e-12,0.005125719588249922,0.9934307932853699,0.9936679601669312,0.9935382604598999,4.791186438524164e-05,-1.3074514615494387e-13,7.074190815385337e-14,-1.2980834179720336e-16,2.6383102720204353e-15,4.781556010510779e-13,-0.00013074514572508633,7.074190943967551e-05,0.00047815561993047595,5.864698710357917e-05,1.2917425920022652e-06,2.9802322387695312e-06,7.302376161533175e-07,0.0,0.0,0.0,anisotropic
300,3.355535467541859e-12,0.005125716328620911,0.993431031703949,0.9936709403991699,0.993539571762085,4.860528133576736e-05,-1.3074425168815157e-13,7.074097980574318e-14,-1.298056551145738e-16,2.638285496306728e-15,4.781511558221707e-13,-0.0001307442580582574,7.07409781171009e-05,0.0004781511379405856,5.905738515293592e-05,1.2995660654269159e-06,3.039836883544922e-06,7.378214945674699e-07,0.0,0.0,0.0,anisotropic
301,3.3555129161366715e-12,0.005125712603330612,0.9934312105178833,0.9936739206314087,0.99354088306427,4.931347575620748e-05,-1.3074330301125064e-13,7.074005145763299e-14,-1.2980296843194422e-16,2.6382602970765473e-15,4.781465479629377e-13,-0.00013074329763185233,7.074005407048389e-05,0.0004781465686392039,5.947153552288031e-05,1.307123966398649e-06,3.039836883544922e-06,7.45843294680526e-07,0.0,0.0,0.0,anisotropic
302,3.3554903647314838e-12,0.005125708878040314,0.9934314489364624,0.9936769008636475,0.9935421943664551,5.003061596653424e-05,-1.3074243564951266e-13,7.073909600446848e-14,-1.2980022880975544e-16,2.6382350978463665e-15,4.781419401037046e-13,-0.00013074243906885386,7.073909364407882e-05,0.00047814197023399174,5.988952157359832e-05,1.3146382116246969e-06,3.0994415283203125e-06,7.54245320422342e-07,0.0,0.0,0.0,anisotropic
303,3.355466945964558e-12,0.005125705152750015,0.9934316873550415,0.993679940700531,0.9935435056686401,5.075418084743433e-05,-1.3074158184030182e-13,7.073816765635829e-14,-1.2979748918756667e-16,2.6382098986161857e-15,4.781373864545801e-13,-0.00013074158050585538,7.073816959746182e-05,0.00047813740093261003,6.031135099950202e-05,1.3223052519606426e-06,3.0994415283203125e-06,7.618920108143357e-07,0.0,0.0,0.0,anisotropic
304,3.3554435271976324e-12,0.005125701427459717,0.9934319257736206,0.9936830401420593,0.9935448169708252,5.148983109393157e-05,-1.3074059250581943e-13,7.073718509813948e-14,-1.2979469662581869e-16,2.6381838523530576e-15,4.781326701751298e-13,-0.00013074059097561985,7.07371873431839e-05,0.0004781326570082456,6.0736814392428395e-05,1.3299904821906239e-06,3.159046173095703e-06,7.699759976276255e-07,0.0,0.0,0.0,anisotropic
305,3.3554194579094032e-12,0.005125697702169418,0.9934321045875549,0.9936861395835876,0.9935461282730103,5.222708932706155e-05,-1.3073969803902713e-13,7.07362228687114e-14,-1.297918908291809e-16,2.6381578060899295e-15,4.781279538956795e-13,-0.00013073970330879092,7.073621964082122e-05,0.0004781278839800507,6.116614159718582e-05,1.3370281521929428e-06,3.159046173095703e-06,7.778878625686048e-07,0.0,0.0,0.0,anisotropic
306,3.355395388621174e-12,0.0051256949082016945,0.993432343006134,0.993689239025116,0.9935474395751953,5.297382813296281e-05,-1.3073873580959905e-13,7.0735233534229e-14,-1.2978900562320432e-16,2.6381315480685646e-15,4.78123129196012e-13,-0.00013073874288238585,7.073523011058569e-05,0.00047812314005568624,6.159920840477109e-05,1.3447806850308552e-06,3.159046173095703e-06,7.859915740482393e-07,0.0,0.0,0.0,anisotropic
307,3.355371319332945e-12,0.005125690251588821,0.9934325814247131,0.9936923384666443,0.9935488104820251,5.3722120355814695e-05,-1.3073777358017097e-13,7.073425775227377e-14,-1.2978617335678694e-16,2.638105078288963e-15,4.781183044963444e-13,-0.00013073776790406555,7.073425513226539e-05,0.0004781183088198304,6.203595020253406e-05,1.3521748769562691e-06,3.2186508178710938e-06,7.939513579913182e-07,0.0,0.0,0.0,anisotropic
308,3.3553468163638467e-12,0.0051256874576210976,0.9934328198432922,0.9936954975128174,0.993550181388855,5.4487634770339355e-05,-1.307368384557972e-13,7.073328197031853e-14,-1.2978328815081036e-16,2.6380783967511244e-15,4.781134797966768e-13,-0.00013073683658149093,7.073328015394509e-05,0.0004781134775839746,6.247641534997253e-05,1.3591816241387278e-06,3.2186508178710938e-06,8.023669124668231e-07,0.0,0.0,0.0,anisotropic
309,3.355322530235183e-12,0.005125683732330799,0.9934329986572266,0.9936986565589905,0.99355149269104,5.524288644664921e-05,-1.3073588977889627e-13,7.073224520199109e-14,-1.2978036324016437e-16,2.638051503455049e-15,4.781086008869007e-13,-0.0001307358907070011,7.073224696796387e-05,0.0004781085590366274,6.29207360933532e-05,1.366606738884002e-06,3.2782554626464844e-06,8.104613016257645e-07,0.0,0.0,0.0,anisotropic
310,3.3552973767447813e-12,0.005125680007040501,0.9934332370758057,0.9937018752098083,0.9935528039932251,5.6026041420409456e-05,-1.307349275494682e-13,7.073126264377227e-14,-1.2977743832951838e-16,2.6380246101589738e-15,4.781036677670158e-13,-0.00013073493028059602,7.073126471368596e-05,0.00047810369869694114,6.336866516510803e-05,1.3738372217630967e-06,3.2782554626464844e-06,8.183725981325551e-07,0.0,0.0,0.0,anisotropic
311,3.3552722232543797e-12,0.005125676281750202,0.9934334754943848,0.9937050938606262,0.9935542345046997,5.680229878635146e-05,-1.3073396532004011e-13,7.073025298049915e-14,-1.297744472444234e-16,2.6379966580717144e-15,4.780986262269138e-13,-0.00013073396985419095,7.073025335557759e-05,0.0004780986637342721,6.382028404837688e-05,1.3783719623461366e-06,3.2782554626464844e-06,8.265332667178882e-07,0.0,0.0,0.0,anisotropic
312,3.3552459855618055e-12,0.005125672556459904,0.9934337139129639,0.9937083125114441,0.9935555458068848,5.7598837884142995e-05,-1.3073293532797625e-13,7.072917555459024e-14,-1.297713767499896e-16,2.637968705984455e-15,4.780935304767031e-13,-0.00013073293666820973,7.072917651385069e-05,0.0004780935123562813,6.42756081348381e-05,1.3857224985258654e-06,3.337860107421875e-06,8.347170705746976e-07,0.0,0.0,0.0,anisotropic
313,3.355220398390535e-12,0.005125668831169605,0.9934338927268982,0.9937115907669067,0.9935569763183594,5.839489313075319e-05,-1.3073198665107533e-13,7.072817266758069e-14,-1.29768359195115e-16,2.6379409656554324e-15,4.780884889366011e-13,-0.0001307319907937199,7.072817243169993e-05,0.0004780885064974427,6.473462587876392e-05,1.392805643263273e-06,3.337860107421875e-06,8.429887543570658e-07,0.0,0.0,0.0,anisotropic
314,3.3551943775383952e-12,0.005125665105879307,0.9934341311454773,0.9937148690223694,0.993558406829834,5.919425893807784e-05,-1.3073099731659293e-13,7.072712912298967e-14,-1.29765301935571e-16,2.6379128018099362e-15,4.780833931863904e-13,-0.00013073100126348436,7.07271319697611e-05,0.00047808338422328234,6.519743491873454e-05,1.3999397197039798e-06,3.337860107421875e-06,8.506942208441615e-07,0.0,0.0,0.0,anisotropic
315,3.35516857352669e-12,0.005125661380589008,0.9934343695640564,0.9937182068824768,0.993559718132019,6.001623478368856e-05,-1.3072999442958338e-13,7.072605847334434e-14,-1.297622711458066e-16,2.637884849722677e-15,4.780782432260711e-13,-0.0001307299971813336,7.07260551280342e-05,0.00047807826194912195,6.566392181660281e-05,1.4075885701458901e-06,3.3974647521972656e-06,8.594021210228675e-07,0.0,0.0,0.0,anisotropic
316,3.355141468472378e-12,0.0051256585866212845,0.9934345483779907,0.9937215447425842,0.9935611486434937,6.083412517909892e-05,-1.30729005095101e-13,7.072500815248975e-14,-1.297590947722544e-16,2.6378558388442334e-15,4.780730390556431e-13,-0.00013072900765109807,7.072500739013776e-05,0.0004780729941558093,6.613423250814836e-05,1.4144789020065218e-06,3.4570693969726562e-06,8.67255096181907e-07,0.0,0.0,0.0,anisotropic
317,3.3551152307798038e-12,0.005125654395669699,0.9934347867965698,0.9937248826026917,0.9935625791549683,6.165422382764518e-05,-1.3072802931314575e-13,7.072391717405369e-14,-1.29755997808041e-16,2.6378270397240267e-15,4.780678348852152e-13,-0.00013072803267277777,7.072391599649563e-05,0.00047806778457015753,6.660787414236809e-05,1.4219986042007804e-06,3.4570693969726562e-06,8.757245382184919e-07,0.0,0.0,0.0,anisotropic
318,3.355087475204188e-12,0.0051256511360406876,0.9934350252151489,0.9937282800674438,0.9935639500617981,6.249070429475978e-05,-1.3072697221602758e-13,7.072283974814478e-14,-1.297527949647092e-16,2.637797393570873e-15,4.780624138743528e-13,-0.0001307269703829661,7.072283915476874e-05,0.0004780624294653535,6.708540006409544e-05,1.4289435057435185e-06,3.4570693969726562e-06,8.83712857557839e-07,0.0,0.0,0.0,anisotropic
319,3.3550605869903105e-12,0.005125647410750389,0.9934352040290833,0.993731677532196,0.9935653805732727,6.33334057056345e-05,-1.3072596932901803e-13,7.072174876970871e-14,-1.297495391818182e-16,2.6377679591759557e-15,4.780571012837076e-13,-0.00013072596630081534,7.072174776112661e-05,0.000478057045256719,6.756642654955018e-05,1.4362849469762295e-06,3.516674041748047e-06,8.924597523218836e-07,0.0,0.0,0.0,anisotropic
320,3.3550330482551294e-12,0.005125643685460091,0.9934354424476624,0.993735134601593,0.9935668110847473,6.418442353606224e-05,-1.3072493933695417e-13,7.072063746248192e-14,-1.2974633633848639e-16,2.6377385247810387e-15,4.780517344829538e-13,-0.00013072493311483413,7.072063453961164e-05,0.00047805169015191495,6.805132635484781e-05,1.4437591744353995e-06,3.5762786865234375e-06,9.003177865452017e-07,0.0,0.0,0.0,anisotropic
321,3.3550055095199482e-12,0.0051256404258310795,0.9934356808662415,0.99373859167099,0.9935682415962219,6.503921031253412e-05,-1.3072392289741747e-13,7.071955326030943e-14,-1.2974306732070558e-16,2.6377088786278848e-15,4.780462592619827e-13,-0.00013072392903268337,7.071955042192712e-05,0.00047804627683945,6.853976368609687e-05,1.4510133041767403e-06,3.5762786865234375e-06,9.089004606721574e-07,0.0,0.0,0.0,anisotropic
322,3.3549764529017256e-12,0.005125636700540781,0.9934358596801758,0.993742048740387,0.9935696721076965,6.59095894661732e-05,-1.307228658002993e-13,7.071842840055548e-14,-1.2973975859825537e-16,2.6376781736835468e-15,4.780407298309031e-13,-0.0001307228667428717,7.071842992445454e-05,0.0004780407471116632,6.90319047946452e-05,1.4581182767869905e-06,3.635883331298828e-06,9.172614454655559e-07,0.0,0.0,0.0,anisotropic
323,3.354948263645241e-12,0.00512563344091177,0.9934360980987549,0.9937455654144287,0.9935711026191711,6.677529745502397e-05,-1.3072179515065396e-13,7.071729676453795e-14,-1.2973646311069495e-16,2.6376476804974456e-15,4.780352003998234e-13,-0.0001307217899011448,7.071729487506673e-05,0.00047803515917621553,6.952776271750152e-05,1.4651432138634846e-06,3.6954879760742188e-06,9.256354474018735e-07,0.0,0.0,0.0,anisotropic
324,3.3549196407078874e-12,0.005125629715621471,0.993436336517334,0.9937490820884705,0.9935725331306458,6.766009755665436e-05,-1.3072071094848148e-13,7.071614479972968e-14,-1.2973307497890594e-16,2.6376169755531077e-15,4.780296167586351e-13,-0.0001307207130594179,7.071614527376369e-05,0.00047802957124076784,7.002726773596427e-05,1.4726374502060935e-06,3.6954879760742188e-06,9.339187272416893e-07,0.0,0.0,0.0,anisotropic
325,3.3548901504087958e-12,0.005125625990331173,0.9934365153312683,0.993752658367157,0.9935740232467651,6.854447565274313e-05,-1.3071966740389046e-13,7.071500638744857e-14,-1.2972966037733732e-16,2.6375856353340593e-15,4.780238704871209e-13,-0.00013071966532152146,7.071500294841826e-05,0.0004780238959938288,7.05305237869643e-05,1.479500497225672e-06,3.6954879760742188e-06,9.424122140444524e-07,0.0,0.0,0.0,anisotropic
326,3.3548613106310077e-12,0.005125622730702162,0.9934367537498474,0.9937562346458435,0.9935755133628845,6.944099004613236e-05,-1.307186374118266e-13,7.07138544226403e-14,-1.297262987153279e-16,2.6375547186314845e-15,4.780182868459326e-13,-0.00013071863213554025,7.071385334711522e-05,0.0004780183080583811,7.103746170168291e-05,1.4840006770100445e-06,3.7550926208496094e-06,9.507602385383507e-07,0.0,0.0,0.0,anisotropic
327,3.3548320371723506e-12,0.005125619471073151,0.9934369921684265,0.99375981092453,0.9935769438743591,7.034116424620152e-05,-1.3071755320965411e-13,7.071268890530488e-14,-1.2972281793931028e-16,2.637523378412436e-15,4.780125947845271e-13,-0.00013071755529381335,7.071268919389695e-05,0.0004780125746037811,7.154826502789937e-05,1.491240254836157e-06,3.7550926208496094e-06,9.593220511305844e-07,0.0,0.0,0.0,anisotropic
328,3.354801679511521e-12,0.005125615745782852,0.9934371709823608,0.9937634468078613,0.9935784935951233,7.125483534764498e-05,-1.3071646900748163e-13,7.071152338796946e-14,-1.2971931069351305e-16,2.6374914029186772e-15,4.780067400927956e-13,-0.00013071646390017122,7.071152504067868e-05,0.00047800675383768976,7.206247486107763e-05,1.4984507288318127e-06,3.814697265625e-06,9.678478818386793e-07,0.0,0.0,0.0,anisotropic
329,3.3547713218506914e-12,0.005125612020492554,0.9934374094009399,0.9937670826911926,0.9935799241065979,7.217450911412016e-05,-1.3071535770025483e-13,7.071034431810688e-14,-1.2971580344771583e-16,2.6374590039084447e-15,4.780009396111728e-13,-0.00013071535795461386,7.071034633554518e-05,0.00047800090396776795,7.258035995330348e-05,1.5055866242619231e-06,3.814697265625e-06,9.762090940057533e-07,0.0,0.0,0.0,anisotropic
330,3.3547416147111653e-12,0.0051256087608635426,0.993437647819519,0.9937707185745239,0.9935814738273621,7.310076762223616e-05,-1.3071430060313666e-13,7.070911781439926e-14,-1.297122829670288e-16,2.637427028414686e-15,4.779950849194414e-13,-0.0001307142956648022,7.070911669870839e-05,0.00047799505409784615,7.31021036140384e-05,1.5131390682654455e-06,3.874301910400391e-06,9.848956779023865e-07,0.0,0.0,0.0,anisotropic
331,3.354710606529032e-12,0.005125605501234531,0.9934378266334534,0.9937744140625,0.9935829043388367,7.402669143630192e-05,-1.3071321640096417e-13,7.070797262585457e-14,-1.2970870954678257e-16,2.6373944176462166e-15,4.779891760176014e-13,-0.0001307132188230753,7.070797437336296e-05,0.00047798914602026343,7.362736384554903e-05,1.5203295333776623e-06,3.874301910400391e-06,9.933758065017173e-07,0.0,0.0,0.0,anisotropic
332,3.3546793815064646e-12,0.005125601775944233,0.9934380650520325,0.9937781691551208,0.9935844540596008,7.497315527871251e-05,-1.307120644361559e-13,7.070673256961979e-14,-1.2970512289164654e-16,2.6373613833612737e-15,4.779831044854355e-13,-0.00013071206922177225,7.070673018461093e-05,0.0004779831215273589,7.415650115189822e-05,1.5276309568434954e-06,3.933906555175781e-06,1.0021285561379045e-06,0.0,0.0,0.0,anisotropic
333,3.3546479396434625e-12,0.0051255980506539345,0.9934383034706116,0.9937819242477417,0.9935859441757202,7.591452595079318e-05,-1.307109531289291e-13,7.070550606591217e-14,-1.297014700620615e-16,2.637327925559857e-15,4.779770329532695e-13,-0.00013071094872429967,7.070550782373175e-05,0.0004779770679306239,7.468917153942037e-05,1.5348923625424504e-06,3.933906555175781e-06,1.0108050219059805e-06,0.0,0.0,0.0,anisotropic
334,3.3546164977804604e-12,0.005125594325363636,0.9934384822845459,0.9937856793403625,0.9935874938964844,7.688005280215293e-05,-1.307098418217023e-13,7.070427956220454e-14,-1.2969777752780707e-16,2.6372946795166774e-15,4.779709614211036e-13,-0.0001307098427787423,7.070427818689495e-05,0.000477970956126228,7.522568501068335e-05,1.5420937415910885e-06,3.993511199951172e-06,1.0196406492468668e-06,0.0,0.0,0.0,anisotropic
335,3.3545846222365894e-12,0.005125591531395912,0.993438720703125,0.9937894344329834,0.9935890436172485,7.784264744259417e-05,-1.307087034094212e-13,7.070305305849692e-14,-1.2969405852377304e-16,2.637261009957024e-15,4.779648898889377e-13,-0.0001307087077293545,7.070305582601577e-05,0.0004779648734256625,7.57659943837129e-05,1.5494988474529237e-06,3.993511199951172e-06,1.0283450819770223e-06,0.0,0.0,0.0,anisotropic
336,3.3545527466927183e-12,0.005125587806105614,0.9934388995170593,0.9937933087348938,0.9935904741287231,7.881504279794171e-05,-1.307075649971401e-13,7.070178589720783e-14,-1.296903659895186e-16,2.637226916880897e-15,4.779587099365545e-13,-0.00013070755812805146,7.070178253343329e-05,0.0004779587034136057,7.630990967489306e-05,1.5569421520922333e-06,4.0531158447265625e-06,1.0372436918260064e-06,0.0,0.0,0.0,anisotropic
337,3.3545197869466747e-12,0.0051255845464766026,0.9934390783309937,0.9937971234321594,0.9935920834541321,7.979571091709659e-05,-1.3070638592727751e-13,7.070054584097304e-14,-1.2968655434125595e-16,2.6371924002882964e-15,4.779524215639541e-13,-0.00013070637942291796,7.070054562063888e-05,0.00047795241698622704,7.685750501616367e-05,1.5646801330149174e-06,4.0531158447265625e-06,1.0465603281772928e-06,0.0,0.0,0.0,anisotropic
338,3.3544872608815e-12,0.005125581286847591,0.9934393167495728,0.9938009977340698,0.9935936331748962,8.078430983005092e-05,-1.3070527462005072e-13,7.06992651271568e-14,-1.2968280886744231e-16,2.6371583072121695e-15,4.779461874014623e-13,-0.0001307052734773606,7.069926505209878e-05,0.00047794621787033975,7.740884808566292e-05,1.5719961083959788e-06,4.112720489501953e-06,1.0552664662100142e-06,0.0,0.0,0.0,anisotropic
339,3.3544543011354566e-12,0.005125577561557293,0.9934394955635071,0.9938048720359802,0.9935951232910156,8.178667485481128e-05,-1.307041091027153e-13,7.069798441334055e-14,-1.2967894427962047e-16,2.6371231553448584e-15,4.779397906086447e-13,-0.00013070410932414234,7.069798448355868e-05,0.00047793981502763927,7.796371241515203e-05,1.5795503713889048e-06,4.112720489501953e-06,1.0645696875144495e-06,0.0,0.0,0.0,anisotropic
340,3.354420907708544e-12,0.0051255738362669945,0.9934397339820862,0.9938088059425354,0.9935967922210693,8.278856694232672e-05,-1.3070291648032556e-13,7.069667659446999e-14,-1.2967509292668842e-16,2.6370880034775473e-15,4.779334480259356e-13,-0.0001307029160670936,7.069667481118813e-05,0.0004779334121849388,7.852250117685379e-05,1.5873047232162207e-06,4.172325134277344e-06,1.073652697414218e-06,0.0,0.0,0.0,anisotropic
341,3.3543875142816315e-12,0.005125570110976696,0.9934399127960205,0.9938127398490906,0.9935983419418335,8.380048529943451e-05,-1.3070172385793583e-13,7.0695375551863e-14,-1.2967121510397677e-16,2.6370526398519995e-15,4.77927051233118e-13,-0.00013070172281004488,7.069537241477519e-05,0.00047792703844606876,7.908504645469375e-05,1.5921850717859343e-06,4.231929779052734e-06,1.08294011624821e-06,0.0,0.0,0.0,anisotropic
342,3.354353253492981e-12,0.005125566851347685,0.9934400916099548,0.9938167333602905,0.9935998916625977,8.482152770739049e-05,-1.307005583406004e-13,7.06940812855196e-14,-1.2966727110681612e-16,2.637016640951741e-15,4.779204375998658e-13,-0.00013070055865682662,7.069408457027748e-05,0.00047792046098038554,7.965132064810114e-05,1.5996265574358404e-06,4.231929779052734e-06,1.092624415832688e-06,0.0,0.0,0.0,anisotropic
343,3.3543189927043304e-12,0.005125562660396099,0.9934402704238892,0.9938207268714905,0.9936014413833618,8.585424802731723e-05,-1.3069939282326498e-13,7.069273280906757e-14,-1.2966327417009626e-16,2.6369808538097197e-15,4.779139865969395e-13,-0.00013069939450360835,7.069273124216124e-05,0.00047791394172236323,8.022138429497847e-05,1.6070753190433607e-06,4.291534423828125e-06,1.1017466476914706e-06,0.0,0.0,0.0,anisotropic
344,3.35428473191568e-12,0.005125559400767088,0.9934405088424683,0.9938247203826904,0.9936030507087708,8.689803507877514e-05,-1.306982137534024e-13,7.069137755635196e-14,-1.296592639984866e-16,2.6369444313929877e-15,4.779073187535787e-13,-0.00013069821579847485,7.0691377914045e-05,0.00047790733515284956,8.079528347481314e-05,1.614780558156781e-06,4.231929779052734e-06,1.1119881264676224e-06,0.0,0.0,0.0,anisotropic
345,3.3542496037652914e-12,0.005125556141138077,0.9934406876564026,0.9938287734985352,0.9936046600341797,8.793993765721098e-05,-1.3069702113101267e-13,7.069007651374498e-14,-1.2965526706176675e-16,2.636907797218019e-15,4.779006509102179e-13,-0.00013069702254142612,7.069007551763207e-05,0.0004779006412718445,8.137288332262492e-05,1.6221874830080196e-06,4.351139068603516e-06,1.1212492836421006e-06,0.0,0.0,0.0,anisotropic
346,3.354214475614903e-12,0.005125552415847778,0.9934408664703369,0.9938328266143799,0.9936062097549438,8.89944494701922e-05,-1.3069578785104147e-13,7.068872126102937e-14,-1.296512039505979e-16,2.6368707395265766e-15,4.778939288567485e-13,-0.0001306957856286317,7.068872218951583e-05,0.00047789394739083946,8.19540313665909e-05,1.629739927011542e-06,4.351139068603516e-06,1.1312167771393433e-06,0.0,0.0,0.0,anisotropic
347,3.3541789137836453e-12,0.0051255482248961926,0.9934410452842712,0.9938369393348694,0.9936078190803528,9.006969048641622e-05,-1.3069458167612458e-13,7.068736600831377e-14,-1.2964711436964943e-16,2.6368334700768974e-15,4.778872068032791e-13,-0.00013069457781966776,7.068736886139959e-05,0.00047788716619834304,8.253887981028282e-05,1.6375634004361928e-06,4.410743713378906e-06,1.1409717899368843e-06,0.0,0.0,0.0,anisotropic
348,3.3541429182715188e-12,0.005125544499605894,0.9934412837028503,0.9938410520553589,0.9936094284057617,9.114234853768721e-05,-1.3069334839615337e-13,7.068599042680743e-14,-1.2964297184914176e-16,2.6367962006272182e-15,4.778804305397011e-13,-0.00013069335545878857,7.068599370541051e-05,0.0004778804141096771,8.312757464032818e-05,1.645244992687367e-06,4.410743713378906e-06,1.1510059039210319e-06,0.0,0.0,0.0,anisotropic
349,3.3541069227593923e-12,0.005125541239976883,0.9934414625167847,0.9938452243804932,0.9936110973358154,9.221976506523788e-05,-1.3069211511618217e-13,7.068460806903751e-14,-1.296387896239647e-16,2.6367582959028286e-15,4.778734916457972e-13,-0.00013069211854599416,7.068461127346382e-05,0.0004778734873980284,8.37201727665553e-05,1.6527446859981865e-06,4.410743713378906e-06,1.160728970717173e-06,0.0,0.0,0.0,anisotropic
350,3.3540700598855278e-12,0.005125537049025297,0.993441641330719,0.9938493967056274,0.9936126470565796,9.33192131924443e-05,-1.3069088183621097e-13,7.068321893500401e-14,-1.2963458092900802e-16,2.6367199676619654e-15,4.778665527518933e-13,-0.00013069088163319975,7.06832215655595e-05,0.0004778665315825492,8.43164209619148e-05,1.6604099073447287e-06,4.470348358154297e-06,1.1711242677847622e-06,0.0,0.0,0.0,anisotropic
351,3.3540331970116632e-12,0.005125533789396286,0.9934418201446533,0.9938536286354065,0.9936143159866333,9.441041765967384e-05,-1.3068962145118546e-13,7.068182980097051e-14,-1.2963033252938195e-16,2.636681639421102e-15,4.778595054377721e-13,-0.00013068961561657488,7.06818318576552e-05,0.00047785957576707006,8.4916473864906e-05,1.6681842680554837e-06,4.470348358154297e-06,1.181238758363179e-06,0.0,0.0,0.0,anisotropic
352,3.3539961172973642e-12,0.0051255300641059875,0.9934419989585876,0.9938578605651855,0.9936159253120422,9.553065319778398e-05,-1.3068842882879572e-13,7.068035935177408e-14,-1.2962604442508648e-16,2.636643099422002e-15,4.778525123337596e-13,-0.00013068842235952616,7.068036211421713e-05,0.00047785250353626907,8.552026231396022e-05,1.6761387087171897e-06,4.5299530029296875e-06,1.191318006021902e-06,0.0,0.0,0.0,anisotropic
353,3.3539588207426307e-12,0.005125525873154402,0.993442177772522,0.9938620924949646,0.993617594242096,9.664572280598804e-05,-1.3068715489124305e-13,7.067895666521343e-14,-1.296217298510114e-16,2.6366037123899547e-15,4.778453565994212e-13,-0.0001306871563429013,7.06789578543976e-05,0.0004778454022016376,8.612777948721015e-05,1.684084054431878e-06,4.589557647705078e-06,1.2017757171634003e-06,0.0,0.0,0.0,anisotropic
354,3.3539208736665937e-12,0.005125521682202816,0.9934424161911011,0.9938664436340332,0.9936192631721497,9.777665400179103e-05,-1.3068585384863607e-13,7.06775472023892e-14,-1.2961737557226692e-16,2.6365639018414338e-15,4.778382008650828e-13,-0.00013068584667053074,7.067754631862044e-05,0.00047783818445168436,8.673906958069597e-05,1.6921840142458677e-06,4.589557647705078e-06,1.2121086001570802e-06,0.0,0.0,0.0,anisotropic
355,3.3538827097501223e-12,0.005125518422573805,0.9934425950050354,0.993870735168457,0.9936208724975586,9.891923400573432e-05,-1.3068455280602909e-13,7.067606997692918e-14,-1.2961300805863264e-16,2.6365243030511496e-15,4.778309909206357e-13,-0.0001306845515500754,7.067606929922476e-05,0.000477831024909392,8.735427225798119e-05,1.699889253359288e-06,4.589557647705078e-06,1.2225483487782185e-06,0.0,0.0,0.0,anisotropic
356,3.3538445458336508e-12,0.005125514697283506,0.9934427738189697,0.9938750863075256,0.9936226010322571,0.00010006588854594156,-1.3068326531594926e-13,7.06746469615778e-14,-1.2960858760543916e-16,2.636484280744392e-15,4.778237267660801e-13,-0.00013068327098153532,7.067465048749e-05,0.0004778237489517778,8.797320397764358e-05,1.705620888969861e-06,4.649162292480469e-06,1.233055400007288e-06,0.0,0.0,0.0,anisotropic
357,3.3538055145554413e-12,0.005125510506331921,0.993442952632904,0.993879497051239,0.993624210357666,0.000101219215139281,-1.3068197782586943e-13,7.06731358547999e-14,-1.2960412744757627e-16,2.6364438349211605e-15,4.778163541913072e-13,-0.00013068197586108,7.067313708830625e-05,0.00047781632747501135,8.859591311231101e-05,1.7137026588898152e-06,4.649162292480469e-06,1.2435517646736116e-06,0.0,0.0,0.0,anisotropic
358,3.353766483277232e-12,0.005125506781041622,0.9934431314468384,0.9938838481903076,0.9936258792877197,0.0001023842123686336,-1.3068067678326245e-13,7.067167218186704e-14,-1.2959961435015418e-16,2.636403389097929e-15,4.778089816165343e-13,-0.00013068068074062467,7.06716746208258e-05,0.0004778089642059058,8.922215563292726e-05,1.7215679690707475e-06,4.708766937255859e-06,1.2542354852485005e-06,0.0,0.0,0.0,anisotropic
359,3.3537265846372843e-12,0.005125503521412611,0.9934433102607727,0.9938883185386658,0.9936275482177734,0.00010357388237025589,-1.3067934863560116e-13,7.067016785135272e-14,-1.295950483131729e-16,2.6363620962417504e-15,4.778015006215441e-13,-0.00013067934196442366,7.067016849759966e-05,0.00047780145541764796,8.985206928968389e-05,1.7298225429840386e-06,4.708766937255859e-06,1.2647814173760707e-06,0.0,0.0,0.0,anisotropic
360,3.353687119678206e-12,0.0051254997961223125,0.993443489074707,0.9938927888870239,0.9936292767524719,0.00010475503950146958,-1.3067804759299417e-13,7.06686906258927e-14,-1.295905616855304e-16,2.6363208033855718e-15,4.777939654164454e-13,-0.00013067804684396833,7.066869147820398e-05,0.0004777939757332206,9.048554067244574e-05,1.7384172679157928e-06,4.76837158203125e-06,1.2752798284054734e-06,0.0,0.0,0.0,anisotropic
361,3.3536467873573894e-12,0.005125496070832014,0.9934437274932861,0.9938972592353821,0.9936309456825256,0.00010594930063234642,-1.3067671944533288e-13,7.066716596658765e-14,-1.295859691787695e-16,2.6362792987711563e-15,4.777864302113466e-13,-0.00013067672261968255,7.0667163527105e-05,0.0004777864378411323,9.112295440620862e-05,1.7466882127337158e-06,4.827976226806641e-06,1.286226279262337e-06,0.0,0.0,0.0,anisotropic
362,3.3536066718770075e-12,0.005125491879880428,0.9934439063072205,0.993901789188385,0.9936326742172241,0.00010715930693550035,-1.3067537774514443e-13,7.066561420222828e-14,-1.295812707928902e-16,2.6362369471237936e-15,4.777787323759219e-13,-0.00013067538384348154,7.066561374813318e-05,0.00047777872532606125,9.176379422113007e-05,1.7555612430442125e-06,4.827976226806641e-06,1.2965708720003022e-06,0.0,0.0,0.0,anisotropic
363,3.353565472194453e-12,0.00512548815459013,0.9934441447257996,0.9939063191413879,0.9936343431472778,0.00010837574518518522,-1.3067400893990166e-13,7.06640963191868e-14,-1.295766385814599e-16,2.636194383718194e-15,4.777710345404973e-13,-0.00013067401596345007,7.066409307299182e-05,0.00047777098370715976,9.240834531211653e-05,1.764170519891195e-06,4.827976226806641e-06,1.307740603806451e-06,0.0,0.0,0.0,anisotropic
364,3.353523621990595e-12,0.005125484894961119,0.9934443235397339,0.9939109086990356,0.9936360120773315,0.00010960446525132284,-1.3067269434476753e-13,7.066253100230027e-14,-1.29571847551352e-16,2.636151396796121e-15,4.777631740747468e-13,-0.0001306726917391643,7.066252874210477e-05,0.0004777632129844278,9.305637082262746e-05,1.7724723875289783e-06,4.887580871582031e-06,1.3183963574192603e-06,0.0,0.0,0.0,anisotropic
365,3.353482205467606e-12,0.005125480704009533,0.9934445023536682,0.9939154982566833,0.9936378002166748,0.0001108360302168876,-1.3067133909205192e-13,7.066097246167732e-14,-1.295671094608033e-16,2.6361086216322846e-15,4.777553678191049e-13,-0.00013067133841104805,7.066097168717533e-05,0.00047775538405403495,9.370796304688576e-05,1.7811216821428388e-06,4.887580871582031e-06,1.3287213960211375e-06,0.0,0.0,0.0,anisotropic
366,3.353440788944617e-12,0.005125477444380522,0.9934447407722473,0.9939201474189758,0.9936394691467285,0.0001120857778005302,-1.30669956734282e-13,7.065940036852722e-14,-1.295623184306954e-16,2.6360652111937378e-15,4.777475073533544e-13,-0.00013066995597910136,7.065940008033067e-05,0.0004777475551236421,9.436304061677342e-05,1.7898018995765597e-06,4.947185516357422e-06,1.339441155323584e-06,0.0,0.0,0.0,anisotropic
367,3.3533982882194557e-12,0.005125473253428936,0.9934449195861816,0.9939248561859131,0.993641197681427,0.00011333985457895324,-1.3066856082398493e-13,7.065780794658638e-14,-1.2955747446102828e-16,2.636021588996954e-15,4.777395926774952e-13,-0.00013066855899523944,7.065780664561316e-05,0.00047773958067409694,9.50216225389897e-05,1.7988422769121826e-06,4.947185516357422e-06,1.3507600442608236e-06,0.0,0.0,0.0,anisotropic
368,3.3533553538134253e-12,0.0051254695281386375,0.9934451580047607,0.9939295053482056,0.9936429262161255,0.00011460523819550872,-1.30667178466215e-13,7.065621552464554e-14,-1.2955261725647137e-16,2.6359777550419338e-15,4.777315695814188e-13,-0.00013066717656329274,7.065621321089566e-05,0.0004777315480168909,9.568375071371575e-05,1.8073751562042162e-06,5.0067901611328125e-06,1.360659439342271e-06,0.0,0.0,0.0,anisotropic
369,3.353312419407395e-12,0.005125465802848339,0.9934453368186951,0.9939342737197876,0.9936447143554688,0.00011588112101890147,-1.3066575545086362e-13,7.065460955017755e-14,-1.2954773358213486e-16,2.635933285812203e-15,4.777234922752338e-13,-0.00013066575047560036,7.065461250022054e-05,0.00047772348625585437,9.634938199832966e-05,1.8165646906709298e-06,5.066394805908203e-06,1.3719135267820093e-06,0.0,0.0,0.0,anisotropic
370,3.3532690513204955e-12,0.005125462543219328,0.9934455752372742,0.9939389824867249,0.993646502494812,0.00011716917651938275,-1.306643459880394e-13,7.065299679944598e-14,-1.2954275726356974e-16,2.6358886048242353e-15,4.777153607589402e-13,-0.0001306643389398232,7.065299723763019e-05,0.0004777153953909874,9.70184273455939e-05,1.8255632312502712e-06,5.066394805908203e-06,1.3825959968016832e-06,0.0,0.0,0.0,anisotropic
371,3.353225683233596e-12,0.005125458352267742,0.9934457540512085,0.9939438104629517,0.9936481714248657,0.00011845955305034295,-1.3066300428785094e-13,7.065136371992367e-14,-1.2953779417989442e-16,2.6358441355945044e-15,4.777072834527551e-13,-0.0001306630001636222,7.0651360147167e-05,0.0004777073045261204,9.769075144746024e-05,1.8319278751732782e-06,5.066394805908203e-06,1.3929778788224212e-06,0.0,0.0,0.0,anisotropic
372,3.3531814477849586e-12,0.005125454626977444,0.9934459924697876,0.9939485788345337,0.993649959564209,0.00011977928079431877,-1.3066155416744524e-13,7.064971708787421e-14,-1.295327384519905e-16,2.6357983958153527e-15,4.77698935096027e-13,-0.0001306615595240146,7.064971578074619e-05,0.00047769895172677934,9.836654474130289e-05,1.8412065401207656e-06,5.125999450683594e-06,1.4039280813449295e-06,0.0,0.0,0.0,anisotropic
373,3.3531369954958867e-12,0.005125450901687145,0.9934461712837219,0.9939534068107605,0.9936517477035522,0.0001210854243254289,-1.3066013115209385e-13,7.064805012703401e-14,-1.2952773566364577e-16,2.635752444277964e-15,4.776906951595161e-13,-0.0001306601334363222,7.064804958645254e-05,0.00047769068623892963,9.904559245223676e-05,1.8505725165596232e-06,5.185604095458984e-06,1.4145745126370457e-06,0.0,0.0,0.0,anisotropic
374,3.353092109525946e-12,0.005125447176396847,0.9934463500976562,0.9939582943916321,0.9936535358428955,0.00012241902004461735,-1.30658667479161e-13,7.064637638993024e-14,-1.2952256082173364e-16,2.635706069224102e-15,4.776822383825707e-13,-0.00013065866369288415,7.064637611620128e-05,0.0004776822170242667,9.972781355444164e-05,1.860122210928239e-06,5.185604095458984e-06,1.4251867241910077e-06,0.0,0.0,0.0,anisotropic
375,3.3530470067155704e-12,0.005125443451106548,0.9934465885162354,0.9939631819725037,0.9936553239822388,0.00012375002552289516,-1.3065725801633676e-13,7.064468910029931e-14,-1.2951743891938071e-16,2.6356599059284766e-15,4.776738900258426e-13,-0.000130657252157107,7.064468809403479e-05,0.00047767386422492564,0.000100413361539447,1.8697901396080852e-06,5.185604095458984e-06,1.4354387758430676e-06,0.0,0.0,0.0,anisotropic
376,3.3530008197030226e-12,0.0051254392601549625,0.9934467673301697,0.99396812915802,0.993657112121582,0.00012510186934377998,-1.3065582144845822e-13,7.064302213945911e-14,-1.2951225084257878e-16,2.6356133191163776e-15,4.7766532482868e-13,-0.00013065582606941462,7.064302189974114e-05,0.0004776653368026018,0.0001011020857668142,1.8793289200402796e-06,5.245208740234375e-06,1.445797579435748e-06,0.0,0.0,0.0,anisotropic
377,3.352955283211778e-12,0.005125435534864664,0.993446946144104,0.9939730763435364,0.9936589002609253,0.000126456274301745,-1.306543442229982e-13,7.064128741598313e-14,-1.2950706276577685e-16,2.635566308787805e-15,4.776568138416259e-13,-0.00013065434177406132,7.064129022182897e-05,0.00047765678027644753,0.00010179422280049207,1.8891732906922698e-06,5.245208740234375e-06,1.4564113826054381e-06,0.0,0.0,0.0,anisotropic
378,3.3529095298800993e-12,0.005125431343913078,0.9934471845626831,0.9939780831336975,0.9936606884002686,0.00012782147678080946,-1.3065290765511967e-13,7.063958657382505e-14,-1.2950183498430551e-16,2.6355190867009956e-15,4.776481944343547e-13,-0.00013065290113445371,7.063958764774725e-05,0.0004776482528541237,0.00010248923821538751,1.8993814592249691e-06,5.304813385009766e-06,1.4671090866613667e-06,0.0,0.0,0.0,anisotropic
379,3.352862692346248e-12,0.0051254271529614925,0.9934473633766174,0.9939830899238586,0.9936625361442566,0.00012919647269882262,-1.306514168771325e-13,7.06378721791398e-14,-1.2949650132371577e-16,2.6354712293394757e-15,4.776395208169748e-13,-0.00013065141683910042,7.06378705217503e-05,0.0004776395217049867,0.00010318729684702684,1.909211277961731e-06,5.304813385009766e-06,1.4768079381610733e-06,0.0,0.0,0.0,anisotropic
380,3.3528154211315275e-12,0.005125423427671194,0.993447482585907,0.9939880967140198,0.9936643838882446,0.00013058089825790375,-1.3064995320419964e-13,7.063609002181878e-14,-1.2949118089801583e-16,2.6354229484614822e-15,4.776307387793777e-13,-0.00013064994709566236,7.063608791213483e-05,0.0004776307614520192,0.00010388847850859813,1.9197068468201905e-06,5.364418029785156e-06,1.4876402474328643e-06,0.0,0.0,0.0,anisotropic
381,3.352768149916807e-12,0.005125419702380896,0.9934476613998413,0.9939931631088257,0.9936662316322327,0.00013197751832194626,-1.3064847597873963e-13,7.063434852207923e-14,-1.2948580753275669e-16,2.635374455825252e-15,4.776219567417805e-13,-0.0001306484773522243,7.063434895826504e-05,0.0004776219429913908,0.0001045925017182708,1.930267899297178e-06,5.364418029785156e-06,1.4978593299019849e-06,0.0,0.0,0.0,anisotropic
382,3.3527213123829558e-12,0.00512541551142931,0.9934478402137756,0.9939982891082764,0.9936680793762207,0.00013338043936528265,-1.306469716482253e-13,7.063259346981252e-14,-1.2948046063727714e-16,2.635326810221969e-15,4.77613228914292e-13,-0.00013064697850495577,7.063259545248002e-05,0.0004776132700499147,0.00010529950750630587,1.9402777979848906e-06,5.424022674560547e-06,1.5080141793077928e-06,0.0,0.0,0.0,anisotropic
383,3.3526727401256284e-12,0.005125411786139011,0.99344801902771,0.994003415107727,0.9936699271202087,0.00013479536573868245,-1.3064545376518383e-13,7.063079775996434e-14,-1.2947495492312e-16,2.635276835278081e-15,4.776042300362604e-13,-0.0001306454505538568,7.063079829094931e-05,0.0004776041896548122,0.00010600937201328917,1.9508406694512814e-06,5.424022674560547e-06,1.518107637821231e-06,0.0,0.0,0.0,anisotropic
384,3.3526243847087356e-12,0.005125407129526138,0.9934481978416443,0.9940086007118225,0.9936717748641968,0.0001362223265459761,-1.3064389522456088e-13,7.06290494839612e-14,-1.2946948891363224e-16,2.6352274956089033e-15,4.775951769481201e-13,-0.00013064389349892735,7.062905206112191e-05,0.0004775951965712011,0.00010672219272960342,1.9616109057096764e-06,5.4836273193359375e-06,1.5283460470527643e-06,0.0,0.0,0.0,anisotropic
385,3.3525755956109737e-12,0.00512540340423584,0.9934483766555786,0.994013786315918,0.9936736822128296,0.00013765615585725754,-1.3064241799910087e-13,7.062724699784945e-14,-1.2946395672969548e-16,2.635177944181489e-15,4.775862322801971e-13,-0.0001306424237554893,7.06272476236336e-05,0.00047758620348758996,0.0001074377903865262,1.970007360796444e-06,5.4836273193359375e-06,1.5385606957352138e-06,0.0,0.0,0.0,anisotropic
386,3.3525261559919084e-12,0.005125398747622967,0.9934485554695129,0.9940190315246582,0.9936755895614624,0.00013910437701269984,-1.3064088656353223e-13,7.062539030162907e-14,-1.2945837160619953e-16,2.6351275457211273e-15,4.775771249819483e-13,-0.00013064088125247508,7.062539225444198e-05,0.00047757712309248745,0.00010815634066347754,1.980293745873496e-06,5.543231964111328e-06,1.548227828607196e-06,0.0,0.0,0.0,anisotropic
387,3.352477150053712e-12,0.005125394556671381,0.9934487342834473,0.9940242767333984,0.9936774969100952,0.00014055533392820507,-1.3063936868049075e-13,7.062357426299015e-14,-1.2945282618737297e-16,2.6350773590190025e-15,4.775679092634821e-13,-0.00013063936785329133,7.062357326503843e-05,0.00047756798448972404,0.00010887774035689909,1.9911458366550505e-06,5.543231964111328e-06,1.558249095978681e-06,0.0,0.0,0.0,anisotropic
388,3.3524272767537777e-12,0.005125390365719795,0.9934489130973816,0.9940295815467834,0.993679404258728,0.00014201698650140315,-1.306378101398678e-13,7.062175822435124e-14,-1.29447174889428e-16,2.635026537042167e-15,4.77558693545016e-13,-0.0001306378107983619,7.06217615515925e-05,0.00047755870036780834,0.00010960180330470032,2.001974280574359e-06,5.543231964111328e-06,1.5686584902141476e-06,0.0,0.0,0.0,anisotropic
389,3.3523769697729744e-12,0.005125385709106922,0.9934490919113159,0.9940348863601685,0.9936813116073608,0.00014349614502862096,-1.3063626515177201e-13,7.061990152813086e-14,-1.2944148388681364e-16,2.6349750797906215e-15,4.775494236164413e-13,-0.0001306362682953477,7.061989890644327e-05,0.00047754941624589264,0.00011032854462118138,2.012768163695e-06,5.602836608886719e-06,1.5781321280883276e-06,0.0,0.0,0.0,anisotropic
390,3.352326662792171e-12,0.005125381052494049,0.9934492111206055,0.9940401911735535,0.9936832189559937,0.00014497739903163165,-1.306346930586219e-13,7.061803127938332e-14,-1.2943576641441968e-16,2.6349238342973126e-15,4.775400994777579e-13,-0.00013063469668850303,7.061802898533642e-05,0.00047754007391631603,0.00011105780595660552,2.023738488787785e-06,5.543231964111328e-06,1.588126679052948e-06,0.0,0.0,0.0,anisotropic
391,3.3522752716091953e-12,0.005125376395881176,0.9934493899345398,0.9940455555915833,0.9936851263046265,0.00014646589988842607,-1.3063313451799896e-13,7.061614070184505e-14,-1.294300224722461e-16,2.63487216528753e-15,4.775306127087486e-13,-0.0001306331396335736,7.061613723635674e-05,0.0004775306151714176,0.00011178989786566448,2.0342904463177547e-06,5.602836608886719e-06,1.5976723943822435e-06,0.0,0.0,0.0,anisotropic
392,3.3522238804262194e-12,0.00512537220492959,0.9934495687484741,0.9940509796142578,0.9936871528625488,0.00014796739560551941,-1.3063158952990317e-13,7.061420269046173e-14,-1.2942421235562354e-16,2.634820072761274e-15,4.77521180149848e-13,-0.00013063158257864416,7.061420183163136e-05,0.00047752115642651916,0.00011252449641363716,2.045344444923103e-06,5.662441253662109e-06,1.6074355926321005e-06,0.0,0.0,0.0,anisotropic
393,3.35217183872194e-12,0.005125367548316717,0.9934497475624084,0.9940564036369324,0.9936890602111816,0.0001494784519309178,-1.306299767791716e-13,7.061234599424135e-14,-1.2941841547389076e-16,2.634767768476781e-15,4.775116391707301e-13,-0.00013062998186796904,7.061234646243975e-05,0.0004775116394739598,0.00011326176574641479,2.056582161458209e-06,5.662441253662109e-06,1.6175533801288111e-06,0.0,0.0,0.0,anisotropic
394,3.3521204475389643e-12,0.005125362891703844,0.9934499263763428,0.9940618872642517,0.993691086769104,0.00015099879237823188,-1.306284046860215e-13,7.061044186417592e-14,-1.2941251271303959e-16,2.6347148289175776e-15,4.775020439815036e-13,-0.00013062841026112437,7.061044016154483e-05,0.00047750209341757,0.00011400168767140606,2.067368768621236e-06,5.662441253662109e-06,1.6267525779767311e-06,0.0,0.0,0.0,anisotropic
395,3.352067972153816e-12,0.005125358235090971,0.9934500455856323,0.994067370891571,0.9936929941177368,0.0001525319239590317,-1.3062679193528992e-13,7.06085038527926e-14,-1.294066231870782e-16,2.6346618893583742e-15,4.774923945821685e-13,-0.00013062679499853402,7.060850475681946e-05,0.00047749237273819745,0.00011474403202724881,2.078539182548411e-06,5.7220458984375e-06,1.6363616168746375e-06,0.0,0.0,0.0,anisotropic
396,3.3520152799282332e-12,0.005125353112816811,0.9934502243995667,0.9940728545188904,0.9936950206756592,0.00015406444435939193,-1.3062512497444972e-13,7.060657939393644e-14,-1.2940068072155763e-16,2.6346083145244604e-15,4.774826367626162e-13,-0.00013062512152828276,7.06065766280517e-05,0.0004774826520588249,0.00011548847207330281,2.0900642994092777e-06,5.7220458984375e-06,1.6458283198517165e-06,0.0,0.0,0.0,anisotropic
397,3.351961937181347e-12,0.0051253484562039375,0.993450403213501,0.9940783977508545,0.9936970472335815,0.0001556133065605536,-1.3062355288129962e-13,7.060461427749881e-14,-1.2939471178625745e-16,2.634554316174073e-15,4.774728789430638e-13,-0.0001306235499214381,7.060461211949587e-05,0.00047747287317179143,0.00011623547349696791,2.1013602236052975e-06,5.781650543212891e-06,1.6549618067074334e-06,0.0,0.0,0.0,anisotropic
398,3.351908377594026e-12,0.0051253437995910645,0.9934505820274353,0.9940840005874634,0.9936990737915039,0.00015717082715127617,-1.306219265780409e-13,7.060263560853403e-14,-1.2938866344161846e-16,2.6345003178236855e-15,4.774630669134028e-13,-0.00013062192010693252,7.060263305902481e-05,0.00047746303607709706,0.00011698500644076287,2.1128671505721286e-06,5.781650543212891e-06,1.6643897424728493e-06,0.0,0.0,0.0,anisotropic
399,3.3518543843258364e-12,0.005125338677316904,0.9934507608413696,0.9940896034240723,0.9937011003494263,0.00015873661322984844,-1.3062030027478216e-13,7.060069082088713e-14,-1.2938261509697947e-16,2.6344456841985876e-15,4.774531464635245e-13,-0.00013062030484434217,7.060069037834182e-05,0.0004774531116709113,0.00011773647154369274,2.1221640054136515e-06,5.781650543212891e-06,1.6730506331441575e-06,0.0,0.0,0.0,anisotropic
400,3.351800607898081e-12,0.005125333555042744,0.9934508800506592,0.9940952062606812,0.9937031269073486,0.00016030619735829532,-1.3061867397152344e-13,7.059869182313161e-14,-1.2937654028256088e-16,2.6343914740899633e-15,4.774432260136463e-13,-0.0001306186750298366,7.059868948999792e-05,0.00047744327457621694,0.00011849061639855015,2.133629095624201e-06,5.841255187988281e-06,1.6821063582028728e-06,0.0,0.0,0.0,anisotropic
401,3.351745964108588e-12,0.005125328432768583,0.9934510588645935,0.9941008687019348,0.993705153465271,0.00016189047892112285,-1.3061703411573755e-13,7.059668604911251e-14,-1.293704257634729e-16,2.634335993431918e-15,4.774331971435508e-13,-0.0001306170306634158,7.059668860165402e-05,0.00047743317554704845,0.00011924666499870668,2.145356120308861e-06,5.841255187988281e-06,1.691352849775285e-06,0.0,0.0,0.0,anisotropic
402,3.3516908866382256e-12,0.00512532377615571,0.9934512376785278,0.9941065907478333,0.9937072992324829,0.0001634823129279539,-1.3061542136500598e-13,7.059468027509341e-14,-1.293642450699359e-16,2.634280512773873e-15,4.774231140633467e-13,-0.00013061541540082544,7.059468043735251e-05,0.0004774231347255409,0.00012000516605175382,2.1572141122305766e-06,5.900859832763672e-06,1.700462235021405e-06,0.0,0.0,0.0,anisotropic
403,3.351635592327429e-12,0.0051253181882202625,0.9934513568878174,0.9941122531890869,0.9937093257904053,0.0001650830963626504,-1.3061375440416578e-13,7.059266094854716e-14,-1.293580114368397e-16,2.634224820357591e-15,4.77412976773034e-13,-0.0001306137564824894,7.059265772113577e-05,0.000477412948384881,0.00012076594465350542,2.1685173123842105e-06,5.900859832763672e-06,1.7093378801291692e-06,0.0,0.0,0.0,anisotropic
404,3.351579864335763e-12,0.005125312600284815,0.9934515357017517,0.9941180348396301,0.9937114119529724,0.00016669064643792808,-1.3061206033827127e-13,7.059063484573733e-14,-1.293517778037435e-16,2.6341687044248354e-15,4.774027852726126e-13,-0.0001306120539084077,7.059063500491902e-05,0.00047740276204422116,0.00012152859287543522,2.1804244170198217e-06,5.9604644775390625e-06,1.7184029275085777e-06,0.0,0.0,0.0,anisotropic
405,3.3515239195036628e-12,0.0051253074780106544,0.993451714515686,0.9941237568855286,0.9937134981155396,0.000168296362971887,-1.3061037982490392e-13,7.058859519040034e-14,-1.293455177008677e-16,2.634112376733843e-15,4.773925395620826e-13,-0.00013061038043815643,7.058859773678705e-05,0.0004773925174959004,0.00012229367464803334,2.1917894628131762e-06,5.9604644775390625e-06,1.7273229104830534e-06,0.0,0.0,0.0,anisotropic
406,3.3514675409906935e-12,0.005125302355736494,0.9934518933296204,0.9941295981407166,0.9937156438827515,0.0001699185959296301,-1.3060871286406373e-13,7.058653520627262e-14,-1.2933916495376328e-16,2.6340552020099033e-15,4.773821312212267e-13,-0.00013060870696790516,7.058653864078224e-05,0.00047738212742842734,0.00012306077359283498,2.203545591328293e-06,5.9604644775390625e-06,1.7362758626404684e-06,0.0,0.0,0.0,anisotropic
407,3.3514111624777243e-12,0.005125297233462334,0.9934520125389099,0.9941353797912598,0.9937177896499634,0.0001715582184260711,-1.3060704590322353e-13,7.058444811709058e-14,-1.2933281220665888e-16,2.6339984508024373e-15,4.773718313005881e-13,-0.00013060704804956913,7.058445044094697e-05,0.00047737182467244565,0.00012382984756054727,2.2150306904222816e-06,6.020069122314453e-06,1.745265308272792e-06,0.0,0.0,0.0,anisotropic
408,3.351353482922148e-12,0.005125291645526886,0.9934521913528442,0.9941412806510925,0.9937198758125305,0.0001732031669234857,-1.3060535183732902e-13,7.058238135669928e-14,-1.2932644622466467e-16,2.633941064320261e-15,4.773614229597323e-13,-0.0001306053454754874,7.058238406898454e-05,0.0004773613763973117,0.00012460140668879086,2.226581273134798e-06,6.079673767089844e-06,1.7541796069053817e-06,0.0,0.0,0.0,anisotropic
409,3.3512964538878753e-12,0.005125286057591438,0.9934523701667786,0.9941471815109253,0.9937220215797424,0.00017485214630141854,-1.3060364421890736e-13,7.058030104378082e-14,-1.2932002730311126e-16,2.6338832543216107e-15,4.773509061986592e-13,-0.0001306036429014057,7.058030314510688e-05,0.00047735089901834726,0.00012537534285498637,2.2377607820089906e-06,6.079673767089844e-06,1.7630446791372378e-06,0.0,0.0,0.0,anisotropic
410,3.3512385574918646e-12,0.005125280935317278,0.9934524893760681,0.9941530823707581,0.9937242269515991,0.00017650239169597626,-1.306019366004857e-13,7.05781800732809e-14,-1.2931354220710884e-16,2.633825020806487e-15,4.773402810173688e-13,-0.00013060194032732397,7.057817856548354e-05,0.00047734027612023056,0.00012615115673877923,2.2493804863188416e-06,6.079673767089844e-06,1.7722800293995533e-06,0.0,0.0,0.0,anisotropic
411,3.3511800105745504e-12,0.005125274881720543,0.9934526681900024,0.9941590428352356,0.993726372718811,0.00017817442130763084,-1.3060022898206403e-13,7.057606587904455e-14,-1.2930700417154722e-16,2.6337661520166528e-15,4.773296558360784e-13,-0.00013060022320132703,7.057606853777543e-05,0.0004773296241182834,0.0001269288779775684,2.2607764549320564e-06,6.139278411865234e-06,1.7812552641771617e-06,0.0,0.0,0.0,anisotropic
412,3.351121463657236e-12,0.005125269293785095,0.993452787399292,0.9941650032997131,0.993728518486023,0.00017985087470151484,-1.3059849425858805e-13,7.057390425096316e-14,-1.293004529010958e-16,2.6337072832268186e-15,4.773189222345708e-13,-0.00013059849152341485,7.057390757836401e-05,0.0004773189139086753,0.00012770884924972025,2.2696167434332892e-06,6.139278411865234e-06,1.7901754745253129e-06,0.0,0.0,0.0,anisotropic
413,3.3510631335803565e-12,0.005125264171510935,0.9934529662132263,0.9941710233688354,0.9937306642532349,0.00018152907432522625,-1.305968137452207e-13,7.057178328046324e-14,-1.2929390163064438e-16,2.6336484144369844e-15,4.773081886330632e-13,-0.0001305968180531636,7.057178299874067e-05,0.00047730820369906723,0.00012849076990669518,2.2810581867815927e-06,6.198883056640625e-06,1.7993722849496407e-06,0.0,0.0,0.0,anisotropic
414,3.3510035024608698e-12,0.0051252576522529125,0.9934531450271606,0.9941770434379578,0.9937329292297363,0.00018322408141102642,-1.3059501125910894e-13,7.056964198117258e-14,-1.2928729742063376e-16,2.633588698614203e-15,4.772973466113384e-13,-0.00013059501361567527,7.05696438672021e-05,0.00047729737707413733,0.00012927439639645805,2.292319550178945e-06,6.198883056640625e-06,1.8084698467646376e-06,0.0,0.0,0.0,anisotropic
415,3.350943871341383e-12,0.005125252529978752,0.9934532642364502,0.9941831231117249,0.9937351942062378,0.00018492496747057885,-1.3059327653563296e-13,7.056748035309118e-14,-1.2928062703617413e-16,2.6335291945496584e-15,4.772865045896135e-13,-0.0001305932819377631,7.056748290779069e-05,0.00047728652134537697,0.00013006038030675935,2.3033371689962223e-06,6.258487701416016e-06,1.8177278207076597e-06,0.0,0.0,0.0,anisotropic
416,3.350884023381462e-12,0.005125246476382017,0.9934534430503845,0.9941892027854919,0.9937373399734497,0.0001866326347226277,-1.3059151470710267e-13,7.056529161995548e-14,-1.292739169470451e-16,2.6334688434521665e-15,4.772755541476714e-13,-0.00013059152115602046,7.056529284454882e-05,0.0004772755492012948,0.00013084813199152622,2.3141183191910386e-06,6.258487701416016e-06,1.827201344895002e-06,0.0,0.0,0.0,anisotropic
417,3.350823958581106e-12,0.0051252408884465694,0.9934535622596741,0.994195282459259,0.9937396049499512,0.00018835064838640392,-1.3058976643109954e-13,7.056311643934693e-14,-1.2926720685791607e-16,2.6334084923546747e-15,4.772645494956207e-13,-0.00013058976037427783,7.056311733322218e-05,0.00047726454795338213,0.00013163764045471133,2.324666638742201e-06,6.318092346191406e-06,1.8362160290052998e-06,0.0,0.0,0.0,anisotropic
418,3.3507630264190125e-12,0.0051252348348498344,0.9934537410736084,0.9942014217376709,0.9937418103218079,0.00019007301307283342,-1.3058800460256925e-13,7.056089382489333e-14,-1.2926043059433804e-16,2.6333475059824724e-15,4.772534906334613e-13,-0.0001305879995925352,7.056089089019224e-05,0.0004772534593939781,0.00013242913165958513,2.335436875000596e-06,6.318092346191406e-06,1.8452882386554847e-06,0.0,0.0,0.0,anisotropic
419,3.3507016605760498e-12,0.005125229246914387,0.993453860282898,0.9942076206207275,0.9937441349029541,0.0001918100897455588,-1.3058624277403896e-13,7.055867798670332e-14,-1.29253588156311e-16,2.6332858843355596e-15,4.772423233510847e-13,-0.00013058623881079257,7.055867899907753e-05,0.00047724228352308273,0.00013322237295617918,2.346034307265654e-06,6.377696990966797e-06,1.8547198123997077e-06,0.0,0.0,0.0,anisotropic
420,3.3506400778926526e-12,0.0051252227276563644,0.9934540390968323,0.9942138195037842,0.9937463998794556,0.00019355362746864557,-1.3058442673540005e-13,7.055646892477688e-14,-1.2924677218806356e-16,2.6332244744468837e-15,4.772311560687081e-13,-0.00013058441982138902,7.055646710796282e-05,0.0004772311367560178,0.00013401745685829967,2.356160621275194e-06,6.377696990966797e-06,1.8639032077771844e-06,0.0,0.0,0.0,anisotropic
421,3.3505780615283864e-12,0.005125217139720917,0.9934541583061218,0.9942200779914856,0.993748664855957,0.00019530695863068104,-1.3058263780181545e-13,7.055419887647824e-14,-1.2923986357558752e-16,2.6331624292834973e-15,4.772198803661143e-13,-0.00013058264448773116,7.055419700918719e-05,0.00047721987357363105,0.00013481466047113715,2.3663724277867004e-06,6.4373016357421875e-06,1.8736766378424363e-06,0.0,0.0,0.0,anisotropic
422,3.3505156114832513e-12,0.005125211551785469,0.9934543371200562,0.994226336479187,0.9937509298324585,0.0001970519806491211,-1.30580862420758e-13,7.055195593323391e-14,-1.2923292849333187e-16,2.633100384120111e-15,4.772085504534118e-13,-0.0001305808691540733,7.055195601424202e-05,0.0004772085521835834,0.0001356135532257282,2.3762495402479544e-06,6.4373016357421875e-06,1.882607648440171e-06,0.0,0.0,0.0,anisotropic
423,3.350453595118985e-12,0.005125205963850021,0.9934544563293457,0.9942325949668884,0.99375319480896,0.00019882855121977627,-1.3057905993464625e-13,7.054969266119884e-14,-1.2922603311574563e-16,2.633037915440251e-15,4.771972205407093e-13,-0.00013057906471658498,7.054969319142401e-05,0.0004771972307935357,0.00013641406987955197,2.386452251812443e-06,6.4373016357421875e-06,1.8922174831459415e-06,0.0,0.0,0.0,anisotropic
424,3.350390277712112e-12,0.005125199444591999,0.99345463514328,0.9942389130592346,0.9937554597854614,0.00020060154201928526,-1.305772845535888e-13,7.054742938916378e-14,-1.2921900538926138e-16,2.632975235002154e-15,4.771858364178982e-13,-0.00013057728938292712,7.0547430368606e-05,0.0004771857929881662,0.00013721627230884578,2.3936809157021344e-06,6.496906280517578e-06,1.9015228645002935e-06,0.0,0.0,0.0,anisotropic
425,3.3503271771456733e-12,0.005125192925333977,0.9934547543525696,0.9942452907562256,0.9937578439712524,0.0002023901470238343,-1.3057541430484126e-13,7.054515934086514e-14,-1.2921199089766693e-16,2.6329114957728732e-15,4.771742354546527e-13,-0.00013057541218586266,7.054516026983038e-05,0.0004771742387674749,0.0001380203563321023,2.403319740551524e-06,6.556510925292969e-06,1.9105673345620744e-06,0.0,0.0,0.0,anisotropic
426,3.3502636428983656e-12,0.005125186871737242,0.9934549331665039,0.9942516684532166,0.9937601089477539,0.00020418979693204165,-1.305735847136752e-13,7.05428554112486e-14,-1.2920492346651328e-16,2.632848180060066e-15,4.771627429116243e-13,-0.00013057357864454389,7.054285379126668e-05,0.000477162713650614,0.00013882594669860118,2.412960384390317e-06,6.556510925292969e-06,1.9201245322619798e-06,0.0,0.0,0.0,anisotropic
427,3.35019924128932e-12,0.005125180818140507,0.9934550523757935,0.9942580461502075,0.9937624931335449,0.0002059883117908612,-1.305717957800906e-13,7.054053792910492e-14,-1.2919780309580042e-16,2.6327842290725482e-15,4.771511419483787e-13,-0.0001305717887589708,7.054054003674537e-05,0.0004771511012222618,0.0001396331983224466,2.4222299543907866e-06,6.556510925292969e-06,1.929335439854185e-06,0.0,0.0,0.0,anisotropic
428,3.350135056520709e-12,0.0051251742988824844,0.993455171585083,0.9942644834518433,0.9937647581100464,0.00020779742044396698,-1.3056992553134306e-13,7.053824077575196e-14,-1.2919068272508757e-16,2.6327200663267937e-15,4.771394325649159e-13,-0.00013056992611382157,7.053824083413929e-05,0.0004771394596900791,0.00014044218244738793,2.431781467748806e-06,6.616115570068359e-06,1.9388824057386955e-06,0.0,0.0,0.0,anisotropic
429,3.3500702212307942e-12,0.005125167779624462,0.9934552907943726,0.9942709803581238,0.9937671422958374,0.00020962518465239555,-1.3056808238764983e-13,7.053588941229039e-14,-1.291834697101461e-16,2.6326552683063288e-15,4.771276147612358e-13,-0.00013056807802058756,7.05358906998299e-05,0.00047712764353491366,0.0001412526903287467,2.4412202037638053e-06,6.616115570068359e-06,1.9480105493130395e-06,0.0,0.0,0.0,anisotropic
430,3.3500049522600106e-12,0.00512516126036644,0.9934554100036621,0.9942774176597595,0.9937695264816284,0.00021144855418242514,-1.305662121389023e-13,7.053355837761954e-14,-1.2917629639987404e-16,2.632590258527627e-15,4.771158511676643e-13,-0.00013056621537543833,7.053355511743575e-05,0.0004771158273797482,0.00014206490729699864,2.4501750885974616e-06,6.67572021484375e-06,1.9576916656660615e-06,0.0,0.0,0.0,anisotropic
431,3.349939249608358e-12,0.0051251547411084175,0.9934555292129517,0.9942839741706848,0.9937718510627747,0.00021328849834389985,-1.305643554426819e-13,7.053118668536723e-14,-1.2916897750581417e-16,2.6325248252324516e-15,4.77103924943767e-13,-0.0001305643527302891,7.053118315525353e-05,0.0004771039239130914,0.00014287855831726447,2.4596338334959e-06,6.735324859619141e-06,1.967029902516515e-06,0.0,0.0,0.0,anisotropic
432,3.3498735469567054e-12,0.005125148221850395,0.9934556484222412,0.9942905306816101,0.9937742352485657,0.00021513449610210955,-1.3056248519393437e-13,7.052881499311492e-14,-1.291617512559829e-16,2.6324593919372762e-15,4.770919987198696e-13,-0.00013056249008513987,7.052881846902892e-05,0.00047709199134260416,0.00014369388468032858,2.4687233235454187e-06,6.67572021484375e-06,1.976289468075265e-06,0.0,0.0,0.0,anisotropic
433,3.3498069769433148e-12,0.005125141702592373,0.9934557676315308,0.9942970871925354,0.9937766194343567,0.00021698189084418118,-1.3056060139265968e-13,7.052642297207187e-14,-1.2915436618747404e-16,2.6323933233673904e-15,4.770800182858637e-13,-0.00013056059833616018,7.052642467897385e-05,0.000477080000564456,0.00014451061257399173,2.4776127247605473e-06,6.735324859619141e-06,1.985522203540313e-06,0.0,0.0,0.0,anisotropic
434,3.3497406237703586e-12,0.005125134252011776,0.9934558868408203,0.9943037033081055,0.9937790036201477,0.00021885140449739993,-1.3055873114391214e-13,7.052405805608314e-14,-1.2914699435385497e-16,2.632326831281031e-15,4.770679294316404e-13,-0.00013055873569101095,7.052405999274924e-05,0.00047706792247481644,0.00014532886672812936,2.4870205379556865e-06,6.794929504394531e-06,1.9949850411649095e-06,0.0,0.0,0.0,anisotropic
435,3.3496734032356645e-12,0.005125128198415041,0.9934560060501099,0.9943103194236755,0.9937813878059387,0.00022072198044043034,-1.305568337901103e-13,7.05216321537222e-14,-1.291396225202359e-16,2.6322601274364347e-15,4.770557863673086e-13,-0.00013055682939011604,7.05216298229061e-05,0.00047705581528134644,0.0001461485703156556,2.4959517759270966e-06,6.794929504394531e-06,2.004255520660081e-06,0.0,0.0,0.0,anisotropic
436,3.3496057490201014e-12,0.005125121213495731,0.9934561252593994,0.9943169355392456,0.9937838315963745,0.0002226024807896465,-1.305549499888356e-13,7.051918592257053e-14,-1.291321183377188e-16,2.6321930000753647e-15,4.770435890928681e-13,-0.00013055495219305158,7.051918510114774e-05,0.00047704356256872416,0.0001469697267123755,2.5026420189533383e-06,6.854534149169922e-06,2.0137567844358273e-06,0.0,0.0,0.0,anisotropic
437,3.3495376611236694e-12,0.005125114694237709,0.9934561848640442,0.9943236112594604,0.9937862157821655,0.0002244841743959114,-1.305530390825066e-13,7.051679390152749e-14,-1.2912464062498133e-16,2.632125872714295e-15,4.770313918184277e-13,-0.00013055304589215666,7.051679131109267e-05,0.0004770313680637628,0.00014779224079956418,2.511851562303491e-06,6.854534149169922e-06,2.023252591243363e-06,0.0,0.0,0.0,anisotropic
438,3.3494700069081063e-12,0.005125107243657112,0.9934563040733337,0.9943303465843201,0.9937885999679565,0.0002263886563014239,-1.305511552812319e-13,7.05143205653215e-14,-1.2911713644246425e-16,2.6320581100785145e-15,4.7701908612377e-13,-0.00013055115414317697,7.051431748550385e-05,0.00047701908624731004,0.00014861617046323631,2.521032001823187e-06,6.854534149169922e-06,2.0324896468082443e-06,0.0,0.0,0.0,anisotropic
439,3.3494012684903707e-12,0.00512510072439909,0.9934564232826233,0.9943370819091797,0.9937911033630371,0.00022828592045698315,-1.3054921726984858e-13,7.051189466296057e-14,-1.2910960579016757e-16,2.631990347442734e-15,4.770067262190036e-13,-0.0001305492187384516,7.051189459161833e-05,0.00047700671711936593,0.00014944146435868117,2.5304179871454835e-06,6.9141387939453125e-06,2.0416646293597296e-06,0.0,0.0,0.0,anisotropic
440,3.3493327469130696e-12,0.0051250942051410675,0.9934565424919128,0.9943438172340393,0.9937934875488281,0.00023020087974146008,-1.3054725215341095e-13,7.050945520807247e-14,-1.2910202219831168e-16,2.6319215260157697e-15,4.769942578940201e-13,-0.00013054725422989577,7.050945714581758e-05,0.0004769942897837609,0.00015026782694437616,2.5398749130545184e-06,6.9141387939453125e-06,2.0509642126853578e-06,0.0,0.0,0.0,anisotropic
441,3.349263141133596e-12,0.005125086754560471,0.9934566617012024,0.9943506121635437,0.9937959909439087,0.00023212755331769586,-1.305453276945548e-13,7.050695476681218e-14,-1.290943724320068e-16,2.631852916347042e-15,4.769817895690365e-13,-0.00013054533337708563,7.05069542163983e-05,0.00047698180424049497,0.00015109577201805088,2.549220880609937e-06,6.973743438720703e-06,2.06032996175054e-06,0.0,0.0,0.0,anisotropic
442,3.349193318513688e-12,0.005125080700963736,0.9934567213058472,0.9943574070930481,0.9937983751296997,0.00023406173568218946,-1.305434438932801e-13,7.050444754928831e-14,-1.290866829610325e-16,2.6317840949200777e-15,4.769692670339443e-13,-0.00013054344162810594,7.05044440110214e-05,0.0004769692604895681,0.00015192472396616735,2.5589524739189073e-06,7.033348083496094e-06,2.069119091174798e-06,0.0,0.0,0.0,anisotropic
443,3.3491237127342144e-12,0.005125073250383139,0.9934568405151367,0.9943642616271973,0.9938008785247803,0.00023599292035214603,-1.30541438119261e-13,7.050198776560948e-14,-1.290790596645072e-16,2.631714638218403e-15,4.769566902887434e-13,-0.00013054143346380442,7.050198473734781e-05,0.00047695665853098035,0.00015275499068149879,2.5685167202027515e-06,7.033348083496094e-06,2.0782845240319148e-06,0.0,0.0,0.0,anisotropic
444,3.349053239593003e-12,0.005125066265463829,0.9934569597244263,0.9943711161613464,0.9938033819198608,0.0002379412908339873,-1.3053948655535053e-13,7.049946021929487e-14,-1.290712643144145e-16,2.6316447580002544e-15,4.769438967031081e-13,-0.00013053948350716382,7.049945998005569e-05,0.0004769439110532403,0.0001535863909387165,2.5778499548323452e-06,7.092952728271484e-06,2.0873401354037924e-06,0.0,0.0,0.0,anisotropic
445,3.3489827664517913e-12,0.005125059280544519,0.9934570789337158,0.9943780303001404,0.9938058853149414,0.00023989811597857624,-1.3053760275407583e-13,7.049694622550742e-14,-1.2906352190388101e-16,2.6315750895403427e-15,4.769312657477986e-13,-0.00013053760631009936,7.04969497746788e-05,0.0004769312508869916,0.00015441892120892273,2.5873105187201872e-06,7.033348083496094e-06,2.0959721496183192e-06,0.0,0.0,0.0,anisotropic
446,3.3489109922679727e-12,0.00512505229562521,0.9934571385383606,0.9943849444389343,0.993808388710022,0.00024186143127735704,-1.305356105325839e-13,7.049439835040208e-14,-1.290556206746699e-16,2.631504574047484e-15,4.769184179520547e-13,-0.00013053561269771308,7.049439591355622e-05,0.0004769184160977602,0.00015525263740695383,2.5966546672862023e-06,7.152557373046875e-06,2.1050943814771017e-06,0.0,0.0,0.0,anisotropic
447,3.3488394349245887e-12,0.0051250457763671875,0.9934572577476501,0.9943918585777283,0.9938108921051025,0.0002438315423205495,-1.3053364541614626e-13,7.049185725156032e-14,-1.290477988547976e-16,2.631433846796388e-15,4.769056243664194e-13,-0.00013053364818915725,7.049185660434887e-05,0.0004769055813085288,0.00015608727004453324,2.605615009088069e-06,7.152557373046875e-06,2.114141580022988e-06,0.0,0.0,0.0,anisotropic
448,3.3487678775812046e-12,0.005125038325786591,0.9934573769569397,0.994398832321167,0.9938133358955383,0.00024580536410212517,-1.305316260896e-13,7.048930937645498e-14,-1.290399638000355e-16,2.6313629077870555e-15,4.768927223605668e-13,-0.0001305316254729405,7.04893100191839e-05,0.0004768927174154669,0.00015692321177150753,2.612992830108851e-06,7.212162017822266e-06,2.1230018774076598e-06,0.0,0.0,0.0,anisotropic
449,3.3486954528760826e-12,0.005125031806528568,0.9934574365615845,0.9944058656692505,0.9938158988952637,0.0002477964444551617,-1.3052964742063522e-13,7.04867411725589e-14,-1.290320493359346e-16,2.6312915452612494e-15,4.76879711934497e-13,-0.00013052964641246945,7.04867416061461e-05,0.0004768796788994223,0.00015776015821924742,2.621452949824743e-06,7.152557373046875e-06,2.131898327206727e-06,0.0,0.0,0.0,anisotropic
450,3.3486230281709606e-12,0.005125024355947971,0.993457555770874,0.9944128394126892,0.993818461894989,0.0002497931709513068,-1.305276145415618e-13,7.048416619239925e-14,-1.2902409516716429e-16,2.6312195474607327e-15,4.768666472983185e-13,-0.00013052760914433748,7.048416591715068e-05,0.00047686666948720813,0.00015859821426407003,2.6308061933377758e-06,7.271766662597656e-06,2.140978267561877e-06,0.0,0.0,0.0,anisotropic
451,3.3485501697849696e-12,0.005125017836689949,0.9934576749801636,0.9944199323654175,0.9938209652900696,0.0002517923421692103,-1.3052562232006987e-13,7.048157765971244e-14,-1.2901611452861437e-16,2.631147761418453e-15,4.768535826621401e-13,-0.0001305256155319512,7.048157567624003e-05,0.00047685360186733305,0.0001594371449054738,2.6394864107714966e-06,7.212162017822266e-06,2.1497110083146254e-06,0.0,0.0,0.0,anisotropic
452,3.348476660877675e-12,0.005125010386109352,0.9934577345848083,0.994426965713501,0.9938235282897949,0.0002538055123295635,-1.3052361654605077e-13,7.04789687982349e-14,-1.2900804124583586e-16,2.631075128343226e-15,4.768404096057444e-13,-0.0001305236219195649,7.047897088341415e-05,0.00047684041783213615,0.0001602771101681147,2.648672307259403e-06,7.271766662597656e-06,2.158661573048448e-06,0.0,0.0,0.0,anisotropic
453,3.3484027182895115e-12,0.00512500386685133,0.9934578537940979,0.9944340586662292,0.9938260316848755,0.0002558151609264314,-1.3052163787708598e-13,7.047636671302093e-14,-1.2899999443283694e-16,2.6310027070262356e-15,4.768272365493487e-13,-0.00013052164285909384,7.047636609058827e-05,0.0004768272046931088,0.00016111813136741862,2.6575016818242148e-06,7.331371307373047e-06,2.1677210497728083e-06,0.0,0.0,0.0,anisotropic
454,3.3483294262226515e-12,0.0051249973475933075,0.9934579133987427,0.9944412112236023,0.9938286542892456,0.00025784241734072566,-1.3051959144548542e-13,7.047375785154339e-14,-1.2899190791516862e-16,2.6309298621927718e-15,4.768139550727357e-13,-0.00013051959103904665,7.04737612977624e-05,0.00047681399155408144,0.00016196017994665453,2.6662910386221483e-06,7.331371307373047e-06,2.1769251361547504e-06,0.0,0.0,0.0,anisotropic
455,3.3482548331131845e-12,0.005124990362673998,0.9934580326080322,0.9944483637809753,0.9938311576843262,0.0002598791616037488,-1.305175314613577e-13,7.047110833248438e-14,-1.289837419881615e-16,2.6308561703263606e-15,4.768005651759055e-13,-0.00013051752466708422,7.047110557323322e-05,0.0004768005746882409,0.00016280310449178737,2.674454663065262e-06,7.331371307373047e-06,2.1857522369828075e-06,0.0,0.0,0.0,anisotropic
456,3.348179589482414e-12,0.005124983377754688,0.9934581518173218,0.9944555163383484,0.9938337802886963,0.0002619122969917953,-1.3051551213481144e-13,7.046845203716179e-14,-1.2897556282626458e-16,2.6307822667017127e-15,4.767871752790753e-13,-0.0001305155165027827,7.046844984870404e-05,0.0004767871869262308,0.00016364690302912233,2.683018465177156e-06,7.3909759521484375e-06,2.1949538222543197e-06,0.0,0.0,0.0,anisotropic
457,3.3481047795325125e-12,0.005124975927174091,0.9934582114219666,0.9944627285003662,0.9938364028930664,0.0002639761078171432,-1.3051345215068372e-13,7.04657957418392e-14,-1.2896731748991865e-16,2.630708151318828e-15,4.767736769620279e-13,-0.00013051345013082027,7.046579412417486e-05,0.0004767737118527293,0.00016449126662195876,2.691389454412274e-06,7.450580596923828e-06,2.2038043425709475e-06,0.0,0.0,0.0,anisotropic
458,3.348029102220873e-12,0.005124969407916069,0.9934583306312561,0.994469940662384,0.9938389658927917,0.00026602926664054394,-1.3051144637666462e-13,7.046313944651661e-14,-1.2895909862335232e-16,2.6306340359359432e-15,4.767601786449804e-13,-0.00013051144196651876,7.046313839964569e-05,0.00047676017857156694,0.00016533650788516543,2.7003843570128083e-06,7.450580596923828e-06,2.2128638192953076e-06,0.0,0.0,0.0,anisotropic
459,3.3479534249092335e-12,0.005124962422996759,0.9934583902359009,0.9944772124290466,0.9938415288925171,0.0002680922916624695,-1.3050935928748258e-13,7.046046959866686e-14,-1.289508532870064e-16,2.630559285278348e-15,4.767465719077157e-13,-0.0001305093610426411,7.046046812320128e-05,0.0004767466161865741,0.00016618236716732068,2.7067162591265514e-06,7.450580596923828e-06,2.2218707727006404e-06,0.0,0.0,0.0,anisotropic
460,3.3478770970762906e-12,0.00512495543807745,0.9934585094451904,0.9944844841957092,0.9938441514968872,0.00027016812236979604,-1.3050731285588202e-13,7.04577726457628e-14,-1.2894255501110126e-16,2.630484534620753e-15,4.767329651704511e-13,-0.0001305073092225939,7.045777601888403e-05,0.00047673299559392035,0.00016702937353404063,2.7152964321430773e-06,7.450580596923828e-06,2.2308470306597883e-06,0.0,0.0,0.0,anisotropic
461,3.3478003355624786e-12,0.0051249489188194275,0.9934585690498352,0.9944917559623718,0.9938468337059021,0.0002722538774833083,-1.3050521221417283e-13,7.045506891659517e-14,-1.2893416409096752e-16,2.6304087251719736e-15,4.767192500129691e-13,-0.00013050521374680102,7.045506936265156e-05,0.0004767192294821143,0.00016787688177512543,2.724196747294627e-06,7.510185241699219e-06,2.239334889964084e-06,0.0,0.0,0.0,anisotropic
462,3.3477235740486666e-12,0.005124941933900118,0.9934586882591248,0.9944990873336792,0.9938494563102722,0.00027433421928435564,-1.305031522300451e-13,7.045235163490038e-14,-1.2892578640572358e-16,2.630333127481431e-15,4.767054806453785e-13,-0.0001305031473748386,7.045234815450385e-05,0.0004767054633703083,0.00016872551280063875,2.7325222617946565e-06,7.569789886474609e-06,2.2483247903437587e-06,0.0,0.0,0.0,anisotropic
463,3.347646162013551e-12,0.0051249354146420956,0.9934587478637695,0.9945064187049866,0.9938520789146423,0.0002764378150459379,-1.3050106514086307e-13,7.044967501078706e-14,-1.2891736901581024e-16,2.6302568945161782e-15,4.766916570676794e-13,-0.00013050106645096093,7.044967787805945e-05,0.0004766916681546718,0.00016957455326636734,2.7406404115026817e-06,7.569789886474609e-06,2.256726247651386e-06,0.0,0.0,0.0,anisotropic
464,3.347568533138001e-12,0.005124928895384073,0.9934588670730591,0.9945138096809387,0.9938547611236572,0.0002785380638670176,-1.3049895094662672e-13,7.044691029524722e-14,-1.289088986863377e-16,2.6301806615509253e-15,4.766777792798715e-13,-0.00013049895642325282,7.044691301416606e-05,0.0004766777856275439,0.0001704242028854185,2.7489368221722543e-06,7.569789886474609e-06,2.2655331122223288e-06,0.0,0.0,0.0,anisotropic
465,3.3474906874220167e-12,0.005124921910464764,0.9934589266777039,0.9945212006568909,0.9938573837280273,0.00028065257356502116,-1.3049683675239038e-13,7.044417268476169e-14,-1.2890041512197536e-16,2.630104005069199e-15,4.766638472819551e-13,-0.00013049683184362948,7.044416997814551e-05,0.0004766638157889247,0.00017127428284570932,2.757176844170317e-06,7.62939453125e-06,2.274185817441321e-06,0.0,0.0,0.0,anisotropic
466,3.3474121911847288e-12,0.005124914925545454,0.9934589862823486,0.994528591632843,0.9938600063323975,0.0002827699645422399,-1.3049477676826265e-13,7.044140796922185e-14,-1.288918786180538e-16,2.6300269250709987e-15,4.7664986107393e-13,-0.00013049478002358228,7.044140511425212e-05,0.000476649816846475,0.000172124974960991,2.7651785785565153e-06,7.62939453125e-06,2.282622972415993e-06,0.0,0.0,0.0,anisotropic
467,3.347333694947441e-12,0.005124907940626144,0.9934591054916382,0.9945360422134399,0.9938626289367676,0.00028489201213233173,-1.30492635468972e-13,7.043866358247275e-14,-1.2888335534902206e-16,2.6299498450727985e-15,4.766358206557963e-13,-0.0001304926408920437,7.043866207823157e-05,0.00047663578880019486,0.00017297623421837346,2.7734204195439816e-06,7.62939453125e-06,2.291397777298698e-06,0.0,0.0,0.0,anisotropic
468,3.3472541145079804e-12,0.005124900955706835,0.993459165096283,0.9945434927940369,0.9938653707504272,0.0002870310563594103,-1.304905348272628e-13,7.043586498561502e-14,-1.2887475267065151e-16,2.629871918041651e-15,4.766216718174454e-13,-0.0001304905308643356,7.043586811050773e-05,0.00047662167344242334,0.00017382803858230207,2.781785951810889e-06,7.68899917602539e-06,2.3000945930107264e-06,0.0,0.0,0.0,anisotropic
469,3.347174967749389e-12,0.005124893970787525,0.9934592843055725,0.9945510029792786,0.9938680529594421,0.00028916276642121375,-1.3048839352797215e-13,7.04330934938116e-14,-1.2886613675739116e-16,2.6297939910105038e-15,4.766074687689859e-13,-0.00013048839173279703,7.043309597065672e-05,0.0004766074998769909,0.00017468033017956717,2.7901096473215148e-06,7.68899917602539e-06,2.3091806724551134e-06,0.0,0.0,0.0,anisotropic
470,3.347094736788625e-12,0.0051248869858682156,0.9934593439102173,0.9945585131645203,0.993870735168457,0.0002913209318649024,-1.3048626578120864e-13,7.043030844948103e-14,-1.288574281999022e-16,2.6297156404628827e-15,4.765932115104177e-13,-0.00013048626715317369,7.043030927889049e-05,0.00047659320989623666,0.00017553315530563927,2.7956666599493474e-06,7.748603820800781e-06,2.31829221775115e-06,0.0,0.0,0.0,anisotropic
471,3.34701493950873e-12,0.005124880000948906,0.9934594035148621,0.994566023349762,0.9938734769821167,0.0002934789808932692,-1.3048412448191798e-13,7.042748952383257e-14,-1.2884873287730304e-16,2.629637078157025e-15,4.765789542518495e-13,-0.00013048412802163512,7.042748620733619e-05,0.0004765789781231433,0.0001763864468863041,2.8032045520376414e-06,7.748603820800781e-06,2.326389221707359e-06,0.0,0.0,0.0,anisotropic
472,3.346933841186228e-12,0.005124873481690884,0.9934595227241516,0.9945735931396484,0.9938761591911316,0.0002956462267320603,-1.3048199673515448e-13,7.042465026939337e-14,-1.2883995814536508e-16,2.6295578805764566e-15,4.765645885730641e-13,-0.00013048200344201177,7.042464858386666e-05,0.0004765646008308977,0.0001772400561907207,2.81118082057219e-06,7.748603820800781e-06,2.3355762550636427e-06,0.0,0.0,0.0,anisotropic
473,3.3468536102254642e-12,0.005124865565448999,0.9934595823287964,0.9945811629295349,0.9938788414001465,0.0002978114935103804,-1.304798283308095e-13,7.042185844879922e-14,-1.2883124958787612e-16,2.6294786829958883e-15,4.7655016868417e-13,-0.00013047983520664275,7.042186189210042e-05,0.00047655016533099115,0.00017809412712449597,2.8188496798975393e-06,7.808208465576172e-06,2.34412391364458e-06,0.0,0.0,0.0,anisotropic
474,3.3467725119029623e-12,0.005124859046190977,0.9934596419334412,0.9945887923240662,0.9938815832138062,0.0002999934949912131,-1.30477700584046e-13,7.041901241809645e-14,-1.2882247485593816e-16,2.6293990618988464e-15,4.765356945851673e-13,-0.00013047769607510418,7.041900971671566e-05,0.00047653575893491507,0.00017894851083768732,2.826629497576505e-06,7.808208465576172e-06,2.3531752049166244e-06,0.0,0.0,0.0,anisotropic
475,3.3466905462187224e-12,0.0051248520612716675,0.9934597611427307,0.9945964217185974,0.9938843250274658,0.0003021806769538671,-1.3047551862717388e-13,7.041617316365725e-14,-1.28813581009992e-16,2.629319017285331e-15,4.76521166276056e-13,-0.00013047551328781992,7.041617209324613e-05,0.0004765212070196867,0.00017980315017495675,2.834294718923047e-06,7.867813110351562e-06,2.3621576019650092e-06,0.0,0.0,0.0,anisotropic
476,3.3466081468536135e-12,0.0051248446106910706,0.9934598207473755,0.9946040511131287,0.9938870668411255,0.0003043741453438997,-1.3047336377535607e-13,7.041330680416374e-14,-1.2880470039893562e-16,2.6292387609135786e-15,4.765065837568361e-13,-0.00013047335960436612,7.041330536594614e-05,0.00047650656779296696,0.00018065783864938456,2.8418508009053767e-06,7.867813110351562e-06,2.3702361886535073e-06,0.0,0.0,0.0,anisotropic
477,3.3465261811693736e-12,0.005124838091433048,0.993459939956665,0.9946117401123047,0.9938898086547852,0.00030657381284981966,-1.3047118181848394e-13,7.041040656335235e-14,-1.2879580655298945e-16,2.6291582927835894e-15,4.764919470275075e-13,-0.00013047117681708187,7.04104095348157e-05,0.0004764919576700777,0.00018151307099075037,2.8492086130427197e-06,7.867813110351562e-06,2.3793504624336492e-06,0.0,0.0,0.0,anisotropic
478,3.3464435649638302e-12,0.005124830640852451,0.9934599995613098,0.9946194291114807,0.9938925504684448,0.0003087855875492096,-1.3046898630908466e-13,7.040752665133168e-14,-1.2878687300237388e-16,2.62907718937889e-15,4.764772018779617e-13,-0.00013046897947788239,7.040752825560048e-05,0.0004764772311318666,0.0001823684692569432,2.857310391846113e-06,7.927417755126953e-06,2.3880027129052905e-06,0.0,0.0,0.0,anisotropic
479,3.346360948758287e-12,0.005124823655933142,0.9934600591659546,0.9946271181106567,0.9938952922821045,0.00031099774059839547,-1.3046685856232115e-13,7.040466029183817e-14,-1.287779394517583e-16,2.6289967212489006e-15,4.764625651486332e-13,-0.00013046685489825904,7.04046615283005e-05,0.0004764625628013164,0.0001832242182824425,2.8644699341384694e-06,7.987022399902344e-06,2.397013076915755e-06,0.0,0.0,0.0,anisotropic
480,3.346277248350571e-12,0.005124816671013832,0.9934601783752441,0.9946348667144775,0.9938980340957642,0.000313226250000298,-1.3046464950039471e-13,7.040173972223604e-14,-1.2876892649180393e-16,2.628914559053017e-15,4.764477115788701e-13,-0.00013046464300714433,7.040173659333959e-05,0.00047644771984778345,0.00018407998770036325,2.869730451493524e-06,7.987022399902344e-06,2.405730356258573e-06,0.0,0.0,0.0,anisotropic
481,3.346193981623724e-12,0.005124809220433235,0.9934602379798889,0.9946426749229431,0.9939007759094238,0.00031545880483463407,-1.3046245399099543e-13,7.039884625768822e-14,-1.2875988706206995e-16,2.628832820373607e-15,4.764328037989984e-13,-0.00013046246021986008,7.039884803816676e-05,0.0004764328768942505,0.00018493616039016387,2.8769900382030755e-06,8.046627044677734e-06,2.4146550003933953e-06,0.0,0.0,0.0,anisotropic
482,3.346109847535139e-12,0.0051248022355139256,0.9934602975845337,0.9946504235267639,0.9939035773277283,0.0003176948521286249,-1.3046023137654184e-13,7.039591213555893e-14,-1.2875082116255637e-16,2.62875086993596e-15,4.764179502292354e-13,-0.00013046023377683014,7.039590855129063e-05,0.00047641791752539575,0.00018579243578824232,2.8839313017670065e-06,8.046627044677734e-06,2.4234989268734353e-06,0.0,0.0,0.0,anisotropic
483,3.3460252797656853e-12,0.005124795250594616,0.9934604167938232,0.9946582317352295,0.9939063787460327,0.00031994565506465733,-1.3045800876208824e-13,7.039295768463891e-14,-1.2874167585370398e-16,2.6286682842236028e-15,4.764028798190378e-13,-0.0001304580073338002,7.039295451249927e-05,0.0004764028999488801,0.00018664902009612953,2.891110852942802e-06,8.046627044677734e-06,2.432215524095227e-06,0.0,0.0,0.0,anisotropic
484,3.3459407119962314e-12,0.005124788265675306,0.993460476398468,0.9946660995483398,0.9939091205596924,0.0003221977094653994,-1.304557997001618e-13,7.03900303387732e-14,-1.287325173099618e-16,2.6285859102694823e-15,4.763879178290575e-13,-0.00013045579544268548,7.039002957753837e-05,0.0004763879405800253,0.00018750562543841997,2.898079401347786e-06,8.046627044677734e-06,2.4411269805568736e-06,0.0,0.0,0.0,anisotropic
485,3.3458557105459086e-12,0.005124780815094709,0.9934605360031128,0.9946739077568054,0.9939119815826416,0.0003244643157813698,-1.3045359063823536e-13,7.038708266411675e-14,-1.287233587662196e-16,2.6285026892824146e-15,4.763727932087514e-13,-0.00013045358355157077,7.038708281470463e-05,0.00047637277748435736,0.0001883623204261643,2.904836946981959e-06,8.106231689453125e-06,2.450109150231583e-06,0.0,0.0,0.0,anisotropic
486,3.3457702754147167e-12,0.0051247738301754,0.9934606552124023,0.9946817755699158,0.9939147233963013,0.0003267379943281412,-1.3045136802378177e-13,7.038410110814242e-14,-1.2871414728291822e-16,2.62841925653711e-15,4.763576685884452e-13,-0.00013045137166045606,7.038409967208281e-05,0.00047635764349251986,0.000189218883175296,2.912041964009404e-06,8.106231689453125e-06,2.4590262910351157e-06,0.0,0.0,0.0,anisotropic
487,3.345684406602656e-12,0.00512476684525609,0.9934607148170471,0.9946897029876709,0.9939175248146057,0.0003290071035735309,-1.3044914540932817e-13,7.038116020974955e-14,-1.2870490932983722e-16,2.6283358237918055e-15,4.763424355479218e-13,-0.00013044914521742612,7.038116018520668e-05,0.0004763424803968519,0.00019007557756926796,2.9193506634328514e-06,8.165836334228516e-06,2.46749027610349e-06,0.0,0.0,0.0,anisotropic
488,3.345598537790595e-12,0.0051247598603367805,0.9934607744216919,0.994697630405426,0.9939203262329102,0.0003312974004074931,-1.304468821372931e-13,7.037816510124806e-14,-1.2869563167208683e-16,2.6282517557717905e-15,4.763271482972897e-13,-0.0001304468751186505,7.037816249066964e-05,0.00047632717178203166,0.0001909322951700035,2.92641379928682e-06,8.165836334228516e-06,2.47649586526677e-06,0.0,0.0,0.0,anisotropic
489,3.345512235297665e-12,0.005124753341078758,0.9934608340263367,0.9947055578231812,0.9939231872558594,0.0003335844085086137,-1.3044464597031236e-13,7.037521065032804e-14,-1.2868635401433644e-16,2.6281674759935387e-15,4.763118610466577e-13,-0.00013044464867562056,7.037520845187828e-05,0.00047631183406338096,0.00019178906576598314,2.932998540927656e-06,8.165836334228516e-06,2.4849184683262138e-06,0.0,0.0,0.0,anisotropic
490,3.345425282283432e-12,0.005124745890498161,0.9934609532356262,0.9947134852409363,0.9939259886741638,0.00033588919905014336,-1.304424098033316e-13,7.037218166050865e-14,-1.2867701018213704e-16,2.6280827726988133e-15,4.762964653758084e-13,-0.0001304424076806754,7.037218165351078e-05,0.00047629643813706934,0.00019264575894262605,2.938193574664183e-06,8.225440979003906e-06,2.494256477802992e-06,0.0,0.0,0.0,anisotropic
491,3.3453383292691985e-12,0.005124738439917564,0.993461012840271,0.9947214722633362,0.9939287900924683,0.00033819384407252073,-1.3044014653129654e-13,7.036917299948001e-14,-1.2866763988015804e-16,2.627998069404088e-15,4.762810154948505e-13,-0.000130440152133815,7.036916940705851e-05,0.0004762810131069273,0.0001935023456010424,2.944965672213584e-06,8.225440979003906e-06,2.5029894459294155e-06,0.0,0.0,0.0,anisotropic
492,3.345250508893227e-12,0.005124731920659542,0.9934610724449158,0.9947295188903809,0.9939316511154175,0.0003405085299164057,-1.3043786970673432e-13,7.036615756218778e-14,-1.2865821663861983e-16,2.627912519076415e-15,4.762655656138925e-13,-0.00013043786748312414,7.036615716060624e-05,0.0004762655298691243,0.00019435863059348913,2.95217614620924e-06,8.225440979003906e-06,2.5113254196185153e-06,0.0,0.0,0.0,anisotropic
493,3.3451629053576903e-12,0.005124724470078945,0.9934611320495605,0.9947375059127808,0.9939345121383667,0.0003428295603953302,-1.3043561998722641e-13,7.03631285723684e-14,-1.2864878016219183e-16,2.627827392265216e-15,4.762500073127174e-13,-0.00013043562648817897,7.036313036223873e-05,0.00047625001752749085,0.0001952149500058301,2.9594721127068624e-06,8.285045623779297e-06,2.5201131848007208e-06,0.0,0.0,0.0,anisotropic
494,3.345075084981719e-12,0.005124717950820923,0.9934611916542053,0.9947455525398254,0.9939373135566711,0.000345157110132277,-1.3043330250508273e-13,7.036008603002186e-14,-1.2863931721598422e-16,2.6277414184210698e-15,4.762343948014336e-13,-0.00013043329818174243,7.0360089011956e-05,0.00047623441787436604,0.00019607103652519782,2.9665970942005515e-06,8.285045623779297e-06,2.5287477001256775e-06,0.0,0.0,0.0,anisotropic
495,3.3449861804035752e-12,0.005124710500240326,0.9934613108634949,0.9947535991668701,0.9939401745796204,0.00034749595215544105,-1.304310256805205e-13,7.035701638262101e-14,-1.286298145651072e-16,2.627654809302213e-15,4.762186196598239e-13,-0.0001304310280829668,7.035701855784282e-05,0.00047621867270208895,0.00019692685651430237,2.97377300739754e-06,8.344650268554688e-06,2.537419959480758e-06,0.0,0.0,0.0,anisotropic
496,3.344897492665866e-12,0.005124703515321016,0.9934613704681396,0.9947617053985596,0.9939430356025696,0.00034984416561201215,-1.304287488559583e-13,7.03539670640109e-14,-1.286202986793404e-16,2.6275690472163035e-15,4.762030613586488e-13,-0.00013042874343227595,7.035396993160248e-05,0.0004762030439451337,0.0001977825992239303,2.981027137138881e-06,8.344650268554688e-06,2.546102450651233e-06,0.0,0.0,0.0,anisotropic
497,3.3448088049281566e-12,0.005124696996062994,0.9934614300727844,0.994769811630249,0.993945837020874,0.00035219237906858325,-1.304264313738146e-13,7.035091774540078e-14,-1.2861071661912459e-16,2.62748222633921e-15,4.761872862170391e-13,-0.00013042642967775464,7.035092130536214e-05,0.00047618726966902614,0.00019863797810662888,2.9883576644351706e-06,8.344650268554688e-06,2.5548470148351043e-06,0.0,0.0,0.0,anisotropic
498,3.3447190329882748e-12,0.005124690011143684,0.9934614896774292,0.9947779178619385,0.9939486980438232,0.0003545538056641817,-1.3042415454925238e-13,7.034786165052709e-14,-1.2860114779379857e-16,2.6273949819456428e-15,4.761714568653208e-13,-0.00013042415957897902,7.034785812720656e-05,0.0004761714371852577,0.00019949302374952933,2.995449904119596e-06,8.404254913330078e-06,2.5632964479882503e-06,0.0,0.0,0.0,anisotropic
499,3.344629261048393e-12,0.0051246825605630875,0.993461549282074,0.9947860836982727,0.9939515590667725,0.00035691523225978017,-1.304218370671087e-13,7.03447716743355e-14,-1.2859147308935415e-16,2.6273075257938388e-15,4.761555190933853e-13,-0.00013042183127254248,7.034477312117815e-05,0.0004761555464938283,0.00020034767102473838,3.0029259505681694e-06,8.404254913330078e-06,2.5718341021274682e-06,0.0,0.0,0.0,anisotropic
