epoch,cost,mse,gamma_min,gamma_max,gamma_mean,gamma_std,adjoint_grad_min,adjoint_grad_max,adjoint_grad_mean,adjoint_grad_std,adjoint_grad_norm,scaled_grad_min,scaled_grad_max,scaled_grad_norm,param_grad_norm,delta_gamma_mean_abs,delta_gamma_max_abs,delta_gamma_std,tv_raw,tv_loss,tv_weight,tv_type
0,3.3574339055458813e-12,0.005125783383846283,0.9933068156242371,0.9933075904846191,0.9933071732521057,1.7506964411495574e-07,-1.3085467767941922e-13,7.083992680650963e-14,-1.3006386781458834e-16,2.6408748760264845e-15,4.786215369347036e-13,-0.00013085467799101025,7.083992386469617e-05,0.0004786215431522578,3.445549461773636e-07,1.3425960787571967e-08,5.960464477539063e-08,2.8288750897331738e-08,0.0,0.0,0.0,anisotropic
1,3.3574339055458813e-12,0.005125783383846283,0.9933067560195923,0.9933075904846191,0.9933072328567505,1.7547790776006877e-07,-1.3085470478447353e-13,7.083989292519174e-14,-1.3006386781458834e-16,2.640874452510011e-15,4.786215369347036e-13,-0.0001308547070948407,7.083989476086572e-05,0.00047862151404842734,3.4642817265618986e-07,1.236185198649764e-08,5.960464477539063e-08,2.7144279712842945e-08,0.0,0.0,0.0,anisotropic
2,3.3574330381841433e-12,0.005125783383846283,0.9933067560195923,0.9933075904846191,0.9933072328567505,1.7730900481183198e-07,-1.3085470478447353e-13,7.083989292519174e-14,-1.3006381487502914e-16,2.640874452510011e-15,4.786214827245949e-13,-0.0001308547070948407,7.083989476086572e-05,0.0004786214849445969,3.5168071240651284e-07,1.0877556633204222e-08,5.960464477539063e-08,2.5463112507395635e-08,0.0,0.0,0.0,anisotropic
3,3.3574332550245778e-12,0.005125783383846283,0.9933066964149475,0.9933075904846191,0.9933072328567505,1.8109442123659392e-07,-1.3085470478447353e-13,7.083989970145532e-14,-1.3006380164013934e-16,2.640874240751774e-15,4.786214827245949e-13,-0.0001308547070948407,7.083990203682333e-05,0.00047862145584076643,3.595663695446182e-07,1.0459189070388675e-08,5.960464477539063e-08,2.496868134471697e-08,0.0,0.0,0.0,anisotropic
4,3.3574332550245778e-12,0.005125783383846283,0.9933066368103027,0.9933076500892639,0.9933071136474609,1.86408755098455e-07,-1.3085470478447353e-13,7.083989970145532e-14,-1.3006381487502914e-16,2.640874240751774e-15,4.786214827245949e-13,-0.0001308547070948407,7.083990203682333e-05,0.00047862145584076643,3.694519111991e-07,9.913492249324918e-09,5.960464477539063e-08,2.4308210555545884e-08,0.0,0.0,0.0,anisotropic
5,3.3574326045032743e-12,0.005125783383846283,0.9933066368103027,0.9933076500892639,0.9933071136474609,1.9302784437513765e-07,-1.308546234693106e-13,7.083989292519174e-14,-1.3006377517035974e-16,2.6408738172353004e-15,4.786213743043777e-13,-0.00013085461978334934,7.083989476086572e-05,0.00047862136852927506,3.809513550344147e-07,9.467839845456183e-09,5.960464477539063e-08,2.3755767131206085e-08,0.0,0.0,0.0,anisotropic
6,3.3574332550245778e-12,0.005125783383846283,0.993306577205658,0.9933077096939087,0.9933071732521057,2.0099916753224534e-07,-1.3085470478447353e-13,7.083989970145532e-14,-1.3006376193546994e-16,2.6408740289935373e-15,4.786214285144863e-13,-0.0001308547070948407,7.083990203682333e-05,0.000478621426736936,3.937754870891344e-07,9.396899258717895e-09,5.960464477539063e-08,2.366636486783591e-08,0.0,0.0,0.0,anisotropic
7,3.3574326045032743e-12,0.005125783383846283,0.993306577205658,0.9933077096939087,0.9933071136474609,2.1093750035561243e-07,-1.3085470478447353e-13,7.083988614892817e-14,-1.3006373546569033e-16,2.6408736054770636e-15,4.786213200942691e-13,-0.0001308547070948407,7.08398874849081e-05,0.0004786213394254446,4.0760675096731787e-07,8.913048077374697e-09,5.960464477539063e-08,2.3047185493396682e-08,0.0,0.0,0.0,anisotropic
8,3.3574328213437088e-12,0.005125783383846283,0.9933065176010132,0.9933077692985535,0.9933071136474609,2.1929643878593197e-07,-1.3085466412689206e-13,7.083989292519174e-14,-1.3006370899591073e-16,2.6408738172353004e-15,4.786213743043777e-13,-0.00013085466343909502,7.083989476086572e-05,0.00047862136852927506,4.2209771350339466e-07,9.034920367412269e-09,5.960464477539063e-08,2.3206256472008135e-08,0.0,0.0,0.0,anisotropic
9,3.3574326045032743e-12,0.005125783383846283,0.9933064579963684,0.9933077692985535,0.9933071136474609,2.268679821781916e-07,-1.3085470478447353e-13,7.083987259640101e-14,-1.3006372223080053e-16,2.6408736054770636e-15,4.786213200942691e-13,-0.0001308547070948407,7.083987293299288e-05,0.00047862131032161415,4.368634888061416e-07,9.084033081308007e-09,5.960464477539063e-08,2.3269342008802596e-08,0.0,0.0,0.0,anisotropic
10,3.3574317371415363e-12,0.005125783383846283,0.9933064579963684,0.9933078289031982,0.9933071136474609,2.3580392394251248e-07,-1.3085466412689206e-13,7.083985226761028e-14,-1.3006366929124133e-16,2.64087318196059e-15,4.786212658841604e-13,-0.00013085466343909502,7.083985110512003e-05,0.0004786212230101228,4.524517668559015e-07,8.714778232388198e-09,5.960464477539063e-08,2.279144162287139e-08,0.0,0.0,0.0,anisotropic
11,3.3574321708224053e-12,0.005125783383846283,0.9933063983917236,0.9933078289031982,0.9933071136474609,2.4469113668601494e-07,-1.308546505743649e-13,7.083986582013743e-14,-1.3006365605635153e-16,2.6408727584441164e-15,4.786212116740518e-13,-0.0001308546488871798,7.083986565703526e-05,0.00047862116480246186,4.6848137579047236e-07,8.603819878771901e-09,5.960464477539063e-08,2.2645876285309896e-08,0.0,0.0,0.0,anisotropic
12,3.357431953981971e-12,0.005125783383846283,0.9933063983917236,0.993307888507843,0.9933071732521057,2.540023729125096e-07,-1.3085463702183775e-13,7.083985226761028e-14,-1.3006360311679233e-16,2.6408725466858796e-15,4.786211574639432e-13,-0.00013085463433526456,7.083985110512003e-05,0.00047862116480246186,4.849195888709882e-07,8.703864295966923e-09,5.960464477539063e-08,2.2776642794042345e-08,0.0,0.0,0.0,anisotropic
13,3.3574321708224053e-12,0.005125783383846283,0.9933063387870789,0.993307888507843,0.9933071732521057,2.630018798299716e-07,-1.3085463702183775e-13,7.083983193881954e-14,-1.3006362958657193e-16,2.6408723349276427e-15,4.786211032538346e-13,-0.00013085463433526456,7.083982927724719e-05,0.00047862110659480095,5.016076621884218e-07,8.481947588734329e-09,5.960464477539063e-08,2.248482644517935e-08,0.0,0.0,0.0,anisotropic
14,3.3574313034606673e-12,0.005125782918184996,0.9933063387870789,0.9933079481124878,0.9933071732521057,2.721689327245258e-07,-1.308546234693106e-13,7.083983871508312e-14,-1.3006356341212292e-16,2.640871911411169e-15,4.786210490437259e-13,-0.00013085461978334934,7.08398365532048e-05,0.00047862104838714004,5.188483816397998e-07,8.561983122490346e-09,5.960464477539063e-08,2.258991393944143e-08,0.0,0.0,0.0,anisotropic
15,3.3574313034606673e-12,0.005125782918184996,0.9933062791824341,0.9933079481124878,0.9933072328567505,2.798347509269661e-07,-1.3085458281172913e-13,7.083985904387385e-14,-1.3006358988190252e-16,2.640871911411169e-15,4.786209948336173e-13,-0.00013085457612760365,7.083985838107765e-05,0.0004786210192833096,5.364869534602678e-07,8.640199666842818e-09,5.960464477539063e-08,2.2693869894396812e-08,0.0,0.0,0.0,anisotropic
16,3.3574313034606673e-12,0.005125782918184996,0.9933062791824341,0.9933080077171326,0.9933072328567505,2.8799209417229577e-07,-1.3085459636425628e-13,7.083982516255596e-14,-1.3006353694234332e-16,2.6408712761364587e-15,4.786209406235087e-13,-0.00013085459067951888,7.083982200128958e-05,0.0004786209319718182,5.543831776734649e-07,8.5165083874017e-09,5.960464477539063e-08,2.2530544541154995e-08,0.0,0.0,0.0,anisotropic
17,3.3574313034606673e-12,0.005125782918184996,0.9933062195777893,0.9933080077171326,0.9933072328567505,2.979093380872655e-07,-1.308545286016205e-13,7.083983193881954e-14,-1.3006349723767392e-16,2.6408712761364587e-15,4.786209406235087e-13,-0.00013085453247185796,7.083982927724719e-05,0.0004786209319718182,5.727037125070361e-07,8.583810995332897e-09,5.960464477539063e-08,2.2619687456426618e-08,0.0,0.0,0.0,anisotropic
18,3.3574313034606673e-12,0.005125782918184996,0.9933062195777893,0.9933080673217773,0.9933072328567505,3.075876406910538e-07,-1.308545286016205e-13,7.083983193881954e-14,-1.3006353694234332e-16,2.640870852619985e-15,4.786208864134001e-13,-0.00013085453247185796,7.083982927724719e-05,0.0004786208737641573,5.913497668605865e-07,8.758433978073299e-09,5.960464477539063e-08,2.2848578140610698e-08,0.0,0.0,0.0,anisotropic
19,3.357430652939364e-12,0.005125782452523708,0.9933061599731445,0.9933081269264221,0.9933072328567505,3.172391416228493e-07,-1.3085456925920197e-13,7.083981161002881e-14,-1.3006343106322491e-16,2.640870852619985e-15,4.786208322032914e-13,-0.00013085457612760365,7.083981472533196e-05,0.00047862084466032684,6.103756316356453e-07,8.676579454913735e-09,5.960464477539063e-08,2.2741582839103103e-08,0.0,0.0,0.0,anisotropic
20,3.357430652939364e-12,0.005125782452523708,0.9933061599731445,0.9933081865310669,0.9933072328567505,3.2663740512361983e-07,-1.308545286016205e-13,7.083981161002881e-14,-1.3006344429811472e-16,2.6408704291035114e-15,4.786207237830742e-13,-0.00013085453247185796,7.083981472533196e-05,0.00047862075734883547,6.295358580492385e-07,8.893039193935692e-09,5.960464477539063e-08,2.302352442029587e-08,0.0,0.0,0.0,anisotropic
21,3.357430219258495e-12,0.005125782452523708,0.9933061003684998,0.9933082461357117,0.9933071732521057,3.3744044003469753e-07,-1.308545014965662e-13,7.083983193881954e-14,-1.3006341782833511e-16,2.6408700055870378e-15,4.786206695729656e-13,-0.0001308545033680275,7.083982927724719e-05,0.0004786206700373441,6.491494922238007e-07,8.967617759481072e-09,5.960464477539063e-08,2.3118165159985438e-08,0.0,0.0,0.0,anisotropic
22,3.3574304360989293e-12,0.005125782452523708,0.9933061003684998,0.9933083057403564,0.9933072328567505,3.4922987879326683e-07,-1.3085447439151188e-13,7.083977772871092e-14,-1.300633913585555e-16,2.640869793828801e-15,4.786206153628569e-13,-0.00013085447426419705,7.083977834554389e-05,0.00047862064093351364,6.691193796976496e-07,9.042196325026453e-09,5.960464477539063e-08,2.3215793731878875e-08,0.0,0.0,0.0,anisotropic
23,3.357430219258495e-12,0.005125781986862421,0.993306040763855,0.9933083653450012,0.9933072328567505,3.585265631045331e-07,-1.3085446083898472e-13,7.083975739992018e-14,-1.300633384189963e-16,2.6408691585540905e-15,4.786205611527483e-13,-0.00013085445971228182,7.083975651767105e-05,0.00047862055362202227,6.894749420571248e-07,9.260475053451955e-09,1.1920928955078125e-07,2.349869632212176e-08,0.0,0.0,0.0,anisotropic
24,3.3574300024180603e-12,0.005125781986862421,0.993306040763855,0.993308424949646,0.9933072328567505,3.6859617580375925e-07,-1.3085446083898472e-13,7.083977772871092e-14,-1.300633384189963e-16,2.6408691585540905e-15,4.786205069426397e-13,-0.00013085445971228182,7.083977834554389e-05,0.0004786205245181918,7.102306846465931e-07,9.387804311700165e-09,5.960464477539063e-08,2.3655184477888724e-08,0.0,0.0,0.0,anisotropic
25,3.3574291350563223e-12,0.005125781986862421,0.9933059811592102,0.9933084845542908,0.9933072328567505,3.869801048494992e-07,-1.3085444728645756e-13,7.083975739992018e-14,-1.300632854794371e-16,2.640868735037617e-15,4.786204527325311e-13,-0.0001308544451603666,7.083975651767105e-05,0.00047862043720670044,7.311401874892668e-07,9.527866495773196e-09,1.1920928955078125e-07,2.3839580975959507e-08,0.0,0.0,0.0,anisotropic
26,3.357428918215888e-12,0.005125781986862421,0.9933059811592102,0.9933085441589355,0.9933072328567505,3.9562399933856796e-07,-1.308544337339304e-13,7.08397506236566e-14,-1.300632457747677e-16,2.64086852327938e-15,4.786203985224224e-13,-0.00013085443060845137,7.083974924171343e-05,0.00047862040810287,7.524678000528657e-07,9.586074156686664e-09,1.1920928955078125e-07,2.3908231838731808e-08,0.0,0.0,0.0,anisotropic
27,3.357429351896757e-12,0.005125781986862421,0.9933059215545654,0.9933086037635803,0.9933072328567505,4.0732572870183503e-07,-1.3085436597129463e-13,7.08397506236566e-14,-1.300632854794371e-16,2.6408683115211433e-15,4.786203443123138e-13,-0.00013085437240079045,7.083974924171343e-05,0.0004786203207913786,7.741072419688387e-07,9.797076927497983e-09,1.1920928955078125e-07,2.417396416376505e-08,0.0,0.0,0.0,anisotropic
28,3.3574287013754534e-12,0.005125781986862421,0.9933058619499207,0.9933086633682251,0.9933072328567505,4.2594840010679036e-07,-1.3085436597129463e-13,7.083973029486587e-14,-1.300631663654289e-16,2.640867676246433e-15,4.786202358920966e-13,-0.00013085437240079045,7.083972741384059e-05,0.0004786202043760568,7.960724116396372e-07,9.875293471850455e-09,1.1920928955078125e-07,2.4283957955617552e-08,0.0,0.0,0.0,anisotropic
29,3.3574282676945844e-12,0.005125781521201134,0.9933058619499207,0.9933087229728699,0.9933072328567505,4.3491434098541504e-07,-1.3085436597129463e-13,7.083970996607514e-14,-1.300631001909799e-16,2.6408670409717224e-15,4.786201274718793e-13,-0.00013085437240079045,7.083971286192536e-05,0.0004786201170645654,8.185276498980072e-07,1.0009898687712848e-08,1.1920928955078125e-07,2.444399704870648e-08,0.0,0.0,0.0,anisotropic
30,3.3574291350563223e-12,0.005125781521201134,0.9933058023452759,0.9933087825775146,0.9933072328567505,4.4453176428760344e-07,-1.3085432531371316e-13,7.083973707112945e-14,-1.300631796003187e-16,2.6408670409717224e-15,4.786201274718793e-13,-0.00013085432874504477,7.08397346897982e-05,0.0004786201461683959,8.414998044350209e-07,1.0637450031936169e-08,1.1920928955078125e-07,2.5214882626301005e-08,0.0,0.0,0.0,anisotropic
31,3.35742805085415e-12,0.005125781055539846,0.9933058023452759,0.9933088421821594,0.9933072328567505,4.576732806071959e-07,-1.30854311761186e-13,7.083971674233872e-14,-1.300630737212003e-16,2.6408666174552488e-15,4.786200190516621e-13,-0.00013085431419312954,7.083972013788298e-05,0.00047862002975307405,8.647615008138859e-07,1.0733856470324099e-08,1.1920928955078125e-07,2.5349706334054645e-08,0.0,0.0,0.0,anisotropic
32,3.3574278340137154e-12,0.005125781055539846,0.9933057427406311,0.993308961391449,0.9933072328567505,4.665080552967993e-07,-1.3085432531371316e-13,7.08396896372844e-14,-1.300630472514207e-16,2.640866193938775e-15,4.786199648415534e-13,-0.00013085432874504477,7.083969103405252e-05,0.0004786200006492436,8.884976411011536e-07,1.0499206837266684e-08,1.1920928955078125e-07,2.5059705421881517e-08,0.0,0.0,0.0,anisotropic
33,3.357427617173281e-12,0.005125781055539846,0.9933057427406311,0.9933090209960938,0.9933072328567505,4.836971925215039e-07,-1.3085425755107738e-13,7.083964897970293e-14,-1.3006299431186149e-16,2.6408657704223015e-15,4.786198564213362e-13,-0.00013085425598546863,7.083964737830684e-05,0.00047861988423392177,9.125628685143254e-07,1.1112206266261637e-08,1.1920928955078125e-07,2.5803581493732963e-08,0.0,0.0,0.0,anisotropic
34,3.357427183492412e-12,0.005125781055539846,0.9933056831359863,0.9933090806007385,0.9933072328567505,4.911706810162286e-07,-1.3085425755107738e-13,7.083966253223009e-14,-1.3006294137230228e-16,2.640865135147591e-15,4.786198022112276e-13,-0.00013085425598546863,7.083966193022206e-05,0.0004786197969224304,9.371518418299464e-07,1.1263182386755943e-08,1.1920928955078125e-07,2.6002483721754288e-08,0.0,0.0,0.0,anisotropic
35,3.3574269666519774e-12,0.005125781055539846,0.9933056831359863,0.9933091402053833,0.9933072328567505,5.017956823394343e-07,-1.3085423044602307e-13,7.083965575596651e-14,-1.3006291490252268e-16,2.6408647116311175e-15,4.78619748001119e-13,-0.00013085422688163817,7.083965465426445e-05,0.0004786197387147695,9.615543256218173e-07,1.1514202924445271e-08,1.1920928955078125e-07,2.635010609708388e-08,0.0,0.0,0.0,anisotropic
36,3.357426749811543e-12,0.005125780589878559,0.9933056235313416,0.9933092594146729,0.9933072328567505,5.136473077982373e-07,-1.3085424399855022e-13,7.083960832212147e-14,-1.3006290166763288e-16,2.640864288114644e-15,4.786196395809017e-13,-0.0001308542414335534,7.083961099851876e-05,0.0004786196514032781,9.866401114898374e-07,1.2018062989227474e-08,1.1920928955078125e-07,2.6894067417515544e-08,0.0,0.0,0.0,anisotropic
37,3.3574260992902394e-12,0.005125780589878559,0.9933056235313416,0.9933093190193176,0.9933072328567505,5.228158101999725e-07,-1.3085420334096876e-13,7.083960154585789e-14,-1.3006286196296348e-16,2.6408638645981702e-15,4.786195311606845e-13,-0.0001308541977778077,7.083960372256115e-05,0.0004786195349879563,1.012382889683612e-06,1.1990778148174286e-08,1.1920928955078125e-07,2.69122075735595e-08,0.0,0.0,0.0,anisotropic
38,3.3574256656093704e-12,0.005125780589878559,0.9933055639266968,0.9933094382286072,0.9933072328567505,5.386594921219512e-07,-1.3085413557833298e-13,7.083959476959431e-14,-1.3006278255362467e-16,2.640863017565223e-15,4.786194769505758e-13,-0.0001308541395701468,7.083959644660354e-05,0.0004786194476764649,1.0384868883301762e-06,1.2396412785165012e-08,1.1920928955078125e-07,2.738941873303702e-08,0.0,0.0,0.0,anisotropic
39,3.357425882449805e-12,0.005125780589878559,0.993305504322052,0.993309497833252,0.9933072328567505,5.548457124859851e-07,-1.3085413557833298e-13,7.083957444080358e-14,-1.3006275608384507e-16,2.640862805806986e-15,4.786193685303586e-13,-0.0001308541395701468,7.08395746187307e-05,0.00047861936036497355,1.0651176277579419e-06,1.2822056305594742e-08,1.1920928955078125e-07,2.788764952299516e-08,0.0,0.0,0.0,anisotropic
40,3.3574252319285014e-12,0.0051257796585559845,0.993305504322052,0.9933096170425415,0.9933072328567505,5.670484597430914e-07,-1.308540949207515e-13,7.083953378322211e-14,-1.3006270314428587e-16,2.6408621705322757e-15,4.786192601101413e-13,-0.00013085409591440111,7.083953096298501e-05,0.0004786192439496517,1.0920186783772137e-06,1.3033059076406062e-08,1.1920928955078125e-07,2.8165132448521035e-08,0.0,0.0,0.0,anisotropic
41,3.357425015088067e-12,0.0051257796585559845,0.9933054447174072,0.9933096766471863,0.9933072328567505,5.817749979541986e-07,-1.308540678156972e-13,7.083954733574926e-14,-1.3006268990939607e-16,2.640861747015802e-15,4.786191516899241e-13,-0.00013085406681057066,7.083954551490024e-05,0.00047861915663816035,1.1186819280384981e-06,1.3329554349184036e-08,1.1920928955078125e-07,2.8474076430029527e-08,0.0,0.0,0.0,anisotropic
42,3.357424581407198e-12,0.0051257796585559845,0.9933054447174072,0.9933097958564758,0.9933072328567505,5.988654265820514e-07,-1.3085405426317004e-13,7.083952023069495e-14,-1.3006262373494706e-16,2.6408613234993284e-15,4.786190974798155e-13,-0.00013085405225865543,7.08395236870274e-05,0.000478619069326669,1.1450748697331342e-06,1.356056600343436e-08,1.1920928955078125e-07,2.8745231972493457e-08,0.0,0.0,0.0,anisotropic
43,3.357424147726329e-12,0.00512577872723341,0.9933053851127625,0.9933098554611206,0.9933072328567505,6.160249199638201e-07,-1.3085402715811573e-13,7.083952023069495e-14,-1.3006254432560826e-16,2.640860688224618e-15,4.786189348494896e-13,-0.00013085402315482497,7.08395236870274e-05,0.00047861895291134715,1.172751777133179e-06,1.3851604308001697e-08,1.1920928955078125e-07,2.9097078524387143e-08,0.0,0.0,0.0,anisotropic
44,3.35742371404546e-12,0.00512577872723341,0.9933053255081177,0.9933099746704102,0.9933072328567505,6.30170916338102e-07,-1.3085395939547995e-13,7.083949990190422e-14,-1.3006250462093886e-16,2.6408600529499076e-15,4.786188264292723e-13,-0.00013085396494716406,7.083950185915455e-05,0.0004786188364960253,1.2008718542971847e-06,1.4309989637695253e-08,1.1920928955078125e-07,2.964037371100403e-08,0.0,0.0,0.0,anisotropic
45,3.357423280364591e-12,0.00512577872723341,0.9933053255081177,0.9933100938796997,0.9933072328567505,6.473027838183043e-07,-1.3085395939547995e-13,7.08394727968499e-14,-1.3006246491626945e-16,2.6408592059169603e-15,4.786187180090551e-13,-0.00013085396494716406,7.08394727553241e-05,0.0004786187200807035,1.2292778886078712e-06,1.4417310012504458e-08,1.1920928955078125e-07,2.9737194040535542e-08,0.0,0.0,0.0,anisotropic
46,3.3574226298432874e-12,0.005125778261572123,0.9933052659034729,0.9933101534843445,0.9933072328567505,6.626324307035247e-07,-1.3085395939547995e-13,7.083941858674128e-14,-1.3006239874182045e-16,2.6408587824004867e-15,4.786186095888378e-13,-0.00013085396494716406,7.08394218236208e-05,0.0004786186327692121,1.2584735345735154e-06,1.4993929653428495e-08,1.1920928955078125e-07,3.0445239218579445e-08,0.0,0.0,0.0,anisotropic
47,3.357422413002853e-12,0.005125777795910835,0.9933052659034729,0.993310272693634,0.9933072328567505,6.796609000048193e-07,-1.3085391873789848e-13,7.083941858674128e-14,-1.3006234580226125e-16,2.640858358884013e-15,4.786185011686206e-13,-0.00013085392129141837,7.08394218236208e-05,0.00047861854545772076,1.2881855241455321e-06,1.5192199498414993e-08,1.1920928955078125e-07,3.055359698578286e-08,0.0,0.0,0.0,anisotropic
48,3.357422413002853e-12,0.005125777795910835,0.9933052062988281,0.9933103919029236,0.9933072328567505,6.936995760042919e-07,-1.3085386452778985e-13,7.083940503421413e-14,-1.3006231933248164e-16,2.6408577236093026e-15,4.78618446958512e-13,-0.00013085386308375746,7.083940727170557e-05,0.00047861839993856847,1.3184270378387882e-06,1.581247488502413e-08,1.1920928955078125e-07,3.129810721702597e-08,0.0,0.0,0.0,anisotropic
49,3.3574217624815494e-12,0.005125777795910835,0.9933051466941833,0.9933105111122131,0.9933072328567505,7.121227554307552e-07,-1.3085379676515407e-13,7.083937792915981e-14,-1.3006227962781224e-16,2.6408568765763554e-15,4.786182843281861e-13,-0.00013085379032418132,7.083937816787511e-05,0.0004786182544194162,1.349482403009283e-06,1.591797627042979e-08,1.1920928955078125e-07,3.146071847481835e-08,0.0,0.0,0.0,anisotropic
50,3.357421545641115e-12,0.005125777795910835,0.9933051466941833,0.9933106303215027,0.9933072328567505,7.321611974475672e-07,-1.3085379676515407e-13,7.083936437663266e-14,-1.3006222668825304e-16,2.6408564530598817e-15,4.786181759079688e-13,-0.00013085379032418132,7.083936361595988e-05,0.0004786181962117553,1.381095468462372e-06,1.6400008462369442e-08,1.1920928955078125e-07,3.1893957697093356e-08,0.0,0.0,0.0,anisotropic
51,3.3574208951198115e-12,0.005125776864588261,0.9933050870895386,0.9933107495307922,0.9933072328567505,7.546338451902557e-07,-1.3085371544999114e-13,7.083933049531477e-14,-1.3006212080913463e-16,2.640855182510461e-15,4.786179590675343e-13,-0.00013085371756460518,7.083932723617181e-05,0.00047861802158877254,1.4131786778656854e-06,1.6574631445109844e-08,1.1920928955078125e-07,3.220854338792378e-08,0.0,0.0,0.0,anisotropic
52,3.357420244598508e-12,0.005125776864588261,0.9933050274848938,0.993310809135437,0.9933072328567505,7.740142109469161e-07,-1.3085371544999114e-13,7.083931016652403e-14,-1.3006206786957543e-16,2.6408547589939872e-15,4.786179590675343e-13,-0.00013085371756460518,7.083931268425658e-05,0.0004786179633811116,1.4457566790470979e-06,1.7527781892567873e-08,1.7881393432617188e-07,3.308540286184325e-08,0.0,0.0,0.0,anisotropic
53,3.357419810917639e-12,0.005125776864588261,0.993304967880249,0.9933109879493713,0.9933072328567505,7.953555609674368e-07,-1.3085362058230104e-13,7.083927628520614e-14,-1.3006201493001622e-16,2.64085391196104e-15,4.786177422270999e-13,-0.00013085361570119858,7.083927630446851e-05,0.00047861773055046797,1.4790785922033173e-06,1.7456841305829585e-08,1.7881393432617188e-07,3.313288132744674e-08,0.0,0.0,0.0,anisotropic
54,3.3574191603963355e-12,0.005125775933265686,0.9933049082756042,0.9933111071586609,0.9933072328567505,8.149932000378612e-07,-1.3085359347724673e-13,7.083923562762467e-14,-1.3006194875556722e-16,2.6408532766863295e-15,4.786176338068826e-13,-0.00013085358659736812,7.083923264872283e-05,0.00047861761413514614,1.5130642574361985e-06,1.8088030628859997e-08,1.7881393432617188e-07,3.3776206720403934e-08,0.0,0.0,0.0,anisotropic
55,3.357418509875032e-12,0.005125775933265686,0.9933048486709595,0.9933112263679504,0.9933072328567505,8.412743000008049e-07,-1.3085359347724673e-13,7.083922207509752e-14,-1.3006186934622841e-16,2.640852641411619e-15,4.786175253866654e-13,-0.00013085358659736812,7.083922537276521e-05,0.00047861755592748523,1.5476615753473192e-06,1.880653144326061e-08,1.7881393432617188e-07,3.450175611874329e-08,0.0,0.0,0.0,anisotropic
56,3.357418509875032e-12,0.005125775467604399,0.9933047890663147,0.99331134557724,0.9933072328567505,8.71339295827056e-07,-1.3085357992471958e-13,7.083918819377963e-14,-1.30061829641559e-16,2.6408522178951455e-15,4.786174169664481e-13,-0.00013085358659736812,7.083918899297714e-05,0.0004786174395121634,1.5830253261156101e-06,1.9028448150493205e-08,1.7881393432617188e-07,3.47336239769902e-08,0.0,0.0,0.0,anisotropic
57,3.357417642513294e-12,0.005125775001943111,0.9933047294616699,0.9933114647865295,0.9933072328567505,8.92401999408321e-07,-1.3085348505702948e-13,7.08391678649889e-14,-1.300617369973304e-16,2.6408511591039614e-15,4.786172543361222e-13,-0.00013085348473396152,7.08391671651043e-05,0.0004786172357853502,1.6191576599184693e-06,1.950866135302931e-08,1.7881393432617188e-07,3.522291791568932e-08,0.0,0.0,0.0,anisotropic
58,3.357416775151556e-12,0.005125775001943111,0.9933046698570251,0.9933115839958191,0.9933072328567505,9.147622677119216e-07,-1.3085344439944802e-13,7.083912043114385e-14,-1.30061697292661e-16,2.640850312071014e-15,4.786170917057964e-13,-0.00013085344107821584,7.083912350935861e-05,0.0004786170902661979,1.6558334474198615e-06,2.0234438125044107e-08,1.7881393432617188e-07,3.594090003389283e-08,0.0,0.0,0.0,anisotropic
59,3.3574161246302525e-12,0.005125774070620537,0.9933046102523804,0.9933117628097534,0.9933072328567505,9.408250889464398e-07,-1.3085337663681224e-13,7.083907977356238e-14,-1.300615914135426e-16,2.64084925327983e-15,4.786169290754705e-13,-0.00013085338287055492,7.083907985361293e-05,0.0004786169156432152,1.6933119216379915e-06,2.0436345948837698e-08,1.7881393432617188e-07,3.629360634249679e-08,0.0,0.0,0.0,anisotropic
60,3.357415907789818e-12,0.005125774070620537,0.9933045506477356,0.993311882019043,0.9933072328567505,9.63509364737547e-07,-1.3085336308428508e-13,7.08390729972988e-14,-1.300615517088732e-16,2.6408486180051196e-15,4.786168206552532e-13,-0.0001308533683186397,7.083907257765532e-05,0.00047861679922789335,1.7316789616861275e-06,2.1114828996360302e-08,1.7881393432617188e-07,3.696128203500848e-08,0.0,0.0,0.0,anisotropic
61,3.357415474108949e-12,0.005125773139297962,0.9933044910430908,0.9933120608329773,0.9933072328567505,9.910444305205601e-07,-1.308532953216493e-13,7.083903233971733e-14,-1.300614722995344e-16,2.6408477709721724e-15,4.786166038148187e-13,-0.00013085329555906355,7.083902892190963e-05,0.0004786166246049106,1.770675316933267e-06,2.1793312043882906e-08,1.7881393432617188e-07,3.768302647699784e-08,0.0,0.0,0.0,anisotropic
62,3.35741504042808e-12,0.005125773139297962,0.993304431438446,0.9933121800422668,0.9933072328567505,1.018109173855919e-06,-1.308532953216493e-13,7.083899845839944e-14,-1.3006140612508538e-16,2.6408473474556987e-15,4.786165496047101e-13,-0.00013085329555906355,7.083899981807917e-05,0.0004786165663972497,1.8105928799970732e-06,2.226988726761192e-08,1.7881393432617188e-07,3.814350080233453e-08,0.0,0.0,0.0,anisotropic
63,3.3574139562259075e-12,0.005125772207975388,0.9933043718338013,0.9933123588562012,0.9933072328567505,1.0550539855103125e-06,-1.3085324111154067e-13,7.083897812960871e-14,-1.3006130024596698e-16,2.6408462886645147e-15,4.786163869743842e-13,-0.00013085323735140264,7.083897799020633e-05,0.0004786163626704365,1.8509664166887988e-06,2.3141183191910386e-08,1.7881393432617188e-07,3.904953160827063e-08,0.0,0.0,0.0,anisotropic
64,3.3574130888641696e-12,0.005125772207975388,0.9933043122291565,0.9933125376701355,0.9933072328567505,1.0829717211890966e-06,-1.308531733489049e-13,7.083893069576366e-14,-1.3006120760173837e-16,2.6408452298733306e-15,4.786161701339497e-13,-0.00013085317914374173,7.083892705850303e-05,0.00047861618804745376,1.892413395175064e-06,2.3524989956058562e-08,1.7881393432617188e-07,3.9536580231924745e-08,0.0,0.0,0.0,anisotropic
65,3.357412438342866e-12,0.005125771276652813,0.9933042526245117,0.993312656879425,0.9933072328567505,1.10908467831905e-06,-1.3085311913879627e-13,7.083891036697293e-14,-1.3006111495750977e-16,2.6408439593239097e-15,4.786159532935153e-13,-0.0001308531209360808,7.08389125065878e-05,0.00047861592611297965,1.933917202128508e-06,2.419255906715989e-08,1.7881393432617188e-07,4.0185309302387395e-08,0.0,0.0,0.0,anisotropic
66,3.3574117878215626e-12,0.005125771276652813,0.9933041334152222,0.9933128356933594,0.9933072328567505,1.1394859029678628e-06,-1.3085309203374196e-13,7.083887648565504e-14,-1.3006102231328116e-16,2.640843535807436e-15,4.78615844873298e-13,-0.00013085309183225036,7.083887612679973e-05,0.0004786158388014883,1.976652473760126e-06,2.469823812134564e-08,1.7881393432617188e-07,4.0787572430645014e-08,0.0,0.0,0.0,anisotropic
67,3.3574113541406936e-12,0.005125770345330238,0.9933040738105774,0.9933130145072937,0.9933072328567505,1.17153354040056e-06,-1.3085303782363333e-13,7.083882227554641e-14,-1.3006096937372196e-16,2.6408422652580152e-15,4.786156280328635e-13,-0.00013085303362458944,7.083882519509643e-05,0.0004786156059708446,2.019999017109903e-06,2.5407643988728523e-08,2.384185791015625e-07,4.154368937747677e-08,0.0,0.0,0.0,anisotropic
68,3.3574104867789556e-12,0.005125770345330238,0.9933040142059326,0.993313193321228,0.9933072328567505,1.2069457397956285e-06,-1.3085301071857902e-13,7.083880872301926e-14,-1.3006088996438315e-16,2.640841418225068e-15,4.786154654025376e-13,-0.000130853004520759,7.08388106431812e-05,0.0004786154895555228,2.064449304573437e-06,2.642264007590711e-08,2.384185791015625e-07,4.2503447872377365e-08,0.0,0.0,0.0,anisotropic
69,3.357409402576783e-12,0.005125769414007664,0.9933038949966431,0.9933133721351624,0.9933072328567505,1.2419161521393107e-06,-1.3085291585088893e-13,7.083875451291063e-14,-1.3006074438059534e-16,2.640840147675647e-15,4.786152485621031e-13,-0.00013085291720926762,7.083875243552029e-05,0.00047861525672487915,2.1096496328130997e-06,2.6955603971146047e-08,2.384185791015625e-07,4.328085623228617e-08,0.0,0.0,0.0,anisotropic
70,3.3574087520554796e-12,0.005125768948346376,0.9933038353919983,0.9933135509490967,0.9933072328567505,1.2801325510736206e-06,-1.3085288874583462e-13,7.083871385532917e-14,-1.3006063850147694e-16,2.640839088884463e-15,4.786150317216686e-13,-0.00013085288810543716,7.083871605573222e-05,0.00047861505299806595,2.155754115350367e-06,2.7574060368351638e-08,2.384185791015625e-07,4.388270369304337e-08,0.0,0.0,0.0,anisotropic
71,3.3574074510128726e-12,0.005125768482685089,0.9933037757873535,0.9933137893676758,0.9933072328567505,1.313980646955315e-06,-1.3085279387814452e-13,7.083865964522054e-14,-1.3006053262235853e-16,2.640837818335042e-15,4.786148148812341e-13,-0.0001308528007939458,7.083865784807131e-05,0.0004786148201674223,2.2027506803164317e-06,2.8550857678055763e-08,2.384185791015625e-07,4.4861181436317565e-08,0.0,0.0,0.0,anisotropic
72,3.3574070173320036e-12,0.0051257675513625145,0.993303656578064,0.9933139681816101,0.9933072328567505,1.3507942639989778e-06,-1.308527667730902e-13,7.083863931642981e-14,-1.3006045321301972e-16,2.6408365477856213e-15,4.786145980407996e-13,-0.00013085277169011533,7.083863602019846e-05,0.0004786146164406091,2.249165413684089e-06,2.9163857107050717e-08,2.384185791015625e-07,4.5629544587200144e-08,0.0,0.0,0.0,anisotropic
73,3.357405933129831e-12,0.00512576662003994,0.9933035969734192,0.9933141469955444,0.9933072328567505,1.3914495866629295e-06,-1.3085268545792728e-13,7.08385783300576e-14,-1.3006030762923191e-16,2.6408352772362004e-15,4.786143812003651e-13,-0.00013085268437862396,7.083857781253755e-05,0.00047861438360996544,2.2954473906625973e-06,2.986053004860878e-08,2.384185791015625e-07,4.6478280779638226e-08,0.0,0.0,0.0,anisotropic
74,3.357405065768093e-12,0.00512576662003994,0.9933035373687744,0.9933143258094788,0.9933072328567505,1.426263452231069e-06,-1.3085263124781865e-13,7.083854444873972e-14,-1.300601885152237e-16,2.6408342184450163e-15,4.786142185700393e-13,-0.00013085262617096305,7.083854143274948e-05,0.0004786141507793218,2.3438479009329657e-06,3.0793671612627804e-08,2.384185791015625e-07,4.74032191277729e-08,0.0,0.0,0.0,anisotropic
75,3.357404632087224e-12,0.005125765688717365,0.9933034181594849,0.9933145046234131,0.9933072328567505,1.463052512917784e-06,-1.3085256348518287e-13,7.083851056742183e-14,-1.300601091058849e-16,2.6408329478955954e-15,4.786139475194962e-13,-0.00013085256796330214,7.083851232891902e-05,0.00047861391794867814,2.3931019341420606e-06,3.1368472264148295e-08,2.384185791015625e-07,4.8242203121162675e-08,0.0,0.0,0.0,anisotropic
76,3.3574031142041827e-12,0.005125765223056078,0.9933033585548401,0.9933147430419922,0.9933072328567505,1.5082963500390179e-06,-1.3085248217001993e-13,7.083847668610393e-14,-1.300599767569869e-16,2.6408316773461745e-15,4.78613676468953e-13,-0.00013085248065181077,7.083847594913095e-05,0.0004786136851180345,2.44354347810147e-06,3.2439857022836804e-08,2.384185791015625e-07,4.925530205923678e-08,0.0,0.0,0.0,anisotropic
77,3.357402463682879e-12,0.005125764291733503,0.9933032393455505,0.9933149218559265,0.9933072328567505,1.5477917258976959e-06,-1.3085244151243847e-13,7.083840892346815e-14,-1.3005984440808888e-16,2.6408304067967537e-15,4.786134596285185e-13,-0.00013085243699606508,7.083841046551242e-05,0.0004786134813912213,2.4950017474306687e-06,3.308377927169204e-08,2.384185791015625e-07,5.0212353386314135e-08,0.0,0.0,0.0,anisotropic
78,3.3574009457998377e-12,0.005125763826072216,0.993303120136261,0.9933151602745056,0.9933072328567505,1.590285023667093e-06,-1.3085234664474837e-13,7.08383343845688e-14,-1.3005971205919088e-16,2.640828712730859e-15,4.786131885779754e-13,-0.0001308523496845737,7.083833770593628e-05,0.00047861316124908626,2.547284986683248e-06,3.40223778039217e-08,2.384185791015625e-07,5.116418577699733e-08,0.0,0.0,0.0,anisotropic
79,3.3574007289594032e-12,0.005125762429088354,0.9933030605316162,0.9933153390884399,0.9933072328567505,1.6383540923925466e-06,-1.308523059871669e-13,7.08383343845688e-14,-1.3005963264985207e-16,2.6408274421814383e-15,4.786129717375409e-13,-0.00013085230602882802,7.083833770593628e-05,0.00047861295752227306,2.600452170278498e-06,3.4831828088499606e-08,2.384185791015625e-07,5.2120540772193635e-08,0.0,0.0,0.0,anisotropic
80,3.3573992110763617e-12,0.005125761963427067,0.9933029413223267,0.993315577507019,0.9933072328567505,1.6831295397423673e-06,-1.308521840144225e-13,7.083825306940586e-14,-1.3005950030095406e-16,2.6408261716320174e-15,4.786127006869978e-13,-0.0001308521896135062,7.083825039444491e-05,0.00047861269558779895,2.6548045293990713e-06,3.597051545511931e-08,2.384185791015625e-07,5.341500042277403e-08,0.0,0.0,0.0,anisotropic
81,3.3573981268741893e-12,0.0051257614977657795,0.9933028817176819,0.9933157563209534,0.9933072328567505,1.7289294191868976e-06,-1.3085217046189535e-13,7.083821241182439e-14,-1.3005936795205605e-16,2.6408251128408333e-15,4.786124838465633e-13,-0.00013085217506159097,7.083821401465684e-05,0.00047861249186098576,2.7104187367962738e-06,3.658533387351781e-08,2.384185791015625e-07,5.4348642919421764e-08,0.0,0.0,0.0,anisotropic
82,3.3573968258315823e-12,0.005125760566443205,0.9933027625083923,0.9933159947395325,0.9933072328567505,1.7780438383852015e-06,-1.3085204848915094e-13,7.083811076787072e-14,-1.3005919589848864e-16,2.640822995258465e-15,4.786121585859116e-13,-0.00013085204409435391,7.083811215125024e-05,0.0004786121426150203,2.7667313838535214e-06,3.781133273150772e-08,2.384185791015625e-07,5.5497562101436415e-08,0.0,0.0,0.0,anisotropic
83,3.3573961753102788e-12,0.00512575963512063,0.9933026432991028,0.9933162331581116,0.9933072328567505,1.8187542991654482e-06,-1.3085204848915094e-13,7.083808366281641e-14,-1.3005911648914984e-16,2.640822148225518e-15,4.786119959555857e-13,-0.00013085204409435391,7.083808304741979e-05,0.0004786119388882071,2.8242520984362096e-06,3.852983354590833e-08,2.980232238769531e-07,5.6612361021279867e-08,0.0,0.0,0.0,anisotropic
84,3.357394874267672e-12,0.005125758238136768,0.9933025240898132,0.9933164715766907,0.9933072328567505,1.8647183424036484e-06,-1.3085191296387938e-13,7.083803622897136e-14,-1.3005894443558243e-16,2.6408204541596234e-15,4.786116706949339e-13,-0.00013085191312711686,7.08380393916741e-05,0.0004786116478499025,2.883092232171965e-06,3.998502506874502e-08,2.980232238769531e-07,5.804250235996733e-08,0.0,0.0,0.0,anisotropic
85,3.357393573225065e-12,0.005125757306814194,0.9933024048805237,0.9933167099952698,0.9933072328567505,1.9153624180034967e-06,-1.308518452012436e-13,7.083797524259916e-14,-1.3005878561690482e-16,2.640818760093729e-15,4.786113454342822e-13,-0.00013085184036754072,7.083797390805557e-05,0.00047861135681159794,2.9429801411980976e-06,4.079447535332292e-08,2.980232238769531e-07,5.9159127374641685e-08,0.0,0.0,0.0,anisotropic
86,3.3573924890228923e-12,0.005125756375491619,0.9933023452758789,0.9933170080184937,0.9933072328567505,1.9747342321352335e-06,-1.3085176388608066e-13,7.083792103249054e-14,-1.300586665028966e-16,2.640817489544308e-15,4.786111285938477e-13,-0.00013085176760796458,7.083792297635227e-05,0.00047861109487712383,3.0040451591239086e-06,4.1742168832570314e-08,2.980232238769531e-07,6.036282229615608e-08,0.0,0.0,0.0,anisotropic
87,3.3573911879802854e-12,0.0051257554441690445,0.9933022260665894,0.9933172464370728,0.9933072328567505,2.02448222808016e-06,-1.3085168257091773e-13,7.083783294106402e-14,-1.300584944493292e-16,2.6408157954784135e-15,4.786108033331959e-13,-0.0001308516802964732,7.08378356648609e-05,0.0004786108329426497,3.0662781660977903e-06,4.3155523599125445e-08,2.980232238769531e-07,6.187514856037524e-08,0.0,0.0,0.0,anisotropic
88,3.3573898869376784e-12,0.00512575451284647,0.9933021068572998,0.9933174848556519,0.9933072328567505,2.0726788534375373e-06,-1.308516012557548e-13,7.08377787309554e-14,-1.300583356306516e-16,2.6408138896542822e-15,4.786104238624356e-13,-0.00013085160753689706,7.083777745719999e-05,0.0004786104545928538,3.1293512741224836e-06,4.4257831177674234e-08,2.980232238769531e-07,6.328028234747762e-08,0.0,0.0,0.0,anisotropic
89,3.3573881522142024e-12,0.005125753581523895,0.9933019280433655,0.9933177828788757,0.9933072328567505,2.1326270598365227e-06,-1.308515063880647e-13,7.083769741579246e-14,-1.3005816357708418e-16,2.640811772071914e-15,4.786101528118925e-13,-0.00013085150567349046,7.083769742166623e-05,0.00047861013445071876,3.1937826261258667e-06,4.542380338534713e-08,2.980232238769531e-07,6.463397994593834e-08,0.0,0.0,0.0,anisotropic
90,3.3573868511715954e-12,0.005125752184540033,0.9933018088340759,0.9933180212974548,0.9933072328567505,2.1969262888887897e-06,-1.3085142507290176e-13,7.083763642942026e-14,-1.3005799152351677e-16,2.640810501522493e-15,4.786098275512407e-13,-0.0001308514183619991,7.083763921400532e-05,0.00047860987251624465,3.259351242707893e-06,4.64460754301399e-08,2.980232238769531e-07,6.596881974019198e-08,0.0,0.0,0.0,anisotropic
91,3.3573855501289884e-12,0.005125751718878746,0.9933016896247864,0.9933183193206787,0.9933072328567505,2.252566446259152e-06,-1.3085131665268451e-13,7.083757544304806e-14,-1.3005780623505955e-16,2.640808595698362e-15,4.78609502290589e-13,-0.0001308513164985925,7.08375737303868e-05,0.00047860952327027917,3.3258126797843164e-06,4.7724824980832636e-08,2.980232238769531e-07,6.754993364666007e-08,0.0,0.0,0.0,anisotropic
92,3.357384032245947e-12,0.005125750321894884,0.993301510810852,0.9933186173439026,0.9933072328567505,2.3108859750209376e-06,-1.308512624425759e-13,7.083750768041228e-14,-1.3005760771171254e-16,2.6408064781159937e-15,4.786091228198286e-13,-0.00013085125829093158,7.083750824676827e-05,0.00047860914492048323,3.3938394350639756e-06,4.9112713895738125e-08,2.980232238769531e-07,6.902413929310569e-08,0.0,0.0,0.0,anisotropic
93,3.3573829480437745e-12,0.005125748924911022,0.9933013916015625,0.9933189153671265,0.9933072328567505,2.3776121906848857e-06,-1.3085115402235864e-13,7.08374399177765e-14,-1.3005751506748394e-16,2.640804995808336e-15,4.786088517692855e-13,-0.00013085115642752498,7.083744276314974e-05,0.0004786088247783482,3.4631737166195996e-06,5.010770109947771e-08,2.980232238769531e-07,7.04337779211528e-08,0.0,0.0,0.0,anisotropic
94,3.3573812133202985e-12,0.005125747993588448,0.9933012127876282,0.9933192133903503,0.9933072328567505,2.4427920379821444e-06,-1.3085103204961424e-13,7.083737215514072e-14,-1.3005730330924712e-16,2.6408030899842047e-15,4.786085265086337e-13,-0.00013085102546028793,7.08373700035736e-05,0.0004786085046362132,3.5339980707076807e-06,5.168294592294842e-08,3.5762786865234375e-07,7.228125298297527e-08,0.0,0.0,0.0,anisotropic
95,3.357379695437257e-12,0.005125746596604586,0.9933010339736938,0.9933195114135742,0.9933072328567505,2.505283191567287e-06,-1.3085093718192414e-13,7.083729083997778e-14,-1.300571444905695e-16,2.6408009724018366e-15,4.786080928277647e-13,-0.00013085093814879656,7.083728996803984e-05,0.0004786081553902477,3.6062718934868653e-06,5.29198587173596e-08,3.5762786865234375e-07,7.386900335859536e-08,0.0,0.0,0.0,anisotropic
96,3.3573777438733465e-12,0.005125745665282011,0.9933008551597595,0.9933198094367981,0.9933072328567505,2.576856104496983e-06,-1.308508558667612e-13,7.083718241976053e-14,-1.300569062625531e-16,2.6407986430612316e-15,4.786077133570044e-13,-0.0001308508508373052,7.083718082867563e-05,0.00047860771883279085,3.6777948287423215e-06,5.4094925872050226e-08,3.5762786865234375e-07,7.524324985297426e-08,0.0,0.0,0.0,anisotropic
97,3.3573760091498706e-12,0.005125744268298149,0.99330073595047,0.993320107460022,0.9933071732521057,2.6433713173901197e-06,-1.308507067889625e-13,7.083712143338833e-14,-1.3005670773920608e-16,2.6407965254788635e-15,4.78607333886244e-13,-0.0001308507053181529,7.083712262101471e-05,0.0004786073404829949,3.7500657985668473e-06,5.540641723200679e-08,3.5762786865234375e-07,7.694797687918253e-08,0.0,0.0,0.0,anisotropic
98,3.3573747081072636e-12,0.005125742871314287,0.9933005571365356,0.9933204054832458,0.9933072328567505,2.724145815591328e-06,-1.308506390263267e-13,7.083701301317108e-14,-1.3005649598096927e-16,2.640794831412969e-15,4.786070628357009e-13,-0.00013085063255857676,7.08370134816505e-05,0.00047860704944469035,3.823557248792204e-06,5.707079253625125e-08,3.5762786865234375e-07,7.840596794039811e-08,0.0,0.0,0.0,anisotropic
99,3.3573729733837876e-12,0.005125741939991713,0.9933003783226013,0.9933207035064697,0.9933072328567505,2.786974846458179e-06,-1.3085054415863662e-13,7.083693847427172e-14,-1.3005629745762226e-16,2.640792713830601e-15,4.786066291548319e-13,-0.0001308505452470854,7.083694072207436e-05,0.00047860664199106395,3.897466919128937e-06,5.8182195061817765e-08,3.5762786865234375e-07,8.02828523660537e-08,0.0,0.0,0.0,anisotropic
100,3.3573712386603116e-12,0.005125740543007851,0.993300199508667,0.9933210611343384,0.9933071732521057,2.8623671823879704e-06,-1.3085040863336506e-13,7.083687071163594e-14,-1.3005611216916505e-16,2.640790172731759e-15,4.786061954739629e-13,-0.00013085041427984834,7.083686796249822e-05,0.0004786061472259462,3.9718336338998515e-06,5.968104233033955e-08,3.5762786865234375e-07,8.18000316371581e-08,0.0,0.0,0.0,anisotropic
101,3.3573699376177046e-12,0.005125738680362701,0.9933000206947327,0.9933213591575623,0.9933072328567505,2.9323457511054585e-06,-1.3085035442325643e-13,7.083678262020943e-14,-1.3005591364581803e-16,2.6407882669076278e-15,4.786058160032025e-13,-0.00013085035607218742,7.083678065100685e-05,0.00047860582708381116,4.047383878134134e-06,6.063419277779758e-08,3.5762786865234375e-07,8.314101762607606e-08,0.0,0.0,0.0,anisotropic
102,3.357367986053794e-12,0.005125737749040127,0.9932998418807983,0.9933217167854309,0.9933071732521057,3.0187584343366325e-06,-1.3085024600303918e-13,7.083670808131007e-14,-1.3005571512247102e-16,2.6407863610834964e-15,4.786054907425508e-13,-0.0001308502396568656,7.08367078914307e-05,0.0004786054778378457,4.12423107708974e-06,6.230766302905977e-08,3.5762786865234375e-07,8.507722526474026e-08,0.0,0.0,0.0,anisotropic
103,3.3573660344898837e-12,0.005125735886394978,0.993299663066864,0.9933220148086548,0.9933072328567505,3.095773308814387e-06,-1.3085016468787625e-13,7.083661321361998e-14,-1.300554768944546e-16,2.6407838199846547e-15,4.786050570616818e-13,-0.00013085016689728945,7.083661330398172e-05,0.0004786050703842193,4.200838257855265e-06,6.331538315862417e-08,3.5762786865234375e-07,8.633085712972388e-08,0.0,0.0,0.0,anisotropic
104,3.3573638660855387e-12,0.005125734955072403,0.9932994842529297,0.9933223128318787,0.9933072328567505,3.1763486276759068e-06,-1.3085004271513184e-13,7.083650479340273e-14,-1.300552386664382e-16,2.6407817024022865e-15,4.786046775909214e-13,-0.0001308500359300524,7.083650416461751e-05,0.00047860463382676244,4.279084914923003e-06,6.487425707746297e-08,3.5762786865234375e-07,8.804882156709937e-08,0.0,0.0,0.0,anisotropic
105,3.3573619145216282e-12,0.005125733092427254,0.9932993054389954,0.9933226704597473,0.9933072328567505,3.2593309242656687e-06,-1.3084992074238744e-13,7.083645735955768e-14,-1.3005505337798098e-16,2.6407795848199184e-15,4.786042439100524e-13,-0.00013084991951473057,7.083646050887182e-05,0.0004786042554769665,4.358090495840082e-06,6.595655577257276e-08,3.5762786865234375e-07,8.964808273503877e-08,0.0,0.0,0.0,anisotropic
106,3.3573599629577178e-12,0.0051257312297821045,0.993299126625061,0.9933229684829712,0.9933072328567505,3.3482094750070246e-06,-1.3084985297975166e-13,7.083634216307685e-14,-1.3005476221040536e-16,2.6407770437210766e-15,4.786037560190748e-13,-0.00013084984675515443,7.083634409355e-05,0.0004786037898156792,4.4381187370930275e-06,6.719528755638748e-08,3.5762786865234375e-07,9.106320675300594e-08,0.0,0.0,0.0,anisotropic
107,3.3573580113938073e-12,0.00512573029845953,0.9932989478111267,0.9933233261108398,0.9933071732521057,3.429255002629361e-06,-1.308497174544801e-13,7.083627440044107e-14,-1.3005457692194815e-16,2.6407747143804717e-15,4.786033765483144e-13,-0.00013084971578791738,7.083627133397385e-05,0.00047860335325822234,4.519479339010644e-06,6.886875780764967e-08,3.5762786865234375e-07,9.293558633771681e-08,0.0,0.0,0.0,anisotropic
108,3.357356059829897e-12,0.005125728435814381,0.9932987689971924,0.9933236837387085,0.9933072328567505,3.524483872752171e-06,-1.3084962258679e-13,7.083612532264236e-14,-1.3005431222415213e-16,2.64077217328163e-15,4.786029428674454e-13,-0.000130849628476426,7.083612581482157e-05,0.0004786029167007655,4.601290374553829e-06,7.007292879279703e-08,3.5762786865234375e-07,9.450600657601171e-08,0.0,0.0,0.0,anisotropic
109,3.3573536745851174e-12,0.005125726573169231,0.9932985901832581,0.9933240413665771,0.9933072328567505,3.6010524127050303e-06,-1.3084948706151844e-13,7.083604400747942e-14,-1.3005406076124591e-16,2.6407700556992618e-15,4.786024549764678e-13,-0.00013084948295727372,7.083604577928782e-05,0.0004786024510394782,4.6844898349511434e-06,7.127709977794439e-08,4.172325134277344e-07,9.609166795598867e-08,0.0,0.0,0.0,anisotropic
110,3.3573519398616414e-12,0.005125725641846657,0.993298351764679,0.993324339389801,0.9933072328567505,3.6945116335118655e-06,-1.3084936508877404e-13,7.083594913978933e-14,-1.300538225332295e-16,2.6407670910839464e-15,4.786019670854902e-13,-0.0001308493665419519,7.083595119183883e-05,0.00047860201448202133,4.768901658278097e-06,7.293783710338175e-08,4.172325134277344e-07,9.790223742811577e-08,0.0,0.0,0.0,anisotropic
111,3.3573493377764274e-12,0.005125723779201508,0.9932981729507446,0.9933246970176697,0.9933072328567505,3.786689603657578e-06,-1.308492837736111e-13,7.083585427209924e-14,-1.3005355783543348e-16,2.6407645499851046e-15,4.786015334046212e-13,-0.00013084927923046052,7.083585660438985e-05,0.00047860151971690357,4.854297146234683e-06,7.403286872431636e-08,4.172325134277344e-07,9.948294632522448e-08,0.0,0.0,0.0,anisotropic
112,3.357346952531648e-12,0.005125721916556358,0.9932979941368103,0.9933251142501831,0.9933072328567505,3.877954895870062e-06,-1.3084912114328523e-13,7.083576618067272e-14,-1.3005325343296806e-16,2.6407622206444997e-15,4.786010455136436e-13,-0.000130849119159393,7.083576929289848e-05,0.0004786010249517858,4.940660502698688e-06,7.54862412577495e-08,4.172325134277344e-07,1.0097742375592134e-07,0.0,0.0,0.0,anisotropic
113,3.357345217808172e-12,0.005125720053911209,0.9932977557182312,0.9933254718780518,0.9933072328567505,3.977819233114133e-06,-1.3084901272306798e-13,7.083563065540116e-14,-1.3005305490962105e-16,2.640759467787421e-15,4.78600557622666e-13,-0.00013084901729598641,7.08356310497038e-05,0.00047860058839432895,5.028078418830069e-06,7.680137059651315e-08,4.172325134277344e-07,1.0285570084533902e-07,0.0,0.0,0.0,anisotropic
114,3.357342615722958e-12,0.0051257191225886345,0.9932975769042969,0.9933258295059204,0.9933072328567505,4.071462171850726e-06,-1.3084889075032358e-13,7.08355561165018e-14,-1.3005276374204543e-16,2.6407565031721057e-15,4.786000155215797e-13,-0.00013084888632874936,7.083555829012766e-05,0.00047860006452538073,5.116370473177701e-06,7.84730218583718e-08,4.172325134277344e-07,1.0465683430993522e-07,0.0,0.0,0.0,anisotropic
115,3.3573406641590475e-12,0.005125717259943485,0.9932973384857178,0.9933261871337891,0.9933072328567505,4.169046405877452e-06,-1.3084880943516064e-13,7.083546802507529e-14,-1.3005248580935961e-16,2.6407543855897376e-15,4.785996360508193e-13,-0.00013084881356917322,7.08354709786363e-05,0.0004785996279679239,5.205750876643142e-06,7.979360816534609e-08,4.172325134277344e-07,1.0656126647745623e-07,0.0,0.0,0.0,anisotropic
116,3.357338278914268e-12,0.005125715397298336,0.9932971000671387,0.9933266043663025,0.9933072328567505,4.2798769754881505e-06,-1.3084868746241624e-13,7.083533249980373e-14,-1.300522078766738e-16,2.6407514209744222e-15,4.785991481598417e-13,-0.00013084868260193616,7.083533273544163e-05,0.00047859910409897566,5.296119514087136e-06,8.1039615906775e-08,4.172325134277344e-07,1.0806588335299239e-07,0.0,0.0,0.0,anisotropic
117,3.3573354599886196e-12,0.005125713534653187,0.9932969212532043,0.9933269619941711,0.9933072328567505,4.378056473797187e-06,-1.308485112795632e-13,7.083523085585006e-14,-1.3005189023931857e-16,2.64074824460087e-15,4.785985518486469e-13,-0.00013084850797895342,7.083523087203503e-05,0.0004785985220223665,5.387716663619479e-06,8.280767360702157e-08,4.172325134277344e-07,1.1013918310709414e-07,0.0,0.0,0.0,anisotropic
118,3.357333508424709e-12,0.005125711672008038,0.9932966828346252,0.9933273792266846,0.9933072328567505,4.480609277379699e-06,-1.3084842996440027e-13,7.083512243563281e-14,-1.3005161230663276e-16,2.6407457035020282e-15,4.785981181677779e-13,-0.00013084843521937728,7.083512173267081e-05,0.00047859808546490967,5.480070533855837e-06,8.406277629546821e-08,4.172325134277344e-07,1.1194360638455692e-07,0.0,0.0,0.0,anisotropic
119,3.3573306894990607e-12,0.005125709809362888,0.9932964444160461,0.993327796459198,0.9933072328567505,4.590906883095158e-06,-1.308482944391287e-13,7.083500723915198e-14,-1.3005129466927754e-16,2.640742527128476e-15,4.78597521856583e-13,-0.000130848289700225,7.083500531734899e-05,0.000478597532492131,5.573729389954043e-06,8.581446309108287e-08,4.172325134277344e-07,1.1360138785221352e-07,0.0,0.0,0.0,anisotropic
120,3.3573280874138467e-12,0.005125707946717739,0.993296205997467,0.9933282136917114,0.9933072328567505,4.697959411714692e-06,-1.3084814536133e-13,7.083489204267115e-14,-1.3005099026681212e-16,2.640739350754924e-15,4.785969255453881e-13,-0.0001308481441810727,7.083488890202716e-05,0.00047859695041552186,5.668460121563287e-06,8.688766683917493e-08,4.172325134277344e-07,1.1554780598999059e-07,0.0,0.0,0.0,anisotropic
121,3.3573254853286327e-12,0.00512570608407259,0.9932959675788879,0.9933286309242249,0.9933072328567505,4.810158770851558e-06,-1.308480233885856e-13,7.083477006992675e-14,-1.300506593945671e-16,2.6407363861396084e-15,4.785964376544105e-13,-0.00013084802776575089,7.083477248670533e-05,0.00047859642654657364,5.7641923012441764e-06,8.895585779100657e-08,4.76837158203125e-07,1.1777952124703006e-07,0.0,0.0,0.0,anisotropic
122,3.3573226664029843e-12,0.005125704221427441,0.9932957291603088,0.9933290481567383,0.9933072328567505,4.9223140194953885e-06,-1.3084787431078687e-13,7.083467520223666e-14,-1.3005034175721188e-16,2.6407329980078194e-15,4.78595787133107e-13,-0.00013084786769468337,7.083467789925635e-05,0.00047859575715847313,5.860945419858985e-06,9.031464287545532e-08,4.76837158203125e-07,1.1961549262196058e-07,0.0,0.0,0.0,anisotropic
123,3.357320281158205e-12,0.005125702358782291,0.9932954907417297,0.9933294653892517,0.9933072328567505,5.038551535108127e-06,-1.3084776589056962e-13,7.083454645322868e-14,-1.3005006382452606e-16,2.6407304569089777e-15,4.785952992421294e-13,-0.00013084776583127677,7.08345469320193e-05,0.0004785952914971858,5.958812636810538e-06,9.186805982608348e-08,4.76837158203125e-07,1.2126568549319927e-07,0.0,0.0,0.0,anisotropic
124,3.357317679072991e-12,0.005125700030475855,0.9932952523231506,0.9933298826217651,0.9933072328567505,5.148789114173269e-06,-1.308475897077166e-13,7.083441770422069e-14,-1.3004968001272183e-16,2.640726857018952e-15,4.785946487208259e-13,-0.00013084759120829403,7.083441596478224e-05,0.00047859468031674623,6.057729906996171e-06,9.374707587994635e-08,4.76837158203125e-07,1.2393248027819936e-07,0.0,0.0,0.0,anisotropic
125,3.357314643306908e-12,0.005125698167830706,0.9932950139045715,0.9933303594589233,0.9933072328567505,5.269202119961847e-06,-1.3084744062991788e-13,7.08343228365306e-14,-1.3004936237536661e-16,2.6407238924036364e-15,4.785941066197397e-13,-0.00013084744568914175,7.083432137733325e-05,0.0004785940982401371,6.157737023130004e-06,9.501673048362136e-08,4.76837158203125e-07,1.2534613347270351e-07,0.0,0.0,0.0,anisotropic
126,3.3573118243812594e-12,0.005125696770846844,0.9932947754859924,0.9933307766914368,0.9933072328567505,5.386624252423644e-06,-1.3084733220970063e-13,7.083418053499546e-14,-1.300489917984522e-16,2.6407205042718474e-15,4.785935645186534e-13,-0.00013084732927381992,7.083418313413858e-05,0.00047859351616352797,6.259109319479688e-06,9.701034286990762e-08,4.76837158203125e-07,1.2775190327829478e-07,0.0,0.0,0.0,anisotropic
127,3.3573092222960454e-12,0.005125694442540407,0.9932945370674133,0.993331253528595,0.9933072328567505,5.502339718077565e-06,-1.3084719668442907e-13,7.083407211477821e-14,-1.3004870063087657e-16,2.640717539656532e-15,4.785929139973499e-13,-0.00013084719830658287,7.083407399477437e-05,0.00047859293408691883,6.361589393934114e-06,9.846189641393721e-08,4.76837158203125e-07,1.2976832408639893e-07,0.0,0.0,0.0,anisotropic
128,3.3573061865299625e-12,0.005125692579895258,0.9932942986488342,0.9933317303657532,0.9933072328567505,5.6350882005062886e-06,-1.3084704760663035e-13,7.083392981324307e-14,-1.3004833005396215e-16,2.640713939766506e-15,4.785923176861551e-13,-0.00013084705278743058,7.083392847562209e-05,0.00047859232290647924,6.465210045751144e-06,1.0017174645327032e-07,4.76837158203125e-07,1.3169994872441748e-07,0.0,0.0,0.0,anisotropic
129,3.3573031507638795e-12,0.005125690251588821,0.9932940006256104,0.9933322072029114,0.9933072328567505,5.7615043260739185e-06,-1.308469120813588e-13,7.083380106423509e-14,-1.3004799918171713e-16,2.640710763392954e-15,4.785917213749602e-13,-0.0001308469072682783,7.083379750838503e-05,0.00047859171172603965,6.56949494591796e-06,1.0185794963035733e-07,4.76837158203125e-07,1.3392013897828292e-07,0.0,0.0,0.0,anisotropic
130,3.357300331838231e-12,0.005125687923282385,0.9932937622070312,0.9933326244354248,0.9933072328567505,5.894115020055324e-06,-1.3084674945103292e-13,7.083367231522711e-14,-1.300476153699129e-16,2.640707163502928e-15,4.785910708536567e-13,-0.0001308467471972108,7.083367381710559e-05,0.00047859110054560006,6.675014254201207e-06,1.034713932313025e-07,4.76837158203125e-07,1.35762718400656e-07,0.0,0.0,0.0,anisotropic
131,3.3572966455508446e-12,0.005125686526298523,0.9932935237884521,0.993333101272583,0.9933072328567505,6.018563908583019e-06,-1.308466003732342e-13,7.083350968490124e-14,-1.3004720508832907e-16,2.6407033518546655e-15,4.785903661222446e-13,-0.0001308466016780585,7.083350647008047e-05,0.00047859037294983864,6.780729096192118e-06,1.0533040040172637e-07,5.364418029785156e-07,1.381614964657274e-07,0.0,0.0,0.0,anisotropic
132,3.357293392944327e-12,0.005125684197992086,0.9932932257652283,0.993333637714386,0.9933072328567505,6.1565847317979205e-06,-1.3084646484796264e-13,7.083337415962968e-14,-1.3004683451141465e-16,2.640699540206403e-15,4.785896613908325e-13,-0.00013084647071082145,7.083337550284341e-05,0.0004785896744579077,6.887863644707997e-06,1.0692565410863608e-07,5.364418029785156e-07,1.3996060488352668e-07,0.0,0.0,0.0,anisotropic
133,3.357290357178244e-12,0.005125682335346937,0.9932929873466492,0.9933341145515442,0.9933072328567505,6.288983058766462e-06,-1.3084631577016392e-13,7.0833272515676e-14,-1.3004645069961043e-16,2.640696152074614e-15,4.785890650796376e-13,-0.00013084631063975394,7.083327363943681e-05,0.00047858909238129854,6.9957928189416186e-06,1.0857183951884508e-07,5.364418029785156e-07,1.4217381760772696e-07,0.0,0.0,0.0,anisotropic
134,3.3572873214121612e-12,0.005125680007040501,0.9932926893234253,0.9933345913887024,0.9933072328567505,6.4298396864614915e-06,-1.3084618024489236e-13,7.083312343787729e-14,-1.30046080122696e-16,2.640692552184588e-15,4.785884687684427e-13,-0.00013084617967251688,7.083312084432691e-05,0.00047858842299319804,7.105259209304055e-06,1.1002703104168177e-07,5.364418029785156e-07,1.440833727883728e-07,0.0,0.0,0.0,anisotropic
135,3.3572840688056438e-12,0.005125678144395351,0.9932923913002014,0.9933350682258606,0.9933072328567505,6.562841463164659e-06,-1.308460176145665e-13,7.083297436007857e-14,-1.3004568307600198e-16,2.6406887405363254e-15,4.78587709826922e-13,-0.00013084601960144937,7.083297532517463e-05,0.0004785877245012671,7.21494019628633e-06,1.119642547564581e-07,5.364418029785156e-07,1.460990972645959e-07,0.0,0.0,0.0,anisotropic
136,3.3572808161991263e-12,0.005125675816088915,0.9932921528816223,0.9933355450630188,0.9933072328567505,6.7039518398814835e-06,-1.3084590919434924e-13,7.083284561107059e-14,-1.3004524632463855e-16,2.6406851406462995e-15,4.785870593056185e-13,-0.00013084590318612754,7.083284435793757e-05,0.0004785870260093361,7.325542782634446e-06,1.1316660675220191e-07,5.364418029785156e-07,1.4785170776576706e-07,0.0,0.0,0.0,anisotropic
137,3.35727712991174e-12,0.005125673487782478,0.9932918548583984,0.993336021900177,0.9933072328567505,6.84875158185605e-06,-1.308457330114962e-13,7.083268975700829e-14,-1.3004486251283432e-16,2.640681328998037e-15,4.78586408784315e-13,-0.0001308457285631448,7.083269156282768e-05,0.0004785863566212356,7.436344969632657e-06,1.1520387488417327e-07,5.364418029785156e-07,1.502774722439426e-07,0.0,0.0,0.0,anisotropic
138,3.357273660464788e-12,0.005125671625137329,0.9932915568351746,0.9933364987373352,0.9933072328567505,6.987223514443031e-06,-1.3084559748622465e-13,7.083255423173673e-14,-1.300444389963607e-16,2.6406770938333006e-15,4.785856498427943e-13,-0.00013084559759590775,7.083255331963301e-05,0.0004785856290254742,7.546734880327403e-06,1.1684096534736454e-07,5.364418029785156e-07,1.5197726099813735e-07,0.0,0.0,0.0,anisotropic
139,3.357270624698705e-12,0.00512566976249218,0.9932912588119507,0.9933369755744934,0.9933072328567505,7.138544333429309e-06,-1.3084542130337162e-13,7.083242548272875e-14,-1.3004404194966667e-16,2.6406734939432748e-15,4.785849993214908e-13,-0.000130845422972925,7.083242235239595e-05,0.00047858498874120414,7.658593081257448e-06,1.1800875654444098e-07,5.364418029785156e-07,1.5375783846138802e-07,0.0,0.0,0.0,anisotropic
140,3.357266721570884e-12,0.005125666968524456,0.9932909607887268,0.9933374524116516,0.9933072328567505,7.2899460974440444e-06,-1.308452451205186e-13,7.08322560761393e-14,-1.3004364490297265e-16,2.6406694705367753e-15,4.7858424037997e-13,-0.00013084524834994227,7.083225500537083e-05,0.00047858423204161227,7.771513983913938e-06,1.1998236004728824e-07,5.364418029785156e-07,1.5566384092835506e-07,0.0,0.0,0.0,anisotropic
141,3.357263252123932e-12,0.005125665105879307,0.9932906627655029,0.9933379292488098,0.9933072328567505,7.435179213644005e-06,-1.3084508249019272e-13,7.083209344581343e-14,-1.3004319491671942e-16,2.6406656588885127e-15,4.785835356485579e-13,-0.00013084508827887475,7.083209493430331e-05,0.00047858350444585085,7.883722813680546e-06,1.212501956615597e-07,5.364418029785156e-07,1.5756866389438073e-07,0.0,0.0,0.0,anisotropic
142,3.357260216357849e-12,0.00512566277757287,0.993290364742279,0.993338406085968,0.9933072328567505,7.579212251584977e-06,-1.3084494696492116e-13,7.08319782493326e-14,-1.300428111049152e-16,2.6406616354820132e-15,4.785828309171458e-13,-0.00013084494275972247,7.083197851898149e-05,0.00047858283505775034,7.99654130216313e-06,1.2253258319105953e-07,5.364418029785156e-07,1.590864684430926e-07,0.0,0.0,0.0,anisotropic
143,3.357255879549159e-12,0.005125660449266434,0.9932900667190552,0.9933388829231262,0.9933072328567505,7.73822557675885e-06,-1.308447843345953e-13,7.083179529021599e-14,-1.3004230817910276e-16,2.640657400317277e-15,4.785820177655165e-13,-0.00013084478268865496,7.083179662004113e-05,0.000478582049254328,8.111437090038567e-06,1.2440978025551885e-07,5.364418029785156e-07,1.614462803445349e-07,0.0,0.0,0.0,anisotropic
144,3.3572521932617727e-12,0.005125658120959997,0.9932897090911865,0.9933394193649292,0.9933072328567505,7.89898604125483e-06,-1.3084463525679657e-13,7.083161910736296e-14,-1.3004188466262913e-16,2.6406533769107775e-15,4.785813130341043e-13,-0.00013084463716950268,7.083162199705839e-05,0.00047858135076239705,8.2264282745626e-06,1.2556301953736693e-07,5.960464477539062e-07,1.626790151476598e-07,0.0,0.0,0.0,anisotropic
145,3.3572485069743863e-12,0.005125655792653561,0.9932894110679626,0.9933399558067322,0.9933072328567505,8.051225449889898e-06,-1.3084452683657932e-13,7.083149035835498e-14,-1.300414479112657e-16,2.640649565262515e-15,4.785806083026922e-13,-0.00013084452075418085,7.083149102982134e-05,0.00047858062316663563,8.342749190549099e-06,1.2746932043228298e-07,5.960464477539062e-07,1.651465879604075e-07,0.0,0.0,0.0,anisotropic
146,3.3572446038465653e-12,0.005125653930008411,0.9932891130447388,0.9933404326438904,0.9933072328567505,8.21381308924174e-06,-1.308443777587806e-13,7.083135483308342e-14,-1.3004099792501248e-16,2.6406455418560154e-15,4.785798493611715e-13,-0.00013084437523502856,7.083135278662667e-05,0.00047857986646704376,8.460538316514783e-06,1.2865712051279843e-07,5.960464477539062e-07,1.665912492399002e-07,0.0,0.0,0.0,anisotropic
147,3.3572402670378754e-12,0.0051256511360406876,0.9932888150215149,0.9933409690856934,0.9933072328567505,8.373342097911518e-06,-1.3084420157592758e-13,7.083119897902113e-14,-1.3004046852942044e-16,2.6406408831748055e-15,4.785790362095421e-13,-0.00013084420061204582,7.083119999151677e-05,0.0004785790806636214,8.579352967073296e-06,1.305561454501003e-07,5.960464477539062e-07,1.688816979594776e-07,0.0,0.0,0.0,anisotropic
148,3.357237014431358e-12,0.005125649273395538,0.9932884573936462,0.9933415055274963,0.9933072328567505,8.533197615179233e-06,-1.308440389456017e-13,7.083106345374957e-14,-1.3004007148272642e-16,2.640637071526543e-15,4.785783856882386e-13,-0.0001308440405409783,7.08310617483221e-05,0.0004785784112755209,8.699119306177763e-06,1.3202225090935826e-07,5.960464477539062e-07,1.7073836033887346e-07,0.0,0.0,0.0,anisotropic
149,3.3572333281439715e-12,0.0051256464794278145,0.9932881593704224,0.9933420419692993,0.9933072328567505,8.702442755748052e-06,-1.3084383565769436e-13,7.083089404716011e-14,-1.3003960826158339e-16,2.6406328363618066e-15,4.785775725366093e-13,-0.00013084383681416512,7.083089440129697e-05,0.0004785775672644377,8.819763232304255e-06,1.3366479834076017e-07,5.960464477539062e-07,1.729495835434136e-07,0.0,0.0,0.0,anisotropic
150,3.3572285576544125e-12,0.005125644151121378,0.9932878613471985,0.9933426380157471,0.9933072328567505,8.869954399415292e-06,-1.3084371368494996e-13,7.083073141683424e-14,-1.3003906563110155e-16,2.6406283894388335e-15,4.785767593849799e-13,-0.0001308437203988433,7.083073433022946e-05,0.00047857678146101534,8.941751731998072e-06,1.3564022083301097e-07,6.556510925292969e-07,1.751117792991863e-07,0.0,0.0,0.0,anisotropic
151,3.3572250882074606e-12,0.005125641822814941,0.9932875037193298,0.99334317445755,0.9933072328567505,9.031075023813173e-06,-1.3084356460715124e-13,7.083054845771763e-14,-1.3003861564484832e-16,2.6406241542740972e-15,4.785760004434592e-13,-0.00013084356032777578,7.083054515533149e-05,0.000478575995657593,9.06508818178187e-06,1.3739554560743272e-07,6.556510925292969e-07,1.774394320364081e-07,0.0,0.0,0.0,anisotropic
152,3.3572207513987706e-12,0.0051256390288472176,0.9932871460914612,0.9933437705039978,0.9933072328567505,9.200672138831578e-06,-1.308433884242982e-13,7.083036549860103e-14,-1.300380862492563e-16,2.6406190720764137e-15,4.785750788716125e-13,-0.00013084338570479304,7.083036325639114e-05,0.00047857509343884885,9.189906357708566e-06,1.3897442840971053e-07,6.556510925292969e-07,1.7939835572633456e-07,0.0,0.0,0.0,anisotropic
153,3.357216631430515e-12,0.005125637166202068,0.9932868480682373,0.9933443069458008,0.9933072328567505,9.377951755595859e-06,-1.3084322579397234e-13,7.083023674959305e-14,-1.3003760979322346e-16,2.6406150486699143e-15,4.785742657199832e-13,-0.00013084322563372552,7.08302395651117e-05,0.00047857427853159606,9.316548346060304e-06,1.4093166100792587e-07,6.556510925292969e-07,1.8181923167048808e-07,0.0,0.0,0.0,anisotropic
154,3.3572125114622597e-12,0.0051256343722343445,0.9932864904403687,0.9933449029922485,0.9933072328567505,9.550206414132845e-06,-1.308430496111193e-13,7.083005379047644e-14,-1.3003713333719063e-16,2.6406101782304675e-15,4.785735067784624e-13,-0.00013084305101074278,7.083005039021373e-05,0.00047857349272817373,9.444176784956892e-06,1.4282340998761356e-07,6.556510925292969e-07,1.8416487534977932e-07,0.0,0.0,0.0,anisotropic
155,3.35720817465357e-12,0.005125632043927908,0.9932861328125,0.9933454990386963,0.9933072328567505,9.732324542710558e-06,-1.3084285987573913e-13,7.082992504146846e-14,-1.300366039415986e-16,2.6406059430657313e-15,4.785726394167245e-13,-0.00013084286183584481,7.082992669893429e-05,0.0004785726487170905,9.573291956754293e-06,1.4450961316470057e-07,7.152557373046875e-07,1.863508032329264e-07,0.0,0.0,0.0,anisotropic
156,3.357203404164011e-12,0.005125629715621471,0.9932857751846313,0.993346095085144,0.9933071732521057,9.912188943417277e-06,-1.3084272435046757e-13,7.082973530608827e-14,-1.3003607454600656e-16,2.6406010726262846e-15,4.785717720549865e-13,-0.00013084273086860776,7.082973752403632e-05,0.00047857180470600724,9.703672898428996e-06,1.467724359827116e-07,7.152557373046875e-07,1.890501266643696e-07,0.0,0.0,0.0,anisotropic
157,3.357199067355321e-12,0.0051256269216537476,0.9932854175567627,0.9933466911315918,0.9933071732521057,1.0090465366374701e-05,-1.3084250751003307e-13,7.082952524191735e-14,-1.3003553191552473e-16,2.6405957786703642e-15,4.785709046932485e-13,-0.00013084251258987933,7.08295265212655e-05,0.00047857084427960217,9.835600831127684e-06,1.4860233932267874e-07,7.152557373046875e-07,1.9162854414389585e-07,0.0,0.0,0.0,anisotropic
158,3.357194296865762e-12,0.005125624127686024,0.993285059928894,0.9933472871780396,0.9933071732521057,1.0275765816913918e-05,-1.3084231777465288e-13,7.082934905906432e-14,-1.300349892850429e-16,2.6405909082309175e-15,4.785699289112932e-13,-0.00013084232341498137,7.082935189828277e-05,0.00047856997116468847,9.968857298957967e-06,1.50932464748621e-07,7.152557373046875e-07,1.943933511938667e-07,0.0,0.0,0.0,anisotropic
159,3.357189526376203e-12,0.005125621799379587,0.9932847023010254,0.9933478832244873,0.9933071732521057,1.0470210327184759e-05,-1.3084214159179985e-13,7.082916609994772e-14,-1.3003444665456106e-16,2.6405862495497076e-15,4.785691157596639e-13,-0.00013084214879199862,7.08291627233848e-05,0.00047856909804977477,1.0103046674447835e-05,1.528096618130803e-07,7.152557373046875e-07,1.9653241167816304e-07,0.0,0.0,0.0,anisotropic
160,3.357185623248382e-12,0.005125619936734438,0.9932843446731567,0.9933484792709351,0.9933072328567505,1.0657745406206232e-05,-1.3084195185641967e-13,7.082896958830395e-14,-1.3003390402407922e-16,2.640581379110261e-15,4.785682483979259e-13,-0.00013084194506518543,7.082896627252921e-05,0.0004785682540386915,1.0238554415663695e-05,1.5491423255298287e-07,7.152557373046875e-07,1.9921009197787498e-07,0.0,0.0,0.0,anisotropic
161,3.357180852758823e-12,0.005125616677105427,0.9932839870452881,0.9933490753173828,0.9933072328567505,1.0849278623936698e-05,-1.3084180277862095e-13,7.082882728676881e-14,-1.300333746284872e-16,2.6405762969125774e-15,4.785673268260793e-13,-0.00013084179954603314,7.082882802933455e-05,0.0004785673227161169,1.037483760629798e-05,1.5706791600678116e-07,7.152557373046875e-07,2.0195638228415191e-07,0.0,0.0,0.0,anisotropic
162,3.3571758654288297e-12,0.00512561434879899,0.9932836294174194,0.9933497309684753,0.9933072328567505,1.1042458936572075e-05,-1.3084161304324077e-13,7.082863077512505e-14,-1.3003279229333595e-16,2.640571002956657e-15,4.78566351044124e-13,-0.00013084161037113518,7.082863157847896e-05,0.0004785663331858814,1.051257668822177e-05,1.5910518413875252e-07,7.152557373046875e-07,2.043707638677006e-07,0.0,0.0,0.0,anisotropic
163,3.3571708780988363e-12,0.005125611554831266,0.9932832717895508,0.9933503270149231,0.9933072328567505,1.1242987966397777e-05,-1.3084143686038774e-13,7.082844103974487e-14,-1.3003220995818471e-16,2.6405661325172103e-15,4.785654294722774e-13,-0.00013084143574815243,7.0828442403581e-05,0.0004785654309671372,1.0651949441426866e-05,1.6122976376209408e-07,7.152557373046875e-07,2.0689124369255296e-07,0.0,0.0,0.0,anisotropic
164,3.357166758130581e-12,0.0051256087608635426,0.9932829141616821,0.9933509826660156,0.9933072328567505,1.1444388292147778e-05,-1.3084122001995324e-13,7.082827840941899e-14,-1.3003165409281308e-16,2.6405610503195268e-15,4.785645079004308e-13,-0.000130841217469424,7.082827505655587e-05,0.00047856452874839306,1.0792652355691438e-05,1.6338708519469947e-07,7.152557373046875e-07,2.095161164561432e-07,0.0,0.0,0.0,anisotropic
165,3.3571613371197184e-12,0.005125605966895819,0.9932825565338135,0.9933515787124634,0.9933072328567505,1.164654349850025e-05,-1.308409896269916e-13,7.082805479272092e-14,-1.3003104528788224e-16,2.6405555446053696e-15,4.785635321184756e-13,-0.00013084098463878036,7.082805677782744e-05,0.0004785635101143271,1.0933871455814034e-05,1.654352672630921e-07,7.152557373046875e-07,2.1219452150944562e-07,0.0,0.0,0.0,anisotropic
166,3.3571565666301595e-12,0.005125603638589382,0.9932821989059448,0.9933522343635559,0.9933072328567505,1.1853036085085478e-05,-1.3084078633908425e-13,7.082787183360431e-14,-1.30030462952731e-16,2.640550462407686e-15,4.78562610546629e-13,-0.00013084078091196716,7.082787487888709e-05,0.000478562549687922,1.1076687840888528e-05,1.6756348486524075e-07,7.152557373046875e-07,2.1452497378504631e-07,0.0,0.0,0.0,anisotropic
167,3.3571513624597316e-12,0.005125600844621658,0.9932818412780762,0.9933528900146484,0.9933072328567505,1.206117758556502e-05,-1.3084059660370406e-13,7.082765499316981e-14,-1.3002982767802056e-16,2.6405445331770553e-15,4.785615805545651e-13,-0.0001308405917370692,7.082765660015866e-05,0.00047856158926151693,1.1220598936282066e-05,1.6980811778921634e-07,7.748603820800781e-07,2.1712459385980765e-07,0.0,0.0,0.0,anisotropic
168,3.3571461582893036e-12,0.005125597584992647,0.9932814836502075,0.993353545665741,0.9933072328567505,1.227992743224604e-05,-1.308404339733782e-13,7.082745848152605e-14,-1.3002924534286932e-16,2.640539450979372e-15,4.785606047726099e-13,-0.00013084043166600168,7.082746014930308e-05,0.0004785605997312814,1.1365546720043234e-05,1.719927240628749e-07,7.748603820800781e-07,2.2000348565143213e-07,0.0,0.0,0.0,anisotropic
169,3.3571405204380067e-12,0.005125595256686211,0.9932811260223389,0.9933542013168335,0.9933072328567505,1.2481346857384779e-05,-1.30840244237998e-13,7.082727552240944e-14,-1.3002862330304868e-16,2.6405341570234515e-15,4.78559574780546e-13,-0.0001308402424911037,7.082727825036272e-05,0.00047855961020104587,1.1511966790363207e-05,1.7390084394719452e-07,7.152557373046875e-07,2.2205172456324362e-07,0.0,0.0,0.0,anisotropic
170,3.3571353162675788e-12,0.005125592462718487,0.9932807683944702,0.993354856967926,0.9933072328567505,1.2698647879005875e-05,-1.308400002925092e-13,7.082705190571137e-14,-1.3002797479344844e-16,2.640528016034584e-15,4.785585447884821e-13,-0.00013083999510854483,7.082705269567668e-05,0.00047855853335931897,1.1659708174868544e-05,1.7636557458899915e-07,7.748603820800781e-07,2.2512266184548935e-07,0.0,0.0,0.0,anisotropic
171,3.357129678416282e-12,0.00512559013441205,0.9932804107666016,0.9933555126190186,0.9933072328567505,1.2920471817778889e-05,-1.3083975634702039e-13,7.082686217033118e-14,-1.300273792234074e-16,2.64052229856219e-15,4.785574605863097e-13,-0.00013083976227790117,7.082686352077872e-05,0.00047855748562142253,1.1808635967337357e-05,1.783828338375315e-07,7.152557373046875e-07,2.2752452366603393e-07,0.0,0.0,0.0,anisotropic
172,3.357124040564985e-12,0.005125586874783039,0.9932800531387329,0.9933561682701111,0.9933072328567505,1.3142333045834675e-05,-1.3083958016416736e-13,7.082663177736953e-14,-1.3002669100913776e-16,2.640516581089796e-15,4.785564305942458e-13,-0.0001308395731030032,7.082663069013506e-05,0.0004785564378835261,1.1958518914916007e-05,1.8063838069792837e-07,7.748603820800781e-07,2.3023936535082612e-07,0.0,0.0,0.0,anisotropic
173,3.357118836394557e-12,0.0051255845464766026,0.9932796955108643,0.9933568835258484,0.9933072328567505,1.3366505299927667e-05,-1.3083933621867855e-13,7.082642171319861e-14,-1.3002602926464772e-16,2.640510651859165e-15,4.785553463920733e-13,-0.00013083934027235955,7.082641968736425e-05,0.00047855539014562964,1.2109875793387361e-05,1.8276477931067348e-07,7.748603820800781e-07,2.327631278831177e-07,0.0,0.0,0.0,anisotropic
174,3.357112764862391e-12,0.005125581286847591,0.9932792782783508,0.9933575391769409,0.9933072328567505,1.3585072338173632e-05,-1.3083911937824405e-13,7.082620487276411e-14,-1.3002536752015767e-16,2.6405047226285344e-15,4.785543164000094e-13,-0.00013083912199363112,7.082620140863582e-05,0.00047855431330390275,1.226241134642519e-05,1.850821718107909e-07,7.748603820800781e-07,2.3535882576197764e-07,0.0,0.0,0.0,anisotropic
175,3.357107560691963e-12,0.0051255784928798676,0.9932789206504822,0.9933582544326782,0.9933072328567505,1.381510173814604e-05,-1.3083895674791818e-13,7.082600836112035e-14,-1.3002473224544723e-16,2.6404992169143772e-15,4.785532864079456e-13,-0.0001308389619225636,7.082600495778024e-05,0.0004785533237736672,1.241584638198043e-05,1.8752325559034944e-07,7.748603820800781e-07,2.3831319140299456e-07,0.0,0.0,0.0,anisotropic
176,3.3571023565215352e-12,0.005125576630234718,0.9932785630226135,0.9933589696884155,0.9933072328567505,1.4039343113836367e-05,-1.3083875346001084e-13,7.082578474442228e-14,-1.300240705009572e-16,2.6404932876837464e-15,4.785522564158817e-13,-0.00013083875819575042,7.082578667905182e-05,0.00047855221782810986,1.2570489654228925e-05,1.8966966308653355e-07,7.748603820800781e-07,2.408022510280716e-07,0.0,0.0,0.0,anisotropic
177,3.3570960681489348e-12,0.005125573370605707,0.9932782053947449,0.9933596253395081,0.9933072328567505,1.4279705283115618e-05,-1.3083850951452203e-13,7.082555435146062e-14,-1.3002336905179775e-16,2.640486934936642e-15,4.78551063793492e-13,-0.00013083851081319153,7.082555384840816e-05,0.0004785510536748916,1.2726012545059167e-05,1.9194703781977296e-07,7.748603820800781e-07,2.433166343962512e-07,0.0,0.0,0.0,anisotropic
178,3.3570902134572034e-12,0.005125570110976696,0.9932778477668762,0.9933603405952454,0.9933072328567505,1.4516899682348594e-05,-1.3083829267408753e-13,7.082530362970824e-14,-1.300226940724179e-16,2.6404810057060113e-15,4.785499795913195e-13,-0.0001308382925344631,7.082530646584928e-05,0.00047855000593699515,1.2882268936125163e-05,1.938878995133564e-07,7.748603820800781e-07,2.459341033045348e-07,0.0,0.0,0.0,anisotropic
179,3.3570841419250375e-12,0.005125567317008972,0.9932774901390076,0.9933610558509827,0.9933072328567505,1.475217050028732e-05,-1.3083800807101725e-13,7.082508678927374e-14,-1.3002193968369925e-16,2.640474652958907e-15,4.785487869689298e-13,-0.00013083800149615854,7.082508818712085e-05,0.0004785488126799464,1.3039012181658643e-05,1.9641993276309222e-07,7.748603820800781e-07,2.4846315227478044e-07,0.0,0.0,0.0,anisotropic
180,3.3570780703928715e-12,0.005125565454363823,0.9932771325111389,0.9933617115020752,0.9933072328567505,1.4992226169852074e-05,-1.3083779123058276e-13,7.082486317257566e-14,-1.3002127793920921e-16,2.6404685119700393e-15,4.785477027667573e-13,-0.00013083779776934534,7.082486263243482e-05,0.0004785476776305586,1.3196826577948384e-05,1.9826256902888417e-07,7.748603820800781e-07,2.5092373334700824e-07,0.0,0.0,0.0,anisotropic
181,3.3570719988607056e-12,0.0051255617290735245,0.9932767748832703,0.9933624267578125,0.9933072328567505,1.524138860986568e-05,-1.3083754728509395e-13,7.082461922708685e-14,-1.3002057649004977e-16,2.640461947464698e-15,4.785465643544762e-13,-0.00013083755038678646,7.082462252583355e-05,0.00047854651347734034,1.3355251173112906e-05,2.005963324336335e-07,7.748603820800781e-07,2.53465600508207e-07,0.0,0.0,0.0,anisotropic
182,3.3570659273285397e-12,0.005125559866428375,0.9932764172554016,0.9933631420135498,0.9933072328567505,1.5486450138268992e-05,-1.3083733044465945e-13,7.082440238665236e-14,-1.3001983533622092e-16,2.6404558064758304e-15,4.785453717320864e-13,-0.00013083733210805804,7.082440424710512e-05,0.000478545407531783,1.3514984278437697e-05,2.0287552615627646e-07,8.344650268554688e-07,2.560052791977796e-07,0.0,0.0,0.0,anisotropic
183,3.3570598557963738e-12,0.005125557072460651,0.993276059627533,0.9933638572692871,0.9933072328567505,1.5736190107418224e-05,-1.308371000516978e-13,7.08241719936907e-14,-1.3001913388706147e-16,2.640449453728726e-15,4.785442333198053e-13,-0.00013083709927741438,7.082417141646147e-05,0.0004785442433785647,1.3674697964645593e-05,2.0462903194129467e-07,8.344650268554688e-07,2.58082963000561e-07,0.0,0.0,0.0,anisotropic
184,3.357053350583339e-12,0.005125553347170353,0.9932757019996643,0.9933645725250244,0.9933071732521057,1.5984467609087005e-05,-1.3083684255368183e-13,7.082391449567474e-14,-1.3001840596812243e-16,2.640442677465148e-15,4.78542986487307e-13,-0.00013083683734294027,7.082391675794497e-05,0.00047854302101768553,1.3835571721402925e-05,2.0704828784801066e-07,8.344650268554688e-07,2.6091939275829645e-07,0.0,0.0,0.0,anisotropic
185,3.3570470622107385e-12,0.005125550553202629,0.9932752847671509,0.9933653473854065,0.9933071732521057,1.624054493731819e-05,-1.3083662571324733e-13,7.082367055018593e-14,-1.3001762510962418e-16,2.6404363247180436e-15,4.785419022851345e-13,-0.00013083661906421185,7.082366937538609e-05,0.00047854185686446726,1.3997793840997235e-05,2.0903644326608628e-07,8.344650268554688e-07,2.6299323963030474e-07,0.0,0.0,0.0,anisotropic
186,3.357040773838138e-12,0.005125547759234905,0.9932749271392822,0.9933660626411438,0.9933071732521057,1.649403384362813e-05,-1.3083638176775853e-13,7.082341982843354e-14,-1.3001693689535453e-16,2.6404295484544656e-15,4.785406554526361e-13,-0.0001308363862335682,7.082342199282721e-05,0.0004785406345035881,1.4160248245129124e-05,2.1091182134114206e-07,8.344650268554688e-07,2.6517116680224717e-07,0.0,0.0,0.0,anisotropic
187,3.357034268625103e-12,0.005125545430928469,0.9932745695114136,0.9933668375015259,0.9933071732521057,1.6746746041462757e-05,-1.3083619203237834e-13,7.082318265920831e-14,-1.3001615603685628e-16,2.640423407465598e-15,4.78539517040355e-13,-0.00013083619705867022,7.082318188622594e-05,0.0004785395576618612,1.4323237015891004e-05,2.129963831976056e-07,8.344650268554688e-07,2.677086001767748e-07,0.0,0.0,0.0,anisotropic
188,3.3570277634120682e-12,0.005125542636960745,0.9932742118835449,0.9933675527572632,0.9933071732521057,1.7009913790388964e-05,-1.3083592098183522e-13,7.082295226624666e-14,-1.3001540164813764e-16,2.6404170547184936e-15,4.785382702078567e-13,-0.00013083592057228088,7.082294905558228e-05,0.00047853830619715154,1.4487406204274104e-05,2.1517189452424645e-07,8.344650268554688e-07,2.6996733026862785e-07,0.0,0.0,0.0,anisotropic
189,3.357021041358599e-12,0.005125539377331734,0.9932737946510315,0.9933683276176453,0.9933071732521057,1.7269067029701546e-05,-1.3083570414140072e-13,7.082270832075785e-14,-1.300146604943088e-16,2.6404100666966787e-15,4.785370775854669e-13,-0.00013083570229355246,7.082270894898102e-05,0.00047853708383627236,1.46526630527214e-05,2.1715459297411144e-07,8.344650268554688e-07,2.722400438415207e-07,0.0,0.0,0.0,anisotropic
190,3.357014969826433e-12,0.00512553658336401,0.9932734370231628,0.9933691024780273,0.9933071732521057,1.753202195686754e-05,-1.308354601959119e-13,7.082245082274188e-14,-1.3001389287070034e-16,2.6404032904331007e-15,4.785358307529686e-13,-0.00013083545491099358,7.082245429046452e-05,0.0004785358323715627,1.4818407777853694e-05,2.19239154830575e-07,8.344650268554688e-07,2.74576251513281e-07,0.0,0.0,0.0,anisotropic
191,3.357008030932529e-12,0.005125533789396286,0.9932730197906494,0.9933698773384094,0.9933071732521057,1.7795060557546094e-05,-1.3083522980295026e-13,7.08221662196716e-14,-1.300131120122021e-16,2.640396302411286e-15,4.785345839204702e-13,-0.00013083523663226515,7.082216325215995e-05,0.0004785345809068531,1.4985495636006808e-05,2.2104723029769957e-07,8.344650268554688e-07,2.767110345303081e-07,0.0,0.0,0.0,anisotropic
192,3.357001092038625e-12,0.005125530995428562,0.993272602558136,0.9933706521987915,0.9933072328567505,1.8067552446154878e-05,-1.3083495875240714e-13,7.082194260297353e-14,-1.3001233115370384e-16,2.640389314389471e-15,4.785333370879719e-13,-0.0001308349601458758,7.082194497343153e-05,0.00047853332944214344,1.51535644119543e-05,2.232700353488326e-07,8.344650268554688e-07,2.7913912958865694e-07,0.0,0.0,0.0,anisotropic
193,3.3569943699851557e-12,0.005125528201460838,0.9932721853256226,0.9933714270591736,0.9933072328567505,1.833815076679457e-05,-1.3083472835944548e-13,7.082169188122114e-14,-1.3001152382542599e-16,2.6403827498841298e-15,4.785320902554735e-13,-0.00013083472731523216,7.082169031491503e-05,0.0004785320779774338,1.5322560806863547e-05,2.2526364773511887e-07,8.344650268554688e-07,2.81406244084792e-07,0.0,0.0,0.0,anisotropic
194,3.3569867805699483e-12,0.0051255254074931145,0.9932718276977539,0.9933722019195557,0.9933071732521057,1.861017881310545e-05,-1.3083449796648383e-13,7.082140727815087e-14,-1.3001071649714814e-16,2.640375550104078e-15,4.785307892128665e-13,-0.0001308344944845885,7.082140655256808e-05,0.0004785307974088937,1.5492578078577503e-05,2.2759195417165756e-07,8.940696716308594e-07,2.8394543960530427e-07,0.0,0.0,0.0,anisotropic
195,3.356980492197348e-12,0.005125522613525391,0.9932714104652405,0.9933729767799377,0.9933071732521057,1.8890727005782537e-05,-1.3083424046846787e-13,7.082116333266206e-14,-1.3000994887353969e-16,2.6403685620822633e-15,4.785294881702595e-13,-0.00013083424710202962,7.082116644596681e-05,0.0004785295168403536,1.5663440330428558e-05,2.2932181309442967e-07,8.940696716308594e-07,2.8605734314623987e-07,0.0,0.0,0.0,anisotropic
196,3.356973553303444e-12,0.005125519819557667,0.993270993232727,0.9933738112449646,0.9933072328567505,1.9158418581355363e-05,-1.3083396941792474e-13,7.082092616343683e-14,-1.3000916801504144e-16,2.6403615740604484e-15,4.785282413377612e-13,-0.00013083397061564028,7.082092633936554e-05,0.0004785282362718135,1.5835476695555737e-05,2.3182838049251586e-07,8.940696716308594e-07,2.887742880375299e-07,0.0,0.0,0.0,anisotropic
197,3.356965747047802e-12,0.005125516559928656,0.9932705760002136,0.9933745861053467,0.9933072328567505,1.943707866303157e-05,-1.3083368481485447e-13,7.082063478410297e-14,-1.3000825480764518e-16,2.6403533154892127e-15,4.785268318749369e-13,-0.00013083367957733572,7.082063530106097e-05,0.0004785267810802907,1.6008361378050304e-05,2.3364918888546526e-07,8.940696716308594e-07,2.9093877174091176e-07,0.0,0.0,0.0,anisotropic
198,3.356958808153898e-12,0.005125514231622219,0.9932701587677002,0.9933754205703735,0.9933072328567505,1.971924393728841e-05,-1.3083345442189281e-13,7.082035018103269e-14,-1.3000746071425713e-16,2.6403467509838715e-15,4.7852553083233e-13,-0.0001308334612986073,7.082035153871402e-05,0.0004785255587194115,1.618270699904729e-05,2.36177584156394e-07,8.940696716308594e-07,2.936934038189065e-07,0.0,0.0,0.0,anisotropic
199,3.3569516524195597e-12,0.005125510971993208,0.9932697415351868,0.9933762550354004,0.9933072328567505,2.0009056242997758e-05,-1.3083326468651263e-13,7.082009268301673e-14,-1.3000666662086908e-16,2.6403395512038198e-15,4.785242839998316e-13,-0.0001308332575717941,7.082008960423991e-05,0.00047852424904704094,1.6357685535227183e-05,2.384695108048618e-07,8.940696716308594e-07,2.9639218723787053e-07,0.0,0.0,0.0,anisotropic
200,3.3569444966852213e-12,0.005125507712364197,0.9932692646980286,0.9933770895004272,0.9933071732521057,2.0287689039832912e-05,-1.3083298008344235e-13,7.081982840873718e-14,-1.3000580635303202e-16,2.6403321396655313e-15,4.785228745370074e-13,-0.00013083298108540475,7.08198276697658e-05,0.00047852288116700947,1.6534364662770864e-05,2.4057771952357143e-07,8.940696716308594e-07,2.9857440608793695e-07,0.0,0.0,0.0,anisotropic
201,3.356936907270014e-12,0.0051255058497190475,0.9932688474655151,0.9933779239654541,0.9933072328567505,2.0580680939019658e-05,-1.3083269548037207e-13,7.081952347687617e-14,-1.3000495932008477e-16,2.640324516369006e-15,4.785214650741831e-13,-0.00013083269004710019,7.0819522079546e-05,0.00047852148418314755,1.6712419830811265e-05,2.4284781829919666e-07,8.940696716308594e-07,3.01346886999454e-07,0.0,0.0,0.0,anisotropic
202,3.3569293178548065e-12,0.005125503055751324,0.9932684302330017,0.993378758430481,0.9933071732521057,2.0877607312286273e-05,-1.308324108773018e-13,7.081925242633305e-14,-1.300040461126885e-16,2.640316469556007e-15,4.785201098214675e-13,-0.00013083241356071085,7.081925286911428e-05,0.0004785200871992856,1.6891625359578538e-05,2.452852640999481e-07,8.940696716308594e-07,3.039355362943752e-07,0.0,0.0,0.0,anisotropic
203,3.3569215115991646e-12,0.0051255002617836,0.9932680130004883,0.9933795928955078,0.9933072328567505,2.1165014914004132e-05,-1.3083215337928583e-13,7.08189610469992e-14,-1.3000319907974125e-16,2.6403092697759555e-15,4.785187003586433e-13,-0.00013083215162623674,7.081896183080971e-05,0.00047851871931925416,1.7071784865696106e-05,2.475862856954336e-07,9.5367431640625e-07,3.0657722049909353e-07,0.0,0.0,0.0,anisotropic
204,3.3569137053435227e-12,0.005125496536493301,0.9932675361633301,0.9933804869651794,0.9933071136474609,2.1459400159073994e-05,-1.3083190943379702e-13,7.081873065403754e-14,-1.30002352046794e-16,2.64030164647943e-15,4.785173451059277e-13,-0.00013083190424367785,7.081872900016606e-05,0.0004785173514392227,1.7253138272200224e-05,2.50120137934573e-07,9.5367431640625e-07,3.0939148132347327e-07,0.0,0.0,0.0,anisotropic
205,3.3569056822474463e-12,0.0051254937425255775,0.9932671189308167,0.9933813214302063,0.9933072328567505,2.1762767573818564e-05,-1.3083162483072674e-13,7.081841216964938e-14,-1.3000138589983854e-16,2.6402933879081944e-15,4.785158814329948e-13,-0.00013083162775728852,7.081840885803103e-05,0.00047851589624769986,1.743597466092707e-05,2.524084266042337e-07,9.5367431640625e-07,3.120900089470524e-07,0.0,0.0,0.0,anisotropic
206,3.3568978759918044e-12,0.005125490948557854,0.9932666420936584,0.9933822154998779,0.9933072328567505,2.2059963157516904e-05,-1.3083135378018362e-13,7.081814111910625e-14,-1.3000052563200148e-16,2.6402855528534323e-15,4.78514417760062e-13,-0.00013083135127089918,7.081813964759931e-05,0.000478514441056177,1.7619678899353905e-05,2.549513737903908e-07,9.5367431640625e-07,3.1508562869930756e-07,0.0,0.0,0.0,anisotropic
207,3.3568900697361626e-12,0.0051254876889288425,0.993266224861145,0.9933830499649048,0.9933071732521057,2.2360760340234265e-05,-1.3083106917711335e-13,7.08178497397724e-14,-1.2999965212927463e-16,2.6402777177986702e-15,4.785130082972378e-13,-0.00013083107478450984,7.081784860929474e-05,0.0004785129858646542,1.7804755344864538e-05,2.57638021139428e-07,9.5367431640625e-07,3.178860481511947e-07,0.0,0.0,0.0,anisotropic
208,3.356882046640086e-12,0.005125484429299831,0.9932657480239868,0.9933839440345764,0.9933071732521057,2.2668740712106228e-05,-1.3083078457404307e-13,7.081755836043854e-14,-1.2999875215676817e-16,2.6402696709856713e-15,4.785115446243049e-13,-0.00013083078374620527,7.081755757099018e-05,0.0004785115597769618,1.799093407174462e-05,2.5964254746213555e-07,9.5367431640625e-07,3.204508800536132e-07,0.0,0.0,0.0,anisotropic
209,3.3568742403844443e-12,0.0051254816353321075,0.9932652711868286,0.993384838104248,0.9933071732521057,2.2983664166531526e-05,-1.3083051352349995e-13,7.081726698110469e-14,-1.299978389493719e-16,2.6402616241726724e-15,4.785101351614807e-13,-0.00013083050725981593,7.081726653268561e-05,0.00047851010458543897,1.817831552562052e-05,2.6216184778604656e-07,9.5367431640625e-07,3.231791936286754e-07,0.0,0.0,0.0,anisotropic
210,3.356865783607499e-12,0.005125478841364384,0.9932647943496704,0.9933857321739197,0.9933071732521057,2.328525806660764e-05,-1.3083026957801114e-13,7.081698237803441e-14,-1.2999685956752665e-16,2.6402535773596735e-15,4.785086172784392e-13,-0.00013083027442917228,7.081698277033865e-05,0.0004785085911862552,1.8366931928735235e-05,2.6482666726224124e-07,9.5367431640625e-07,3.2622367029944144e-07,0.0,0.0,0.0,anisotropic
211,3.356857543670988e-12,0.00512547604739666,0.9932643175125122,0.9933866858482361,0.9933071732521057,2.3604756279382855e-05,-1.3082998497494086e-13,7.081666389364624e-14,-1.2999593312524059e-16,2.640245107030201e-15,4.785071536055063e-13,-0.0001308299833908677,7.081666262820363e-05,0.0004785071068909019,1.8556988876057133e-05,2.668402885319665e-07,9.5367431640625e-07,3.287167373855482e-07,0.0,0.0,0.0,anisotropic
212,3.356848870053608e-12,0.005125472787767649,0.993263840675354,0.9933875799179077,0.9933071732521057,2.392474743828643e-05,-1.3082971392439774e-13,7.081635896178523e-14,-1.2999499344806473e-16,2.6402368484589652e-15,4.785055815123562e-13,-0.00013082970690447837,7.081635703798383e-05,0.0004785055643878877,1.874837200962549e-05,2.696397132240236e-07,9.5367431640625e-07,3.318237418170611e-07,0.0,0.0,0.0,anisotropic
213,3.3568408469575317e-12,0.0051254695281386375,0.9932633638381958,0.9933884739875793,0.9933071732521057,2.4244209271273576e-05,-1.3082942932132746e-13,7.081604725366064e-14,-1.2999404053599907e-16,2.6402285898877295e-15,4.785041178394234e-13,-0.00013082943041808903,7.081604417180642e-05,0.0004785041091963649,1.8940619311794496e-05,2.717551979003474e-07,9.5367431640625e-07,3.343329240124149e-07,0.0,0.0,0.0,anisotropic
214,3.356831739659283e-12,0.005125466734170914,0.9932628870010376,0.9933894276618958,0.9933071136474609,2.456490801705513e-05,-1.3082913116573003e-13,7.081574909806321e-14,-1.299930611541538e-16,2.6402196960417833e-15,4.785024915361646e-13,-0.00013082912482786924,7.081574585754424e-05,0.00047850250848568976,1.9134307506623724e-05,2.7401802071835846e-07,1.0132789611816406e-06,3.3701886081871635e-07,0.0,0.0,0.0,anisotropic
215,3.3568232828823374e-12,0.00512546394020319,0.9932624697685242,0.9933903813362122,0.9933071732521057,2.4887056497391313e-05,-1.308288330101326e-13,7.081540350862073e-14,-1.2999205530252894e-16,2.6402112257123108e-15,4.785009194430145e-13,-0.00013082883378956467,7.081540388753638e-05,0.00047850090777501464,1.9329127864364347e-05,2.765355020528659e-07,1.0132789611816406e-06,3.399114518742863e-07,0.0,0.0,0.0,anisotropic
216,3.356814392424523e-12,0.005125460680574179,0.993261992931366,0.9933913350105286,0.9933071732521057,2.5211809770553373e-05,-1.3082853485453516e-13,7.081511212928687e-14,-1.2999111562535308e-16,2.6402027553828382e-15,4.784994015599731e-13,-0.00013082852819934487,7.081511284923181e-05,0.00047849936527200043,1.952490739490117e-05,2.788274287013337e-07,1.0132789611816406e-06,3.4238706803080277e-07,0.0,0.0,0.0,anisotropic
217,3.356805718807143e-12,0.0051254574209451675,0.9932615160942078,0.993392288684845,0.9933071732521057,2.553848571551498e-05,-1.3082823669893773e-13,7.08147936448987e-14,-1.2999009653883841e-16,2.640194073295129e-15,4.78497829466823e-13,-0.0001308282371610403,7.081479270709679e-05,0.00047849779366515577,1.972199790558881e-05,2.810247679008171e-07,1.0132789611816406e-06,3.450912231528491e-07,0.0,0.0,0.0,anisotropic
218,3.3567966115088943e-12,0.005125454626977444,0.9932610392570496,0.9933932423591614,0.9933071136474609,2.587669951026328e-05,-1.308279656483946e-13,7.081446160798338e-14,-1.2998911715699315e-16,2.640184967690946e-15,4.784962031635642e-13,-0.00013082796067465097,7.081445801304653e-05,0.0004784961638506502,1.992033958741816e-05,2.83400368061848e-07,1.0132789611816406e-06,3.478172629911569e-07,0.0,0.0,0.0,anisotropic
219,3.3567879378915144e-12,0.0051254513673484325,0.9932605624198914,0.9933941960334778,0.9933071732521057,2.6207853807136416e-05,-1.3082765394027002e-13,7.081415667612237e-14,-1.2998807160069888e-16,2.6401764973614733e-15,4.784945768603055e-13,-0.00013082765508443117,7.081415969878435e-05,0.00047849459224380553,2.011945519991082e-05,2.8571957955136895e-07,1.0132789611816406e-06,3.5073762205684034e-07,0.0,0.0,0.0,anisotropic
220,3.3567788305932655e-12,0.005125448573380709,0.9932600855827332,0.9933950901031494,0.9933072328567505,2.6545816581347026e-05,-1.3082734223214543e-13,7.081382463920705e-14,-1.2998710545374342e-16,2.6401673917572904e-15,4.784930047671554e-13,-0.00013082734949421138,7.08138250047341e-05,0.00047849296242929995,2.031875282381168e-05,2.8785689210053533e-07,1.0132789611816406e-06,3.5289656352688326e-07,0.0,0.0,0.0,anisotropic
221,3.3567697232950167e-12,0.0051254453137516975,0.993259608745575,0.9933960437774658,0.9933071136474609,2.6886025807471015e-05,-1.3082703052402084e-13,7.081348582602814e-14,-1.2998607313233896e-16,2.6401582861531074e-15,4.784912700436794e-13,-0.00013082702935207635,7.081348303472623e-05,0.0004784913035109639,2.0517965210308513e-05,2.9029251891188323e-07,1.0132789611816406e-06,3.5590912261795893e-07,0.0,0.0,0.0,anisotropic
222,3.3567601823158988e-12,0.005125442054122686,0.9932591319084167,0.9933969974517822,0.9933071732521057,2.7231038984609768e-05,-1.3082677302600487e-13,7.081316734163998e-14,-1.2998496140159568e-16,2.6401489687906876e-15,4.784895895303121e-13,-0.00013082676741760224,7.081317016854882e-05,0.0004784896154887974,2.0717697733961816e-05,2.925571607192978e-07,1.0132789611816406e-06,3.584630690056656e-07,0.0,0.0,0.0,anisotropic
223,3.35675107501765e-12,0.0051254392601549625,0.9932585954666138,0.9933979511260986,0.9933071136474609,2.7576019419939257e-05,-1.308264884229346e-13,7.081285563351539e-14,-1.2998395554997082e-16,2.6401402867029782e-15,4.78488017437162e-13,-0.0001308264909312129,7.081285730237141e-05,0.00047848804388195276,2.091751165217448e-05,2.941778802778572e-07,1.0132789611816406e-06,3.604418452596292e-07,0.0,0.0,0.0,anisotropic
224,3.356741534038532e-12,0.005125436466187239,0.9932581186294556,0.993398904800415,0.9933071732521057,2.7912446967093274e-05,-1.3082617671481e-13,7.081246938649144e-14,-1.2998285705411735e-16,2.6401309693405584e-15,4.784863369237946e-13,-0.00013082617078907788,7.081247167661786e-05,0.0004784863267559558,2.1118586094752087e-05,2.9686998459510505e-07,1.0132789611816406e-06,3.6345082321531663e-07,0.0,0.0,0.0,anisotropic
225,3.3567322098998487e-12,0.0051254332065582275,0.9932575821876526,0.9933998584747314,0.9933071136474609,2.8263244530535303e-05,-1.3082587855921257e-13,7.0812171230894e-14,-1.2998181149782308e-16,2.6401216519781386e-15,4.784846564104273e-13,-0.0001308258797507733,7.081217336235568e-05,0.0004784846387337893,2.1320614345241795e-05,2.9864349926356226e-07,1.0728836059570312e-06,3.6539287862069614e-07,0.0,0.0,0.0,anisotropic
226,3.3567224520802963e-12,0.005125430412590504,0.9932571053504944,0.9934008121490479,0.9933071732521057,2.861514985852409e-05,-1.3082558040361514e-13,7.081184597024226e-14,-1.2998077917641862e-16,2.640112334615719e-15,4.784829758970599e-13,-0.00013082557416055351,7.081184594426304e-05,0.00047848295071162283,2.1523051544120504e-05,3.011282387888059e-07,1.0728836059570312e-06,3.683991565139877e-07,0.0,0.0,0.0,anisotropic
227,3.356712694260744e-12,0.0051254271529614925,0.9932565689086914,0.993401825428009,0.9933071732521057,2.8957932954654098e-05,-1.308252822480177e-13,7.081148005200905e-14,-1.2997969391545495e-16,2.640103017253299e-15,4.784812411735839e-13,-0.00013082528312224895,7.081148214638233e-05,0.00047848126268945634,2.172648050389109e-05,3.032982931472361e-07,1.0728836059570312e-06,3.708837539306842e-07,0.0,0.0,0.0,anisotropic
228,3.356703153281626e-12,0.005125423893332481,0.9932560324668884,0.9934027791023254,0.9933071732521057,2.9324597562663257e-05,-1.3082498409242027e-13,7.081116156762088e-14,-1.2997859541960148e-16,2.640093911649116e-15,4.784796148703252e-13,-0.00013082497753202915,7.081116200424731e-05,0.0004784796037711203,2.193048930356694e-05,3.0589035304728895e-07,1.0728836059570312e-06,3.737576435014489e-07,0.0,0.0,0.0,anisotropic
229,3.3566933954620737e-12,0.0051254210993647575,0.9932554960250854,0.9934037923812866,0.9933071732521057,2.9675798941752873e-05,-1.3082467238429568e-13,7.081080242565124e-14,-1.299774704539684e-16,2.640083959011986e-15,4.784778259367406e-13,-0.00013082467194180936,7.081080548232421e-05,0.00047847782843746245,2.2135813380885578e-05,3.07796653942205e-07,1.1324882507324219e-06,3.759219566745742e-07,0.0,0.0,0.0,anisotropic
230,3.3566836376425213e-12,0.005125417839735746,0.9932549595832825,0.9934048056602478,0.9933071136474609,3.0043080187169835e-05,-1.3082432001858962e-13,7.081047038873592e-14,-1.2997641166278434e-16,2.640074641649566e-15,4.784760912132646e-13,-0.00013082432269584388,7.081047078827396e-05,0.00047847608220763505,2.2341950376888998e-05,3.1062336347531527e-07,1.1324882507324219e-06,3.7916370843049663e-07,0.0,0.0,0.0,anisotropic
231,3.3566734461421e-12,0.0051254150457680225,0.9932544231414795,0.9934057593345642,0.9933071732521057,3.04023596982006e-05,-1.3082407607310081e-13,7.081009769423913e-14,-1.2997529993204106e-16,2.640065536045383e-15,4.784744106998973e-13,-0.000130824075313285,7.081009971443564e-05,0.000478474423289299,2.254859555596259e-05,3.128334356006235e-07,1.1324882507324219e-06,3.8156878190420684e-07,0.0,0.0,0.0,anisotropic
232,3.356663471482113e-12,0.005125411786139011,0.9932538866996765,0.9934067726135254,0.9933071732521057,3.0761872039875016e-05,-1.3082379147003054e-13,7.080975888106023e-14,-1.299741617315182e-16,2.6400555834082528e-15,4.784726217663127e-13,-0.00013082378427498043,7.080975774442777e-05,0.0004784726188518107,2.2755886168132295e-05,3.1483068596571684e-07,1.1920928955078125e-06,3.838782447473932e-07,0.0,0.0,0.0,anisotropic
233,3.3566534968221262e-12,0.0051254089921712875,0.9932533502578735,0.9934077858924866,0.9933071136474609,3.1136216421145946e-05,-1.3082345265685164e-13,7.080939973909059e-14,-1.2997306323566472e-16,2.640046266045833e-15,4.784708870428367e-13,-0.00013082344958093017,7.080940122250468e-05,0.00047847090172581375,2.2964918606615808e-05,3.1734271033201367e-07,1.1920928955078125e-06,3.8683143088746874e-07,0.0,0.0,0.0,anisotropic
234,3.3566435221621393e-12,0.005125405732542276,0.9932527542114258,0.9934087991714478,0.9933071732521057,3.150576594634913e-05,-1.308231545012542e-13,7.080906092591169e-14,-1.2997196473981125e-16,2.6400363134087028e-15,4.784691523193607e-13,-0.0001308231585426256,7.080905925249681e-05,0.0004784691263921559,2.3174636573918078e-05,3.199747879989445e-07,1.1920928955078125e-06,3.897774263350584e-07,0.0,0.0,0.0,anisotropic
235,3.3566326801404145e-12,0.005125402472913265,0.9932522177696228,0.9934098124504089,0.9933071136474609,3.1873209081823006e-05,-1.308228156880753e-13,7.080870178394205e-14,-1.2997080006950878e-16,2.640025937255099e-15,4.784672549655589e-13,-0.00013082280929666013,7.080870273057371e-05,0.00047846726374700665,2.3384964782959864e-05,3.2203934097196907e-07,1.1920928955078125e-06,3.920790732081514e-07,0.0,0.0,0.0,anisotropic
236,3.3566222717995586e-12,0.005125399678945541,0.9932517409324646,0.9934108257293701,0.9933071136474609,3.225195541745052e-05,-1.3082254463753218e-13,7.080833586570884e-14,-1.299696353992063e-16,2.6400164081344423e-15,4.784655202420829e-13,-0.00013082254736218601,7.0808338932693e-05,0.0004784654884133488,2.3596334685696826e-05,3.247732820454985e-07,1.2516975402832031e-06,3.952069107526768e-07,0.0,0.0,0.0,anisotropic
237,3.3566118634587028e-12,0.0051253968849778175,0.9932512044906616,0.9934118986129761,0.9933071136474609,3.262400787207298e-05,-1.308222329294076e-13,7.080798350000278e-14,-1.2996845749401403e-16,2.6400062437390752e-15,4.784636770983897e-13,-0.000130822227220051,7.080798241076991e-05,0.00047846362576819956,2.3808488943876123e-05,3.271979949204251e-07,1.2516975402832031e-06,3.9796353235033166e-07,0.0,0.0,0.0,anisotropic
238,3.356601455117847e-12,0.005125394091010094,0.9932506680488586,0.9934129118919373,0.9933071136474609,3.300678508821875e-05,-1.308218941162287e-13,7.080764468682388e-14,-1.2996729282371155e-16,2.639996291101945e-15,4.784618881648051e-13,-0.00013082189252600074,7.080764771671966e-05,0.0004784618504345417,2.4021649906500004e-05,3.296609065728262e-07,1.2516975402832031e-06,4.0096290376823163e-07,0.0,0.0,0.0,anisotropic
239,3.356590613096122e-12,0.005125390365719795,0.9932501316070557,0.9934139847755432,0.9933071136474609,3.3383599657099694e-05,-1.3082154175052263e-13,7.080727199232709e-14,-1.2996615462318868e-16,2.6399854914318675e-15,4.78459882390786e-13,-0.00013082154328003526,7.080726936692372e-05,0.00047845992958173156,2.4236190246891083e-05,3.3227661333512515e-07,1.2516975402832031e-06,4.0373902265855577e-07,0.0,0.0,0.0,anisotropic
240,3.356579771074397e-12,0.005125387106090784,0.9932495951652527,0.9934149980545044,0.9933071136474609,3.3772703318390995e-05,-1.3082118938481657e-13,7.080687896903956e-14,-1.299649237784372e-16,2.6399753270365004e-15,4.784580392470927e-13,-0.00013082119403406978,7.080687646521255e-05,0.00047845803783275187,2.4451712286389156e-05,3.348286554683e-07,1.3113021850585938e-06,4.0662604305907735e-07,0.0,0.0,0.0,anisotropic
241,3.3565689290526723e-12,0.00512538431212306,0.9932490587234497,0.9934160709381104,0.9933071136474609,3.4159420465584844e-05,-1.3082095899185492e-13,7.080649272201561e-14,-1.2996373263835512e-16,2.6399649508828966e-15,4.784561961033995e-13,-0.00013082096120342612,7.0806490839459e-05,0.00047845617518760264,2.4668035621193026e-05,3.371569619048387e-07,1.3113021850585938e-06,4.093052154985344e-07,0.0,0.0,0.0,anisotropic
242,3.356558303871382e-12,0.005125381052494049,0.9932485222816467,0.9934171438217163,0.9933071136474609,3.4551652788650244e-05,-1.3082062017867602e-13,7.080612002751882e-14,-1.2996254149827305e-16,2.6399547864875295e-15,4.784542987495977e-13,-0.00013082062650937587,7.080611976562068e-05,0.00047845434164628386,2.488516150630048e-05,3.3980904845520854e-07,1.3113021850585938e-06,4.126434873796825e-07,0.0,0.0,0.0,anisotropic
243,3.3565472450092226e-12,0.005125378258526325,0.993247926235199,0.9934182167053223,0.9933071136474609,3.493792610242963e-05,-1.3082029491802427e-13,7.080576088554918e-14,-1.2996132388841137e-16,2.6399444103339257e-15,4.784524013957958e-13,-0.00013082029181532562,7.080576324369758e-05,0.00047845239168964326,2.5103561300978045e-05,3.4263757697772235e-07,1.3113021850585938e-06,4.154976238623931e-07,0.0,0.0,0.0,anisotropic
244,3.3565355356257598e-12,0.005125374998897314,0.993247389793396,0.9934192895889282,0.9933071136474609,3.533477502060123e-05,-1.3081994255231821e-13,7.080534753347092e-14,-1.2996002686921089e-16,2.6399331871473745e-15,4.784503956217767e-13,-0.00013081994256936014,7.080534851411358e-05,0.00047845038352534175,2.532278134308256e-05,3.4516779123805463e-07,1.3709068298339844e-06,4.1857740029627166e-07,0.0,0.0,0.0,anisotropic
245,3.356524693604035e-12,0.005125371739268303,0.9932467937469482,0.9934203624725342,0.9933071136474609,3.573462163330987e-05,-1.3081963084419362e-13,7.080498161523771e-14,-1.299588092593492e-16,2.6399230227520075e-15,4.784484982679749e-13,-0.00013081963697914034,7.080498471623287e-05,0.0004784485208801925,2.5543209382482634e-05,3.4772347135003656e-07,1.3709068298339844e-06,4.2127402366531896e-07,0.0,0.0,0.0,anisotropic
246,3.356513417901441e-12,0.0051253680139780045,0.9932462573051453,0.9934214353561401,0.9933071136474609,3.613594526541419e-05,-1.3081927847848757e-13,7.080462247326808e-14,-1.2995759164948753e-16,2.6399126465984036e-15,4.78446600914173e-13,-0.00013081927318125963,7.080462091835216e-05,0.0004784466000273824,2.5764729695143e-05,3.5047560231760144e-07,1.3709068298339844e-06,4.246917910677439e-07,0.0,0.0,0.0,anisotropic
247,3.3565012748371092e-12,0.005125365685671568,0.9932456612586975,0.9934225678443909,0.9933071136474609,3.6537825508276e-05,-1.3081893966530866e-13,7.080422944998055e-14,-1.2995629463028705e-16,2.6399014234118525e-15,4.784445409300453e-13,-0.00013081893848720938,7.080422801664099e-05,0.0004784445627592504,2.5987217429952583e-05,3.5294760891702026e-07,1.3709068298339844e-06,4.273638012364245e-07,0.0,0.0,0.0,anisotropic
248,3.3564904328153844e-12,0.005125362426042557,0.9932450652122498,0.9934236407279968,0.9933071136474609,3.6945239116903394e-05,-1.3081860085212976e-13,7.080383642669302e-14,-1.2995507702042537e-16,2.639890623741775e-15,4.784426435762434e-13,-0.00013081860379315913,7.080383511492983e-05,0.00047844264190644026,2.621098012060322e-05,3.561617631930858e-07,1.3709068298339844e-06,4.3095201363030355e-07,0.0,0.0,0.0,anisotropic
249,3.356478940272356e-12,0.005125359166413546,0.9932445287704468,0.9934247136116028,0.9933071136474609,3.735883001354523e-05,-1.3081827559147802e-13,7.08034434034055e-14,-1.299538197058943e-16,2.6398796123134607e-15,4.784406378022243e-13,-0.00013081826909910887,7.080344221321866e-05,0.0004784406046383083,2.6435712236896075e-05,3.586446837289259e-07,1.3709068298339844e-06,4.337732661952032e-07,0.0,0.0,0.0,anisotropic
250,3.3564670140484587e-12,0.0051253559067845345,0.993243932723999,0.9934258460998535,0.9933071136474609,3.7765039451187477e-05,-1.3081796388335343e-13,7.080305038011797e-14,-1.29952509451804e-16,2.6398683891269096e-15,4.784386320282052e-13,-0.00013081796350888908,7.08030493115075e-05,0.00047843859647400677,2.6661667397315995e-05,3.614495653891936e-07,1.430511474609375e-06,4.371313764295337e-07,0.0,0.0,0.0,anisotropic
251,3.3564550878245614e-12,0.005125352181494236,0.9932432770729065,0.9934269785881042,0.9933071136474609,3.817798278760165e-05,-1.3081759796512021e-13,7.080265058056687e-14,-1.2995121243260352e-16,2.6398573776985953e-15,4.784365720440775e-13,-0.00013081759971100837,7.080264913383871e-05,0.00047843653010204434,2.68884068696208e-05,3.644217940745875e-07,1.430511474609375e-06,4.403293303312239e-07,0.0,0.0,0.0,anisotropic
252,3.3564429447602295e-12,0.005125349387526512,0.9932426810264587,0.9934280514717102,0.9933071136474609,3.85980456485413e-05,-1.308172591519413e-13,7.080224400475219e-14,-1.2994988894362344e-16,2.6398459427538074e-15,4.784345120599498e-13,-0.00013081726501695812,7.080224168021232e-05,0.00047843449283391237,2.711641132927888e-05,3.6716301110573113e-07,1.430511474609375e-06,4.434353115811973e-07,0.0,0.0,0.0,anisotropic
253,3.356431018536332e-12,0.005125345662236214,0.993242084980011,0.9934291839599609,0.9933071136474609,3.901700983988121e-05,-1.3081693389128957e-13,7.080183065267392e-14,-1.2994857868953315e-16,2.6398345078090194e-15,4.784324520758221e-13,-0.00013081693032290787,7.080183422658592e-05,0.0004784324555657804,2.7345848963091253e-05,3.7038080336060375e-07,1.430511474609375e-06,4.4706891344503674e-07,0.0,0.0,0.0,anisotropic
254,3.3564188754720004e-12,0.00512534286826849,0.9932414293289185,0.9934303164482117,0.9933071136474609,3.944623313145712e-05,-1.3081662218316498e-13,7.080141052433209e-14,-1.2994724196566327e-16,2.639823496380705e-15,4.784303920916944e-13,-0.00013081662473268807,7.08014122210443e-05,0.000478430389193818,2.757586906573117e-05,3.729965101229027e-07,1.430511474609375e-06,4.4995726966590155e-07,0.0,0.0,0.0,anisotropic
255,3.356406515567234e-12,0.005125339142978191,0.9932408332824707,0.9934314489364624,0.9933070540428162,3.9874747017165646e-05,-1.3081622915987745e-13,7.080102427730814e-14,-1.2994591847668318e-16,2.639812061435917e-15,4.784283321075666e-13,-0.0001308162318309769,7.080102659529075e-05,0.0004784282937180251,2.7807095757183907e-05,3.760706022148952e-07,1.430511474609375e-06,4.5346686761149613e-07,0.0,0.0,0.0,anisotropic
256,3.3563941556624677e-12,0.00512533588334918,0.9932401776313782,0.9934325814247131,0.9933071136474609,4.030711352243088e-05,-1.3081583613658992e-13,7.080059059643914e-14,-1.299445685179235e-16,2.639799779458182e-15,4.78426109493113e-13,-0.00013081583892926574,7.08005900378339e-05,0.0004784261400345713,2.803943905271447e-05,3.7892459658905864e-07,1.430511474609375e-06,4.568433666918281e-07,0.0,0.0,0.0,anisotropic
257,3.356382012598136e-12,0.005125332158058882,0.9932395815849304,0.9934337139129639,0.9933071136474609,4.073491072631441e-05,-1.3081555153351965e-13,7.080019079688804e-14,-1.299432450289434e-16,2.639788556271631e-15,4.784240495089853e-13,-0.00013081554789096117,7.080018986016512e-05,0.0004784240445587784,2.8273353874661787e-05,3.8178040995262563e-07,1.4901161193847656e-06,4.599341707489657e-07,0.0,0.0,0.0,anisotropic
258,3.356369435852935e-12,0.005125328898429871,0.9932389259338379,0.9934348464012146,0.9933071136474609,4.117512798984535e-05,-1.3081521272034075e-13,7.079979099733694e-14,-1.2994186860040412e-16,2.639776909568606e-15,4.784219895248576e-13,-0.00013081521319691092,7.079978968249634e-05,0.0004784219490829855,2.8508217907187597e-05,3.850545908790082e-07,1.430511474609375e-06,4.636086998743849e-07,0.0,0.0,0.0,anisotropic
259,3.356356859107734e-12,0.005125325173139572,0.9932382702827454,0.9934359788894653,0.9933071136474609,4.161246761213988e-05,-1.3081481969705322e-13,7.079935731646794e-14,-1.2994049217186483e-16,2.6397650511073446e-15,4.784198211205126e-13,-0.00013081482029519975,7.07993604009971e-05,0.00047841976629570127,2.8744229023423023e-05,3.8779035094194114e-07,1.430511474609375e-06,4.666007100695424e-07,0.0,0.0,0.0,anisotropic
260,3.35634363184123e-12,0.005125321447849274,0.9932375550270081,0.9934371113777161,0.9933071136474609,4.20620635850355e-05,-1.3081446733134716e-13,7.079893041186253e-14,-1.2993904956887654e-16,2.6397527691296094e-15,4.784175442959504e-13,-0.00013081447104923427,7.079893111949787e-05,0.00047841755440458655,2.8980791102709935e-05,3.9110273064579815e-07,1.430511474609375e-06,4.704066611793678e-07,0.0,0.0,0.0,anisotropic
261,3.3563308382555945e-12,0.005125317722558975,0.9932368993759155,0.9934382438659668,0.9933071136474609,4.251012796885334e-05,-1.308141149656411e-13,7.079849673099353e-14,-1.2993768637522705e-16,2.639740910668348e-15,4.784153758916054e-13,-0.0001308141218032688,7.079849456204101e-05,0.00047841540072113276,2.9218624026696863e-05,3.938494046451524e-07,1.4901161193847656e-06,4.7349240617222677e-07,0.0,0.0,0.0,anisotropic
262,3.3563178278295247e-12,0.005125313997268677,0.993236243724823,0.9934393763542175,0.9933069944381714,4.2955842218361795e-05,-1.3081376259993505e-13,7.079806305012454e-14,-1.2993625700712856e-16,2.6397288404488494e-15,4.784132074872605e-13,-0.00013081375800538808,7.079806528054178e-05,0.00047841318883001804,2.9458032943836872e-05,3.9675614971201867e-07,1.430511474609375e-06,4.768295127632882e-07,0.0,0.0,0.0,anisotropic
263,3.356304817403455e-12,0.005125310271978378,0.9932355284690857,0.9934405088424683,0.9933071136474609,4.340786108514294e-05,-1.3081335602412036e-13,7.079765647430986e-14,-1.2993488057858927e-16,2.639716981987588e-15,4.784110390829155e-13,-0.0001308133505517617,7.079765782691538e-05,0.00047841103514656425,2.9698023022388096e-05,3.9984479371923953e-07,1.430511474609375e-06,4.801003115062485e-07,0.0,0.0,0.0,anisotropic
264,3.3562920238178195e-12,0.00512530654668808,0.9932348728179932,0.993441641330719,0.9933071136474609,4.386462387628853e-05,-1.3081301721094146e-13,7.079721601717728e-14,-1.2993343797560098e-16,2.6397047000098527e-15,4.784088164684619e-13,-0.00013081301585771143,7.079721399350092e-05,0.00047840882325544953,2.9939021616964e-05,4.025932867079973e-07,1.430511474609375e-06,4.833364073419943e-07,0.0,0.0,0.0,anisotropic
265,3.3562787965513152e-12,0.005125302355736494,0.9932341575622559,0.9934428334236145,0.9933071136474609,4.432831337908283e-05,-1.3081265129270825e-13,7.079675523125398e-14,-1.299319821377229e-16,2.6396922062738807e-15,4.784065938540083e-13,-0.00013081265205983073,7.079675560817122e-05,0.00047840658226050436,3.018143922077591e-05,4.0572376747149974e-07,1.430511474609375e-06,4.867053462476179e-07,0.0,0.0,0.0,anisotropic
266,3.3562653524443764e-12,0.005125298630446196,0.9932335019111633,0.9934439659118652,0.9933070540428162,4.479452400119044e-05,-1.308123260320565e-13,7.07963486554393e-14,-1.299305660045142e-16,2.639680347812619e-15,4.784043712395547e-13,-0.0001308123319176957,7.079634815454483e-05,0.00047840437036938965,3.0424449216031606e-05,4.083685780642554e-07,1.430511474609375e-06,4.897241296930588e-07,0.0,0.0,0.0,anisotropic
267,3.3562514746565686e-12,0.005125294905155897,0.993232786655426,0.9934451580047607,0.9933070540428162,4.52531676273793e-05,-1.3081194656129613e-13,7.079588109325241e-14,-1.299290572270769e-16,2.6396676423184103e-15,4.784020402048839e-13,-0.00013081195356789976,7.079588249325752e-05,0.0004784020420629531,3.066876532932318e-05,4.1147177398670465e-07,1.430511474609375e-06,4.932151682623953e-07,0.0,0.0,0.0,anisotropic
268,3.3562384642304988e-12,0.005125290714204311,0.9932320713996887,0.9934463500976562,0.9933070540428162,4.572201578412205e-05,-1.3081159419559008e-13,7.079544063611984e-14,-1.299276013891988e-16,2.6396549368242015e-15,4.783997633803216e-13,-0.00013081158977001905,7.079543865984306e-05,0.0004783997719641775,3.0914384305185727e-05,4.1425664676353335e-07,1.430511474609375e-06,4.964049935551884e-07,0.0,0.0,0.0,anisotropic
269,3.356223719080953e-12,0.005125286988914013,0.9932313561439514,0.993447482585907,0.9933070540428162,4.619386527338065e-05,-1.3081120117230255e-13,7.079497307393295e-14,-1.2992613231643091e-16,2.6396422313299927e-15,4.783974865557594e-13,-0.0001308111968683079,7.079497299855575e-05,0.00047839750186540186,3.116112657002056e-05,4.1717976273503155e-07,1.4901161193847656e-06,4.995074505131925e-07,0.0,0.0,0.0,anisotropic
270,3.356210708654883e-12,0.00512528233230114,0.9932306408882141,0.9934486746788025,0.9933070540428162,4.6674158511450514e-05,-1.3081086235912365e-13,7.07945258405368e-14,-1.2992466324366302e-16,2.6396299493522575e-15,4.783952639413058e-13,-0.00013081086217425764,7.079452916514128e-05,0.00047839523176662624,3.1409109723041786e-05,4.2012288758996874e-07,1.430511474609375e-06,5.029093017583364e-07,0.0,0.0,0.0,anisotropic
271,3.3561963971862063e-12,0.005125278607010841,0.9932299256324768,0.993449866771698,0.9933070540428162,4.7151188482530415e-05,-1.3081048288836328e-13,7.07940650546135e-14,-1.2992315446622572e-16,2.639616820341575e-15,4.783928244864177e-13,-0.0001308104838244617,7.079406350385398e-05,0.00047839281614869833,3.165841691414662e-05,4.229768819641322e-07,1.430511474609375e-06,5.062683499090781e-07,0.0,0.0,0.0,anisotropic
272,3.3561820857175295e-12,0.005125274416059256,0.9932292103767395,0.9934510588645935,0.9933069944381714,4.761967284139246e-05,-1.3081013052265722e-13,7.079364492627166e-14,-1.2992164568878843e-16,2.6396039030891294e-15,4.783904934517469e-13,-0.00013081013457849622,7.079364149831235e-05,0.00047839045873843133,3.1908364729069836e-05,4.259964043740183e-07,1.430511474609375e-06,5.094472044220311e-07,0.0,0.0,0.0,anisotropic
273,3.356168424770156e-12,0.0051252697594463825,0.9932284355163574,0.9934523105621338,0.9933071136474609,4.811111284652725e-05,-1.30809764604424e-13,7.079315025903046e-14,-1.2992009720668173e-16,2.6395911975949206e-15,4.78388162417076e-13,-0.0001308097707806155,7.079314673319459e-05,0.0004783881304319948,3.215958064580348e-05,4.29037754656747e-07,1.430511474609375e-06,5.128384827912669e-07,0.0,0.0,0.0,anisotropic
274,3.356154330141914e-12,0.005125265568494797,0.9932277202606201,0.9934535026550293,0.9933069944381714,4.8597794375382364e-05,-1.3080941223871795e-13,7.079271657816147e-14,-1.2991860166413423e-16,2.639578280342475e-15,4.783858855925138e-13,-0.0001308094069827348,7.079271745169535e-05,0.00047838586033321917,3.24120777295266e-05,4.3200270738452673e-07,1.430511474609375e-06,5.164903313925606e-07,0.0,0.0,0.0,anisotropic
275,3.356139584992368e-12,0.005125260911881924,0.993226945400238,0.9934546947479248,0.9933069944381714,4.908629853161983e-05,-1.3080900566290327e-13,7.079223546344743e-14,-1.2991702671224793e-16,2.6395651513317926e-15,4.783834461376257e-13,-0.0001308089995291084,7.079223723849282e-05,0.0004783834156114608,3.26657698314408e-05,4.3473664845805615e-07,1.430511474609375e-06,5.193516017243383e-07,0.0,0.0,0.0,anisotropic
276,3.3561252735236913e-12,0.005125257186591625,0.993226170539856,0.9934559464454651,0.9933069944381714,4.957971759722568e-05,-1.3080870750730583e-13,7.079178823005128e-14,-1.2991551793481063e-16,2.639552234079347e-15,4.783811151029549e-13,-0.00013080870849080384,7.079178612912074e-05,0.0004783811164088547,3.2920868005753926e-05,4.378125595394522e-07,1.430511474609375e-06,5.229764497016731e-07,0.0,0.0,0.0,anisotropic
277,3.3561109620550145e-12,0.005125252529978752,0.9932254552841187,0.9934571385383606,0.9933070540428162,5.0074293540092185e-05,-1.3080832803654546e-13,7.079131389160082e-14,-1.2991392974803453e-16,2.6395388933104277e-15,4.783786756480668e-13,-0.0001308083301410079,7.079131319187582e-05,0.0004783786425832659,3.3177320473595656e-05,4.4098487705923617e-07,1.430511474609375e-06,5.265444542601472e-07,0.0,0.0,0.0,anisotropic
278,3.356096000065034e-12,0.005125247407704592,0.9932246804237366,0.9934583902359009,0.9933069944381714,5.057684029452503e-05,-1.3080793501325794e-13,7.079083955315035e-14,-1.2991238126592783e-16,2.6395253407832716e-15,4.783761819830701e-13,-0.00013080793723929673,7.07908402546309e-05,0.00047837619786150753,3.343474272718268e-05,4.4401531340554357e-07,1.430511474609375e-06,5.299295366967272e-07,0.0,0.0,0.0,anisotropic
279,3.3560812549154884e-12,0.005125243216753006,0.9932239055633545,0.9934596419334412,0.9933069944381714,5.107696051709354e-05,-1.308075419899704e-13,7.079035166217273e-14,-1.2991080631404153e-16,2.6395117882561155e-15,4.78373742528182e-13,-0.00013080754433758557,7.079035276547074e-05,0.00047837375313974917,3.369355350285714e-05,4.4708576751872897e-07,1.430511474609375e-06,5.334227921593993e-07,0.0,0.0,0.0,anisotropic
280,3.356065859244639e-12,0.005125238560140133,0.9932230710983276,0.9934608936309814,0.9933069944381714,5.15855717821978e-05,-1.3080716251921004e-13,7.078987732372227e-14,-1.2990916518770623e-16,2.6394980239707226e-15,4.783712488631853e-13,-0.00013080716598778963,7.078987982822582e-05,0.0004783712502103299,3.395340572670925e-05,4.4995613279752433e-07,1.4901161193847656e-06,5.368365236790851e-07,0.0,0.0,0.0,anisotropic
281,3.3560515477759623e-12,0.00512523390352726,0.9932222962379456,0.9934621453285217,0.9933069944381714,5.209368100622669e-05,-1.3080679660097683e-13,7.078939620900823e-14,-1.2990759023581992e-16,2.6394848949600402e-15,4.783688094082972e-13,-0.00013080680218990892,7.078939961502329e-05,0.0004783688054885715,3.421441806729704e-05,4.531684680841863e-07,1.4901161193847656e-06,5.404477860793122e-07,0.0,0.0,0.0,anisotropic
282,3.3560359352646785e-12,0.005125229246914387,0.9932215809822083,0.993463397026062,0.9933069944381714,5.2604151278501377e-05,-1.3080641713021646e-13,7.078892187055777e-14,-1.2990594910948462e-16,2.6394709189164105e-15,4.783662615331918e-13,-0.00013080642384011298,7.078891940182075e-05,0.0004783663316629827,3.447695203763081e-05,4.565445124171674e-07,1.4901161193847656e-06,5.442174142444856e-07,0.0,0.0,0.0,anisotropic
283,3.356020973274698e-12,0.005125224124640226,0.9932208061218262,0.9934646487236023,0.9933069944381714,5.3120438678888604e-05,-1.3080599700187462e-13,7.078842720331657e-14,-1.2990430798314931e-16,2.639456942872781e-15,4.783637136580865e-13,-0.00013080600183457136,7.078842463670298e-05,0.0004783637123182416,3.474058965739603e-05,4.591929609887302e-07,1.4901161193847656e-06,5.47160425412585e-07,0.0,0.0,0.0,anisotropic
284,3.35600514392298e-12,0.005125219468027353,0.9932200312614441,0.9934659600257874,0.9933069944381714,5.363979653338902e-05,-1.308056310836414e-13,7.078791220728464e-14,-1.29902666856814e-16,2.6394427550709143e-15,4.783611657829812e-13,-0.00013080563803669065,7.078791531966999e-05,0.00047836118028499186,3.500535948432648e-05,4.6259447117336094e-07,1.4901161193847656e-06,5.512707730304101e-07,0.0,0.0,0.0,anisotropic
285,3.3559901819329996e-12,0.00512521481141448,0.993219256401062,0.9934672117233276,0.9933069944381714,5.4164112953003496e-05,-1.3080527871793535e-13,7.07874310925706e-14,-1.299010257304787e-16,2.6394287790272846e-15,4.783586179078758e-13,-0.00013080527423880994,7.078742783050984e-05,0.00047835861914791167,3.5271637800372136e-05,4.658340913010761e-07,1.4901161193847656e-06,5.547694286178739e-07,0.0,0.0,0.0,anisotropic
286,3.3559741357408468e-12,0.00512520968914032,0.9932184815406799,0.9934685230255127,0.9933069944381714,5.468903691507876e-05,-1.308048314845392e-13,7.078692964906583e-14,-1.29899344899474e-16,2.639414591225418e-15,4.783560700327705e-13,-0.0001308048376813531,7.078693306539208e-05,0.00047835608711466193,3.5539281483371984e-05,4.6906097850296646e-07,1.4901161193847656e-06,5.585065991908778e-07,0.0,0.0,0.0,anisotropic
287,3.355958523229563e-12,0.005125205032527447,0.9932176470756531,0.993469774723053,0.9933069944381714,5.521873026737012e-05,-1.3080446556630598e-13,7.078642142929747e-14,-1.298976905382489e-16,2.6394004034235516e-15,4.783534679475565e-13,-0.00013080445933155715,7.078642374835908e-05,0.0004783534677699208,3.580821251317186e-05,4.7210778575390577e-07,1.4901161193847656e-06,5.620122465188615e-07,0.0,0.0,0.0,anisotropic
288,3.3559422601969757e-12,0.005125199910253286,0.993216872215271,0.993471086025238,0.9933069944381714,5.575476825470105e-05,-1.308040589904913e-13,7.078593353831986e-14,-1.2989597000257478e-16,2.6393855803469746e-15,4.783507574421253e-13,-0.00013080405187793076,7.078593625919893e-05,0.0004783507320098579,3.6078383120722615e-05,4.7536013880744576e-07,1.4901161193847656e-06,5.656464736603084e-07,0.0,0.0,0.0,anisotropic
289,3.355926647685692e-12,0.005125194787979126,0.9932160377502441,0.9934723973274231,0.9933069944381714,5.628349390462972e-05,-1.3080365241467662e-13,7.078540498976077e-14,-1.2989427593668027e-16,2.639371392545108e-15,4.7834820956702e-13,-0.0001308036589762196,7.07854051142931e-05,0.00047834819997660816,3.6349914732454943e-05,4.787689249496907e-07,1.4901161193847656e-06,5.696098810403782e-07,0.0,0.0,0.0,anisotropic
290,3.3559103846531046e-12,0.005125190131366253,0.9932152628898621,0.9934737086296082,0.9933069944381714,5.682679693563841e-05,-1.3080327294391625e-13,7.078492387504673e-14,-1.2989259510567556e-16,2.639356781226768e-15,4.78345607481806e-13,-0.00013080326607450843,7.078492490109056e-05,0.00047834558063186705,3.662292241203681e-05,4.816665750695392e-07,1.5497207641601562e-06,5.727794700760569e-07,0.0,0.0,0.0,anisotropic
291,3.355894338460952e-12,0.005125184543430805,0.9932144284248352,0.9934750199317932,0.9933069944381714,5.736764069297351e-05,-1.308028528155744e-13,7.078437499769691e-14,-1.2989083486533205e-16,2.6393423816666647e-15,4.783428969763748e-13,-0.00013080285862088203,7.078437192831188e-05,0.00047834290307946503,3.689735705065279e-05,4.851299308938906e-07,1.5497207641601562e-06,5.770079383182747e-07,0.0,0.0,0.0,anisotropic
292,3.3558776417474956e-12,0.005125179421156645,0.9932135939598083,0.9934763312339783,0.9933069944381714,5.791514558950439e-05,-1.308025140023955e-13,7.078389388298287e-14,-1.2988912756454774e-16,2.6393277703483245e-15,4.783402406810522e-13,-0.00013080250937491655,7.078389171510935e-05,0.00047834025463089347,3.7173121269318634e-05,4.886733222519979e-07,1.5497207641601562e-06,5.807365823784494e-07,0.0,0.0,0.0,anisotropic
293,3.3558609450340393e-12,0.005125173833221197,0.9932127594947815,0.9934777021408081,0.9933069944381714,5.846402928000316e-05,-1.3080206676899936e-13,7.078336533442378e-14,-1.2988732761953483e-16,2.639312523755274e-15,4.783374759655123e-13,-0.0001308020728174597,7.078336784616113e-05,0.0004783374897670001,3.745010668892208e-05,4.916073521599174e-07,1.5497207641601562e-06,5.843228336743778e-07,0.0,0.0,0.0,anisotropic
294,3.3558444651610175e-12,0.005125168710947037,0.9932119250297546,0.9934790134429932,0.9933069944381714,5.9023925132350996e-05,-1.3080163308813036e-13,7.078283000960112e-14,-1.2988560708386071e-16,2.639297700678697e-15,4.783347654600811e-13,-0.00013080163626000285,7.078282942529768e-05,0.0004783347831107676,3.772828411808977e-05,4.949797585140914e-07,1.5497207641601562e-06,5.880307298866683e-07,0.0,0.0,0.0,anisotropic
295,3.3558273347666923e-12,0.005125163123011589,0.9932110905647278,0.993480384349823,0.9933069944381714,5.9576224884949625e-05,-1.3080122651231568e-13,7.078230823730561e-14,-1.29883793903958e-16,2.6392824540856464e-15,4.783320007445413e-13,-0.00013080122880637646,7.078230555634946e-05,0.0004783320182468742,3.8007982958689864e-05,4.982885002391413e-07,1.6093254089355469e-06,5.918739134358475e-07,0.0,0.0,0.0,anisotropic
296,3.3558112885745395e-12,0.005125158000737429,0.9932101964950562,0.9934817552566528,0.9933069348335266,6.013686288497411e-05,-1.3080086059408247e-13,7.078177968874652e-14,-1.2988206013339409e-16,2.6392674192508327e-15,4.783292902391101e-13,-0.00013080086500849575,7.078178168740124e-05,0.0004783292824868113,3.828904022819574e-05,5.013862391933799e-07,1.6093254089355469e-06,5.954198627478036e-07,0.0,0.0,0.0,anisotropic
297,3.3557941581802142e-12,0.005125152878463268,0.9932093620300293,0.9934831261634827,0.9933069944381714,6.06958637945354e-05,-1.3080037270310485e-13,7.078123758766028e-14,-1.2988024695349137e-16,2.6392519608995453e-15,4.783264713134616e-13,-0.00013080037024337798,7.078123599058017e-05,0.00047832648851908743,3.8571291809499694e-05,5.049132596468553e-07,1.6093254089355469e-06,5.992476985738904e-07,0.0,0.0,0.0,anisotropic
298,3.35577659410502e-12,0.005125147290527821,0.9932084679603577,0.9934844970703125,0.9933069348335266,6.126680091256276e-05,-1.3079997967981732e-13,7.078070226283761e-14,-1.2987840730380905e-16,2.639236290790021e-15,4.783236523878132e-13,-0.00013079997734166682,7.078070484567434e-05,0.0004783236363437027,3.885481002925661e-05,5.079127731733024e-07,1.6093254089355469e-06,6.028731718288327e-07,0.0,0.0,0.0,anisotropic
299,3.355758813189391e-12,0.005125141702592373,0.9932076334953308,0.9934858679771423,0.9933069348335266,6.183912046253681e-05,-1.307995866565298e-13,7.078016693801495e-14,-1.2987652794945733e-16,2.639220620680497e-15,4.783207792520561e-13,-0.00013079958443995565,7.078016642481089e-05,0.0004783207841683179,3.913939909475683e-05,5.115689418744296e-07,1.6093254089355469e-06,6.069843152545218e-07,0.0,0.0,0.0,anisotropic
300,3.3557414659546314e-12,0.005125136114656925,0.9932067394256592,0.9934872388839722,0.9933068752288818,6.241635855985805e-05,-1.3079916652818796e-13,7.077958417934724e-14,-1.2987471476955462e-16,2.6392049505709727e-15,4.783179603264076e-13,-0.00013079916243441403,7.077958434820175e-05,0.00047831793199293315,3.942541874002503e-05,5.14502971782349e-07,1.6093254089355469e-06,6.102584961809043e-07,0.0,0.0,0.0,anisotropic
301,3.3557245524007406e-12,0.0051251305267214775,0.9932058453559875,0.993488609790802,0.9933069348335266,6.298431981122121e-05,-1.3079877350490043e-13,7.077905563078815e-14,-1.298729280594315e-16,2.6391894922196853e-15,4.783151414007591e-13,-0.00013079876953270286,7.077905320329592e-05,0.00047831510892137885,3.971246286364496e-05,5.1799179345835e-07,1.6689300537109375e-06,6.143757218524115e-07,0.0,0.0,0.0,anisotropic
302,3.355706337804243e-12,0.00512512493878603,0.9932049512863159,0.9934900403022766,0.9933069348335266,6.357305392157286e-05,-1.3079828561392282e-13,7.07784864246476e-14,-1.2987103547018998e-16,2.6391736103519242e-15,4.783122140548934e-13,-0.00013079828931950033,7.077848567860201e-05,0.0004783121985383332,4.000117844437933e-05,5.212223186390474e-07,1.6689300537109375e-06,6.179004685691325e-07,0.0,0.0,0.0,anisotropic
303,3.355688990569483e-12,0.005125119350850582,0.9932039976119995,0.9934914112091064,0.9933069348335266,6.415516691049561e-05,-1.3079786548558098e-13,7.077797142861567e-14,-1.2986918258561786e-16,2.6391575167259264e-15,4.783093409191363e-13,-0.0001307978673139587,7.07779690856114e-05,0.0004783092881552875,4.0290919958394154e-05,5.250421963864937e-07,1.6689300537109375e-06,6.22121717697155e-07,0.0,0.0,0.0,anisotropic
304,3.3556707759729854e-12,0.005125113762915134,0.9932031035423279,0.993492841720581,0.9933069348335266,6.474821566371247e-05,-1.3079747246229345e-13,7.077740222247511e-14,-1.2986727676148654e-16,2.6391416348581654e-15,4.783064135732706e-13,-0.00013079747441224754,7.07774015609175e-05,0.0004783064068760723,4.058220664428819e-05,5.279871402308345e-07,1.6689300537109375e-06,6.2559786329075e-07,0.0,0.0,0.0,anisotropic
305,3.3556529950573566e-12,0.005125108174979687,0.9932021498680115,0.9934942722320557,0.9933069348335266,6.533441046485677e-05,-1.30796998123843e-13,7.077683301633456e-14,-1.2986539740713482e-16,2.6391255412321676e-15,4.783034320172963e-13,-0.000130796994199045,7.077683403622359e-05,0.0004783034382853657,4.0875022050662495e-05,5.315414455253631e-07,1.6689300537109375e-06,6.29510964245128e-07,0.0,0.0,0.0,anisotropic
306,3.3556345636204243e-12,0.005125101655721664,0.9932012557983398,0.9934956431388855,0.9933069348335266,6.593360012630001e-05,-1.3079657799550115e-13,7.077627736272116e-14,-1.298634518783341e-16,2.639109024089696e-15,4.783005046714306e-13,-0.00013079657219350338,7.07762737874873e-05,0.00047830049879848957,4.1169272095463075e-05,5.349447746993974e-07,1.7285346984863281e-06,6.335750981634192e-07,0.0,0.0,0.0,anisotropic
307,3.3556163490239266e-12,0.005125096067786217,0.9932003021240234,0.9934971332550049,0.9933068752288818,6.65327170281671e-05,-1.3079615786715931e-13,7.077569460405345e-14,-1.2986155928909257e-16,2.6390929304636983e-15,4.782975773255649e-13,-0.00013079616473987699,7.077569171087816e-05,0.00047829755931161344,4.1464497080738904e-05,5.385427357396111e-07,1.6689300537109375e-06,6.374773988682136e-07,0.0,0.0,0.0,anisotropic
308,3.3555979175869943e-12,0.005125090479850769,0.993199348449707,0.9934985637664795,0.9933068752288818,6.713374750688672e-05,-1.30795697081236e-13,7.077511184538574e-14,-1.2985960052540205e-16,2.639075989804753e-15,4.782944873493733e-13,-0.00013079569907858968,7.077510963426903e-05,0.0004782945034094155,4.176124109699632e-05,5.421443347586319e-07,1.7285346984863281e-06,6.415984898922034e-07,0.0,0.0,0.0,anisotropic
309,3.3555792693096276e-12,0.005125084426254034,0.9931983947753906,0.9934999942779541,0.9933068752288818,6.773960922146216e-05,-1.3079527695289417e-13,7.077452231045445e-14,-1.2985764176171152e-16,2.6390594726622817e-15,4.782914515832903e-13,-0.00013079527707304806,7.077452028170228e-05,0.000478291476611048,4.205957597796135e-05,5.45183866051957e-07,1.7285346984863281e-06,6.450216005760012e-07,0.0,0.0,0.0,anisotropic
310,3.355560621032261e-12,0.005125078372657299,0.9931973814964294,0.9935014247894287,0.9933068752288818,6.834817759227008e-05,-1.3079484327202517e-13,7.077393277552316e-14,-1.298557094678006e-16,2.6390427437615735e-15,4.78288470027316e-13,-0.0001307948405155912,7.077393092913553e-05,0.00047828847891651094,4.235903131259656e-05,5.488345777848735e-07,1.7881393432617188e-06,6.492564921245503e-07,0.0,0.0,0.0,anisotropic
311,3.355541539074025e-12,0.005125072784721851,0.993196427822113,0.9935029149055481,0.9933068752288818,6.895954720675945e-05,-1.3079438248610187e-13,7.077337712190976e-14,-1.2985372423433047e-16,2.6390258031026284e-15,4.782853258410158e-13,-0.00013079438940621912,7.077337795635685e-05,0.0004782853357028216,4.2660068566309546e-05,5.525125743588433e-07,1.7881393432617188e-06,6.531917051688652e-07,0.0,0.0,0.0,anisotropic
312,3.3555228907966583e-12,0.005125066265463829,0.9931954145431519,0.9935043454170227,0.9933068752288818,6.958161975489929e-05,-1.3079394880523287e-13,7.077280113950563e-14,-1.2985173900086034e-16,2.639009285960157e-15,4.782823442850415e-13,-0.00013079395284876227,7.077280315570533e-05,0.00047828233800828457,4.296242963785007e-05,5.555684765568003e-07,1.7881393432617188e-06,6.568306503140775e-07,0.0,0.0,0.0,anisotropic
313,3.3555033751575536e-12,0.005125059746205807,0.9931944012641907,0.9935058355331421,0.9933068752288818,7.019998884061351e-05,-1.3079348801930957e-13,7.07721912757836e-14,-1.2984971406272081e-16,2.6389917100265014e-15,4.782791458886326e-13,-0.00013079348718747497,7.077219197526574e-05,0.0004782791656907648,4.326636420950302e-05,5.595484253717586e-07,1.7285346984863281e-06,6.612784773096791e-07,0.0,0.0,0.0,anisotropic
314,3.3554836426780144e-12,0.005125053226947784,0.9931933879852295,0.9935073256492615,0.9933068156242371,7.082341471686959e-05,-1.3079302723338626e-13,7.077159496458874e-14,-1.2984766265480168e-16,2.6389743458510827e-15,4.782760017023324e-13,-0.00013079302152618766,7.077159534674138e-05,0.000478275993373245,4.3571530711889034e-05,5.62995410291478e-07,1.7881393432617188e-06,6.651235935350996e-07,0.0,0.0,0.0,anisotropic
315,3.355464343879344e-12,0.005125047639012337,0.9931923747062683,0.9935088157653809,0.9933068752288818,7.144943083403632e-05,-1.3079253934240864e-13,7.077099865339387e-14,-1.2984565095155195e-16,2.638956981675664e-15,4.782729117261408e-13,-0.00013079254131298512,7.077099871821702e-05,0.00047827287926338613,4.387807955364312e-05,5.663860065396875e-07,1.7881393432617188e-06,6.691091698485252e-07,0.0,0.0,0.0,anisotropic
316,3.3554452619211084e-12,0.005125040654093027,0.9931913614273071,0.9935103058815002,0.9933068752288818,7.208031456684694e-05,-1.3079213276659396e-13,7.077039556593542e-14,-1.2984362601341242e-16,2.638939829258482e-15,4.78269713329732e-13,-0.00013079213385935873,7.077039481373504e-05,0.00047826970694586635,4.418620304233907e-05,5.702077032765374e-07,1.7881393432617188e-06,6.733411623827124e-07,0.0,0.0,0.0,anisotropic
317,3.3554250957607e-12,0.005125034600496292,0.9931902885437012,0.9935117959976196,0.9933067560195923,7.271162030519918e-05,-1.3079161777056203e-13,7.076977214968624e-14,-1.298415349008239e-16,2.6389220415665897e-15,4.782665149333232e-13,-0.00013079162454232574,7.076976908138022e-05,0.00047826653462834656,4.4495762774412494e-05,5.73545548832044e-07,1.8477439880371094e-06,6.770599725314241e-07,0.0,0.0,0.0,anisotropic
318,3.355405363281161e-12,0.00512502808123827,0.99318927526474,0.993513286113739,0.9933068156242371,7.334564725169912e-05,-1.3079121119474735e-13,7.076916228596422e-14,-1.2983945702312516e-16,2.638904677391171e-15,4.78263370747023e-13,-0.00013079121708869934,7.076916517689824e-05,0.0004782633332069963,4.4806863011490956e-05,5.774199962615967e-07,1.7881393432617188e-06,6.815262167947367e-07,0.0,0.0,0.0,anisotropic
319,3.355385413961187e-12,0.00512502109631896,0.993188202381134,0.9935148358345032,0.9933067560195923,7.399280002573505e-05,-1.307907639613512e-13,7.076857952729651e-14,-1.2983739238031622e-16,2.638886677941042e-15,4.782601181405055e-13,-0.00013079076597932726,7.07685831002891e-05,0.00047826007357798517,4.511927095555133e-05,5.811525625176728e-07,1.8477439880371094e-06,6.856279810563137e-07,0.0,0.0,0.0,anisotropic
320,3.3553654646412134e-12,0.005125015042722225,0.9931871294975281,0.9935163259506226,0.9933068156242371,7.464204099960625e-05,-1.3079027607037358e-13,7.076792900599302e-14,-1.298353012677277e-16,2.6388691020073863e-15,4.782568655339881e-13,-0.0001307902712142095,7.076792826410383e-05,0.0004782568721566349,4.543311906037904e-05,5.845176929142326e-07,1.8477439880371094e-06,6.895847945997957e-07,0.0,0.0,0.0,anisotropic
321,3.3553450816403707e-12,0.005125007592141628,0.9931860566139221,0.9935178756713867,0.9933068156242371,7.529497088398784e-05,-1.3078982883697743e-13,7.076731236600742e-14,-1.2983321015513916e-16,2.638851102557257e-15,4.782536129274706e-13,-0.00013078983465675265,7.076730980770662e-05,0.0004782535834237933,4.5749009851301014e-05,5.887050065211952e-07,1.8477439880371094e-06,6.942356662875682e-07,0.0,0.0,0.0,anisotropic
322,3.355324264958659e-12,0.005125001538544893,0.9931849241256714,0.9935194253921509,0.9933068156242371,7.593911868752912e-05,-1.307893409459998e-13,7.07667025022854e-14,-1.2983106610299142e-16,2.6388324678324176e-15,4.782501976906273e-13,-0.00013078933989163488,7.076670590322465e-05,0.0004782502364832908,4.6066024896978734e-05,5.919064278714359e-07,1.8477439880371094e-06,6.979382192184858e-07,0.0,0.0,0.0,anisotropic
323,3.3553038819578163e-12,0.005124993622303009,0.9931838512420654,0.993520975112915,0.9933068156242371,7.659597031306475e-05,-1.3078886660754935e-13,7.07660519809819e-14,-1.2982890881595388e-16,2.6388142566240516e-15,4.782468908740012e-13,-0.00013078885967843235,7.076605106703937e-05,0.0004782469186466187,4.638443171600869e-05,5.960700946161523e-07,1.8477439880371094e-06,7.025631703072577e-07,0.0,0.0,0.0,anisotropic
324,3.3552826315952355e-12,0.005124987103044987,0.9931827783584595,0.9935225248336792,0.9933067560195923,7.725663454039022e-05,-1.3078836516404457e-13,7.076542178846915e-14,-1.2982672505913674e-16,2.638795621899212e-15,4.782435298472665e-13,-0.00013078836491331458,7.076542533468455e-05,0.0004782435134984553,4.670407360573915e-05,5.995789251755923e-07,1.9073486328125e-06,7.066395255606039e-07,0.0,0.0,0.0,anisotropic
325,3.355262248594393e-12,0.00512497965246439,0.9931817054748535,0.9935241341590881,0.9933067560195923,7.792526594130322e-05,-1.3078790437812127e-13,7.076477804342923e-14,-1.29824581006989e-16,2.6387771989326092e-15,4.782401688205318e-13,-0.00013078789925202727,7.076477777445689e-05,0.0004782402247656137,4.7025255934603024e-05,6.032059900462627e-07,1.9073486328125e-06,7.105309123289771e-07,0.0,0.0,0.0,anisotropic
326,3.355240998231812e-12,0.00512497266754508,0.9931806325912476,0.9935257434844971,0.9933067560195923,7.859541801735759e-05,-1.3078744359219796e-13,7.076414785091648e-14,-1.2982241048506166e-16,2.6387585642077696e-15,4.782368077937971e-13,-0.0001307874481426552,7.076414476614445e-05,0.0004782367905136198,4.734790964835855e-05,6.069913069950417e-07,1.9073486328125e-06,7.149138241402397e-07,0.0,0.0,0.0,anisotropic
327,3.3552201815501004e-12,0.005124965682625771,0.9931795001029968,0.993527352809906,0.9933067560195923,7.926411490188912e-05,-1.3078695570122034e-13,7.07634905533494e-14,-1.2982020025846492e-16,2.6387403529994037e-15,4.782334467670624e-13,-0.00013078695337753743,7.076348992995918e-05,0.0004782334726769477,4.767229905006626e-05,6.106110959080979e-07,1.9073486328125e-06,7.18984892955632e-07,0.0,0.0,0.0,anisotropic
328,3.3551984975066507e-12,0.005124958232045174,0.9931784272193909,0.9935289621353149,0.9933067560195923,7.994385669007897e-05,-1.3078648136276988e-13,7.076283325578234e-14,-1.2981801650164778e-16,2.6387215065163273e-15,4.782300857403277e-13,-0.00013078648771625012,7.07628350937739e-05,0.0004782300384249538,4.799807640894253e-05,6.144855433376506e-07,1.9669532775878906e-06,7.233123824335053e-07,0.0,0.0,0.0,anisotropic
329,3.3551770303036355e-12,0.005124951247125864,0.9931773543357849,0.9935305714607239,0.9933067560195923,8.06250682217069e-05,-1.3078602057684657e-13,7.076218951074242e-14,-1.2981576657038164e-16,2.638702660033251e-15,4.782265620832671e-13,-0.00013078602205496281,7.076218753354624e-05,0.0004782266041729599,4.832530863536338e-05,6.182326615089551e-07,1.9669532775878906e-06,7.274012432390009e-07,0.0,0.0,0.0,anisotropic
330,3.3551551294197512e-12,0.00512494333088398,0.993176281452179,0.9935321807861328,0.9933067560195923,8.130947389872745e-05,-1.3078550558081464e-13,7.076153221317535e-14,-1.298135166391155e-16,2.638682966517227e-15,4.782230384262065e-13,-0.00013078551273792982,7.076153269736096e-05,0.0004782230535056442,4.8654113727903924e-05,6.217851478140801e-07,1.9669532775878906e-06,7.316929782064108e-07,0.0,0.0,0.0,anisotropic
331,3.3551330116954325e-12,0.005124935880303383,0.9931751489639282,0.9935337901115417,0.9933067560195923,8.198970317607746e-05,-1.307849905847827e-13,7.076082748176324e-14,-1.2981120053340035e-16,2.6386634847594403e-15,4.782195147691459e-13,-0.0001307849888689816,7.076082692947239e-05,0.0004782195028383285,4.8983709122247876e-05,6.258287612581626e-07,1.9669532775878906e-06,7.360399649769533e-07,0.0,0.0,0.0,anisotropic
332,3.355111327651983e-12,0.005124928429722786,0.9931740760803223,0.9935353994369507,0.9933066964149475,8.268641249742359e-05,-1.3078451624633225e-13,7.076017018419617e-14,-1.298089770719138e-16,2.638644426518127e-15,4.78216045322194e-13,-0.0001307845232076943,7.076017209328711e-05,0.00047821603948250413,4.931516802848301e-05,6.293976184679195e-07,2.0265579223632812e-06,7.401625907732523e-07,0.0,0.0,0.0,anisotropic
333,3.355089209927664e-12,0.005124920979142189,0.9931729435920715,0.9935370087623596,0.9933067560195923,8.3381004515104e-05,-1.3078401480282748e-13,7.075950611036552e-14,-1.2980667420108845e-16,2.6386249447603403e-15,4.782124674550248e-13,-0.0001307840138906613,7.07595027051866e-05,0.0004782124888151884,4.964670903485504e-05,6.331902113743126e-07,2.0265579223632812e-06,7.442981200256327e-07,0.0,0.0,0.0,anisotropic
334,3.3550670922033454e-12,0.005124913062900305,0.9931718111038208,0.9935386180877686,0.9933066964149475,8.40823122416623e-05,-1.3078354046437701e-13,7.075884881279845e-14,-1.298044110349325e-16,2.6386050394860798e-15,4.782088895878556e-13,-0.00013078353367745876,7.075884786900133e-05,0.0004782088799402118,4.9979541941200795e-05,6.367772584781051e-07,2.0265579223632812e-06,7.482509545297944e-07,0.0,0.0,0.0,anisotropic
335,3.3550445407981577e-12,0.0051249051466584206,0.9931706786155701,0.9935402870178223,0.9933066368103027,8.477326628053561e-05,-1.3078309323098086e-13,7.075817118644065e-14,-1.2980208169432756e-16,2.6385857694865298e-15,4.78205365930795e-13,-0.0001307830971200019,7.075817120494321e-05,0.00047820538748055696,5.031334803172788e-05,6.402224244084209e-07,2.086162567138672e-06,7.524415650550509e-07,0.0,0.0,0.0,anisotropic
336,3.35502198939297e-12,0.005124897696077824,0.9931694865226746,0.9935418963432312,0.9933066368103027,8.548943878849968e-05,-1.3078255112989462e-13,7.075748000755569e-14,-1.297997523537226e-16,2.6385656524540325e-15,4.782017338535172e-13,-0.00013078254414722323,7.075747998896986e-05,0.0004782017203979194,5.064950798518766e-05,6.445370672736317e-07,2.086162567138672e-06,7.568937689939048e-07,0.0,0.0,0.0,anisotropic
337,3.3549990043069133e-12,0.005124889779835939,0.9931683540344238,0.9935435652732849,0.9933066368103027,8.61894732224755e-05,-1.3078209034397131e-13,7.075681593372504e-14,-1.2979742301311766e-16,2.638545958938009e-15,4.78198155986348e-13,-0.00013078209303785115,7.075681787682697e-05,0.00047819814062677324,5.098683660787341e-05,6.48000423097983e-07,2.086162567138672e-06,7.609845056322229e-07,0.0,0.0,0.0,anisotropic
338,3.3549764529017256e-12,0.005124881863594055,0.9931671619415283,0.9935451745986938,0.9933066368103027,8.690602408023551e-05,-1.3078158890046654e-13,7.075610442604935e-14,-1.297950407329535e-16,2.6385260536637483e-15,4.781944696989615e-13,-0.00013078158372081816,7.075610483298078e-05,0.0004781944735441357,5.132499770902102e-05,6.518184818560258e-07,2.1457672119140625e-06,7.65352069720393e-07,0.0,0.0,0.0,anisotropic
339,3.354953467815669e-12,0.005124873947352171,0.9931660294532776,0.9935468435287476,0.9933066368103027,8.762547076912597e-05,-1.3078108745696176e-13,7.075541324716439e-14,-1.2979268492256896e-16,2.638505936631251e-15,4.781908376216837e-13,-0.0001307810889557004,7.075541361700743e-05,0.0004781908355653286,5.166452229596488e-05,6.556219886988401e-07,2.1457672119140625e-06,7.693203087910661e-07,0.0,0.0,0.0,anisotropic
340,3.3549300490487433e-12,0.005124866031110287,0.9931648373603821,0.9935485124588013,0.9933066368103027,8.834381151245907e-05,-1.3078062667103846e-13,7.075472206827943e-14,-1.297902629377354e-16,2.6384858195987538e-15,4.781872055444059e-13,-0.0001307806232944131,7.075472240103409e-05,0.00047818716848269105,5.200526531779518e-05,6.588197720702738e-07,2.1457672119140625e-06,7.7315627322605e-07,0.0,0.0,0.0,anisotropic
341,3.3549066302818176e-12,0.00512485858052969,0.9931636452674866,0.993550181388855,0.9933066368103027,8.906311268219724e-05,-1.3078011167500653e-13,7.0753990231813e-14,-1.2978789389246105e-16,2.638465279049783e-15,4.781834108368022e-13,-0.0001307801139773801,7.075398752931505e-05,0.00047818341408856213,5.234752236605554e-05,6.629779818467796e-07,2.205371856689453e-06,7.773941206323798e-07,0.0,0.0,0.0,anisotropic
342,3.3548834283553264e-12,0.005124850198626518,0.9931623935699463,0.9935518503189087,0.9933066368103027,8.978968253359199e-05,-1.307795966789746e-13,7.075331938171878e-14,-1.297854586727377e-16,2.638444738500812e-15,4.781797245494157e-13,-0.00013077959010843188,7.075331814121455e-05,0.0004781797470059246,5.2690651049539094e-05,6.664795364486054e-07,2.1457672119140625e-06,7.815273193045869e-07,0.0,0.0,0.0,anisotropic
343,3.3548600095884007e-12,0.005124842282384634,0.9931612014770508,0.9935535192489624,0.9933066368103027,9.051779488800094e-05,-1.3077910878799698e-13,7.075258754525235e-14,-1.2978303668790414e-16,2.6384237744353674e-15,4.781759840519206e-13,-0.00013077910989522934,7.075259054545313e-05,0.0004781759635079652,5.3035224174458107e-05,6.703030521748587e-07,2.205371856689453e-06,7.858623121137498e-07,0.0,0.0,0.0,anisotropic
344,3.3548359403001715e-12,0.00512483436614275,0.9931599497795105,0.9935552477836609,0.9933065176010132,9.126035729423165e-05,-1.307785802394379e-13,7.075188959010381e-14,-1.2978062793796039e-16,2.6384034456446333e-15,4.781722435544256e-13,-0.00013077858602628112,7.075189205352217e-05,0.00047817218001000583,5.338128735996096e-05,6.73882823321037e-07,2.2649765014648438e-06,7.896474016888533e-07,0.0,0.0,0.0,anisotropic
345,3.3548123046928113e-12,0.005124825984239578,0.9931586980819702,0.9935569167137146,0.9933066368103027,9.199394116876647e-05,-1.3077806524340596e-13,7.075117808242812e-14,-1.2977815301356763e-16,2.6383829050956624e-15,4.781684488468219e-13,-0.0001307780621573329,7.075117900967598e-05,0.00047816845471970737,5.3728144932234506e-05,6.775899237254634e-07,2.2649765014648438e-06,7.939303259263397e-07,0.0,0.0,0.0,anisotropic
346,3.354788235404582e-12,0.005124818067997694,0.9931574463844299,0.9935586452484131,0.9933065176010132,9.272740862797946e-05,-1.3077760445748265e-13,7.075046657475242e-14,-1.2977569132406467e-16,2.638361941030218e-15,4.781646541392182e-13,-0.00013077761104796082,7.075046596582979e-05,0.00047816464211791754,5.4076372075370794e-05,6.813897925894707e-07,2.205371856689453e-06,7.978987355272693e-07,0.0,0.0,0.0,anisotropic
347,3.354764166116353e-12,0.00512481015175581,0.9931561946868896,0.9935603141784668,0.993306577205658,9.348153980681673e-05,-1.3077708946145072e-13,7.0749734738286e-14,-1.297732031647821e-16,2.6383407652065365e-15,4.781608052215058e-13,-0.0001307770871790126,7.074973837006837e-05,0.0004781607713084668,5.442633913991659e-05,6.85446138959378e-07,2.2649765014648438e-06,8.024642283999128e-07,0.0,0.0,0.0,anisotropic
348,3.3547394463068203e-12,0.005124801769852638,0.9931549429893494,0.9935620427131653,0.9933065176010132,9.422080620424822e-05,-1.3077658801794595e-13,7.074900967808315e-14,-1.2977068853571995e-16,2.6383193776246183e-15,4.781569563037935e-13,-0.00013077659241389483,7.074901077430695e-05,0.00047815695870667696,5.477729069726543e-05,6.890059012221172e-07,2.2649765014648438e-06,8.063959739956772e-07,0.0,0.0,0.0,anisotropic
349,3.354715377018591e-12,0.005124793387949467,0.9931536316871643,0.9935637712478638,0.993306577205658,9.497708379058167e-05,-1.307760459168597e-13,7.074829817040745e-14,-1.29768226846217e-16,2.638298201800937e-15,4.781530531759726e-13,-0.00013077603944111615,7.074829773046076e-05,0.0004781530878972262,5.5129498880567465e-05,6.928694347152486e-07,2.2649765014648438e-06,8.107822395686526e-07,0.0,0.0,0.0,anisotropic
350,3.3546902235281895e-12,0.005124785006046295,0.9931523203849792,0.9935654997825623,0.9933065176010132,9.573034913046286e-05,-1.3077550381577346e-13,7.074753245262314e-14,-1.2976565927759563e-16,2.638276390702545e-15,4.78149095838043e-13,-0.0001307755010202527,7.074753375491127e-05,0.0004781491297762841,5.5482910220979916e-05,6.970076356083155e-07,2.205371856689453e-06,8.151680503942771e-07,0.0,0.0,0.0,anisotropic
351,3.3546659373995258e-12,0.005124776624143124,0.9931510090827942,0.9935672283172607,0.9933065176010132,9.649440471548587e-05,-1.307750023722687e-13,7.074684805000175e-14,-1.2976313141364366e-16,2.638255003120627e-15,4.781452469203307e-13,-0.00013077500625513494,7.074684981489554e-05,0.0004781452298630029,5.583774954849839e-05,7.007074600551277e-07,2.2649765014648438e-06,8.193702569769812e-07,0.0,0.0,0.0,anisotropic
352,3.354640783909124e-12,0.005124768242239952,0.9931496977806091,0.9935689568519592,0.9933065176010132,9.725876589072868e-05,-1.3077448737623676e-13,7.074607555595386e-14,-1.297606035496917e-16,2.638233403780472e-15,4.781413437925097e-13,-0.00013077448238618672,7.074607856338844e-05,0.0004781413299497217,5.619397617223731e-05,7.046946848277003e-07,2.2649765014648438e-06,8.238205850830127e-07,0.0,0.0,0.0,anisotropic
353,3.3546156304187225e-12,0.005124759394675493,0.9931483864784241,0.9935706853866577,0.9933065176010132,9.802175918594003e-05,-1.3077395882767767e-13,7.074530983816954e-14,-1.2975800951129074e-16,2.638211804440317e-15,4.781373864545801e-13,-0.0001307739585172385,7.074530731188133e-05,0.0004781373718287796,5.655150748731546e-05,7.086582627380267e-07,2.205371856689453e-06,8.281914460894768e-07,0.0,0.0,0.0,anisotropic
354,3.3545906937687553e-12,0.005124751478433609,0.9931470155715942,0.993572473526001,0.9933064579963684,9.878996206680313e-05,-1.3077352514680868e-13,7.074456444917596e-14,-1.2975544194266937e-16,2.638189993341925e-15,4.781334291166506e-13,-0.00013077352195978165,7.074456516420469e-05,0.000478133384604007,5.6910303603964325e-05,7.128583092708141e-07,2.2649765014648438e-06,8.327618274961424e-07,0.0,0.0,0.0,anisotropic
355,3.354565323437919e-12,0.00512474263086915,0.9931457042694092,0.9935742020606995,0.9933064579963684,9.956189023796469e-05,-1.3077295594066812e-13,7.074383938897311e-14,-1.297528346693786e-16,2.6381677587270598e-15,4.781293633585038e-13,-0.00013077295443508774,7.074383756844327e-05,0.000478129368275404,5.727062219819754e-05,7.16920112608932e-07,2.2649765014648438e-06,8.373713171749841e-07,0.0,0.0,0.0,anisotropic
356,3.3545397362666485e-12,0.005124733783304691,0.9931443333625793,0.9935759902000427,0.9933065176010132,0.00010034570004791021,-1.307724409446362e-13,7.074306011866163e-14,-1.2975021416119804e-16,2.6381455241121943e-15,4.781252976003569e-13,-0.00013077244511805475,7.074305904097855e-05,0.0004781253228429705,5.763247760299521e-05,7.208800525404513e-07,2.2649765014648438e-06,8.416560035584553e-07,0.0,0.0,0.0,anisotropic
357,3.354513715414509e-12,0.0051247249357402325,0.9931429028511047,0.9935777187347412,0.9933064579963684,0.00010112081508850679,-1.3077192594860426e-13,7.074232150593163e-14,-1.2974759365301747e-16,2.638123289497329e-15,4.781212860523187e-13,-0.00013077192124910653,7.074232416925952e-05,0.000478121277410537,5.799570981160512e-05,7.249509508255869e-07,2.2649765014648438e-06,8.463829885840823e-07,0.0,0.0,0.0,anisotropic
358,3.354487694562369e-12,0.005124716088175774,0.9931415319442749,0.9935795068740845,0.9933064579963684,0.00010190840112045407,-1.3077134318993655e-13,7.074156934067447e-14,-1.297449599099471e-16,2.6381010548824635e-15,4.781172745042805e-13,-0.0001307713391724974,7.074156746966764e-05,0.0004781172319781035,5.8360500488434445e-05,7.294074748642743e-07,2.3245811462402344e-06,8.512240583513631e-07,0.0,0.0,0.0,anisotropic
359,3.354461456869795e-12,0.005124707706272602,0.9931401014328003,0.9935812950134277,0.9933063983917236,0.00010270059283357114,-1.3077085529895893e-13,7.074077651783583e-14,-1.2974223352264812e-16,2.6380786085093613e-15,4.781131003259165e-13,-0.00013077085895929486,7.07407743902877e-05,0.00047811309923417866,5.872654787948522e-05,7.332018867600709e-07,2.3245811462402344e-06,8.555680892641249e-07,0.0,0.0,0.0,anisotropic
360,3.3544358696985244e-12,0.005124697927385569,0.9931386709213257,0.993583083152771,0.9933063983917236,0.00010349926014896482,-1.3077029964534553e-13,7.074002435257867e-14,-1.2973961301446756e-16,2.6380557386197854e-15,4.78108980357661e-13,-0.00013077030598651618,7.074002496665344e-05,0.00047810893738642335,5.909426197274526e-05,7.373801054200158e-07,2.3245811462402344e-06,8.600596856922493e-07,0.0,0.0,0.0,anisotropic
361,3.3544091983250812e-12,0.00512468907982111,0.9931372404098511,0.9935848712921143,0.9933063983917236,0.00010429379472043365,-1.3076973043920498e-13,7.073923830600362e-14,-1.2973689986205838e-16,2.6380328687302095e-15,4.78104806179297e-13,-0.00013076972390990704,7.07392391632311e-05,0.0004781048046424985,5.946310259162866e-05,7.417675078613684e-07,2.3245811462402344e-06,8.651382472635305e-07,0.0,0.0,0.0,anisotropic
362,3.354382526951638e-12,0.005124679766595364,0.9931358098983765,0.9935867190361023,0.9933063983917236,0.00010510020365472883,-1.307692289957002e-13,7.073845225942857e-14,-1.297342264143186e-16,2.6380102105988705e-15,4.781006320009329e-13,-0.00013076922914478928,7.073845335980877e-05,0.00047810067189857364,5.983389233530937e-05,7.454837032128125e-07,2.3245811462402344e-06,8.693147037774906e-07,0.0,0.0,0.0,anisotropic
363,3.354355855578195e-12,0.0051246704533696175,0.9931343197822571,0.9935885071754456,0.9933063983917236,0.00010590664169285446,-1.3076870044714112e-13,7.073765943658994e-14,-1.2973150002701964e-16,2.637986917192821e-15,4.780965120326774e-13,-0.00013076870527584106,7.073766028042883e-05,0.00047809648094698787,6.020583607100896e-05,7.499584171455353e-07,2.384185791015625e-06,8.74326644861867e-07,0.0,0.0,0.0,anisotropic
364,3.3543289673643173e-12,0.005124661140143871,0.9931328296661377,0.9935903549194336,0.9933063387870789,0.00010671591735444963,-1.3076814479352772e-13,7.073687339001489e-14,-1.2972876040483086e-16,2.6379638355450083e-15,4.780922294340961e-13,-0.00013076813775114715,7.07368744770065e-05,0.00047809226089157164,6.057963685447164e-05,7.542075763922185e-07,2.3245811462402344e-06,8.789610888015886e-07,0.0,0.0,0.0,anisotropic
365,3.354301862310005e-12,0.005124651826918125,0.9931313395500183,0.9935921430587769,0.9933063387870789,0.00010753085371106863,-1.3076758913991432e-13,7.073608734343984e-14,-1.2972603401753189e-16,2.6379405421389588e-15,4.780880010456234e-13,-0.00013076758477836847,7.073608867358416e-05,0.00047808801173232496,6.095463218976942e-05,7.58711394155398e-07,2.384185791015625e-06,8.839942324812e-07,0.0,0.0,0.0,anisotropic
366,3.3542745404152585e-12,0.005124642513692379,0.9931297898292542,0.9935939908027649,0.9933063983917236,0.00010834955173777416,-1.3076704703882808e-13,7.07352945206012e-14,-1.297232546906737e-16,2.6379168252164357e-15,4.780837184470421e-13,-0.00013076704635750502,7.073529559420422e-05,0.0004780837334692478,6.133113098799106e-05,7.627622835570946e-07,2.3245811462402344e-06,8.884881594894978e-07,0.0,0.0,0.0,anisotropic
367,3.354246784839643e-12,0.0051246327348053455,0.9931282997131348,0.9935958385467529,0.9933063387870789,0.00010917253530351445,-1.3076649138521468e-13,7.0734494921499e-14,-1.2972044889403593e-16,2.6378931082939126e-15,4.780794358484608e-13,-0.00013076649338472635,7.073449523886666e-05,0.0004780794261023402,6.170903479702723e-05,7.672733772778884e-07,2.384185791015625e-06,8.93354354047915e-07,0.0,0.0,0.0,anisotropic
368,3.3542188124235928e-12,0.005124622490257025,0.9931267499923706,0.993597686290741,0.9933063387870789,0.00011000563972629607,-1.3076590862654697e-13,7.073369532239679e-14,-1.2971764309739815e-16,2.6378691796131526e-15,4.780750990397709e-13,-0.0001307659113081172,7.07336948835291e-05,0.0004780751187354326,6.208840343888029e-05,7.715534593444318e-07,2.384185791015625e-06,8.983824386632477e-07,0.0,0.0,0.0,anisotropic
369,3.354191490528846e-12,0.005124612711369991,0.9931252002716064,0.993599534034729,0.9933062791824341,0.00011082809942308813,-1.3076535297293357e-13,7.073287539450385e-14,-1.2971483730076037e-16,2.6378456744488663e-15,4.780707622310809e-13,-0.00013076535833533853,7.07328727003187e-05,0.00047807078226469457,6.246936719896012e-05,7.757898856652901e-07,2.3245811462402344e-06,9.030302976498206e-07,0.0,0.0,0.0,anisotropic
370,3.354163951793665e-12,0.005124602932482958,0.9931236505508423,0.993601381778717,0.9933062791824341,0.00011167310003656894,-1.3076483797690164e-13,7.073206224287448e-14,-1.2971201826923279e-16,2.6378219575263432e-15,4.780664796324996e-13,-0.0001307648344663903,7.073206506902352e-05,0.0004780664457939565,6.285197704841529e-05,7.805647328495979e-07,2.384185791015625e-06,9.082072551791498e-07,0.0,0.0,0.0,anisotropic
371,3.354135545696746e-12,0.005124592687934637,0.9931220412254333,0.9936032295227051,0.9933062791824341,0.00011251302203163505,-1.3076426877076108e-13,7.073124231498154e-14,-1.29709146298146e-16,2.6377976053291096e-15,4.780620344035924e-13,-0.0001307642669416964,7.073124288581312e-05,0.00047806205111555755,6.323626017683232e-05,7.850030669942498e-07,2.3245811462402344e-06,9.130869784712559e-07,0.0,0.0,0.0,anisotropic
372,3.3541069227593923e-12,0.005124582909047604,0.9931204915046692,0.9936051368713379,0.9933062791824341,0.00011335738963680342,-1.3076371311714768e-13,7.073043593961575e-14,-1.2970626109216942e-16,2.637773464890113e-15,4.780575891746852e-13,-0.00013076371396891773,7.073043525451794e-05,0.00047805762733332813,6.362170711444369e-05,7.893013389548287e-07,2.3245811462402344e-06,9.179280482385366e-07,0.0,0.0,0.0,anisotropic
373,3.3540782998220386e-12,0.0051245721988379955,0.993118941783905,0.9936069846153259,0.9933062195777893,0.00011420896044000983,-1.3076314391100713e-13,7.072959568293208e-14,-1.2970341559086224e-16,2.637748477418169e-15,4.78053143945778e-13,-0.00013076314644422382,7.072959851939231e-05,0.0004780531453434378,6.400859239161797e-05,7.936687325127423e-07,2.384185791015625e-06,9.227242117049173e-07,0.0,0.0,0.0,anisotropic
374,3.3540498937251195e-12,0.005124561954289675,0.9931173920631409,0.9936088919639587,0.9933062195777893,0.00011506528971949592,-1.3076260180992089e-13,7.072873509745767e-14,-1.2970047744532645e-16,2.637724336979172e-15,4.780486987168708e-13,-0.00013076260802336037,7.072873268043622e-05,0.00047804872156120837,6.439727185785115e-05,7.984672265592963e-07,2.3245811462402344e-06,9.280256563215517e-07,0.0,0.0,0.0,anisotropic
375,3.354021270787766e-12,0.005124551244080067,0.9931158423423767,0.9936107993125916,0.9933062195777893,0.00011592228838708252,-1.3076203260378033e-13,7.072792872209188e-14,-1.2969760547423966e-16,2.637699561265465e-15,4.780442534879636e-13,-0.00013076202594675124,7.072793232509866e-05,0.00047804423957131803,6.478701172170988e-05,8.030037861317396e-07,2.384185791015625e-06,9.329708632321854e-07,0.0,0.0,0.0,anisotropic
376,3.353991997329109e-12,0.005124540999531746,0.9931142330169678,0.9936127066612244,0.9933062195777893,0.00011678124428726733,-1.3076147695016693e-13,7.072709524167178e-14,-1.2969466732870387e-16,2.6376747855517578e-15,4.780396998388392e-13,-0.00013076147297397256,7.072709558997303e-05,0.00047803972847759724,6.517814365660176e-05,8.075585355982184e-07,2.3245811462402344e-06,9.378843515150947e-07,0.0,0.0,0.0,anisotropic
377,3.353962940710886e-12,0.005124530289322138,0.9931126832962036,0.9936146140098572,0.9933062195777893,0.00011765197268687189,-1.3076088063897207e-13,7.072624143246095e-14,-1.296917556529477e-16,2.6376497980798138e-15,4.780352003998234e-13,-0.0001307608763454482,7.072624430293217e-05,0.000478035188280046,6.557080998287023e-05,8.122678991639987e-07,2.3245811462402344e-06,9.431298053641513e-07,0.0,0.0,0.0,anisotropic
378,3.35393323357136e-12,0.005124520044773817,0.9931110739707947,0.99361652135849,0.9933061599731445,0.00011852448369609192,-1.3076032498535867e-13,7.072538762325012e-14,-1.296887380980731e-16,2.637624387091396e-15,4.780305925405903e-13,-0.00013076032337266952,7.07253857399337e-05,0.00047803056077100337,6.596522958000873e-05,8.167553460225463e-07,2.384185791015625e-06,9.480780249759846e-07,0.0,0.0,0.0,anisotropic
379,3.3539037432722685e-12,0.005124509334564209,0.9931094646453857,0.9936184287071228,0.9933061599731445,0.00011940421973122284,-1.3075971512163664e-13,7.072454736656644e-14,-1.296857470129781e-16,2.6375991878612153e-15,4.780259846813573e-13,-0.00013075971219222993,7.072454900480807e-05,0.0004780259623657912,6.636099080436487e-05,8.214792615035549e-07,2.384185791015625e-06,9.53237361045467e-07,0.0,0.0,0.0,anisotropic
380,3.3538740361327424e-12,0.005124498158693314,0.993107795715332,0.9936203956604004,0.9933061003684998,0.00012027139746351168,-1.307591730205504e-13,7.072367322856488e-14,-1.296827294581035e-16,2.6375737768727977e-15,4.78021268401907e-13,-0.00013075917377136648,7.072367588989437e-05,0.0004780213057529181,6.67578486316508e-05,8.259103196905926e-07,2.384185791015625e-06,9.580343203197117e-07,0.0,0.0,0.0,anisotropic
381,3.3538441121527818e-12,0.0051244874484837055,0.9931061863899231,0.9936223030090332,0.9933061003684998,0.00012115947174606845,-1.3075860381440985e-13,7.072282619561762e-14,-1.2967976484278812e-16,2.63754836588438e-15,4.780167147527825e-13,-0.00013075860624667257,7.072282460285351e-05,0.00047801670734770596,6.715654988961445e-05,8.30863427836448e-07,2.4437904357910156e-06,9.634941307012923e-07,0.0,0.0,0.0,anisotropic
382,3.353813754491952e-12,0.0051244767382740974,0.9931045174598694,0.9936242699623108,0.9933061003684998,0.00012205260281916708,-1.3075804816079645e-13,7.072194528135248e-14,-1.2967670758324412e-16,2.6375229548959624e-15,4.780121068935494e-13,-0.0001307580532738939,7.072194421198219e-05,0.0004780121089424938,6.75567092653517e-05,8.355673344340175e-07,2.4437904357910156e-06,9.685045370133594e-07,0.0,0.0,0.0,anisotropic
383,3.3537838305119916e-12,0.005124466028064489,0.9931028485298157,0.9936262369155884,0.9933061003684998,0.00012295057240407914,-1.3075745184960158e-13,7.072109824840522e-14,-1.2967365032370013e-16,2.6374969086328344e-15,4.780073364039905e-13,-0.00013075745664536953,7.072110020089895e-05,0.0004780073359142989,6.795797629629545e-05,8.404367690673098e-07,2.4437904357910156e-06,9.737606205817428e-07,0.0,0.0,0.0,anisotropic
384,3.353753039170293e-12,0.005124455317854881,0.993101179599762,0.9936281442642212,0.993306040763855,0.00012385014269966632,-1.307568284333524e-13,7.072019700534934e-14,-1.2967060629904593e-16,2.6374708623697063e-15,4.780026201245402e-13,-0.0001307568309130147,7.072019798215479e-05,0.00047800259198993444,6.836071715357298e-05,8.45006070449017e-07,2.5033950805664062e-06,9.789358728085062e-07,0.0,0.0,0.0,anisotropic
385,3.3537222478285944e-12,0.005124444141983986,0.9930995106697083,0.9936301112174988,0.993306040763855,0.00012475563562475145,-1.30756272779739e-13,7.071932964361136e-14,-1.2966752256972233e-16,2.6374448161065782e-15,4.779978496349813e-13,-0.00013075627794023603,7.07193321431987e-05,0.00047799784806557,6.876508000881457e-05,8.498354873154312e-07,2.5033950805664062e-06,9.839950507739559e-07,0.0,0.0,0.0,anisotropic
386,3.353691456486896e-12,0.0051244329661130905,0.9930978417396545,0.9936320781707764,0.993306040763855,0.0001256609393749386,-1.3075564936348982e-13,7.071843517681906e-14,-1.2966437266594973e-16,2.6374181345687397e-15,4.779930249353137e-13,-0.0001307556522078812,7.071843720041215e-05,0.00047799304593354464,6.917082682384737e-05,8.545448508812115e-07,2.5033950805664062e-06,9.890972023640643e-07,0.0,0.0,0.0,anisotropic
387,3.3536602314643282e-12,0.005124421790242195,0.993096113204956,0.9936341047286987,0.993306040763855,0.00012658140622079372,-1.3075509370987642e-13,7.071753393376318e-14,-1.2966126246684653e-16,2.637391664789138e-15,4.779882544457548e-13,-0.00013075509923510253,7.0717534981668e-05,0.0004779882438015193,6.957790524378094e-05,8.591850928496569e-07,2.562999725341797e-06,9.941815051206504e-07,0.0,0.0,0.0,anisotropic
388,3.3536290064417607e-12,0.0051244101487100124,0.9930943846702576,0.9936360716819763,0.9933059811592102,0.00012748992594424635,-1.3075449739868156e-13,7.071663946697088e-14,-1.2965809932818413e-16,2.637365406767773e-15,4.779834297460872e-13,-0.00013075450260657817,7.071664003888145e-05,0.00047798341256566346,6.998667955918567e-05,8.63807144924067e-07,2.562999725341797e-06,9.992025979954633e-07,0.0,0.0,0.0,anisotropic
389,3.3535975645787586e-12,0.005124399438500404,0.9930926561355591,0.9936380982398987,0.9933059811592102,0.0001284218014916405,-1.3075394174506816e-13,7.071575855270573e-14,-1.2965492295463193e-16,2.637338513471698e-15,4.77978550836311e-13,-0.00013075393508188426,7.071575964801013e-05,0.0004779785522259772,7.039674474554924e-05,8.687475201440975e-07,2.562999725341797e-06,1.0044885812021676e-06,0.0,0.0,0.0,anisotropic
390,3.3535661227157565e-12,0.005124387796968222,0.9930908679962158,0.9936400651931763,0.9933059811592102,0.00012934485857840627,-1.3075329122376467e-13,7.071487086217701e-14,-1.2965178628574913e-16,2.6373116201756225e-15,4.779736719265348e-13,-0.00013075329479761422,7.07148719811812e-05,0.00047797366278246045,7.080839143835352e-05,8.734568837098777e-07,2.6226043701171875e-06,1.0095940297105699e-06,0.0,0.0,0.0,anisotropic
391,3.3535342471718854e-12,0.005124376155436039,0.9930891394615173,0.9936420917510986,0.9933059811592102,0.0001302739983657375,-1.3075274912267842e-13,7.071392896153966e-14,-1.2964857020752752e-16,2.6372851503960208e-15,4.779688472268673e-13,-0.00013075275637675077,7.071392610669136e-05,0.00047796883154660463,7.122135423704568e-05,8.783645171206445e-07,2.6226043701171875e-06,1.014869894788717e-06,0.0,0.0,0.0,anisotropic
392,3.3535023716280143e-12,0.005124364979565144,0.9930873513221741,0.993644118309021,0.9933059215545654,0.0001312115928158164,-1.3075212570642925e-13,7.071303449474736e-14,-1.2964535412930591e-16,2.6372580453417086e-15,4.779638598968738e-13,-0.00013075213064439595,7.071303116390482e-05,0.00047796391299925745,7.163595890225937e-05,8.83084794622846e-07,2.682209014892578e-06,1.02001422419562e-06,0.0,0.0,0.0,anisotropic
393,3.3534702792437088e-12,0.005124353338032961,0.9930855631828308,0.9936460852622986,0.9933059215545654,0.00013215484796091914,-1.307514887376529e-13,7.071211969916433e-14,-1.296421512859741e-16,2.637230516770923e-15,4.779588725668804e-13,-0.0001307514903601259,7.071212166920304e-05,0.0004779589071404189,7.205213430766058e-05,8.8802698883228e-07,2.682209014892578e-06,1.0254005928800325e-06,0.0,0.0,0.0,anisotropic
394,3.3534377531785342e-12,0.005124341696500778,0.9930837154388428,0.9936481714248657,0.9933059215545654,0.00013309837959241122,-1.307509330840395e-13,7.071119812731771e-14,-1.296389087379729e-16,2.637203199958374e-15,4.779539394469956e-13,-0.00013075093738734722,7.071119762258604e-05,0.0004779539303854108,7.246980886928138e-05,8.929837349569425e-07,2.682209014892578e-06,1.0304778470526799e-06,0.0,0.0,0.0,anisotropic
395,3.3534052271133596e-12,0.005124329589307308,0.9930819272994995,0.9936501979827881,0.9933058619499207,0.00013404049968812615,-1.3075026901020886e-13,7.07102765554711e-14,-1.296356661899717e-16,2.6371752478711145e-15,4.779488979068935e-13,-0.00013075026799924672,7.071027357596904e-05,0.00047794883721508086,7.288868683401769e-05,8.978495316114277e-07,2.682209014892578e-06,1.0359816542404587e-06,0.0,0.0,0.0,anisotropic
396,3.353372267367316e-12,0.0051243179477751255,0.9930801391601562,0.9936522245407104,0.9933058619499207,0.0001349986850982532,-1.3074971335659547e-13,7.070934143109733e-14,-1.2963233099774188e-16,2.6371477193003288e-15,4.779438563667915e-13,-0.00013074971502646804,7.070934225339442e-05,0.00047794386046007276,7.330969876960286e-05,9.027044143294916e-07,2.7418136596679688e-06,1.041221935338399e-06,0.0,0.0,0.0,anisotropic
397,3.3533393076212725e-12,0.005124306306242943,0.9930782914161682,0.9936542510986328,0.9933058023452759,0.0001359571615466848,-1.3074906283529197e-13,7.070841985925072e-14,-1.2962904874507127e-16,2.6371197672130694e-15,4.779387064064722e-13,-0.00013074906019028276,7.070841820677742e-05,0.00047793873818591237,7.37320247675623e-05,9.077521099243313e-07,2.7418136596679688e-06,1.0466081903359736e-06,0.0,0.0,0.0,anisotropic
398,3.3533061310347945e-12,0.005124294199049473,0.9930764436721802,0.9936563372612,0.9933058023452759,0.00013692067295778543,-1.3074848007662426e-13,7.070745762982264e-14,-1.2962570031795165e-16,2.637092026884047e-15,4.779336648663701e-13,-0.00013074847811367363,7.070745778037235e-05,0.00047793364501558244,7.415562721758229e-05,9.12399627850391e-07,2.7418136596679688e-06,1.0516301927054883e-06,0.0,0.0,0.0,anisotropic
399,3.3532729544483164e-12,0.005124282091856003,0.9930745959281921,0.9936584234237671,0.9933058023452759,0.00013789103832095861,-1.3074785666037508e-13,7.070652250544887e-14,-1.2962235189083204e-16,2.637063439522077e-15,4.779285149060508e-13,-0.0001307478523813188,7.070651918184012e-05,0.0004779284936375916,7.458116426623268e-05,9.175764716928825e-07,2.7418136596679688e-06,1.0571864095254568e-06,0.0,0.0,0.0,anisotropic
400,3.353239561021404e-12,0.005124270915985107,0.9930727481842041,0.9936604499816895,0.9933057427406311,0.000138871357194148,-1.307472061390716e-13,7.070556705228437e-14,-1.2961901669860222e-16,2.6370352756765808e-15,4.779233649457315e-13,-0.00013074721209704876,7.070556603139266e-05,0.00047792340046726167,7.500817956139971e-05,9.225350368069485e-07,2.8014183044433594e-06,1.0625979030010058e-06,0.0,0.0,0.0,anisotropic
401,3.353205950754057e-12,0.005124257877469063,0.9930708408355713,0.9936625361442566,0.9933056831359863,0.00013984268298372626,-1.3074660982787673e-13,7.07046319279106e-14,-1.296156947412622e-16,2.6370069000728477e-15,4.779182149854122e-13,-0.0001307466154685244,7.070463470881805e-05,0.00047791824908927083,7.54365068364253e-05,9.274135663872585e-07,2.8014183044433594e-06,1.0679846127459314e-06,0.0,0.0,0.0,anisotropic
402,3.3531721236462753e-12,0.005124245770275593,0.9930689334869385,0.9936646223068237,0.9933056831359863,0.0001408270327374339,-1.307459999641547e-13,7.070368325100967e-14,-1.296122933745834e-16,2.636978312710878e-15,4.779130108149843e-13,-0.0001307460042880848,7.070368155837059e-05,0.0004779130395036191,7.586621166445232e-05,9.321647667093202e-07,2.8014183044433594e-06,1.0729372661444359e-06,0.0,0.0,0.0,anisotropic
403,3.3531380796980592e-12,0.0051242331974208355,0.9930670261383057,0.9936667084693909,0.9933057427406311,0.0001418173487763852,-1.307453223377969e-13,7.070271424531802e-14,-1.2960887877301477e-16,2.6369495135906713e-15,4.779078066445563e-13,-0.00013074532034806907,7.07027138560079e-05,0.0004779078299179673,7.62976323963837e-05,9.368632163386792e-07,2.86102294921875e-06,1.0781627679534722e-06,0.0,0.0,0.0,anisotropic
404,3.3531038189094087e-12,0.005124220624566078,0.9930651187896729,0.9936688542366028,0.9933056831359863,0.0001428014220437035,-1.3074472602660203e-13,7.07017316870992e-14,-1.2960542446677675e-16,2.636920502712228e-15,4.779024940539112e-13,-0.0001307447237195447,7.070173160172999e-05,0.00047790250391699374,7.673082394615804e-05,9.420582500752062e-07,2.8014183044433594e-06,1.083794813894201e-06,0.0,0.0,0.0,anisotropic
405,3.353069124439889e-12,0.005124208517372608,0.9930631518363953,0.9936709403991699,0.9933056831359863,0.00014379578351508826,-1.3074407550529854e-13,7.070075590514396e-14,-1.2960197016053873e-16,2.6368910683173107e-15,4.77897181463266e-13,-0.00013074406888335943,7.070075662340969e-05,0.0004778972070198506,7.716581981427568e-05,9.471405064687133e-07,2.86102294921875e-06,1.0894303841268993e-06,0.0,0.0,0.0,anisotropic
406,3.353034646810804e-12,0.005124195478856564,0.9930611848831177,0.9936730861663818,0.9933056235313416,0.0001448031107429415,-1.307434385365222e-13,7.069980722824304e-14,-1.295985290891905e-16,2.636862269197104e-15,4.778919230827294e-13,-0.0001307434431510046,7.069981074891984e-05,0.00047789193922653794,7.760247580790185e-05,9.519735613139346e-07,2.86102294921875e-06,1.0947012469841866e-06,0.0,0.0,0.0,anisotropic
407,3.35299973550085e-12,0.005124182440340519,0.9930592179298401,0.993675172328949,0.9933056235313416,0.0001458041660953313,-1.3074278801521871e-13,7.069881789376065e-14,-1.295950615480627e-16,2.63683262304395e-15,4.77886502071867e-13,-0.00013074278831481934,7.069882121868432e-05,0.00047788655501790345,7.804045211795316e-05,9.573541319696233e-07,2.86102294921875e-06,1.1004113957824302e-06,0.0,0.0,0.0,anisotropic
408,3.352964390510027e-12,0.005124170333147049,0.9930572509765625,0.9936773180961609,0.9933055639266968,0.00014681507309433073,-1.3074216459896953e-13,7.069782855927825e-14,-1.2959151459759606e-16,2.6368029768907963e-15,4.778811352711132e-13,-0.00013074216258246452,7.069783168844879e-05,0.00047788117080926895,7.848011918130477e-05,9.620580385671929e-07,2.86102294921875e-06,1.1056124549213564e-06,0.0,0.0,0.0,anisotropic
409,3.352929479200073e-12,0.005124157294631004,0.9930552244186401,0.9936794638633728,0.9933055639266968,0.0001478242193115875,-1.307415276301932e-13,7.06968256722687e-14,-1.2958802058668864e-16,2.6367733307376424e-15,4.778757142602508e-13,-0.00013074152229819447,7.069682760629803e-05,0.00047787572839297354,7.892147637453579e-05,9.67673258855939e-07,2.9206275939941406e-06,1.1117761005152715e-06,0.0,0.0,0.0,anisotropic
410,3.3528934836879465e-12,0.005124143790453672,0.9930531978607178,0.9936816096305847,0.9933055639266968,0.0001488559355493635,-1.3074090421394402e-13,7.069586344284062e-14,-1.295844471664424e-16,2.636743261068015e-15,4.77870347459497e-13,-0.00013074091111775488,7.069585990393534e-05,0.0004778703150805086,7.936449830479378e-05,9.724863048177212e-07,2.9206275939941406e-06,1.1169722711201757e-06,0.0,0.0,0.0,anisotropic
411,3.352857921856689e-12,0.005124130751937628,0.9930511713027954,0.9936837553977966,0.9933055639266968,0.00014987985196057707,-1.3074024014011337e-13,7.06948537795675e-14,-1.2958092668575538e-16,2.6367131913983873e-15,4.778648722385259e-13,-0.00013074024172965437,7.069485582178459e-05,0.00047786481445655227,7.9809105072114e-05,9.778996172826737e-07,2.9206275939941406e-06,1.122815319831716e-06,0.0,0.0,0.0,anisotropic
412,3.3528219263445624e-12,0.005124117713421583,0.9930490851402283,0.9936859011650085,0.9933055639266968,0.00015090627130120993,-1.3073956251375557e-13,7.069385089255795e-14,-1.2957730032594995e-16,2.636682909970523e-15,4.778593428074462e-13,-0.00013073955778963864,7.069385173963383e-05,0.0004778593429364264,8.025532559818296e-05,9.831601346377283e-07,2.9206275939941406e-06,1.1286776953056687e-06,0.0,0.0,0.0,anisotropic
413,3.352785930832436e-12,0.005124104209244251,0.9930469989776611,0.9936880469322205,0.9933054447174072,0.00015194297884590924,-1.3073889843992492e-13,7.069284122928482e-14,-1.2957372690570372e-16,2.6366528403008955e-15,4.778538675864752e-13,-0.00013073890295345336,7.069284038152546e-05,0.00047785387141630054,8.070348680986143e-05,9.883988241199404e-07,2.9802322387695312e-06,1.1344039876348688e-06,0.0,0.0,0.0,anisotropic
414,3.352749284799006e-12,0.005124091170728207,0.993044912815094,0.9936902523040771,0.9933054447174072,0.00015298344078473747,-1.3073826147114859e-13,7.069181123722096e-14,-1.295700873110085e-16,2.6366221353565575e-15,4.778482839452869e-13,-0.00013073826266918331,7.069181447150186e-05,0.00047784828348085284,8.115298662947626e-05,9.940431482391432e-07,2.9802322387695312e-06,1.140553308687231e-06,0.0,0.0,0.0,anisotropic
415,3.352712638765576e-12,0.005124077200889587,0.9930428266525269,0.9936923980712891,0.9933054447174072,0.00015402163262479007,-1.307376380548994e-13,7.06907812451571e-14,-1.2956643448142345e-16,2.6365916421704563e-15,4.778427545142072e-13,-0.0001307376369368285,7.069078128552064e-05,0.0004778427246492356,8.160432432548192e-05,9.994419087888673e-07,2.9802322387695312e-06,1.1463727105365251e-06,0.0,0.0,0.0,anisotropic
416,3.3526762095725804e-12,0.0051240636967122555,0.9930406808853149,0.9936946034431458,0.9933054447174072,0.00015507303760387003,-1.3073700108612307e-13,7.068977158188397e-14,-1.2956278165183842e-16,2.6365605137096447e-15,4.778371166629103e-13,-0.00013073699665255845,7.068976992741227e-05,0.0004778371367137879,8.205744165088168e-05,1.0050771379610524e-06,2.9802322387695312e-06,1.152424147221609e-06,0.0,0.0,0.0,anisotropic
417,3.3526391298582814e-12,0.005124049726873636,0.993038535118103,0.9936968088150024,0.9933054447174072,0.0001561339886393398,-1.3073633701229243e-13,7.068873481355653e-14,-1.2955908911758398e-16,2.6365298087653068e-15,4.778314788116134e-13,-0.00013073634181637317,7.068873674143106e-05,0.0004778314905706793,8.25123111603111e-05,1.0103740351041779e-06,2.9802322387695312e-06,1.1582244496821659e-06,0.0,0.0,0.0,anisotropic
418,3.3526020501439824e-12,0.005124036222696304,0.9930363893508911,0.9936990141868591,0.9933053255081177,0.0001571996253915131,-1.307357000435161e-13,7.068769804522909e-14,-1.2955542305310915e-16,2.636498892062732e-15,4.778258951704251e-13,-0.00013073570153210312,7.068769627949223e-05,0.00047782587353140116,8.29689136881551e-05,1.0160183592233807e-06,2.9802322387695312e-06,1.1642428034974728e-06,0.0,0.0,0.0,anisotropic
419,3.3525645367488144e-12,0.005124021787196398,0.9930341839790344,0.9937012195587158,0.9933053255081177,0.00015825977607164532,-1.3073499531210397e-13,7.06866477243745e-14,-1.295517040490751e-16,2.6364675518436836e-15,4.778202031090195e-13,-0.00013073498848825693,7.068664854159579e-05,0.00047782016918063164,8.342709740511159e-05,1.021327989292331e-06,3.039836883544922e-06,1.1702064739438356e-06,0.0,0.0,0.0,anisotropic
420,3.3525270233536464e-12,0.005124007351696491,0.9930319786071777,0.9937034249305725,0.9933053255081177,0.00015932973474264145,-1.3073426347563755e-13,7.068562450857421e-14,-1.2954795857526147e-16,2.6364357881081615e-15,4.778144026273967e-13,-0.0001307342608924955,7.068562263157219e-05,0.0004778144066222012,8.388712570824713e-05,1.0270814527757466e-06,2.9802322387695312e-06,1.1763390830310527e-06,0.0,0.0,0.0,anisotropic
421,3.352489293118044e-12,0.005123993381857872,0.993029773235321,0.9937056303024292,0.9933053255081177,0.00016041261551436037,-1.3073368071696984e-13,7.068456741145604e-14,-1.2954419986655803e-16,2.636404447889113e-15,4.778087105659912e-13,-0.00013073367881588638,7.068456761771813e-05,0.0004778087022714317,8.434891567766248e-05,1.0322492016712204e-06,3.039836883544922e-06,1.1821633734143688e-06,0.0,0.0,0.0,anisotropic
422,3.3524511292015724e-12,0.0051239789463579655,0.9930275082588196,0.9937078952789307,0.9933052659034729,0.00016148645954672247,-1.307330166431392e-13,7.068350353807429e-14,-1.2954042792296479e-16,2.6363724723953543e-15,4.778029100843684e-13,-0.00013073300942778587,7.068350532790646e-05,0.0004778029106091708,8.481220291863959e-05,1.0382300388300791e-06,3.039836883544922e-06,1.1885595085914247e-06,0.0,0.0,0.0,anisotropic
423,3.35241339896597e-12,0.005123964510858059,0.9930252432823181,0.9937101006507874,0.9933052062988281,0.00016258383402600884,-1.3073239322689e-13,7.068243288842896e-14,-1.2953664274448174e-16,2.636340920418069e-15,4.777971638128542e-13,-0.00013073239824734628,7.068243576213717e-05,0.00047779714805074036,8.527749123440021e-05,1.0440289770485833e-06,3.039836883544922e-06,1.1948001201744773e-06,0.0,0.0,0.0,anisotropic
424,3.3523743676877604e-12,0.005123949609696865,0.9930229783058167,0.9937123656272888,0.9933052062988281,0.00016367020725738257,-1.3073162073284211e-13,7.068138934383794e-14,-1.295328046264395e-16,2.6363085214078366e-15,4.777912549110142e-13,-0.00013073162699583918,7.068138802424073e-05,0.00047779123997315764,8.574464127762966e-05,1.0493458830751479e-06,3.039836883544922e-06,1.2008484873149428e-06,0.0,0.0,0.0,anisotropic
425,3.3523355532499854e-12,0.0051239351741969585,0.9930206537246704,0.9937146306037903,0.9933052062988281,0.00016476932796649635,-1.3073098376406578e-13,7.068031869419261e-14,-1.2952896650839725e-16,2.636276334155841e-15,4.777854002192827e-13,-0.00013073098671156913,7.068031845847145e-05,0.00047778539010323584,8.621351563656666e-05,1.0548574209678918e-06,3.039836883544922e-06,1.20659387903288e-06,0.0,0.0,0.0,anisotropic
426,3.352296521971776e-12,0.005123919807374477,0.993018388748169,0.9937168955802917,0.9933051466941833,0.00016587888239882886,-1.307302654801265e-13,7.067922771575655e-14,-1.29525062215906e-16,2.6362437233873716e-15,4.777794913174427e-13,-0.0001307302591158077,7.067922706482932e-05,0.0004777794820256531,8.668448220232627e-05,1.0605635907268152e-06,3.039836883544922e-06,1.2130975619584206e-06,0.0,0.0,0.0,anisotropic
427,3.352257707534001e-12,0.005123905837535858,0.9930160641670227,0.9937191605567932,0.9933050870895386,0.00016698354738764465,-1.3072961495882301e-13,7.067811640852975e-14,-1.2952122409786376e-16,2.636211324377139e-15,4.777735824156026e-13,-0.00013072961883153766,7.067811384331435e-05,0.00047777354484423995,8.715732397722598e-05,1.0664462024578825e-06,3.0994415283203125e-06,1.2195182534924243e-06,0.0,0.0,0.0,anisotropic
428,3.3522182425749225e-12,0.00512389000505209,0.9930136799812317,0.9937214255332947,0.9933050870895386,0.0001680972200119868,-1.3072892377993806e-13,7.067705931141158e-14,-1.295172933355929e-16,2.6361780783339594e-15,4.777675650935453e-13,-0.0001307289203396067,7.067705882946029e-05,0.00047776754945516586,8.763192494892575e-05,1.0724779713200405e-06,3.0994415283203125e-06,1.2260055655133328e-06,0.0,0.0,0.0,anisotropic
429,3.352178343934975e-12,0.005123875103890896,0.9930112957954407,0.9937237501144409,0.9933050870895386,0.00016921869246289134,-1.307282326010531e-13,7.067597510923909e-14,-1.2951336257332205e-16,2.6361452558072533e-15,4.777616019815967e-13,-0.00013072823639959097,7.067597471177578e-05,0.0004777616122737527,8.810877898136368e-05,1.0781404853332788e-06,3.159046173095703e-06,1.2323781675149803e-06,0.0,0.0,0.0,anisotropic
430,3.3521380116141586e-12,0.005123859737068415,0.9930089116096497,0.9937260150909424,0.9933050870895386,0.00017034228949341923,-1.3072752786964098e-13,7.067483669695798e-14,-1.295093259319328e-16,2.6361115862476e-15,4.777554762393221e-13,-0.00013072752335574478,7.067483966238797e-05,0.00047775544226169586,8.85873755445084e-05,1.0842632036656141e-06,3.159046173095703e-06,1.2389539278956363e-06,0.0,0.0,0.0,anisotropic
431,3.35209854665508e-12,0.0051238443702459335,0.9930065274238586,0.9937283396720886,0.993304967880249,0.00017147364269476384,-1.307268773483375e-13,7.067374571852192e-14,-1.2950544810922114e-16,2.636078551962657e-15,4.777494589172648e-13,-0.00013072688307147473,7.067374826874584e-05,0.0004777494468726218,8.906799761573636e-05,1.0905714589171112e-06,3.2186508178710938e-06,1.2459890967875253e-06,0.0,0.0,0.0,anisotropic
432,3.3520577806533947e-12,0.005123828072100878,0.9930041432380676,0.9937306642532349,0.993304967880249,0.00017261190805584192,-1.3072614551187106e-13,7.067263441129512e-14,-1.2950143793761149e-16,2.6360453059194773e-15,4.777433331749903e-13,-0.00013072614092379808,7.067263504723087e-05,0.00047774333506822586,8.955033338812672e-05,1.0965395631501451e-06,3.2186508178710938e-06,1.2525871397883748e-06,0.0,0.0,0.0,anisotropic
433,3.3520176651730127e-12,0.005123812705278397,0.9930016994476318,0.9937329888343811,0.993304967880249,0.00017376034520566463,-1.3072548143804041e-13,7.067151632780475e-14,-1.2949738806133243e-16,2.636011424601587e-15,4.777372616428244e-13,-0.0001307254860876128,7.067151454975829e-05,0.0004777372523676604,9.003475511818353e-05,1.1027168511645868e-06,3.2782554626464844e-06,1.2591357290148153e-06,0.0,0.0,0.0,anisotropic
434,3.3519766823308927e-12,0.005123796872794628,0.9929991960525513,0.9937353134155273,0.993304967880249,0.00017490872414782643,-1.3072476315410114e-13,7.067039146805079e-14,-1.2949339112461257e-16,2.6359777550419338e-15,4.777311359005498e-13,-0.0001307247584918514,7.06703940522857e-05,0.0004777311405632645,9.052088200473607e-05,1.1089105100836605e-06,3.2782554626464844e-06,1.2661924984058714e-06,0.0,0.0,0.0,anisotropic
435,3.3519354826483383e-12,0.005123780574649572,0.9929967522621155,0.9937376976013184,0.9933049082756042,0.00017606110486667603,-1.3072401776510756e-13,7.066925983203326e-14,-1.294893147785539e-16,2.635943238449333e-15,4.777248475279494e-13,-0.00013072401634417474,7.066925900289789e-05,0.0004777248250320554,9.100889965133981e-05,1.1150714271934703e-06,3.337860107421875e-06,1.2729536820188514e-06,0.0,0.0,0.0,anisotropic
436,3.351893849284915e-12,0.005123764742165804,0.9929942488670349,0.9937400221824646,0.9933048486709595,0.0001772251125657931,-1.307233265862226e-13,7.066814174854288e-14,-1.2948521196271565e-16,2.635909357131443e-15,4.777186133654576e-13,-0.000130723332404159,7.06681385054253e-05,0.00047771865501999855,9.149899837325584e-05,1.1215779522899538e-06,3.3974647521972656e-06,1.2800040849469951e-06,0.0,0.0,0.0,anisotropic
437,3.3518522159214914e-12,0.005123748444020748,0.9929917454719543,0.9937424063682556,0.9933048486709595,0.00017838655912782997,-1.3072263540733764e-13,7.066698978373462e-14,-1.2948108267709778e-16,2.6358748405388424e-15,4.777123792029658e-13,-0.00013072263391222805,7.066698890412226e-05,0.0004777123685926199,9.199101606832018e-05,1.1277988960500807e-06,3.3974647521972656e-06,1.2868703151980299e-06,0.0,0.0,0.0,anisotropic
438,3.351810582558068e-12,0.005123731680214405,0.992989182472229,0.9937447309494019,0.9933047890663147,0.00017957088130060583,-1.3072191712339837e-13,7.066583781892635e-14,-1.2947697986125952e-16,2.635840112188005e-15,4.777060366202568e-13,-0.00013072192086838186,7.066583930281922e-05,0.0004777060530614108,9.2485181749383e-05,1.1341799108777195e-06,3.3974647521972656e-06,1.293940954383288e-06,0.0,0.0,0.0,anisotropic
439,3.3517689491946445e-12,0.005123715382069349,0.9929866790771484,0.9937471151351929,0.9933047294616699,0.00018074539548251778,-1.3072121239198625e-13,7.066469263038166e-14,-1.2947282410586205e-16,2.6358055955954043e-15,4.77699802457765e-13,-0.00013072120782453567,7.066468970151618e-05,0.00047769982484169304,9.298153795450124e-05,1.1406773410271853e-06,3.4570693969726562e-06,1.3010291013415554e-06,0.0,0.0,0.0,anisotropic
440,3.3517262316290486e-12,0.0051236990839242935,0.9929840564727783,0.9937495589256287,0.9933047294616699,0.00018193037249147892,-1.3072050766057414e-13,7.066352033678266e-14,-1.2946864188068498e-16,2.6357700202116197e-15,4.776933514548387e-13,-0.0001307205093326047,7.06635182723403e-05,0.00047769336379133165,9.347949742563965e-05,1.1470583558548242e-06,3.516674041748047e-06,1.30802357034554e-06,0.0,0.0,0.0,anisotropic
441,3.3516839477443217e-12,0.0051236823201179504,0.992981493473053,0.9937519431114197,0.9933047294616699,0.00018312667089048773,-1.3071976227158055e-13,7.066237514823798e-14,-1.2946444642061812e-16,2.6357348683443086e-15,4.77686954662021e-13,-0.00013071976718492806,7.066237594699487e-05,0.0004776869900524616,9.397942085011772e-05,1.1536139936652035e-06,3.516674041748047e-06,1.3153514828445623e-06,0.0,0.0,0.0,anisotropic
442,3.3516410133382912e-12,0.005123664624989033,0.9929788708686829,0.9937543272972107,0.9933047294616699,0.0001843228965299204,-1.3071903043511413e-13,7.066122318342971e-14,-1.2946022449077165e-16,2.6356999282352344e-15,4.776805578692034e-13,-0.0001307190250372514,7.066122634569183e-05,0.0004776805581059307,9.448164207910549e-05,1.1601987353060395e-06,3.516674041748047e-06,1.322479079135519e-06,0.0,0.0,0.0,anisotropic
443,3.351597645251392e-12,0.00512364786118269,0.992976188659668,0.9937567710876465,0.9933046102523804,0.00018552692199591547,-1.30718325703702e-13,7.066001023224924e-14,-1.2945596285625577e-16,2.635663929334976e-15,4.776740526561685e-13,-0.00013071832654532045,7.066001126077026e-05,0.0004776740097440779,9.498571453496441e-05,1.1667780199786648e-06,3.516674041748047e-06,1.329705355601618e-06,0.0,0.0,0.0,anisotropic
444,3.351554927685796e-12,0.005123631097376347,0.9929735064506531,0.9937592148780823,0.9933046102523804,0.00018673819431569427,-1.3071758031470843e-13,7.06588514911774e-14,-1.294517012217399e-16,2.635627718676481e-15,4.776674932330249e-13,-0.0001307175843976438,7.06588543835096e-05,0.0004776674904860556,9.549204976303645e-05,1.1735410225810483e-06,3.5762786865234375e-06,1.3370977285376284e-06,0.0,0.0,0.0,anisotropic
445,3.351510909077593e-12,0.005123613867908716,0.9929708242416382,0.9937616586685181,0.9933045506477356,0.00018795966752804816,-1.3071682137318769e-13,7.065767242131482e-14,-1.2944737341277502e-16,2.6355919315344594e-15,4.7766098801999e-13,-0.00013071682769805193,7.065767567837611e-05,0.00047766094212420285,9.600031186476107e-05,1.1801821528933942e-06,3.5762786865234375e-06,1.344561496807728e-06,0.0,0.0,0.0,anisotropic
446,3.351467324150259e-12,0.005123596638441086,0.9929681420326233,0.9937641024589539,0.9933044910430908,0.00018918341083917767,-1.307160759841941e-13,7.065648657518867e-14,-1.2944307207358975e-16,2.6355557208759643e-15,4.776543201766292e-13,-0.00013071607099846005,7.0656489697285e-05,0.0004776543646585196,9.6510593711879e-05,1.1866686691064388e-06,3.635883331298828e-06,1.3516715853256756e-06,0.0,0.0,0.0,anisotropic
447,3.351422871861187e-12,0.005123578943312168,0.9929654002189636,0.9937665462493896,0.9933044910430908,0.00019041109771933407,-1.3071534414772767e-13,7.065526684774462e-14,-1.2943870455995547e-16,2.6355195102174692e-15,4.776477607534857e-13,-0.00013071534340269864,7.065526733640581e-05,0.00047764775808900595,9.702276075668713e-05,1.193960997625254e-06,3.635883331298828e-06,1.3595210930361645e-06,0.0,0.0,0.0,anisotropic
448,3.3513782027316807e-12,0.00512356124818325,0.992962658405304,0.9937689900398254,0.9933044910430908,0.00019164643890690058,-1.3071458520620693e-13,7.065402679150984e-14,-1.2943431057654158e-16,2.635482452526027e-15,4.776410929101249e-13,-0.00013071458670310676,7.06540304236114e-05,0.0004776410642080009,9.753690417063455e-05,1.2004311429336667e-06,3.635883331298828e-06,1.3668346809936338e-06,0.0,0.0,0.0,anisotropic
449,3.3513339672830433e-12,0.005123543553054333,0.9929599165916443,0.993771493434906,0.9933043718338013,0.0001928992132889107,-1.307138262646862e-13,7.065285449791084e-14,-1.294299298280175e-16,2.635445818351058e-15,4.776343708566555e-13,-0.00013071383000351489,7.06528517184779e-05,0.00047763437032699585,9.805308861270384e-05,1.2072487152181566e-06,3.6954879760742188e-06,1.374354155814217e-06,0.0,0.0,0.0,anisotropic
450,3.3512895149939714e-12,0.005123526323586702,0.9929571151733398,0.9937739372253418,0.9933043718338013,0.00019414811686147004,-1.3071312153327408e-13,7.065163477046679e-14,-1.2942553584460362e-16,2.6354091841760893e-15,4.776277030132947e-13,-0.0001307131169596687,7.065163663355634e-05,0.0004776276764459908,9.857043218501237e-05,1.2146265362389386e-06,3.6954879760742188e-06,1.3823713516103453e-06,0.0,0.0,0.0,anisotropic
451,3.3512446290240305e-12,0.005123508162796497,0.9929543137550354,0.9937763810157776,0.9933043718338013,0.00019539805362001061,-1.3071234903922618e-13,7.065041504302275e-14,-1.2942107568674074e-16,2.6353714912099365e-15,4.776208183294994e-13,-0.0001307123457081616,7.065041427267715e-05,0.0004776208661496639,9.908975833561158e-05,1.2213404261274263e-06,3.7550926208496094e-06,1.389956764796807e-06,0.0,0.0,0.0,anisotropic
452,3.3511984420114826e-12,0.00512349046766758,0.9929514527320862,0.9937788844108582,0.9933043122291565,0.00019666591833811253,-1.3071161720275976e-13,7.064916821052439e-14,-1.2941656258931865e-16,2.6353342217602573e-15,4.776140420659214e-13,-0.00013071161811240017,7.064917008392513e-05,0.00047761405585333705,9.96107779419412e-05,1.228387191076763e-06,3.7550926208496094e-06,1.397584924234252e-06,0.0,0.0,0.0,anisotropic
453,3.3511533392011073e-12,0.005123472306877375,0.9929486513137817,0.9937813878059387,0.9933042526245117,0.0001979370863409713,-1.3071084470871186e-13,7.064794170681676e-14,-1.2941211566634556e-16,2.6352965287941045e-15,4.776072115922347e-13,-0.00013071084686089307,7.064794044708833e-05,0.0004776072164531797,0.00010013487556060168,1.235368472407572e-06,3.7550926208496094e-06,1.4054745633984567e-06,0.0,0.0,0.0,anisotropic
454,3.3511071521885594e-12,0.00512345414608717,0.9929457902908325,0.9937838912010193,0.9933042526245117,0.0001992162870010361,-1.3071009931971828e-13,7.064668132179125e-14,-1.2940753639447447e-16,2.6352588358279517e-15,4.776003269084395e-13,-0.00013071010471321642,7.064668170642108e-05,0.00047760034794919193,0.00010066057116958345,1.2424206943251193e-06,3.814697265625e-06,1.413220161339268e-06,0.0,0.0,0.0,anisotropic
455,3.3510609651760115e-12,0.005123435519635677,0.9929428696632385,0.9937863945960999,0.9933041334152222,0.00020049861632287502,-1.3070934037819754e-13,7.064544126555647e-14,-1.2940297035749317e-16,2.6352207193453252e-15,4.775933880145355e-13,-0.00013070933346170932,7.064544479362667e-05,0.0004775934212375432,0.00010118806531271243,1.2497293937485665e-06,3.814697265625e-06,1.421371507603908e-06,0.0,0.0,0.0,anisotropic
456,3.3510147781634636e-12,0.00512341782450676,0.9929399490356445,0.9937888979911804,0.9933041334152222,0.00020179674902465194,-1.307085814366768e-13,7.064420798558527e-14,-1.2939841755540168e-16,2.6351826028626988e-15,4.775865033307403e-13,-0.00013070857676211745,7.064420788083225e-05,0.0004775864945258945,0.00010171713324249478,1.2569780665216967e-06,3.874301910400391e-06,1.429425992682809e-06,0.0,0.0,0.0,anisotropic
457,3.3509681574700467e-12,0.00512339873239398,0.9929370284080505,0.9937914609909058,0.9933041334152222,0.00020309042884036899,-1.3070779539010174e-13,7.064294082429617e-14,-1.293938647533102e-16,2.635144698138309e-15,4.77579618646945e-13,-0.00013070779095869511,7.064294186420739e-05,0.0004775795678142458,0.00010224916491949153,1.2641830835491419e-06,3.814697265625e-06,1.4373730437000631e-06,0.0,0.0,0.0,anisotropic
458,3.350920669414892e-12,0.005123380571603775,0.9929341077804565,0.9937939643859863,0.9933040142059326,0.00020439352374523878,-1.307070093435267e-13,7.06416668867435e-14,-1.293892060721003e-16,2.635105099348025e-15,4.775724629126066e-13,-0.00013070700515527278,7.06416685716249e-05,0.0004775724373757839,0.0001027828687746759,1.2715190678136423e-06,3.874301910400391e-06,1.4454266192842624e-06,0.0,0.0,0.0,anisotropic
459,3.3508733982001715e-12,0.005123361013829708,0.9929311275482178,0.9937965273857117,0.9933040142059326,0.00020570382184814662,-1.307062639545331e-13,7.064037939666368e-14,-1.2938457386067e-16,2.6350669828653986e-15,4.77565469808594e-13,-0.00013070626300759614,7.06403807271272e-05,0.0004775654524564743,0.00010331873571102993,1.278862328035757e-06,3.874301910400391e-06,1.453714048693655e-06,0.0,0.0,0.0,anisotropic
460,3.350826126985451e-12,0.005123342387378216,0.992928147315979,0.993799090385437,0.9933040142059326,0.0002070244518108666,-1.3070550501301237e-13,7.063913256416532e-14,-1.293798754747907e-16,2.635028019349825e-15,4.775583682843643e-13,-0.00013070550630800426,7.063912926241755e-05,0.00047755835112184286,0.00010385643423429909,1.2863256415585056e-06,3.874301910400391e-06,1.4620575257140445e-06,0.0,0.0,0.0,anisotropic
461,3.3507782052494273e-12,0.0051233237609267235,0.9929251074790955,0.9938017129898071,0.9933039546012878,0.00020835180475842208,-1.3070470541391016e-13,7.06378111927676e-14,-1.293751638540216e-16,2.6349886323177776e-15,4.775512125500259e-13,-0.0001307047059526667,7.063781231408939e-05,0.00047755122068338096,0.00010439628576134714,1.294138201046735e-06,3.874301910400391e-06,1.4705830153616262e-06,0.0,0.0,0.0,anisotropic
462,3.350730066672969e-12,0.0051233042031526566,0.9929220676422119,0.9938042759895325,0.9933038949966431,0.00020968742319382727,-1.307039193673351e-13,7.06365169264242e-14,-1.293704389983627e-16,2.6349488217692566e-15,4.775439483954702e-13,-0.00013070392014924437,7.063651719363406e-05,0.0004775439447257668,0.00010493863070810585,1.3015487638767809e-06,3.933906555175781e-06,1.478885906180949e-06,0.0,0.0,0.0,anisotropic
463,3.350682144936945e-12,0.00512328464537859,0.9929190278053284,0.9938068985939026,0.9933038949966431,0.00021103124890942127,-1.3070317397834152e-13,7.063524298887153e-14,-1.2936570090781399e-16,2.634909858253683e-15,4.775369010813491e-13,-0.00013070317800156772,7.063524390105158e-05,0.0004775368724949658,0.00010548290509439067,1.3094959285808727e-06,3.874301910400391e-06,1.4876933391860803e-06,0.0,0.0,0.0,anisotropic
464,3.3506333558391832e-12,0.00512326555326581,0.9929159879684448,0.9938094615936279,0.9933037757873535,0.00021237725741229951,-1.3070233372165785e-13,7.063394872252812e-14,-1.2936090987770608e-16,2.634870047705162e-15,4.775296369267934e-13,-0.00013070233399048448,7.063394878059626e-05,0.0004775295965373516,0.00010602966912268288,1.3171520549803972e-06,3.874301910400391e-06,1.4962522527639521e-06,0.0,0.0,0.0,anisotropic
465,3.350583916220118e-12,0.005123245529830456,0.9929128289222717,0.993812084197998,0.9933037757873535,0.00021373889467213303,-1.3070158833266426e-13,7.063261379860325e-14,-1.2935606590803897e-16,2.6348298136401674e-15,4.775223727722377e-13,-0.00013070159184280783,7.063261728035286e-05,0.0004775223205797374,0.00010657855194235495,1.3249627954792231e-06,3.933906555175781e-06,1.504958959230862e-06,0.0,0.0,0.0,anisotropic
466,3.350534693441487e-12,0.0051232255063951015,0.9929097294807434,0.9938147068023682,0.9933037757873535,0.00021510047372430563,-1.307007480759806e-13,7.063127887467838e-14,-1.2935122193837186e-16,2.634789367816936e-15,4.775149459873562e-13,-0.00013070074783172458,7.063127850415185e-05,0.0004775149282068014,0.00010712954195385435,1.333033651462756e-06,3.993511199951172e-06,1.5139510196604533e-06,0.0,0.0,0.0,anisotropic
467,3.3504856875032907e-12,0.005123205482959747,0.9929065704345703,0.9938173890113831,0.993303656578064,0.0002164766046917066,-1.3069994847687838e-13,7.062999816086213e-14,-1.2934636473381495e-16,2.6347491337519414e-15,4.775076818328006e-13,-0.00013069994747638702,7.062999793561175e-05,0.00047750765224918723,0.00010768299721393983,1.3408753147814423e-06,4.0531158447265625e-06,1.5225339211610844e-06,0.0,0.0,0.0,anisotropic
468,3.3504358142033563e-12,0.005123184993863106,0.9929034113883972,0.9938200116157532,0.993303656578064,0.00021786027355119586,-1.3069913532524902e-13,7.062863613188294e-14,-1.2934144135480903e-16,2.6347082644122364e-15,4.77500255047919e-13,-0.00013069913256913424,7.06286373315379e-05,0.0004775002016685903,0.00010823837485599003,1.3486169336829334e-06,4.112720489501953e-06,1.531262455500837e-06,0.0,0.0,0.0,anisotropic
469,3.3503857240629875e-12,0.0051231649704277515,0.9929001927375793,0.9938226938247681,0.9933035969734192,0.00021924964676145464,-1.3069832217361965e-13,7.062732831301238e-14,-1.2933658415025212e-16,2.6346673950725314e-15,4.774928282630375e-13,-0.00013069831766188145,7.062732765916735e-05,0.0004774928092956543,0.00010879616149737594,1.3567459973273799e-06,4.112720489501953e-06,1.540153675705369e-06,0.0,0.0,0.0,anisotropic
470,3.3503356339226187e-12,0.00512314448133111,0.9928969740867615,0.9938253164291382,0.9933035373687744,0.00022064530639909208,-1.306975361270446e-13,7.062597306029678e-14,-1.29331607831687e-16,2.6346265257328264e-15,4.774853472680474e-13,-0.00013069753185845912,7.062597433105111e-05,0.0004774853296112269,0.00010935576976546202,1.364924173685722e-06,4.172325134277344e-06,1.5494446188313304e-06,0.0,0.0,0.0,anisotropic
471,3.3502853269418154e-12,0.005123123526573181,0.9928937554359436,0.9938279986381531,0.9933034777641296,0.00022205087589100003,-1.3069675008046955e-13,7.062461103131759e-14,-1.2932660504334228e-16,2.6345852328766477e-15,4.774778662730572e-13,-0.00013069674605503678,7.062461372697726e-05,0.0004774778208229691,0.0001099179783820687,1.3730477803619578e-06,4.231929779052734e-06,1.5582994592477917e-06,0.0,0.0,0.0,anisotropic
472,3.350234152599274e-12,0.00512310303747654,0.992890477180481,0.993830680847168,0.9933034777641296,0.00022346475452650338,-1.3069589627125872e-13,7.062324222607483e-14,-1.2932160225499756e-16,2.6345435165039954e-15,4.774702768578498e-13,-0.00013069590204395354,7.062324584694579e-05,0.00047747025382705033,0.00011048250470342267,1.381109541398473e-06,4.291534423828125e-06,1.5674614814997767e-06,0.0,0.0,0.0,anisotropic
473,3.3501825445758637e-12,0.0051230816170573235,0.9928871989250183,0.9938334226608276,0.9933034181594849,0.00022488516697194427,-1.3069505601457504e-13,7.06218937496228e-14,-1.2931654652709363e-16,2.6345015883731063e-15,4.774626332325338e-13,-0.0001306950580328703,7.062189251882955e-05,0.00047746262862347066,0.00011104902287896618,1.3891476555727422e-06,4.351139068603516e-06,1.5763725969009101e-06,0.0,0.0,0.0,anisotropic
474,3.3501318039141914e-12,0.005123061127960682,0.9928839206695557,0.9938361048698425,0.9933034181594849,0.00022631874890066683,-1.3069422931041852e-13,7.062051816811646e-14,-1.2931153050385911e-16,2.634459872000454e-15,4.77455098027435e-13,-0.00013069422857370228,7.062051736284047e-05,0.0004774550616275519,0.00011161812418081453,1.3972457963973284e-06,4.410743713378906e-06,1.5854835737627582e-06,0.0,0.0,0.0,anisotropic
475,3.350080195890781e-12,0.005123039707541466,0.9928805828094482,0.9938388466835022,0.9933032989501953,0.00022775167599320412,-1.3069345681637062e-13,7.061914258661012e-14,-1.293064615410654e-16,2.6344181556278018e-15,4.77447454402119e-13,-0.00013069345732219517,7.061914220685139e-05,0.00047744743642397225,0.00011218928487914316,1.405282091582194e-06,4.470348358154297e-06,1.5944640381349018e-06,0.0,0.0,0.0,anisotropic
476,3.3500281541865018e-12,0.00512301828712225,0.992877185344696,0.9938415884971619,0.9933032989501953,0.00022920181800145656,-1.3069261655968695e-13,7.061775345257662e-14,-1.2930132640382266e-16,2.6343755922222023e-15,4.774397565666944e-13,-0.00013069261331111193,7.061775249894708e-05,0.00047743969480507076,0.00011276270945539804,1.4134693628875539e-06,4.5299530029296875e-06,1.6037427030823892e-06,0.0,0.0,0.0,anisotropic
477,3.3499752451204845e-12,0.0051229968667030334,0.9928738474845886,0.9938443303108215,0.9933032393455505,0.00023065542336553335,-1.3069177630300327e-13,7.061634398975239e-14,-1.2929616479680033e-16,2.634332817058366e-15,4.774318961009438e-13,-0.00013069176930002868,7.061634096316993e-05,0.0004774319240823388,0.00011333852221283003,1.4215402188710868e-06,4.589557647705078e-06,1.6126572290886543e-06,0.0,0.0,0.0,anisotropic
478,3.3499227697353362e-12,0.005122975446283817,0.9928704500198364,0.9938470721244812,0.9933031797409058,0.00023211637744680047,-1.3069094959884675e-13,7.061494130319174e-14,-1.292909899548882e-16,2.6342900418945296e-15,4.774241982655192e-13,-0.0001306909543927759,7.061494397930801e-05,0.0004774242115672678,0.00011391680981537768,1.4297438610810786e-06,4.649162292480469e-06,1.6221521264014882e-06,0.0,0.0,0.0,anisotropic
479,3.3498700775097534e-12,0.0051229530945420265,0.9928669929504395,0.9938498139381409,0.9933031797409058,0.00023358536418527365,-1.3069008223710876e-13,7.061357927421255e-14,-1.2928576217341686e-16,2.6342468432142196e-15,4.774163377997687e-13,-0.0001306900812778622,7.061357609927654e-05,0.000477416324429214,0.00011449733515549172,1.4382112567545846e-06,4.649162292480469e-06,1.6315264019794995e-06,0.0,0.0,0.0,anisotropic
480,3.3498165179224326e-12,0.00512293167412281,0.9928635358810425,0.9938526153564453,0.9933030605316162,0.0002350647555431351,-1.3068922842789793e-13,7.061214948259759e-14,-1.2928053439194553e-16,2.634203221017436e-15,4.774084231239095e-13,-0.00013068922271486372,7.061215001158416e-05,0.00047740840818732977,0.0001150801399705753,1.4465585991274565e-06,4.708766937255859e-06,1.641054154788435e-06,0.0,0.0,0.0,anisotropic
481,3.3497631751755463e-12,0.00512290932238102,0.9928600788116455,0.9938554167747498,0.9933030605316162,0.00023655671975575387,-1.306884017237414e-13,7.061071291471904e-14,-1.2927522720113539e-16,2.634160022337126e-15,4.774005084480504e-13,-0.00013068840780761093,7.061070937197655e-05,0.000477400521049276,0.00011566557271850295,1.4550660125678405e-06,4.76837158203125e-06,1.6506329529875075e-06,0.0,0.0,0.0,anisotropic
482,3.349708965066922e-12,0.005122886970639229,0.9928565621376038,0.9938581585884094,0.9933029413223267,0.00023805091041140258,-1.3068756146705773e-13,7.060929667563123e-14,-1.2926998618477425e-16,2.6341161883821056e-15,4.773925395620826e-13,-0.00013068756379652768,7.06092978361994e-05,0.0004773925757035613,0.00011625318349690035,1.4631204976467416e-06,4.827976226806641e-06,1.6598145293755806e-06,0.0,0.0,0.0,anisotropic
483,3.3496551886391668e-12,0.005122864618897438,0.992853045463562,0.9938610196113586,0.9933029413223267,0.00023955359938554466,-1.3068669410531975e-13,7.0607887212807e-14,-1.292646789939641e-16,2.6340723544270852e-15,4.773845706761148e-13,-0.00013068669068161398,7.060788630042225e-05,0.0004773845721501857,0.00011684304445562908,1.471369614591822e-06,4.827976226806641e-06,1.6691788005118724e-06,0.0,0.0,0.0,anisotropic
484,3.3496001111688045e-12,0.005122842732816935,0.9928494691848755,0.9938638210296631,0.9933028221130371,0.000241077970713377,-1.3068585384863607e-13,7.060638288229268e-14,-1.2925926592403556e-16,2.6340278851973544e-15,4.773764391598212e-13,-0.00013068584667053074,7.060638017719612e-05,0.00047737648128531873,0.00011743507952115513,1.4802026271354407e-06,4.947185516357422e-06,1.6788350194474333e-06,0.0,0.0,0.0,anisotropic
485,3.3495454673793112e-12,0.0051228199154138565,0.992845892906189,0.9938666224479675,0.9933028221130371,0.00024259551719296724,-1.3068495938184377e-13,7.060495986694129e-14,-1.2925394549833562e-16,2.6339832042093867e-15,4.773683618536362e-13,-0.0001306849590037018,7.060496136546135e-05,0.00047736839042045176,0.00011802956500248038,1.4883789845043793e-06,4.947185516357422e-06,1.6881914461919223e-06,0.0,0.0,0.0,anisotropic
486,3.349490823589818e-12,0.005122797098010778,0.9928423166275024,0.9938694834709167,0.9933027029037476,0.0002441307296976447,-1.3068410557263294e-13,7.060348941774486e-14,-1.2924851919351727e-16,2.633938734979656e-15,4.773602845474512e-13,-0.00013068410044070333,7.060349162202328e-05,0.0004773602995555848,0.00011862657577931668,1.4965971786295995e-06,4.947185516357422e-06,1.697630068520084e-06,0.0,0.0,0.0,anisotropic
487,3.3494348787577177e-12,0.0051227742806077,0.9928386807441711,0.9938722848892212,0.9933027029037476,0.0002456688089296222,-1.3068326531594926e-13,7.060204607360274e-14,-1.2924309288869893e-16,2.6338938422334514e-15,4.773520988210489e-13,-0.00013068327098153532,7.060204370645806e-05,0.00047735212137922645,0.00011922583312334178,1.5057376003824174e-06,5.066394805908203e-06,1.7076565654861042e-06,0.0,0.0,0.0,anisotropic
488,3.3493793676064865e-12,0.005122751463204622,0.9928350448608398,0.9938751459121704,0.993302583694458,0.0002472178603056818,-1.306823301915755e-13,7.060056207187915e-14,-1.2923758717454177e-16,2.6338483142125365e-15,4.77343858884538e-13,-0.00013068232510704547,7.060055941110477e-05,0.00047734385589137673,0.00011982637287579452,1.5140903997235e-06,5.066394805908203e-06,1.7173194919450907e-06,0.0,0.0,0.0,anisotropic
489,3.3493238564552552e-12,0.00512272771447897,0.9928313493728638,0.9938779473304749,0.993302583694458,0.0002487771853338927,-1.3068144927731035e-13,7.059908484641914e-14,-1.2923216086972342e-16,2.633803209708095e-15,4.773356189480271e-13,-0.00013068145199213177,7.059908239170909e-05,0.0004773356195073575,0.000120429858145103,1.5227687981678173e-06,5.125999450683594e-06,1.7270223224841175e-06,0.0,0.0,0.0,anisotropic
490,3.349266610580548e-12,0.005122704431414604,0.9928276538848877,0.9938807487487793,0.9933025240898132,0.000250341952778399,-1.3068059546809951e-13,7.059757373964123e-14,-1.2922656251133767e-16,2.6337572581707066e-15,4.77327270591299e-13,-0.0001306805934291333,7.059757626848295e-05,0.00047732729581184685,0.00012103534112060081,1.5314126358134672e-06,5.125999450683594e-06,1.7365183566653286e-06,0.0,0.0,0.0,anisotropic
491,3.3492100152271442e-12,0.005122681148350239,0.9928239583969116,0.9938835501670837,0.9933024644851685,0.00025192677276208997,-1.3067972810636153e-13,7.059608973791764e-14,-1.292210170925111e-16,2.633711518391555e-15,4.773189764446795e-13,-0.00013067973486613482,7.059609197312966e-05,0.0004773189721163362,0.00012164227744945183,1.5401856217067689e-06,5.185604095458984e-06,1.7465747532696696e-06,0.0,0.0,0.0,anisotropic
492,3.3491529861928715e-12,0.005122657399624586,0.9928202033042908,0.993886411190033,0.9933023452758789,0.0002535147068556398,-1.306788742971507e-13,7.059457863113974e-14,-1.2921540549923555e-16,2.6336655668541663e-15,4.773105738778427e-13,-0.00013067887630313635,7.059457857394591e-05,0.0004773105902131647,0.00012225189301495084,1.548820364405401e-06,5.245208740234375e-06,1.75621403286641e-06,0.0,0.0,0.0,anisotropic
493,3.3490957403181643e-12,0.005122633650898933,0.9928163886070251,0.9938892126083374,0.9933023452758789,0.00025510453269816935,-1.306779798303584e-13,7.059304719557111e-14,-1.292097674361804e-16,2.6336189800420674e-15,4.773021713110059e-13,-0.0001306779740843922,7.059305062284693e-05,0.00047730215010233223,0.00012286469292688659,1.5575024008285254e-06,5.245208740234375e-06,1.7658209117143997e-06,0.0,0.0,0.0,anisotropic
494,3.349037627081719e-12,0.005122609436511993,0.9928126335144043,0.9938920736312866,0.9933022856712341,0.00025671286857686937,-1.306770853635661e-13,7.059154286505678e-14,-1.2920415584290483e-16,2.6335723932299684e-15,4.772937145340606e-13,-0.00013067708641756326,7.05915444996208e-05,0.0004772936808876693,0.0001234785025777425,1.5660643839510158e-06,5.245208740234375e-06,1.7753976635503932e-06,0.0,0.0,0.0,anisotropic
495,3.348979947526143e-12,0.005122585222125053,0.9928087592124939,0.9938949346542358,0.9933022260665894,0.0002583250170573592,-1.3067620444930095e-13,7.059003853454246e-14,-1.2919842513562106e-16,2.6335258064178694e-15,4.772851493368979e-13,-0.00013067619875073433,7.059003837639466e-05,0.00047728518256917596,0.00012409504375215024,1.5748864825582132e-06,5.304813385009766e-06,1.7851106122179772e-06,0.0,0.0,0.0,anisotropic
496,3.3489218342896976e-12,0.005122561007738113,0.9928048253059387,0.9938977956771851,0.9933021664619446,0.0002599477884359658,-1.3067536419261727e-13,7.058850709897382e-14,-1.291927738376761e-16,2.6334790078475336e-15,4.772766925599525e-13,-0.0001306753692915663,7.058851042529568e-05,0.0004772766842506826,0.00012471462333213596,1.5835285012144595e-06,5.245208740234375e-06,1.7949386119653354e-06,0.0,0.0,0.0,anisotropic
497,3.3488628536915144e-12,0.005122536327689886,0.992800772190094,0.9939006567001343,0.9933021068572998,0.0002615812118165195,-1.3067451038340644e-13,7.058696211087803e-14,-1.2918699019083313e-16,2.6334315740024873e-15,4.772680731526813e-13,-0.00013067451072856784,7.058696064632386e-05,0.0004772680695168674,0.00012533652786637017,1.5923415048746392e-06,5.364418029785156e-06,1.8045886918116594e-06,0.0,0.0,0.0,anisotropic
498,3.3488040899337657e-12,0.005122512113302946,0.9927965998649597,0.9939035773277283,0.993302047252655,0.0002632266259752214,-1.306736565741956e-13,7.05854306753094e-14,-1.2918121977887996e-16,2.633384351915678e-15,4.7725945374541e-13,-0.00013067365216556937,7.058543269522488e-05,0.0004772594547830522,0.00012595991662470935,1.6008543752832338e-06,5.304813385009766e-06,1.8139537587558152e-06,0.0,0.0,0.0,anisotropic
499,3.348745326176017e-12,0.0051224869675934315,0.9927924871444702,0.9939064383506775,0.9933019876480103,0.0002648787631187588,-1.3067274855487615e-13,7.058390601600434e-14,-1.291754626018166e-16,2.6333369180706317e-15,4.772508343381388e-13,-0.0001306727499468252,7.05839047441259e-05,0.000477250840049237,0.00012658617873082955,1.609625542187132e-06,5.364418029785156e-06,1.8237039967061719e-06,0.0,0.0,0.0,anisotropic
