epoch,cost,mse,gamma_min,gamma_max,gamma_mean,gamma_std,adjoint_grad_min,adjoint_grad_max,adjoint_grad_mean,adjoint_grad_std,adjoint_grad_norm,scaled_grad_min,scaled_grad_max,scaled_grad_norm,param_grad_norm,delta_gamma_mean_abs,delta_gamma_max_abs,delta_gamma_std,tv_raw,tv_loss,tv_weight,tv_type
0,6.892228975041714e-12,0.016010001301765442,0.9933072328567505,0.9933072328567505,0.9933071732521057,0.0,-1.3747118406733788e-13,1.0529733552103182e-13,-2.4700878346298367e-16,3.506290767576808e-15,6.362697911946325e-13,-0.00013747118646278977,0.00010529733845032752,0.0006362698040902615,9.795878262865137e-09,0.0,0.0,0.0,0.0,0.0,0.0,anisotropic
1,6.892228975041714e-12,0.016010001301765442,0.9933072328567505,0.9933072328567505,0.9933071732521057,0.0,-1.3747118406733788e-13,1.0529733552103182e-13,-2.4700878346298367e-16,3.506290767576808e-15,6.362697911946325e-13,-0.00013747118646278977,0.00010529733845032752,0.0006362698040902615,9.725617718195566e-09,0.0,0.0,0.0,0.0,0.0,0.0,anisotropic
2,6.892228975041714e-12,0.016010001301765442,0.9933072328567505,0.9933072328567505,0.9933071732521057,0.0,-1.3747118406733788e-13,1.0529733552103182e-13,-2.4700878346298367e-16,3.506290767576808e-15,6.362697911946325e-13,-0.00013747118646278977,0.00010529733845032752,0.0006362698040902615,9.676666745492661e-09,0.0,0.0,0.0,0.0,0.0,0.0,anisotropic
3,6.892228975041714e-12,0.016010001301765442,0.9933072328567505,0.9933072328567505,0.9933071732521057,0.0,-1.3747118406733788e-13,1.0529733552103182e-13,-2.4700878346298367e-16,3.506290767576808e-15,6.362697911946325e-13,-0.00013747118646278977,0.00010529733845032752,0.0006362698040902615,9.644346594635477e-09,0.0,0.0,0.0,0.0,0.0,0.0,anisotropic
4,6.892228975041714e-12,0.016010001301765442,0.9933072328567505,0.9933072328567505,0.9933071732521057,0.0,-1.3747118406733788e-13,1.0529733552103182e-13,-2.4700878346298367e-16,3.506290767576808e-15,6.362697911946325e-13,-0.00013747118646278977,0.00010529733845032752,0.0006362698040902615,9.625287981474753e-09,0.0,0.0,0.0,0.0,0.0,0.0,anisotropic
5,6.892228975041714e-12,0.016010001301765442,0.9933072328567505,0.9933072328567505,0.9933071732521057,0.0,-1.3747118406733788e-13,1.0529733552103182e-13,-2.4700878346298367e-16,3.506290767576808e-15,6.362697911946325e-13,-0.00013747118646278977,0.00010529733845032752,0.0006362698040902615,9.617213138708479e-09,0.0,0.0,0.0,0.0,0.0,0.0,anisotropic
6,6.892228975041714e-12,0.016010001301765442,0.9933072328567505,0.9933072328567505,0.9933071732521057,0.0,-1.3747118406733788e-13,1.0529733552103182e-13,-2.4700878346298367e-16,3.506290767576808e-15,6.362697911946325e-13,-0.00013747118646278977,0.00010529733845032752,0.0006362698040902615,9.618490104118686e-09,0.0,0.0,0.0,0.0,0.0,0.0,anisotropic
7,6.892228975041714e-12,0.016010001301765442,0.9933072328567505,0.9933072328567505,0.9933071732521057,0.0,-1.3747118406733788e-13,1.0529733552103182e-13,-2.4700878346298367e-16,3.506290767576808e-15,6.362697911946325e-13,-0.00013747118646278977,0.00010529733845032752,0.0006362698040902615,9.627520640923485e-09,0.0,0.0,0.0,0.0,0.0,0.0,anisotropic
8,6.892228975041714e-12,0.016010001301765442,0.9933072328567505,0.9933072328567505,0.9933071732521057,0.0,-1.3747118406733788e-13,1.0529733552103182e-13,-2.4700878346298367e-16,3.506290767576808e-15,6.362697911946325e-13,-0.00013747118646278977,0.00010529733845032752,0.0006362698040902615,9.643243163415094e-09,0.0,0.0,0.0,0.0,0.0,0.0,anisotropic
9,6.892228975041714e-12,0.016010001301765442,0.9933072328567505,0.9933072328567505,0.9933071732521057,0.0,-1.3747118406733788e-13,1.0529733552103182e-13,-2.4700878346298367e-16,3.506290767576808e-15,6.362697911946325e-13,-0.00013747118646278977,0.00010529733845032752,0.0006362698040902615,9.664902966463265e-09,0.0,0.0,0.0,0.0,0.0,0.0,anisotropic
10,6.892228975041714e-12,0.016010001301765442,0.9933072328567505,0.9933072328567505,0.9933071732521057,0.0,-1.3747118406733788e-13,1.0529733552103182e-13,-2.4700878346298367e-16,3.506290767576808e-15,6.362697911946325e-13,-0.00013747118646278977,0.00010529733845032752,0.0006362698040902615,9.691627010973673e-09,0.0,0.0,0.0,0.0,0.0,0.0,anisotropic
11,6.892228975041714e-12,0.016010001301765442,0.9933072328567505,0.9933072328567505,0.9933071732521057,0.0,-1.3747118406733788e-13,1.0529733552103182e-13,-2.4700878346298367e-16,3.506290767576808e-15,6.362697911946325e-13,-0.00013747118646278977,0.00010529733845032752,0.0006362698040902615,9.722876003750022e-09,0.0,0.0,0.0,0.0,0.0,0.0,anisotropic
12,6.892228975041714e-12,0.016010001301765442,0.9933072328567505,0.9933072328567505,0.9933071732521057,0.0,-1.3747118406733788e-13,1.0529733552103182e-13,-2.4700878346298367e-16,3.506290767576808e-15,6.362697911946325e-13,-0.00013747118646278977,0.00010529733845032752,0.0006362698040902615,9.758193693919155e-09,0.0,0.0,0.0,0.0,0.0,0.0,anisotropic
13,6.892228975041714e-12,0.016010001301765442,0.9933072328567505,0.9933072328567505,0.9933071732521057,0.0,-1.3747118406733788e-13,1.0529733552103182e-13,-2.4700878346298367e-16,3.506290767576808e-15,6.362697911946325e-13,-0.00013747118646278977,0.00010529733845032752,0.0006362698040902615,9.797034890206198e-09,0.0,0.0,0.0,0.0,0.0,0.0,anisotropic
14,6.892228975041714e-12,0.016010001301765442,0.9933072328567505,0.9933072328567505,0.9933071732521057,0.0,-1.3747118406733788e-13,1.0529733552103182e-13,-2.4700878346298367e-16,3.506290767576808e-15,6.362697911946325e-13,-0.00013747118646278977,0.00010529733845032752,0.0006362698040902615,9.839036946460966e-09,0.0,0.0,0.0,0.0,0.0,0.0,anisotropic
15,6.892228975041714e-12,0.016010001301765442,0.9933072328567505,0.9933072328567505,0.9933071732521057,0.0,-1.3747118406733788e-13,1.0529733552103182e-13,-2.4700878346298367e-16,3.506290767576808e-15,6.362697911946325e-13,-0.00013747118646278977,0.00010529733845032752,0.0006362698040902615,9.883977362678771e-09,0.0,0.0,0.0,0.0,0.0,0.0,anisotropic
16,6.892228975041714e-12,0.016010001301765442,0.9933072328567505,0.9933072328567505,0.9933071732521057,0.0,-1.3747118406733788e-13,1.0529733552103182e-13,-2.4700878346298367e-16,3.506290767576808e-15,6.362697911946325e-13,-0.00013747118646278977,0.00010529733845032752,0.0006362698040902615,9.931283536564079e-09,0.0,0.0,0.0,0.0,0.0,0.0,anisotropic
17,6.892228975041714e-12,0.016010001301765442,0.9933072328567505,0.9933072328567505,0.9933071732521057,0.0,-1.3747118406733788e-13,1.0529733552103182e-13,-2.4700878346298367e-16,3.506290767576808e-15,6.362697911946325e-13,-0.00013747118646278977,0.00010529733845032752,0.0006362698040902615,9.981240422644565e-09,0.0,0.0,0.0,0.0,0.0,0.0,anisotropic
18,6.892228975041714e-12,0.016010001301765442,0.9933072328567505,0.9933072328567505,0.9933071732521057,0.0,-1.3747118406733788e-13,1.0529733552103182e-13,-2.4700878346298367e-16,3.506290767576808e-15,6.362697911946325e-13,-0.00013747118646278977,0.00010529733845032752,0.0006362698040902615,1.0032852057124865e-08,0.0,0.0,0.0,0.0,0.0,0.0,anisotropic
19,6.892228975041714e-12,0.016010001301765442,0.9933072328567505,0.9933072328567505,0.9933071732521057,0.0,-1.3747118406733788e-13,1.0529733552103182e-13,-2.4700878346298367e-16,3.506290767576808e-15,6.362697911946325e-13,-0.00013747118646278977,0.00010529733845032752,0.0006362698040902615,1.0086600902123152e-08,0.0,0.0,0.0,0.0,0.0,0.0,anisotropic
20,6.892228975041714e-12,0.016010001301765442,0.9933072328567505,0.9933072328567505,0.9933071732521057,0.0,-1.3747118406733788e-13,1.0529733552103182e-13,-2.4700878346298367e-16,3.506290767576808e-15,6.362697911946325e-13,-0.00013747118646278977,0.00010529733845032752,0.0006362698040902615,1.0142064633042401e-08,0.0,0.0,0.0,0.0,0.0,0.0,anisotropic
21,6.892228975041714e-12,0.016010001301765442,0.9933072328567505,0.9933072328567505,0.9933071732521057,0.0,-1.3747118406733788e-13,1.0529733552103182e-13,-2.4700878346298367e-16,3.506290767576808e-15,6.362697911946325e-13,-0.00013747118646278977,0.00010529733845032752,0.0006362698040902615,1.0199158171300778e-08,0.0,0.0,0.0,0.0,0.0,0.0,anisotropic
22,6.892228975041714e-12,0.016010001301765442,0.9933072328567505,0.9933072328567505,0.9933071732521057,0.0,-1.3747118406733788e-13,1.0529733552103182e-13,-2.4700878346298367e-16,3.506290767576808e-15,6.362697911946325e-13,-0.00013747118646278977,0.00010529733845032752,0.0006362698040902615,1.0257480458801002e-08,0.0,0.0,0.0,0.0,0.0,0.0,anisotropic
23,6.892228975041714e-12,0.016010001301765442,0.9933072328567505,0.9933072328567505,0.9933071732521057,0.0,-1.3747118406733788e-13,1.0529733552103182e-13,-2.4700878346298367e-16,3.506290767576808e-15,6.362697911946325e-13,-0.00013747118646278977,0.00010529733845032752,0.0006362698040902615,1.0317115031742221e-08,0.0,0.0,0.0,0.0,0.0,0.0,anisotropic
24,6.892228975041714e-12,0.016010001301765442,0.9933072328567505,0.9933072328567505,0.9933071732521057,0.0,-1.3747118406733788e-13,1.0529733552103182e-13,-2.4700878346298367e-16,3.506290767576808e-15,6.362697911946325e-13,-0.00013747118646278977,0.00010529733845032752,0.0006362698040902615,1.0378275511100778e-08,0.0,0.0,0.0,0.0,0.0,0.0,anisotropic
25,6.892228975041714e-12,0.016010001301765442,0.9933072328567505,0.9933072328567505,0.9933071732521057,0.0,-1.3747118406733788e-13,1.0529733552103182e-13,-2.4700878346298367e-16,3.506290767576808e-15,6.362697911946325e-13,-0.00013747118646278977,0.00010529733845032752,0.0006362698040902615,1.0440129452593648e-08,0.0,0.0,0.0,0.0,0.0,0.0,anisotropic
26,6.892228975041714e-12,0.016010001301765442,0.9933072328567505,0.9933072328567505,0.9933071732521057,0.0,-1.3747118406733788e-13,1.0529733552103182e-13,-2.4700878346298367e-16,3.506290767576808e-15,6.362697911946325e-13,-0.00013747118646278977,0.00010529733845032752,0.0006362698040902615,1.0503307483705161e-08,0.0,0.0,0.0,0.0,0.0,0.0,anisotropic
27,6.892228975041714e-12,0.016010001301765442,0.9933072328567505,0.9933072328567505,0.9933071732521057,0.0,-1.3747118406733788e-13,1.0529733552103182e-13,-2.4700878346298367e-16,3.506290767576808e-15,6.362697911946325e-13,-0.00013747118646278977,0.00010529733845032752,0.0006362698040902615,1.0567266380721587e-08,0.0,0.0,0.0,0.0,0.0,0.0,anisotropic
28,6.892228975041714e-12,0.016010001301765442,0.9933072328567505,0.9933072328567505,0.9933071732521057,0.0,-1.3747118406733788e-13,1.0529733552103182e-13,-2.4700878346298367e-16,3.506290767576808e-15,6.362697911946325e-13,-0.00013747118646278977,0.00010529733845032752,0.0006362698040902615,1.0631864579660099e-08,0.0,0.0,0.0,0.0,0.0,0.0,anisotropic
29,6.892228975041714e-12,0.016010001301765442,0.9933072328567505,0.9933072328567505,0.9933071732521057,0.0,-1.3747118406733788e-13,1.0529733552103182e-13,-2.4700878346298367e-16,3.506290767576808e-15,6.362697911946325e-13,-0.00013747118646278977,0.00010529733845032752,0.0006362698040902615,1.0697475030252919e-08,0.0,0.0,0.0,0.0,0.0,0.0,anisotropic
30,6.892228975041714e-12,0.016010001301765442,0.9933072328567505,0.9933072328567505,0.9933071732521057,0.0,-1.3747118406733788e-13,1.0529733552103182e-13,-2.4700878346298367e-16,3.506290767576808e-15,6.362697911946325e-13,-0.00013747118646278977,0.00010529733845032752,0.0006362698040902615,1.076396959343428e-08,0.0,0.0,0.0,0.0,0.0,0.0,anisotropic
31,6.892228975041714e-12,0.016010001301765442,0.9933072328567505,0.9933072328567505,0.9933071732521057,0.0,-1.3747118406733788e-13,1.0529733552103182e-13,-2.4700878346298367e-16,3.506290767576808e-15,6.362697911946325e-13,-0.00013747118646278977,0.00010529733845032752,0.0006362698040902615,1.083074383633764e-08,0.0,0.0,0.0,0.0,0.0,0.0,anisotropic
32,6.892228975041714e-12,0.016010001301765442,0.9933072328567505,0.9933072328567505,0.9933071732521057,0.0,-1.3747118406733788e-13,1.0529733552103182e-13,-2.4700878346298367e-16,3.506290767576808e-15,6.362697911946325e-13,-0.00013747118646278977,0.00010529733845032752,0.0006362698040902615,1.0898391553584244e-08,0.0,0.0,0.0,0.0,0.0,0.0,anisotropic
33,6.892228975041714e-12,0.016010001301765442,0.9933072328567505,0.9933072328567505,0.9933071732521057,0.0,-1.3747118406733788e-13,1.0529733552103182e-13,-2.4700878346298367e-16,3.506290767576808e-15,6.362697911946325e-13,-0.00013747118646278977,0.00010529733845032752,0.0006362698040902615,1.0966190898569638e-08,0.0,0.0,0.0,0.0,0.0,0.0,anisotropic
34,6.892228975041714e-12,0.016010001301765442,0.9933072328567505,0.9933072328567505,0.9933071732521057,0.0,-1.3747118406733788e-13,1.0529733552103182e-13,-2.4700878346298367e-16,3.506290767576808e-15,6.362697911946325e-13,-0.00013747118646278977,0.00010529733845032752,0.0006362698040902615,1.1035055269368754e-08,0.0,0.0,0.0,0.0,0.0,0.0,anisotropic
35,6.892228975041714e-12,0.016010001301765442,0.9933072328567505,0.9933072328567505,0.9933071732521057,0.0,-1.3747118406733788e-13,1.0529733552103182e-13,-2.4700878346298367e-16,3.506290767576808e-15,6.362697911946325e-13,-0.00013747118646278977,0.00010529733845032752,0.0006362698040902615,1.1103994090285043e-08,0.0,0.0,0.0,0.0,0.0,0.0,anisotropic
36,6.892228975041714e-12,0.016010001301765442,0.9933072328567505,0.9933072328567505,0.9933071732521057,0.0,-1.3747118406733788e-13,1.0529733552103182e-13,-2.4700878346298367e-16,3.506290767576808e-15,6.362697911946325e-13,-0.00013747118646278977,0.00010529733845032752,0.0006362698040902615,1.1173880219977586e-08,0.0,0.0,0.0,0.0,0.0,0.0,anisotropic
37,6.892228975041714e-12,0.016010001301765442,0.9933072328567505,0.9933072328567505,0.9933071732521057,0.0,-1.3747118406733788e-13,1.0529733552103182e-13,-2.4700878346298367e-16,3.506290767576808e-15,6.362697911946325e-13,-0.00013747118646278977,0.00010529733845032752,0.0006362698040902615,1.1243754383565082e-08,0.0,0.0,0.0,0.0,0.0,0.0,anisotropic
38,6.892228975041714e-12,0.016010001301765442,0.9933072328567505,0.9933072328567505,0.9933071732521057,0.0,-1.3747118406733788e-13,1.0529733552103182e-13,-2.4700878346298367e-16,3.506290767576808e-15,6.362697911946325e-13,-0.00013747118646278977,0.00010529733845032752,0.0006362698040902615,1.1313615197055228e-08,0.0,0.0,0.0,0.0,0.0,0.0,anisotropic
39,6.892228975041714e-12,0.016010001301765442,0.9933072328567505,0.9933072328567505,0.9933071732521057,0.0,-1.3747118406733788e-13,1.0529733552103182e-13,-2.4700878346298367e-16,3.506290767576808e-15,6.362697911946325e-13,-0.00013747118646278977,0.00010529733845032752,0.0006362698040902615,1.1384330443806434e-08,0.0,0.0,0.0,0.0,0.0,0.0,anisotropic
40,6.892228975041714e-12,0.016010001301765442,0.9933072328567505,0.9933072328567505,0.9933071732521057,0.0,-1.3747118406733788e-13,1.0529733552103182e-13,-2.4700878346298367e-16,3.506290767576808e-15,6.362697911946325e-13,-0.00013747118646278977,0.00010529733845032752,0.0006362698040902615,1.1455408084673177e-08,0.0,0.0,0.0,0.0,0.0,0.0,anisotropic
41,6.892228975041714e-12,0.016010001301765442,0.9933072328567505,0.9933072328567505,0.9933071732521057,0.0,-1.3747118406733788e-13,1.0529733552103182e-13,-2.4700878346298367e-16,3.506290767576808e-15,6.362697911946325e-13,-0.00013747118646278977,0.00010529733845032752,0.0006362698040902615,1.1526719793530906e-08,0.0,0.0,0.0,0.0,0.0,0.0,anisotropic
42,6.892228975041714e-12,0.016010001301765442,0.9933072328567505,0.9933072328567505,0.9933071732521057,0.0,-1.3747118406733788e-13,1.0529733552103182e-13,-2.4700878346298367e-16,3.506290767576808e-15,6.362697911946325e-13,-0.00013747118646278977,0.00010529733845032752,0.0006362698040902615,1.1598352336074027e-08,0.0,0.0,0.0,0.0,0.0,0.0,anisotropic
43,6.892228975041714e-12,0.016010001301765442,0.9933072328567505,0.9933072328567505,0.9933071732521057,0.0,-1.3747118406733788e-13,1.0529733552103182e-13,-2.4700878346298367e-16,3.506290767576808e-15,6.362697911946325e-13,-0.00013747118646278977,0.00010529733845032752,0.0006362698040902615,1.167013822563076e-08,0.0,0.0,0.0,0.0,0.0,0.0,anisotropic
44,6.892228975041714e-12,0.016010001301765442,0.9933072328567505,0.9933072328567505,0.9933071732521057,0.0,-1.3747118406733788e-13,1.0529733552103182e-13,-2.4700878346298367e-16,3.506290767576808e-15,6.362697911946325e-13,-0.00013747118646278977,0.00010529733845032752,0.0006362698040902615,1.1742466781878092e-08,0.0,0.0,0.0,0.0,0.0,0.0,anisotropic
45,6.892228975041714e-12,0.016010001301765442,0.9933072328567505,0.9933072328567505,0.9933071732521057,0.0,-1.3747118406733788e-13,1.0529733552103182e-13,-2.4700878346298367e-16,3.506290767576808e-15,6.362697911946325e-13,-0.00013747118646278977,0.00010529733845032752,0.0006362698040902615,1.1814745531206363e-08,0.0,0.0,0.0,0.0,0.0,0.0,anisotropic
46,6.892228975041714e-12,0.016010001301765442,0.9933072328567505,0.9933072328567505,0.9933071732521057,0.0,-1.3747118406733788e-13,1.0529733552103182e-13,-2.4700878346298367e-16,3.506290767576808e-15,6.362697911946325e-13,-0.00013747118646278977,0.00010529733845032752,0.0006362698040902615,1.188733655267725e-08,0.0,0.0,0.0,0.0,0.0,0.0,anisotropic
47,6.892228975041714e-12,0.016010001301765442,0.9933072328567505,0.9933072328567505,0.9933071732521057,0.0,-1.3747118406733788e-13,1.0529733552103182e-13,-2.4700878346298367e-16,3.506290767576808e-15,6.362697911946325e-13,-0.00013747118646278977,0.00010529733845032752,0.0006362698040902615,1.1960186072134268e-08,0.0,0.0,0.0,0.0,0.0,0.0,anisotropic
48,6.892228975041714e-12,0.016010001301765442,0.9933072328567505,0.9933072328567505,0.9933071732521057,0.0,-1.3747118406733788e-13,1.0529733552103182e-13,-2.4700878346298367e-16,3.506290767576808e-15,6.362697911946325e-13,-0.00013747118646278977,0.00010529733845032752,0.0006362698040902615,1.2033220317566193e-08,0.0,0.0,0.0,0.0,0.0,0.0,anisotropic
49,6.892228975041714e-12,0.016010001301765442,0.9933072328567505,0.9933072328567505,0.9933071732521057,0.0,-1.3747118406733788e-13,1.0529733552103182e-13,-2.4700878346298367e-16,3.506290767576808e-15,6.362697911946325e-13,-0.00013747118646278977,0.00010529733845032752,0.0006362698040902615,1.2106373510396745e-08,0.0,0.0,0.0,0.0,0.0,0.0,anisotropic
50,6.892228975041714e-12,0.016010001301765442,0.9933072328567505,0.9933072328567505,0.9933071732521057,0.0,-1.3747118406733788e-13,1.0529733552103182e-13,-2.4700878346298367e-16,3.506290767576808e-15,6.362697911946325e-13,-0.00013747118646278977,0.00010529733845032752,0.0006362698040902615,1.2179727625002265e-08,0.0,0.0,0.0,0.0,0.0,0.0,anisotropic
51,6.892228975041714e-12,0.016010001301765442,0.9933072328567505,0.9933072328567505,0.9933071732521057,0.0,-1.3747118406733788e-13,1.0529733552103182e-13,-2.4700878346298367e-16,3.506290767576808e-15,6.362697911946325e-13,-0.00013747118646278977,0.00010529733845032752,0.0006362698040902615,1.2253477209032189e-08,0.0,0.0,0.0,0.0,0.0,0.0,anisotropic
52,6.892228975041714e-12,0.016010001301765442,0.9933072328567505,0.9933072328567505,0.9933071732521057,0.0,-1.3747118406733788e-13,1.0529733552103182e-13,-2.4700878346298367e-16,3.506290767576808e-15,6.362697911946325e-13,-0.00013747118646278977,0.00010529733845032752,0.0006362698040902615,1.2327089596044949e-08,0.0,0.0,0.0,0.0,0.0,0.0,anisotropic
53,6.892228975041714e-12,0.016010001301765442,0.9933072328567505,0.9933072328567505,0.9933071732521057,0.0,-1.3747118406733788e-13,1.0529733552103182e-13,-2.4700878346298367e-16,3.506290767576808e-15,6.362697911946325e-13,-0.00013747118646278977,0.00010529733845032752,0.0006362698040902615,1.2400829536700316e-08,0.0,0.0,0.0,0.0,0.0,0.0,anisotropic
54,6.892228975041714e-12,0.016010001301765442,0.9933072328567505,0.9933072328567505,0.9933071732521057,0.0,-1.3747118406733788e-13,1.0529733552103182e-13,-2.4700878346298367e-16,3.506290767576808e-15,6.362697911946325e-13,-0.00013747118646278977,0.00010529733845032752,0.0006362698040902615,1.2474975305600219e-08,0.0,0.0,0.0,0.0,0.0,0.0,anisotropic
55,6.892228975041714e-12,0.016010001301765442,0.9933072328567505,0.9933072328567505,0.9933071732521057,0.0,-1.3747118406733788e-13,1.0529733552103182e-13,-2.4700878346298367e-16,3.506290767576808e-15,6.362697911946325e-13,-0.00013747118646278977,0.00010529733845032752,0.0006362698040902615,1.2548771491590234e-08,0.0,0.0,0.0,0.0,0.0,0.0,anisotropic
56,6.892228975041714e-12,0.016010001301765442,0.9933072328567505,0.9933072328567505,0.9933071732521057,0.0,-1.3747118406733788e-13,1.0529733552103182e-13,-2.4700878346298367e-16,3.506290767576808e-15,6.362697911946325e-13,-0.00013747118646278977,0.00010529733845032752,0.0006362698040902615,1.2623259745605051e-08,0.0,0.0,0.0,0.0,0.0,0.0,anisotropic
57,6.892228975041714e-12,0.016010001301765442,0.9933072328567505,0.9933072328567505,0.9933071732521057,0.0,-1.3747118406733788e-13,1.0529733552103182e-13,-2.4700878346298367e-16,3.506290767576808e-15,6.362697911946325e-13,-0.00013747118646278977,0.00010529733845032752,0.0006362698040902615,1.2697489380464676e-08,0.0,0.0,0.0,0.0,0.0,0.0,anisotropic
58,6.892228975041714e-12,0.016010001301765442,0.9933072328567505,0.9933072328567505,0.9933071732521057,0.0,-1.3747118406733788e-13,1.0529733552103182e-13,-2.4700878346298367e-16,3.506290767576808e-15,6.362697911946325e-13,-0.00013747118646278977,0.00010529733845032752,0.0006362698040902615,1.2772074369782921e-08,0.0,0.0,0.0,0.0,0.0,0.0,anisotropic
59,6.892228975041714e-12,0.016010001301765442,0.9933072328567505,0.9933072328567505,0.9933071732521057,0.0,-1.3747118406733788e-13,1.0529733552103182e-13,-2.4700878346298367e-16,3.506290767576808e-15,6.362697911946325e-13,-0.00013747118646278977,0.00010529733845032752,0.0006362698040902615,1.2846577057275822e-08,0.0,0.0,0.0,0.0,0.0,0.0,anisotropic
60,6.892228975041714e-12,0.016010001301765442,0.9933072328567505,0.9933072328567505,0.9933071732521057,0.0,-1.3747118406733788e-13,1.0529733552103182e-13,-2.4700878346298367e-16,3.506290767576808e-15,6.362697911946325e-13,-0.00013747118646278977,0.00010529733845032752,0.0006362698040902615,1.2921284256671467e-08,0.0,0.0,0.0,0.0,0.0,0.0,anisotropic
61,6.892228975041714e-12,0.016010001301765442,0.9933072328567505,0.9933072328567505,0.9933071732521057,0.0,-1.3747118406733788e-13,1.0529733552103182e-13,-2.4700878346298367e-16,3.506290767576808e-15,6.362697911946325e-13,-0.00013747118646278977,0.00010529733845032752,0.0006362698040902615,1.299622511512052e-08,0.0,0.0,0.0,0.0,0.0,0.0,anisotropic
62,6.892228975041714e-12,0.016010001301765442,0.9933072328567505,0.9933072328567505,0.9933071732521057,0.0,-1.3747118406733788e-13,1.0529733552103182e-13,-2.4700878346298367e-16,3.506290767576808e-15,6.362697911946325e-13,-0.00013747118646278977,0.00010529733845032752,0.0006362698040902615,1.3071103774223e-08,0.0,0.0,0.0,0.0,0.0,0.0,anisotropic
63,6.892228975041714e-12,0.016010001301765442,0.9933072328567505,0.9933072328567505,0.9933071732521057,0.0,-1.3747118406733788e-13,1.0529733552103182e-13,-2.4700878346298367e-16,3.506290767576808e-15,6.362697911946325e-13,-0.00013747118646278977,0.00010529733845032752,0.0006362698040902615,1.3145942897605592e-08,0.0,0.0,0.0,0.0,0.0,0.0,anisotropic
64,6.892228975041714e-12,0.016010001301765442,0.9933072328567505,0.9933072328567505,0.9933071732521057,0.0,-1.3747118406733788e-13,1.0529733552103182e-13,-2.4700878346298367e-16,3.506290767576808e-15,6.362697911946325e-13,-0.00013747118646278977,0.00010529733845032752,0.0006362698040902615,1.3221099186590324e-08,0.0,0.0,0.0,0.0,0.0,0.0,anisotropic
65,6.892228975041714e-12,0.016010001301765442,0.9933072328567505,0.9933072328567505,0.9933071732521057,0.0,-1.3747118406733788e-13,1.0529733552103182e-13,-2.4700878346298367e-16,3.506290767576808e-15,6.362697911946325e-13,-0.00013747118646278977,0.00010529733845032752,0.0006362698040902615,1.3295973896584196e-08,0.0,0.0,0.0,0.0,0.0,0.0,anisotropic
66,6.892228975041714e-12,0.016010001301765442,0.9933072328567505,0.9933072328567505,0.9933071732521057,0.0,-1.3747118406733788e-13,1.0529733552103182e-13,-2.4700878346298367e-16,3.506290767576808e-15,6.362697911946325e-13,-0.00013747118646278977,0.00010529733845032752,0.0006362698040902615,1.337128726679304e-08,0.0,0.0,0.0,0.0,0.0,0.0,anisotropic
67,6.892228975041714e-12,0.016010001301765442,0.9933072328567505,0.9933072328567505,0.9933071732521057,0.0,-1.3747118406733788e-13,1.0529733552103182e-13,-2.4700878346298367e-16,3.506290767576808e-15,6.362697911946325e-13,-0.00013747118646278977,0.00010529733845032752,0.0006362698040902615,1.344652495655207e-08,0.0,0.0,0.0,0.0,0.0,0.0,anisotropic
68,6.892228975041714e-12,0.016010001301765442,0.9933072328567505,0.9933072328567505,0.9933071732521057,0.0,-1.3747118406733788e-13,1.0529733552103182e-13,-2.4700878346298367e-16,3.506290767576808e-15,6.362697911946325e-13,-0.00013747118646278977,0.00010529733845032752,0.0006362698040902615,1.3521956069916435e-08,0.0,0.0,0.0,0.0,0.0,0.0,anisotropic
69,6.892228975041714e-12,0.016010001301765442,0.9933072328567505,0.9933072328567505,0.9933071732521057,0.0,-1.3747118406733788e-13,1.0529733552103182e-13,-2.4700878346298367e-16,3.506290767576808e-15,6.362697911946325e-13,-0.00013747118646278977,0.00010529733845032752,0.0006362698040902615,1.3597157825753441e-08,0.0,0.0,0.0,0.0,0.0,0.0,anisotropic
70,6.892228975041714e-12,0.016010001301765442,0.9933072328567505,0.9933072328567505,0.9933071732521057,0.0,-1.3747118406733788e-13,1.0529733552103182e-13,-2.4700878346298367e-16,3.506290767576808e-15,6.362697911946325e-13,-0.00013747118646278977,0.00010529733845032752,0.0006362698040902615,1.3672724443854546e-08,0.0,0.0,0.0,0.0,0.0,0.0,anisotropic
71,6.892228975041714e-12,0.016010001301765442,0.9933072328567505,0.9933072328567505,0.9933071732521057,0.0,-1.3747118406733788e-13,1.0529733552103182e-13,-2.4700878346298367e-16,3.506290767576808e-15,6.362697911946325e-13,-0.00013747118646278977,0.00010529733845032752,0.0006362698040902615,1.374833876635403e-08,0.0,0.0,0.0,0.0,0.0,0.0,anisotropic
72,6.892228975041714e-12,0.016010001301765442,0.9933072328567505,0.9933072328567505,0.9933071732521057,0.0,-1.3747118406733788e-13,1.0529733552103182e-13,-2.4700878346298367e-16,3.506290767576808e-15,6.362697911946325e-13,-0.00013747118646278977,0.00010529733845032752,0.0006362698040902615,1.3823894444634757e-08,0.0,0.0,0.0,0.0,0.0,0.0,anisotropic
73,6.892228975041714e-12,0.016010001301765442,0.9933072328567505,0.9933072328567505,0.9933071732521057,0.0,-1.3747118406733788e-13,1.0529733552103182e-13,-2.4700878346298367e-16,3.506290767576808e-15,6.362697911946325e-13,-0.00013747118646278977,0.00010529733845032752,0.0006362698040902615,1.3899527053131584e-08,0.0,0.0,0.0,0.0,0.0,0.0,anisotropic
74,6.892228975041714e-12,0.016010001301765442,0.9933072328567505,0.9933072328567505,0.9933071732521057,0.0,-1.3747118406733788e-13,1.0529733552103182e-13,-2.4700878346298367e-16,3.506290767576808e-15,6.362697911946325e-13,-0.00013747118646278977,0.00010529733845032752,0.0006362698040902615,1.3975228555915123e-08,0.0,0.0,0.0,0.0,0.0,0.0,anisotropic
75,6.892228975041714e-12,0.016010001301765442,0.9933072328567505,0.9933072328567505,0.9933071732521057,0.0,-1.3747118406733788e-13,1.0529733552103182e-13,-2.4700878346298367e-16,3.506290767576808e-15,6.362697911946325e-13,-0.00013747118646278977,0.00010529733845032752,0.0006362698040902615,1.4050450856780584e-08,0.0,0.0,0.0,0.0,0.0,0.0,anisotropic
76,6.892228975041714e-12,0.016010001301765442,0.9933072328567505,0.9933072328567505,0.9933071732521057,0.0,-1.3747118406733788e-13,1.0529733552103182e-13,-2.4700878346298367e-16,3.506290767576808e-15,6.362697911946325e-13,-0.00013747118646278977,0.00010529733845032752,0.0006362698040902615,1.41263332291806e-08,0.0,0.0,0.0,0.0,0.0,0.0,anisotropic
77,6.892228975041714e-12,0.016010001301765442,0.9933072328567505,0.9933072328567505,0.9933071732521057,0.0,-1.3747118406733788e-13,1.0529733552103182e-13,-2.4700878346298367e-16,3.506290767576808e-15,6.362697911946325e-13,-0.00013747118646278977,0.00010529733845032752,0.0006362698040902615,1.4202230451629078e-08,0.0,0.0,0.0,0.0,0.0,0.0,anisotropic
78,6.892228975041714e-12,0.016010001301765442,0.9933072328567505,0.9933072328567505,0.9933071732521057,0.0,-1.3747118406733788e-13,1.0529733552103182e-13,-2.4700878346298367e-16,3.506290767576808e-15,6.362697911946325e-13,-0.00013747118646278977,0.00010529733845032752,0.0006362698040902615,1.427824234109561e-08,0.0,0.0,0.0,0.0,0.0,0.0,anisotropic
79,6.892228975041714e-12,0.016010001301765442,0.9933072328567505,0.9933072328567505,0.9933071732521057,0.0,-1.3747118406733788e-13,1.0529733552103182e-13,-2.4700878346298367e-16,3.506290767576808e-15,6.362697911946325e-13,-0.00013747118646278977,0.00010529733845032752,0.0006362698040902615,1.4354291413818998e-08,0.0,0.0,0.0,0.0,0.0,0.0,anisotropic
80,6.892228975041714e-12,0.016010001301765442,0.9933072328567505,0.9933072328567505,0.9933071732521057,0.0,-1.3747118406733788e-13,1.0529733552103182e-13,-2.4700878346298367e-16,3.506290767576808e-15,6.362697911946325e-13,-0.00013747118646278977,0.00010529733845032752,0.0006362698040902615,1.443012990082321e-08,0.0,0.0,0.0,0.0,0.0,0.0,anisotropic
81,6.892228975041714e-12,0.016010001301765442,0.9933072328567505,0.9933072328567505,0.9933071732521057,0.0,-1.3747118406733788e-13,1.0529733552103182e-13,-2.4700878346298367e-16,3.506290767576808e-15,6.362697911946325e-13,-0.00013747118646278977,0.00010529733845032752,0.0006362698040902615,1.4506289350160807e-08,0.0,0.0,0.0,0.0,0.0,0.0,anisotropic
82,6.892228975041714e-12,0.016010001301765442,0.9933072328567505,0.9933072328567505,0.9933071732521057,0.0,-1.3747118406733788e-13,1.0529733552103182e-13,-2.4700878346298367e-16,3.506290767576808e-15,6.362697911946325e-13,-0.00013747118646278977,0.00010529733845032752,0.0006362698040902615,1.4582480806868217e-08,0.0,0.0,0.0,0.0,0.0,0.0,anisotropic
83,6.892228975041714e-12,0.016010001301765442,0.9933072328567505,0.9933072328567505,0.9933071732521057,0.0,-1.3747118406733788e-13,1.0529733552103182e-13,-2.4700878346298367e-16,3.506290767576808e-15,6.362697911946325e-13,-0.00013747118646278977,0.00010529733845032752,0.0006362698040902615,1.4658707427439044e-08,0.0,0.0,0.0,0.0,0.0,0.0,anisotropic
84,6.892228975041714e-12,0.016010001301765442,0.9933072328567505,0.9933072328567505,0.9933071732521057,0.0,-1.3747118406733788e-13,1.0529733552103182e-13,-2.4700878346298367e-16,3.506290767576808e-15,6.362697911946325e-13,-0.00013747118646278977,0.00010529733845032752,0.0006362698040902615,1.4735204802599093e-08,0.0,0.0,0.0,0.0,0.0,0.0,anisotropic
85,6.892228975041714e-12,0.016010001301765442,0.9933072328567505,0.9933072328567505,0.9933071732521057,0.0,-1.3747118406733788e-13,1.0529733552103182e-13,-2.4700878346298367e-16,3.506290767576808e-15,6.362697911946325e-13,-0.00013747118646278977,0.00010529733845032752,0.0006362698040902615,1.4811395722155086e-08,0.0,0.0,0.0,0.0,0.0,0.0,anisotropic
86,6.892228975041714e-12,0.016010001301765442,0.9933072328567505,0.9933072328567505,0.9933071732521057,0.0,-1.3747118406733788e-13,1.0529733552103182e-13,-2.4700878346298367e-16,3.506290767576808e-15,6.362697911946325e-13,-0.00013747118646278977,0.00010529733845032752,0.0006362698040902615,1.4887526331529672e-08,0.0,0.0,0.0,0.0,0.0,0.0,anisotropic
87,6.892228975041714e-12,0.016010001301765442,0.9933072328567505,0.9933072328567505,0.9933071732521057,0.0,-1.3747118406733788e-13,1.0529733552103182e-13,-2.4700878346298367e-16,3.506290767576808e-15,6.362697911946325e-13,-0.00013747118646278977,0.00010529733845032752,0.0006362698040902615,1.4964136604799197e-08,0.0,0.0,0.0,0.0,0.0,0.0,anisotropic
88,6.892228975041714e-12,0.016010001301765442,0.9933072328567505,0.9933072328567505,0.9933071732521057,0.0,-1.3747118406733788e-13,1.0529733552103182e-13,-2.4700878346298367e-16,3.506290767576808e-15,6.362697911946325e-13,-0.00013747118646278977,0.00010529733845032752,0.0006362698040902615,1.5040613905784967e-08,0.0,0.0,0.0,0.0,0.0,0.0,anisotropic
89,6.892228975041714e-12,0.016010001301765442,0.9933072328567505,0.9933072328567505,0.9933071732521057,0.0,-1.3747118406733788e-13,1.0529733552103182e-13,-2.4700878346298367e-16,3.506290767576808e-15,6.362697911946325e-13,-0.00013747118646278977,0.00010529733845032752,0.0006362698040902615,1.5117223700897318e-08,0.0,0.0,0.0,0.0,0.0,0.0,anisotropic
90,6.892228975041714e-12,0.016010001301765442,0.9933072328567505,0.9933072328567505,0.9933071732521057,0.0,-1.3747118406733788e-13,1.0529733552103182e-13,-2.4700878346298367e-16,3.506290767576808e-15,6.362697911946325e-13,-0.00013747118646278977,0.00010529733845032752,0.0006362698040902615,1.5193497443029633e-08,0.0,0.0,0.0,0.0,0.0,0.0,anisotropic
91,6.892228975041714e-12,0.016010001301765442,0.9933072328567505,0.9933072328567505,0.9933071732521057,0.0,-1.3747118406733788e-13,1.0529733552103182e-13,-2.4700878346298367e-16,3.506290767576808e-15,6.362697911946325e-13,-0.00013747118646278977,0.00010529733845032752,0.0006362698040902615,1.5270228190614627e-08,0.0,0.0,0.0,0.0,0.0,0.0,anisotropic
92,6.892228975041714e-12,0.016010001301765442,0.9933072328567505,0.9933072328567505,0.9933071732521057,0.0,-1.3747118406733788e-13,1.0529733552103182e-13,-2.4700878346298367e-16,3.506290767576808e-15,6.362697911946325e-13,-0.00013747118646278977,0.00010529733845032752,0.0006362698040902615,1.5346789777300653e-08,0.0,0.0,0.0,0.0,0.0,0.0,anisotropic
93,6.892228975041714e-12,0.016010001301765442,0.9933072328567505,0.9933072328567505,0.9933071732521057,0.0,-1.3747118406733788e-13,1.0529733552103182e-13,-2.4700878346298367e-16,3.506290767576808e-15,6.362697911946325e-13,-0.00013747118646278977,0.00010529733845032752,0.0006362698040902615,1.54235388481892e-08,0.0,0.0,0.0,0.0,0.0,0.0,anisotropic
94,6.892228975041714e-12,0.016010001301765442,0.9933072328567505,0.9933072328567505,0.9933071732521057,0.0,-1.3747118406733788e-13,1.0529733552103182e-13,-2.4700878346298367e-16,3.506290767576808e-15,6.362697911946325e-13,-0.00013747118646278977,0.00010529733845032752,0.0006362698040902615,1.5500287746508925e-08,0.0,0.0,0.0,0.0,0.0,0.0,anisotropic
95,6.892228975041714e-12,0.016010001301765442,0.9933072328567505,0.9933072328567505,0.9933071732521057,0.0,-1.3747118406733788e-13,1.0529733552103182e-13,-2.4700878346298367e-16,3.506290767576808e-15,6.362697911946325e-13,-0.00013747118646278977,0.00010529733845032752,0.0006362698040902615,1.5577064374272504e-08,0.0,0.0,0.0,0.0,0.0,0.0,anisotropic
96,6.892228975041714e-12,0.016010001301765442,0.9933072328567505,0.9933072328567505,0.9933071732521057,0.0,-1.3747118406733788e-13,1.0529733552103182e-13,-2.4700878346298367e-16,3.506290767576808e-15,6.362697911946325e-13,-0.00013747118646278977,0.00010529733845032752,0.0006362698040902615,1.565380181305917e-08,0.0,0.0,0.0,0.0,0.0,0.0,anisotropic
97,6.892228975041714e-12,0.016010001301765442,0.9933072328567505,0.9933072328567505,0.9933071732521057,0.0,-1.3747118406733788e-13,1.0529733552103182e-13,-2.4700878346298367e-16,3.506290767576808e-15,6.362697911946325e-13,-0.00013747118646278977,0.00010529733845032752,0.0006362698040902615,1.573101368693402e-08,0.0,0.0,0.0,0.0,0.0,0.0,anisotropic
98,6.892228975041714e-12,0.016010001301765442,0.9933072328567505,0.9933072328567505,0.9933071732521057,0.0,-1.3747118406733788e-13,1.0529733552103182e-13,-2.4700878346298367e-16,3.506290767576808e-15,6.362697911946325e-13,-0.00013747118646278977,0.00010529733845032752,0.0006362698040902615,1.5807635116015245e-08,0.0,0.0,0.0,0.0,0.0,0.0,anisotropic
99,6.892228975041714e-12,0.016010001301765442,0.9933072328567505,0.9933072328567505,0.9933071732521057,0.0,-1.3747118406733788e-13,1.0529733552103182e-13,-2.4700878346298367e-16,3.506290767576808e-15,6.362697911946325e-13,-0.00013747118646278977,0.00010529733845032752,0.0006362698040902615,1.588466949886083e-08,0.0,0.0,0.0,0.0,0.0,0.0,anisotropic
100,6.892228975041714e-12,0.016010001301765442,0.9933072328567505,0.9933072328567505,0.9933071732521057,0.0,-1.3747118406733788e-13,1.0529733552103182e-13,-2.4700878346298367e-16,3.506290767576808e-15,6.362697911946325e-13,-0.00013747118646278977,0.00010529733845032752,0.0006362698040902615,1.5961762891326776e-08,0.0,0.0,0.0,0.0,0.0,0.0,anisotropic
101,6.892228975041714e-12,0.016010001301765442,0.9933072328567505,0.9933072328567505,0.9933071732521057,0.0,-1.3747118406733788e-13,1.0529733552103182e-13,-2.4700878346298367e-16,3.506290767576808e-15,6.362697911946325e-13,-0.00013747118646278977,0.00010529733845032752,0.0006362698040902615,1.6038561692361367e-08,0.0,0.0,0.0,0.0,0.0,0.0,anisotropic
102,6.892228975041714e-12,0.016010001301765442,0.9933072328567505,0.9933072328567505,0.9933071732521057,0.0,-1.3747118406733788e-13,1.0529733552103182e-13,-2.4700878346298367e-16,3.506290767576808e-15,6.362697911946325e-13,-0.00013747118646278977,0.00010529733845032752,0.0006362698040902615,1.6115862208025577e-08,0.0,0.0,0.0,0.0,0.0,0.0,anisotropic
103,6.892228975041714e-12,0.016010001301765442,0.9933072328567505,0.9933072328567505,0.9933071732521057,0.0,-1.3747118406733788e-13,1.0529733552103182e-13,-2.4700878346298367e-16,3.506290767576808e-15,6.362697911946325e-13,-0.00013747118646278977,0.00010529733845032752,0.0006362698040902615,1.6192799231956578e-08,0.0,0.0,0.0,0.0,0.0,0.0,anisotropic
104,6.892228975041714e-12,0.016010001301765442,0.9933072328567505,0.9933072328567505,0.9933071732521057,0.0,-1.3747118406733788e-13,1.0529733552103182e-13,-2.4700878346298367e-16,3.506290767576808e-15,6.362697911946325e-13,-0.00013747118646278977,0.00010529733845032752,0.0006362698040902615,1.6269633998991275e-08,0.0,0.0,0.0,0.0,0.0,0.0,anisotropic
105,6.892228975041714e-12,0.016010001301765442,0.9933072328567505,0.9933072328567505,0.9933071732521057,0.0,-1.3747118406733788e-13,1.0529733552103182e-13,-2.4700878346298367e-16,3.506290767576808e-15,6.362697911946325e-13,-0.00013747118646278977,0.00010529733845032752,0.0006362698040902615,1.634706400938326e-08,0.0,0.0,0.0,0.0,0.0,0.0,anisotropic
106,6.892228975041714e-12,0.016010001301765442,0.9933072328567505,0.9933072328567505,0.9933071732521057,0.0,-1.3747118406733788e-13,1.0529733552103182e-13,-2.4700878346298367e-16,3.506290767576808e-15,6.362697911946325e-13,-0.00013747118646278977,0.00010529733845032752,0.0006362698040902615,1.642401407339626e-08,0.0,0.0,0.0,0.0,0.0,0.0,anisotropic
107,6.892228975041714e-12,0.016010001301765442,0.9933072328567505,0.9933072328567505,0.9933071732521057,0.0,-1.3747118406733788e-13,1.0529733552103182e-13,-2.4700878346298367e-16,3.506290767576808e-15,6.362697911946325e-13,-0.00013747118646278977,0.00010529733845032752,0.0006362698040902615,1.650138239641455e-08,0.0,0.0,0.0,0.0,0.0,0.0,anisotropic
108,6.892228975041714e-12,0.016010001301765442,0.9933072328567505,0.9933072328567505,0.9933071732521057,0.0,-1.3747118406733788e-13,1.0529733552103182e-13,-2.4700878346298367e-16,3.506290767576808e-15,6.362697911946325e-13,-0.00013747118646278977,0.00010529733845032752,0.0006362698040902615,1.6578986166971133e-08,0.0,0.0,0.0,0.0,0.0,0.0,anisotropic
109,6.892228975041714e-12,0.016010001301765442,0.9933072328567505,0.9933072328567505,0.9933071732521057,0.0,-1.3747118406733788e-13,1.0529733552103182e-13,-2.4700878346298367e-16,3.506290767576808e-15,6.362697911946325e-13,-0.00013747118646278977,0.00010529733845032752,0.0006362698040902615,1.6656436160265854e-08,0.0,0.0,0.0,0.0,0.0,0.0,anisotropic
110,6.892228975041714e-12,0.016010001301765442,0.9933072328567505,0.9933072328567505,0.9933071732521057,0.0,-1.3747118406733788e-13,1.0529733552103182e-13,-2.4700878346298367e-16,3.506290767576808e-15,6.362697911946325e-13,-0.00013747118646278977,0.00010529733845032752,0.0006362698040902615,1.673365790705555e-08,0.0,0.0,0.0,0.0,0.0,0.0,anisotropic
111,6.892228975041714e-12,0.016010001301765442,0.9933072328567505,0.9933072328567505,0.9933071732521057,0.0,-1.3747118406733788e-13,1.0529733552103182e-13,-2.4700878346298367e-16,3.506290767576808e-15,6.362697911946325e-13,-0.00013747118646278977,0.00010529733845032752,0.0006362698040902615,1.681120645000055e-08,0.0,0.0,0.0,0.0,0.0,0.0,anisotropic
112,6.892228975041714e-12,0.016010001301765442,0.9933072328567505,0.9933072328567505,0.9933071732521057,0.0,-1.3747118406733788e-13,1.0529733552103182e-13,-2.4700878346298367e-16,3.506290767576808e-15,6.362697911946325e-13,-0.00013747118646278977,0.00010529733845032752,0.0006362698040902615,1.6888896029688667e-08,0.0,0.0,0.0,0.0,0.0,0.0,anisotropic
113,6.892228975041714e-12,0.016010001301765442,0.9933072328567505,0.9933072328567505,0.9933071732521057,0.0,-1.3747118406733788e-13,1.0529733552103182e-13,-2.4700878346298367e-16,3.506290767576808e-15,6.362697911946325e-13,-0.00013747118646278977,0.00010529733845032752,0.0006362698040902615,1.696627770606464e-08,0.0,0.0,0.0,0.0,0.0,0.0,anisotropic
114,6.892228975041714e-12,0.016010001301765442,0.9933072328567505,0.9933072328567505,0.9933071732521057,0.0,-1.3747118406733788e-13,1.0529733552103182e-13,-2.4700878346298367e-16,3.506290767576808e-15,6.362697911946325e-13,-0.00013747118646278977,0.00010529733845032752,0.0006362698040902615,1.7044014588752423e-08,0.0,0.0,0.0,0.0,0.0,0.0,anisotropic
115,6.892228975041714e-12,0.016010001301765442,0.9933072328567505,0.9933072328567505,0.9933071732521057,0.0,-1.3747118406733788e-13,1.0529733552103182e-13,-2.4700878346298367e-16,3.506290767576808e-15,6.362697911946325e-13,-0.00013747118646278977,0.00010529733845032752,0.0006362698040902615,1.712151051160371e-08,0.0,0.0,0.0,0.0,0.0,0.0,anisotropic
116,6.892228975041714e-12,0.016010001301765442,0.9933072328567505,0.9933072328567505,0.9933071732521057,0.0,-1.3747118406733788e-13,1.0529733552103182e-13,-2.4700878346298367e-16,3.506290767576808e-15,6.362697911946325e-13,-0.00013747118646278977,0.00010529733845032752,0.0006362698040902615,1.719937189413841e-08,0.0,0.0,0.0,0.0,0.0,0.0,anisotropic
117,6.892228975041714e-12,0.016010001301765442,0.9933072328567505,0.9933072328567505,0.9933071732521057,0.0,-1.3747118406733788e-13,1.0529733552103182e-13,-2.4700878346298367e-16,3.506290767576808e-15,6.362697911946325e-13,-0.00013747118646278977,0.00010529733845032752,0.0006362698040902615,1.7277113428540586e-08,0.0,0.0,0.0,0.0,0.0,0.0,anisotropic
118,6.892228975041714e-12,0.016010001301765442,0.9933072328567505,0.9933072328567505,0.9933071732521057,0.0,-1.3747118406733788e-13,1.0529733552103182e-13,-2.4700878346298367e-16,3.506290767576808e-15,6.362697911946325e-13,-0.00013747118646278977,0.00010529733845032752,0.0006362698040902615,1.7354796368409367e-08,0.0,0.0,0.0,0.0,0.0,0.0,anisotropic
119,6.892228975041714e-12,0.016010001301765442,0.9933072328567505,0.9933072328567505,0.9933071732521057,0.0,-1.3747118406733788e-13,1.0529733552103182e-13,-2.4700878346298367e-16,3.506290767576808e-15,6.362697911946325e-13,-0.00013747118646278977,0.00010529733845032752,0.0006362698040902615,1.7432864464833293e-08,0.0,0.0,0.0,0.0,0.0,0.0,anisotropic
120,6.892228975041714e-12,0.016010001301765442,0.9933072328567505,0.9933072328567505,0.9933071732521057,0.0,-1.3747118406733788e-13,1.0529733552103182e-13,-2.4700878346298367e-16,3.506290767576808e-15,6.362697911946325e-13,-0.00013747118646278977,0.00010529733845032752,0.0006362698040902615,1.751063403014864e-08,0.0,0.0,0.0,0.0,0.0,0.0,anisotropic
121,6.892228975041714e-12,0.016010001301765442,0.9933072328567505,0.9933072328567505,0.9933071732521057,0.0,-1.3747118406733788e-13,1.0529733552103182e-13,-2.4700878346298367e-16,3.506290767576808e-15,6.362697911946325e-13,-0.00013747118646278977,0.00010529733845032752,0.0006362698040902615,1.7588769924151643e-08,0.0,0.0,0.0,0.0,0.0,0.0,anisotropic
122,6.892228975041714e-12,0.016010001301765442,0.9933072328567505,0.9933072328567505,0.9933071732521057,0.0,-1.3747118406733788e-13,1.0529733552103182e-13,-2.4700878346298367e-16,3.506290767576808e-15,6.362697911946325e-13,-0.00013747118646278977,0.00010529733845032752,0.0006362698040902615,1.7666600283111168e-08,0.0,0.0,0.0,0.0,0.0,0.0,anisotropic
123,6.892228975041714e-12,0.016010001301765442,0.9933072328567505,0.9933072328567505,0.9933071732521057,0.0,-1.3747118406733788e-13,1.0529733552103182e-13,-2.4700878346298367e-16,3.506290767576808e-15,6.362697911946325e-13,-0.00013747118646278977,0.00010529733845032752,0.0006362698040902615,1.7744091485472287e-08,0.0,0.0,0.0,0.0,0.0,0.0,anisotropic
124,6.892228975041714e-12,0.016010001301765442,0.9933072328567505,0.9933072328567505,0.9933071732521057,0.0,-1.3747118406733788e-13,1.0529733552103182e-13,-2.4700878346298367e-16,3.506290767576808e-15,6.362697911946325e-13,-0.00013747118646278977,0.00010529733845032752,0.0006362698040902615,1.7822744573265458e-08,0.0,0.0,0.0,0.0,0.0,0.0,anisotropic
125,6.892228975041714e-12,0.016010001301765442,0.9933072328567505,0.9933072328567505,0.9933071732521057,0.0,-1.3747118406733788e-13,1.0529733552103182e-13,-2.4700878346298367e-16,3.506290767576808e-15,6.362697911946325e-13,-0.00013747118646278977,0.00010529733845032752,0.0006362698040902615,1.7900774349119512e-08,0.0,0.0,0.0,0.0,0.0,0.0,anisotropic
126,6.892228975041714e-12,0.016010001301765442,0.9933072328567505,0.9933072328567505,0.9933071732521057,0.0,-1.3747118406733788e-13,1.0529733552103182e-13,-2.4700878346298367e-16,3.506290767576808e-15,6.362697911946325e-13,-0.00013747118646278977,0.00010529733845032752,0.0006362698040902615,1.797909271892356e-08,0.0,0.0,0.0,0.0,0.0,0.0,anisotropic
127,6.892228975041714e-12,0.016010001301765442,0.9933072328567505,0.9933072328567505,0.9933071732521057,0.0,-1.3747118406733788e-13,1.0529733552103182e-13,-2.4700878346298367e-16,3.506290767576808e-15,6.362697911946325e-13,-0.00013747118646278977,0.00010529733845032752,0.0006362698040902615,1.8057348725768067e-08,0.0,0.0,0.0,0.0,0.0,0.0,anisotropic
128,6.892228975041714e-12,0.016010001301765442,0.9933072328567505,0.9933072328567505,0.9933071732521057,0.0,-1.3747118406733788e-13,1.0529733552103182e-13,-2.4700878346298367e-16,3.506290767576808e-15,6.362697911946325e-13,-0.00013747118646278977,0.00010529733845032752,0.0006362698040902615,1.813558043056404e-08,0.0,0.0,0.0,0.0,0.0,0.0,anisotropic
129,6.892228975041714e-12,0.016010001301765442,0.9933072328567505,0.9933072328567505,0.9933071732521057,0.0,-1.3747118406733788e-13,1.0529733552103182e-13,-2.4700878346298367e-16,3.506290767576808e-15,6.362697911946325e-13,-0.00013747118646278977,0.00010529733845032752,0.0006362698040902615,1.82134831344239e-08,0.0,0.0,0.0,0.0,0.0,0.0,anisotropic
130,6.892228975041714e-12,0.016010001301765442,0.9933072328567505,0.9933072328567505,0.9933071732521057,0.0,-1.3747118406733788e-13,1.0529733552103182e-13,-2.4700878346298367e-16,3.506290767576808e-15,6.362697911946325e-13,-0.00013747118646278977,0.00010529733845032752,0.0006362698040902615,1.829185622351279e-08,0.0,0.0,0.0,0.0,0.0,0.0,anisotropic
131,6.892228975041714e-12,0.016010001301765442,0.9933072328567505,0.9933072328567505,0.9933071732521057,0.0,-1.3747118406733788e-13,1.0529733552103182e-13,-2.4700878346298367e-16,3.506290767576808e-15,6.362697911946325e-13,-0.00013747118646278977,0.00010529733845032752,0.0006362698040902615,1.8370380343379746e-08,0.0,0.0,0.0,0.0,0.0,0.0,anisotropic
132,6.892228975041714e-12,0.016010001301765442,0.9933072328567505,0.9933072328567505,0.9933071732521057,0.0,-1.3747118406733788e-13,1.0529733552103182e-13,-2.4700878346298367e-16,3.506290767576808e-15,6.362697911946325e-13,-0.00013747118646278977,0.00010529733845032752,0.0006362698040902615,1.8448121954384963e-08,0.0,0.0,0.0,0.0,0.0,0.0,anisotropic
133,6.892228975041714e-12,0.016010001301765442,0.9933072328567505,0.9933072328567505,0.9933071732521057,0.0,-1.3747118406733788e-13,1.0529733552103182e-13,-2.4700878346298367e-16,3.506290767576808e-15,6.362697911946325e-13,-0.00013747118646278977,0.00010529733845032752,0.0006362698040902615,1.852556535607689e-08,0.0,0.0,0.0,0.0,0.0,0.0,anisotropic
134,6.892228975041714e-12,0.016010001301765442,0.9933072328567505,0.9933072328567505,0.9933071732521057,0.0,-1.3747118406733788e-13,1.0529733552103182e-13,-2.4700878346298367e-16,3.506290767576808e-15,6.362697911946325e-13,-0.00013747118646278977,0.00010529733845032752,0.0006362698040902615,1.860122390200083e-08,0.0,0.0,0.0,0.0,0.0,0.0,anisotropic
135,6.892228975041714e-12,0.016010001301765442,0.9933072328567505,0.9933072328567505,0.9933071732521057,0.0,-1.3747118406733788e-13,1.0529733552103182e-13,-2.4700878346298367e-16,3.506290767576808e-15,6.362697911946325e-13,-0.00013747118646278977,0.00010529733845032752,0.0006362698040902615,1.8684986277119717e-08,0.0,0.0,0.0,0.0,0.0,0.0,anisotropic
136,6.892228975041714e-12,0.016010001301765442,0.9933072328567505,0.9933072328567505,0.9933071732521057,0.0,-1.3747118406733788e-13,1.0529733552103182e-13,-2.4700878346298367e-16,3.506290767576808e-15,6.362697911946325e-13,-0.00013747118646278977,0.00010529733845032752,0.0006362698040902615,1.8756880557692844e-08,0.0,0.0,0.0,0.0,0.0,0.0,anisotropic
137,6.892228975041714e-12,0.016010001301765442,0.9933072328567505,0.9933072328567505,0.9933071732521057,0.0,-1.3747118406733788e-13,1.0529733552103182e-13,-2.4700878346298367e-16,3.506290767576808e-15,6.362697911946325e-13,-0.00013747118646278977,0.00010529733845032752,0.0006362698040902615,1.8835314710149446e-08,0.0,0.0,0.0,0.0,0.0,0.0,anisotropic
138,6.892228975041714e-12,0.016010001301765442,0.9933072328567505,0.9933072328567505,0.9933071732521057,0.0,-1.3747118406733788e-13,1.0529733552103182e-13,-2.4700878346298367e-16,3.506290767576808e-15,6.362697911946325e-13,-0.00013747118646278977,0.00010529733845032752,0.0006362698040902615,1.891368556147208e-08,0.0,0.0,0.0,0.0,0.0,0.0,anisotropic
139,6.892228975041714e-12,0.016010001301765442,0.9933072328567505,0.9933072328567505,0.9933071732521057,0.0,-1.3747118406733788e-13,1.0529733552103182e-13,-2.4700878346298367e-16,3.506290767576808e-15,6.362697911946325e-13,-0.00013747118646278977,0.00010529733845032752,0.0006362698040902615,1.899238536122522e-08,0.0,0.0,0.0,0.0,0.0,0.0,anisotropic
140,6.892228975041714e-12,0.016010001301765442,0.9933072328567505,0.9933072328567505,0.9933071732521057,0.0,-1.3747118406733788e-13,1.0529733552103182e-13,-2.4700878346298367e-16,3.506290767576808e-15,6.362697911946325e-13,-0.00013747118646278977,0.00010529733845032752,0.0006362698040902615,1.9071269105553006e-08,0.0,0.0,0.0,0.0,0.0,0.0,anisotropic
141,6.892228975041714e-12,0.016010001301765442,0.9933072328567505,0.9933072328567505,0.9933071732521057,0.0,-1.3747118406733788e-13,1.0529733552103182e-13,-2.4700878346298367e-16,3.506290767576808e-15,6.362697911946325e-13,-0.00013747118646278977,0.00010529733845032752,0.0006362698040902615,1.9149868187909882e-08,0.0,0.0,0.0,0.0,0.0,0.0,anisotropic
142,6.892228975041714e-12,0.016010001301765442,0.9933072328567505,0.9933072328567505,0.9933071732521057,0.0,-1.3747118406733788e-13,1.0529733552103182e-13,-2.4700878346298367e-16,3.506290767576808e-15,6.362697911946325e-13,-0.00013747118646278977,0.00010529733845032752,0.0006362698040902615,1.9228856377041758e-08,0.0,0.0,0.0,0.0,0.0,0.0,anisotropic
143,6.892228975041714e-12,0.016010001301765442,0.9933072328567505,0.9933072328567505,0.9933071732521057,0.0,-1.3747118406733788e-13,1.0529733552103182e-13,-2.4700878346298367e-16,3.506290767576808e-15,6.362697911946325e-13,-0.00013747118646278977,0.00010529733845032752,0.0006362698040902615,1.9307975419736035e-08,0.0,0.0,0.0,0.0,0.0,0.0,anisotropic
144,6.892228975041714e-12,0.016010001301765442,0.9933072328567505,0.9933072328567505,0.9933071732521057,0.0,-1.3747118406733788e-13,1.0529733552103182e-13,-2.4700878346298367e-16,3.506290767576808e-15,6.362697911946325e-13,-0.00013747118646278977,0.00010529733845032752,0.0006362698040902615,1.9386535032633834e-08,0.0,0.0,0.0,0.0,0.0,0.0,anisotropic
145,6.892228975041714e-12,0.016010001301765442,0.9933072328567505,0.9933072328567505,0.9933071732521057,0.0,-1.3747118406733788e-13,1.0529733552103182e-13,-2.4700878346298367e-16,3.506290767576808e-15,6.362697911946325e-13,-0.00013747118646278977,0.00010529733845032752,0.0006362698040902615,1.9465341324097512e-08,0.0,0.0,0.0,0.0,0.0,0.0,anisotropic
146,6.892228975041714e-12,0.016010001301765442,0.9933072328567505,0.9933072328567505,0.9933071732521057,0.0,-1.3747118406733788e-13,1.0529733552103182e-13,-2.4700878346298367e-16,3.506290767576808e-15,6.362697911946325e-13,-0.00013747118646278977,0.00010529733845032752,0.0006362698040902615,1.954462002917426e-08,0.0,0.0,0.0,0.0,0.0,0.0,anisotropic
147,6.892228975041714e-12,0.016010001301765442,0.9933072328567505,0.9933072328567505,0.9933071732521057,0.0,-1.3747118406733788e-13,1.0529733552103182e-13,-2.4700878346298367e-16,3.506290767576808e-15,6.362697911946325e-13,-0.00013747118646278977,0.00010529733845032752,0.0006362698040902615,1.962320328821528e-08,0.0,0.0,0.0,0.0,0.0,0.0,anisotropic
148,6.892228975041714e-12,0.016010001301765442,0.9933072328567505,0.9933072328567505,0.9933071732521057,0.0,-1.3747118406733788e-13,1.0529733552103182e-13,-2.4700878346298367e-16,3.506290767576808e-15,6.362697911946325e-13,-0.00013747118646278977,0.00010529733845032752,0.0006362698040902615,1.97023048967578e-08,0.0,0.0,0.0,0.0,0.0,0.0,anisotropic
149,6.892228975041714e-12,0.016010001301765442,0.9933072328567505,0.9933072328567505,0.9933071732521057,0.0,-1.3747118406733788e-13,1.0529733552103182e-13,-2.4700878346298367e-16,3.506290767576808e-15,6.362697911946325e-13,-0.00013747118646278977,0.00010529733845032752,0.0006362698040902615,1.978140288736771e-08,0.0,0.0,0.0,0.0,0.0,0.0,anisotropic
150,6.892228975041714e-12,0.016010001301765442,0.9933072328567505,0.9933072328567505,0.9933071732521057,0.0,-1.3747118406733788e-13,1.0529733552103182e-13,-2.4700878346298367e-16,3.506290767576808e-15,6.362697911946325e-13,-0.00013747118646278977,0.00010529733845032752,0.0006362698040902615,1.9860543404598302e-08,0.0,0.0,0.0,0.0,0.0,0.0,anisotropic
151,6.892228975041714e-12,0.016010001301765442,0.9933072328567505,0.9933072328567505,0.9933071732521057,0.0,-1.3747118406733788e-13,1.0529733552103182e-13,-2.4700878346298367e-16,3.506290767576808e-15,6.362697911946325e-13,-0.00013747118646278977,0.00010529733845032752,0.0006362698040902615,1.9939859835244545e-08,0.0,0.0,0.0,0.0,0.0,0.0,anisotropic
152,6.892228975041714e-12,0.016010001301765442,0.9933072328567505,0.9933072328567505,0.9933071732521057,0.0,-1.3747118406733788e-13,1.0529733552103182e-13,-2.4700878346298367e-16,3.506290767576808e-15,6.362697911946325e-13,-0.00013747118646278977,0.00010529733845032752,0.0006362698040902615,2.0018846207246393e-08,0.0,0.0,0.0,0.0,0.0,0.0,anisotropic
153,6.892228975041714e-12,0.016010001301765442,0.9933072328567505,0.9933072328567505,0.9933071732521057,0.0,-1.3747118406733788e-13,1.0529733552103182e-13,-2.4700878346298367e-16,3.506290767576808e-15,6.362697911946325e-13,-0.00013747118646278977,0.00010529733845032752,0.0006362698040902615,2.0098188009090076e-08,0.0,0.0,0.0,0.0,0.0,0.0,anisotropic
154,6.892228975041714e-12,0.016010001301765442,0.9933072328567505,0.9933072328567505,0.9933071732521057,0.0,-1.3747118406733788e-13,1.0529733552103182e-13,-2.4700878346298367e-16,3.506290767576808e-15,6.362697911946325e-13,-0.00013747118646278977,0.00010529733845032752,0.0006362698040902615,2.0177640245099027e-08,0.0,0.0,0.0,0.0,0.0,0.0,anisotropic
155,6.892228975041714e-12,0.016010001301765442,0.9933072328567505,0.9933072328567505,0.9933071732521057,0.0,-1.3747118406733788e-13,1.0529733552103182e-13,-2.4700878346298367e-16,3.506290767576808e-15,6.362697911946325e-13,-0.00013747118646278977,0.00010529733845032752,0.0006362698040902615,2.025702853564105e-08,0.0,0.0,0.0,0.0,0.0,0.0,anisotropic
156,6.892228975041714e-12,0.016010001301765442,0.9933072328567505,0.9933072328567505,0.9933071732521057,0.0,-1.3747118406733788e-13,1.0529733552103182e-13,-2.4700878346298367e-16,3.506290767576808e-15,6.362697911946325e-13,-0.00013747118646278977,0.00010529733845032752,0.0006362698040902615,2.033657478622471e-08,0.0,0.0,0.0,0.0,0.0,0.0,anisotropic
157,6.892228975041714e-12,0.016010001301765442,0.9933072328567505,0.9933072328567505,0.9933071732521057,0.0,-1.3747118406733788e-13,1.0529733552103182e-13,-2.4700878346298367e-16,3.506290767576808e-15,6.362697911946325e-13,-0.00013747118646278977,0.00010529733845032752,0.0006362698040902615,2.04160086591972e-08,0.0,0.0,0.0,0.0,0.0,0.0,anisotropic
158,6.892228975041714e-12,0.016010001301765442,0.9933072328567505,0.9933072328567505,0.9933071732521057,0.0,-1.3747118406733788e-13,1.0529733552103182e-13,-2.4700878346298367e-16,3.506290767576808e-15,6.362697911946325e-13,-0.00013747118646278977,0.00010529733845032752,0.0006362698040902615,2.049555392074176e-08,0.0,0.0,0.0,0.0,0.0,0.0,anisotropic
159,6.892228975041714e-12,0.016010001301765442,0.9933072328567505,0.9933072328567505,0.9933071732521057,0.0,-1.3747118406733788e-13,1.0529733552103182e-13,-2.4700878346298367e-16,3.506290767576808e-15,6.362697911946325e-13,-0.00013747118646278977,0.00010529733845032752,0.0006362698040902615,2.0575278910703934e-08,0.0,0.0,0.0,0.0,0.0,0.0,anisotropic
160,6.892228975041714e-12,0.016010001301765442,0.9933072328567505,0.9933072328567505,0.9933071732521057,0.0,-1.3747118406733788e-13,1.0529733552103182e-13,-2.4700878346298367e-16,3.506290767576808e-15,6.362697911946325e-13,-0.00013747118646278977,0.00010529733845032752,0.0006362698040902615,2.0654965295622758e-08,0.0,0.0,0.0,0.0,0.0,0.0,anisotropic
161,6.892228975041714e-12,0.016010001301765442,0.9933072328567505,0.9933072328567505,0.9933071732521057,0.0,-1.3747118406733788e-13,1.0529733552103182e-13,-2.4700878346298367e-16,3.506290767576808e-15,6.362697911946325e-13,-0.00013747118646278977,0.00010529733845032752,0.0006362698040902615,2.0734468824692598e-08,0.0,0.0,0.0,0.0,0.0,0.0,anisotropic
162,6.892228975041714e-12,0.016010001301765442,0.9933072328567505,0.9933072328567505,0.9933071732521057,0.0,-1.3747118406733788e-13,1.0529733552103182e-13,-2.4700878346298367e-16,3.506290767576808e-15,6.362697911946325e-13,-0.00013747118646278977,0.00010529733845032752,0.0006362698040902615,2.0814538276480884e-08,0.0,0.0,0.0,0.0,0.0,0.0,anisotropic
163,6.892228975041714e-12,0.016010001301765442,0.9933072328567505,0.9933072328567505,0.9933071732521057,0.0,-1.3747118406733788e-13,1.0529733552103182e-13,-2.4700878346298367e-16,3.506290767576808e-15,6.362697911946325e-13,-0.00013747118646278977,0.00010529733845032752,0.0006362698040902615,2.0894455551282944e-08,0.0,0.0,0.0,0.0,0.0,0.0,anisotropic
164,6.892228975041714e-12,0.016010001301765442,0.9933072328567505,0.9933072328567505,0.9933071732521057,0.0,-1.3747118406733788e-13,1.0529733552103182e-13,-2.4700878346298367e-16,3.506290767576808e-15,6.362697911946325e-13,-0.00013747118646278977,0.00010529733845032752,0.0006362698040902615,2.097417671192761e-08,0.0,0.0,0.0,0.0,0.0,0.0,anisotropic
165,6.892228975041714e-12,0.016010001301765442,0.9933072328567505,0.9933072328567505,0.9933071732521057,0.0,-1.3747118406733788e-13,1.0529733552103182e-13,-2.4700878346298367e-16,3.506290767576808e-15,6.362697911946325e-13,-0.00013747118646278977,0.00010529733845032752,0.0006362698040902615,2.1054270467684753e-08,0.0,0.0,0.0,0.0,0.0,0.0,anisotropic
166,6.892228975041714e-12,0.016010001301765442,0.9933072328567505,0.9933072328567505,0.9933071732521057,0.0,-1.3747118406733788e-13,1.0529733552103182e-13,-2.4700878346298367e-16,3.506290767576808e-15,6.362697911946325e-13,-0.00013747118646278977,0.00010529733845032752,0.0006362698040902615,2.113400977280899e-08,0.0,0.0,0.0,0.0,0.0,0.0,anisotropic
167,6.892228975041714e-12,0.016010001301765442,0.9933072328567505,0.9933072328567505,0.9933071732521057,0.0,-1.3747118406733788e-13,1.0529733552103182e-13,-2.4700878346298367e-16,3.506290767576808e-15,6.362697911946325e-13,-0.00013747118646278977,0.00010529733845032752,0.0006362698040902615,2.1214307239980586e-08,0.0,0.0,0.0,0.0,0.0,0.0,anisotropic
168,6.892228975041714e-12,0.016010001301765442,0.9933072328567505,0.9933072328567505,0.9933071732521057,0.0,-1.3747118406733788e-13,1.0529733552103182e-13,-2.4700878346298367e-16,3.506290767576808e-15,6.362697911946325e-13,-0.00013747118646278977,0.00010529733845032752,0.0006362698040902615,2.1294459340116865e-08,0.0,0.0,0.0,0.0,0.0,0.0,anisotropic
169,6.892228975041714e-12,0.016010001301765442,0.9933072328567505,0.9933072328567505,0.9933071732521057,0.0,-1.3747118406733788e-13,1.0529733552103182e-13,-2.4700878346298367e-16,3.506290767576808e-15,6.362697911946325e-13,-0.00013747118646278977,0.00010529733845032752,0.0006362698040902615,2.137408144351876e-08,0.0,0.0,0.0,0.0,0.0,0.0,anisotropic
170,6.892228975041714e-12,0.016010001301765442,0.9933072328567505,0.9933072328567505,0.9933071732521057,0.0,-1.3747118406733788e-13,1.0529733552103182e-13,-2.4700878346298367e-16,3.506290767576808e-15,6.362697911946325e-13,-0.00013747118646278977,0.00010529733845032752,0.0006362698040902615,2.1453948427013103e-08,0.0,0.0,0.0,0.0,0.0,0.0,anisotropic
171,6.892228975041714e-12,0.016010001301765442,0.9933072328567505,0.9933072328567505,0.9933071732521057,0.0,-1.3747118406733788e-13,1.0529733552103182e-13,-2.4700878346298367e-16,3.506290767576808e-15,6.362697911946325e-13,-0.00013747118646278977,0.00010529733845032752,0.0006362698040902615,2.1534571442577047e-08,0.0,0.0,0.0,0.0,0.0,0.0,anisotropic
172,6.892228975041714e-12,0.016010001301765442,0.9933072328567505,0.9933072328567505,0.9933071732521057,0.0,-1.3747118406733788e-13,1.0529733552103182e-13,-2.4700878346298367e-16,3.506290767576808e-15,6.362697911946325e-13,-0.00013747118646278977,0.00010529733845032752,0.0006362698040902615,2.1614747877216365e-08,0.0,0.0,0.0,0.0,0.0,0.0,anisotropic
173,6.892228975041714e-12,0.016010001301765442,0.9933072328567505,0.9933072328567505,0.9933071732521057,0.0,-1.3747118406733788e-13,1.0529733552103182e-13,-2.4700878346298367e-16,3.506290767576808e-15,6.362697911946325e-13,-0.00013747118646278977,0.00010529733845032752,0.0006362698040902615,2.1695016871978973e-08,0.0,0.0,0.0,0.0,0.0,0.0,anisotropic
174,6.892228975041714e-12,0.016010001301765442,0.9933072328567505,0.9933072328567505,0.9933071732521057,0.0,-1.3747118406733788e-13,1.0529733552103182e-13,-2.4700878346298367e-16,3.506290767576808e-15,6.362697911946325e-13,-0.00013747118646278977,0.00010529733845032752,0.0006362698040902615,2.1775427391873747e-08,0.0,0.0,0.0,0.0,0.0,0.0,anisotropic
175,6.892228975041714e-12,0.016010001301765442,0.9933072328567505,0.9933072328567505,0.9933071732521057,0.0,-1.3747118406733788e-13,1.0529733552103182e-13,-2.4700878346298367e-16,3.506290767576808e-15,6.362697911946325e-13,-0.00013747118646278977,0.00010529733845032752,0.0006362698040902615,2.1856253472888233e-08,0.0,0.0,0.0,0.0,0.0,0.0,anisotropic
176,6.892228975041714e-12,0.016010001301765442,0.9933072328567505,0.9933072328567505,0.9933071732521057,0.0,-1.3747118406733788e-13,1.0529733552103182e-13,-2.4700878346298367e-16,3.506290767576808e-15,6.362697911946325e-13,-0.00013747118646278977,0.00010529733845032752,0.0006362698040902615,2.193677532865521e-08,0.0,0.0,0.0,0.0,0.0,0.0,anisotropic
177,6.892228975041714e-12,0.016010001301765442,0.9933072328567505,0.9933072328567505,0.9933071732521057,0.0,-1.3747118406733788e-13,1.0529733552103182e-13,-2.4700878346298367e-16,3.506290767576808e-15,6.362697911946325e-13,-0.00013747118646278977,0.00010529733845032752,0.0006362698040902615,2.201726154494604e-08,0.0,0.0,0.0,0.0,0.0,0.0,anisotropic
178,6.892228975041714e-12,0.016010001301765442,0.9933072328567505,0.9933072328567505,0.9933071732521057,0.0,-1.3747118406733788e-13,1.0529733552103182e-13,-2.4700878346298367e-16,3.506290767576808e-15,6.362697911946325e-13,-0.00013747118646278977,0.00010529733845032752,0.0006362698040902615,2.2097833749896403e-08,0.0,0.0,0.0,0.0,0.0,0.0,anisotropic
179,6.892228975041714e-12,0.016010001301765442,0.9933072328567505,0.9933072328567505,0.9933071732521057,0.0,-1.3747118406733788e-13,1.0529733552103182e-13,-2.4700878346298367e-16,3.506290767576808e-15,6.362697911946325e-13,-0.00013747118646278977,0.00010529733845032752,0.0006362698040902615,2.2178464742267675e-08,0.0,0.0,0.0,0.0,0.0,0.0,anisotropic
180,6.892228975041714e-12,0.016010001301765442,0.9933072328567505,0.9933072328567505,0.9933071732521057,0.0,-1.3747118406733788e-13,1.0529733552103182e-13,-2.4700878346298367e-16,3.506290767576808e-15,6.362697911946325e-13,-0.00013747118646278977,0.00010529733845032752,0.0006362698040902615,2.2258826333648047e-08,0.0,0.0,0.0,0.0,0.0,0.0,anisotropic
181,6.892228975041714e-12,0.016010001301765442,0.9933072328567505,0.9933072328567505,0.9933071732521057,0.0,-1.3747118406733788e-13,1.0529733552103182e-13,-2.4700878346298367e-16,3.506290767576808e-15,6.362697911946325e-13,-0.00013747118646278977,0.00010529733845032752,0.0006362698040902615,2.2339620799601843e-08,0.0,0.0,0.0,0.0,0.0,0.0,anisotropic
182,6.892228975041714e-12,0.016010001301765442,0.9933072328567505,0.9933072328567505,0.9933071732521057,0.0,-1.3747118406733788e-13,1.0529733552103182e-13,-2.4700878346298367e-16,3.506290767576808e-15,6.362697911946325e-13,-0.00013747118646278977,0.00010529733845032752,0.0006362698040902615,2.242031498529743e-08,0.0,0.0,0.0,0.0,0.0,0.0,anisotropic
183,6.892228975041714e-12,0.016010001301765442,0.9933072328567505,0.9933072328567505,0.9933071732521057,0.0,-1.3747118406733788e-13,1.0529733552103182e-13,-2.4700878346298367e-16,3.506290767576808e-15,6.362697911946325e-13,-0.00013747118646278977,0.00010529733845032752,0.0006362698040902615,2.25011215039314e-08,0.0,0.0,0.0,0.0,0.0,0.0,anisotropic
184,6.892228975041714e-12,0.016010001301765442,0.9933072328567505,0.9933072328567505,0.9933071732521057,0.0,-1.3747118406733788e-13,1.0529733552103182e-13,-2.4700878346298367e-16,3.506290767576808e-15,6.362697911946325e-13,-0.00013747118646278977,0.00010529733845032752,0.0006362698040902615,2.2582078926502033e-08,0.0,0.0,0.0,0.0,0.0,0.0,anisotropic
185,6.892228975041714e-12,0.016010001301765442,0.9933072328567505,0.9933072328567505,0.9933071732521057,0.0,-1.3747118406733788e-13,1.0529733552103182e-13,-2.4700878346298367e-16,3.506290767576808e-15,6.362697911946325e-13,-0.00013747118646278977,0.00010529733845032752,0.0006362698040902615,2.2663008504196344e-08,0.0,0.0,0.0,0.0,0.0,0.0,anisotropic
186,6.892228975041714e-12,0.016010001301765442,0.9933072328567505,0.9933072328567505,0.9933071732521057,0.0,-1.3747118406733788e-13,1.0529733552103182e-13,-2.4700878346298367e-16,3.506290767576808e-15,6.362697911946325e-13,-0.00013747118646278977,0.00010529733845032752,0.0006362698040902615,2.2744222886994754e-08,0.0,0.0,0.0,0.0,0.0,0.0,anisotropic
187,6.892228975041714e-12,0.016010001301765442,0.9933072328567505,0.9933072328567505,0.9933071732521057,0.0,-1.3747118406733788e-13,1.0529733552103182e-13,-2.4700878346298367e-16,3.506290767576808e-15,6.362697911946325e-13,-0.00013747118646278977,0.00010529733845032752,0.0006362698040902615,2.2824945868917423e-08,0.0,0.0,0.0,0.0,0.0,0.0,anisotropic
188,6.892228975041714e-12,0.016010001301765442,0.9933072328567505,0.9933072328567505,0.9933071732521057,0.0,-1.3747118406733788e-13,1.0529733552103182e-13,-2.4700878346298367e-16,3.506290767576808e-15,6.362697911946325e-13,-0.00013747118646278977,0.00010529733845032752,0.0006362698040902615,2.2906281094298693e-08,0.0,0.0,0.0,0.0,0.0,0.0,anisotropic
189,6.892228975041714e-12,0.016010001301765442,0.9933072328567505,0.9933072328567505,0.9933071732521057,0.0,-1.3747118406733788e-13,1.0529733552103182e-13,-2.4700878346298367e-16,3.506290767576808e-15,6.362697911946325e-13,-0.00013747118646278977,0.00010529733845032752,0.0006362698040902615,2.2987115451802493e-08,0.0,0.0,0.0,0.0,0.0,0.0,anisotropic
190,6.892228975041714e-12,0.016010001301765442,0.9933072328567505,0.9933072328567505,0.9933071732521057,0.0,-1.3747118406733788e-13,1.0529733552103182e-13,-2.4700878346298367e-16,3.506290767576808e-15,6.362697911946325e-13,-0.00013747118646278977,0.00010529733845032752,0.0006362698040902615,2.306824875496445e-08,0.0,0.0,0.0,0.0,0.0,0.0,anisotropic
191,6.892228975041714e-12,0.016010001301765442,0.9933072328567505,0.9933072328567505,0.9933071732521057,0.0,-1.3747118406733788e-13,1.0529733552103182e-13,-2.4700878346298367e-16,3.506290767576808e-15,6.362697911946325e-13,-0.00013747118646278977,0.00010529733845032752,0.0006362698040902615,2.3149670440127772e-08,0.0,0.0,0.0,0.0,0.0,0.0,anisotropic
192,6.892228975041714e-12,0.016010001301765442,0.9933072328567505,0.9933072328567505,0.9933071732521057,0.0,-1.3747118406733788e-13,1.0529733552103182e-13,-2.4700878346298367e-16,3.506290767576808e-15,6.362697911946325e-13,-0.00013747118646278977,0.00010529733845032752,0.0006362698040902615,2.3230622813364913e-08,0.0,0.0,0.0,0.0,0.0,0.0,anisotropic
193,6.892228975041714e-12,0.016010001301765442,0.9933072328567505,0.9933072328567505,0.9933071732521057,0.0,-1.3747118406733788e-13,1.0529733552103182e-13,-2.4700878346298367e-16,3.506290767576808e-15,6.362697911946325e-13,-0.00013747118646278977,0.00010529733845032752,0.0006362698040902615,2.3312257738858766e-08,0.0,0.0,0.0,0.0,0.0,0.0,anisotropic
194,6.892228975041714e-12,0.016010001301765442,0.9933072328567505,0.9933072328567505,0.9933071732521057,0.0,-1.3747118406733788e-13,1.0529733552103182e-13,-2.4700878346298367e-16,3.506290767576808e-15,6.362697911946325e-13,-0.00013747118646278977,0.00010529733845032752,0.0006362698040902615,2.339386827157623e-08,0.0,0.0,0.0,0.0,0.0,0.0,anisotropic
195,6.892228975041714e-12,0.016010001301765442,0.9933072328567505,0.9933072328567505,0.9933071732521057,0.0,-1.3747118406733788e-13,1.0529733552103182e-13,-2.4700878346298367e-16,3.506290767576808e-15,6.362697911946325e-13,-0.00013747118646278977,0.00010529733845032752,0.0006362698040902615,2.3475216793685028e-08,0.0,0.0,0.0,0.0,0.0,0.0,anisotropic
196,6.892228975041714e-12,0.016010001301765442,0.9933072328567505,0.9933072328567505,0.9933071732521057,0.0,-1.3747118406733788e-13,1.0529733552103182e-13,-2.4700878346298367e-16,3.506290767576808e-15,6.362697911946325e-13,-0.00013747118646278977,0.00010529733845032752,0.0006362698040902615,2.3556594874368752e-08,0.0,0.0,0.0,0.0,0.0,0.0,anisotropic
197,6.892228975041714e-12,0.016010001301765442,0.9933072328567505,0.9933072328567505,0.9933071732521057,0.0,-1.3747118406733788e-13,1.0529733552103182e-13,-2.4700878346298367e-16,3.506290767576808e-15,6.362697911946325e-13,-0.00013747118646278977,0.00010529733845032752,0.0006362698040902615,2.3638285803023962e-08,0.0,0.0,0.0,0.0,0.0,0.0,anisotropic
198,6.892228975041714e-12,0.016010001301765442,0.9933072328567505,0.9933072328567505,0.9933071732521057,0.0,-1.3747118406733788e-13,1.0529733552103182e-13,-2.4700878346298367e-16,3.506290767576808e-15,6.362697911946325e-13,-0.00013747118646278977,0.00010529733845032752,0.0006362698040902615,2.3719987169608073e-08,0.0,0.0,0.0,0.0,0.0,0.0,anisotropic
199,6.892228975041714e-12,0.016010001301765442,0.9933072328567505,0.9933072328567505,0.9933071732521057,0.0,-1.3747118406733788e-13,1.0529733552103182e-13,-2.4700878346298367e-16,3.506290767576808e-15,6.362697911946325e-13,-0.00013747118646278977,0.00010529733845032752,0.0006362698040902615,2.380198735993126e-08,0.0,0.0,0.0,0.0,0.0,0.0,anisotropic
200,6.892228975041714e-12,0.016010001301765442,0.9933072328567505,0.9933072328567505,0.9933071732521057,0.0,-1.3747118406733788e-13,1.0529733552103182e-13,-2.4700878346298367e-16,3.506290767576808e-15,6.362697911946325e-13,-0.00013747118646278977,0.00010529733845032752,0.0006362698040902615,2.388371719089352e-08,0.0,0.0,0.0,0.0,0.0,0.0,anisotropic
201,6.892228975041714e-12,0.016010001301765442,0.9933072328567505,0.9933072328567505,0.9933071732521057,0.0,-1.3747118406733788e-13,1.0529733552103182e-13,-2.4700878346298367e-16,3.506290767576808e-15,6.362697911946325e-13,-0.00013747118646278977,0.00010529733845032752,0.0006362698040902615,2.3965427876791104e-08,0.0,0.0,0.0,0.0,0.0,0.0,anisotropic
202,6.892228975041714e-12,0.016010001301765442,0.9933072328567505,0.9933072328567505,0.9933071732521057,0.0,-1.3747118406733788e-13,1.0529733552103182e-13,-2.4700878346298367e-16,3.506290767576808e-15,6.362697911946325e-13,-0.00013747118646278977,0.00010529733845032752,0.0006362698040902615,2.40470498983379e-08,0.0,0.0,0.0,0.0,0.0,0.0,anisotropic
203,6.892228975041714e-12,0.016010001301765442,0.9933072328567505,0.9933072328567505,0.9933071732521057,0.0,-1.3747118406733788e-13,1.0529733552103182e-13,-2.4700878346298367e-16,3.506290767576808e-15,6.362697911946325e-13,-0.00013747118646278977,0.00010529733845032752,0.0006362698040902615,2.4129293352331995e-08,0.0,0.0,0.0,0.0,0.0,0.0,anisotropic
204,6.892228975041714e-12,0.016010001301765442,0.9933072328567505,0.9933072328567505,0.9933071732521057,0.0,-1.3747118406733788e-13,1.0529733552103182e-13,-2.4700878346298367e-16,3.506290767576808e-15,6.362697911946325e-13,-0.00013747118646278977,0.00010529733845032752,0.0006362698040902615,2.4211367993220993e-08,0.0,0.0,0.0,0.0,0.0,0.0,anisotropic
205,6.892228975041714e-12,0.016010001301765442,0.9933072328567505,0.9933072328567505,0.9933071732521057,0.0,-1.3747118406733788e-13,1.0529733552103182e-13,-2.4700878346298367e-16,3.506290767576808e-15,6.362697911946325e-13,-0.00013747118646278977,0.00010529733845032752,0.0006362698040902615,2.4293425982426523e-08,0.0,0.0,0.0,0.0,0.0,0.0,anisotropic
206,6.892228975041714e-12,0.016010001301765442,0.9933072328567505,0.9933072328567505,0.9933071732521057,0.0,-1.3747118406733788e-13,1.0529733552103182e-13,-2.4700878346298367e-16,3.506290767576808e-15,6.362697911946325e-13,-0.00013747118646278977,0.00010529733845032752,0.0006362698040902615,2.437538929717962e-08,0.0,0.0,0.0,0.0,0.0,0.0,anisotropic
207,6.892228975041714e-12,0.016010001301765442,0.9933072328567505,0.9933072328567505,0.9933071732521057,0.0,-1.3747118406733788e-13,1.0529733552103182e-13,-2.4700878346298367e-16,3.506290767576808e-15,6.362697911946325e-13,-0.00013747118646278977,0.00010529733845032752,0.0006362698040902615,2.445736455458312e-08,0.0,0.0,0.0,0.0,0.0,0.0,anisotropic
208,6.892228975041714e-12,0.016010001301765442,0.9933072328567505,0.9933072328567505,0.9933071732521057,0.0,-1.3747118406733788e-13,1.0529733552103182e-13,-2.4700878346298367e-16,3.506290767576808e-15,6.362697911946325e-13,-0.00013747118646278977,0.00010529733845032752,0.0006362698040902615,2.4539466427975204e-08,0.0,0.0,0.0,0.0,0.0,0.0,anisotropic
209,6.892228975041714e-12,0.016010001301765442,0.9933072328567505,0.9933072328567505,0.9933071732521057,0.0,-1.3747118406733788e-13,1.0529733552103182e-13,-2.4700878346298367e-16,3.506290767576808e-15,6.362697911946325e-13,-0.00013747118646278977,0.00010529733845032752,0.0006362698040902615,2.4621894453845027e-08,0.0,0.0,0.0,0.0,0.0,0.0,anisotropic
210,6.892228975041714e-12,0.016010001301765442,0.9933072328567505,0.9933072328567505,0.9933071732521057,0.0,-1.3747118406733788e-13,1.0529733552103182e-13,-2.4700878346298367e-16,3.506290767576808e-15,6.362697911946325e-13,-0.00013747118646278977,0.00010529733845032752,0.0006362698040902615,2.470380199874142e-08,0.0,0.0,0.0,0.0,0.0,0.0,anisotropic
211,6.892228975041714e-12,0.016010001301765442,0.9933072328567505,0.9933072328567505,0.9933071732521057,0.0,-1.3747118406733788e-13,1.0529733552103182e-13,-2.4700878346298367e-16,3.506290767576808e-15,6.362697911946325e-13,-0.00013747118646278977,0.00010529733845032752,0.0006362698040902615,2.478613389374146e-08,0.0,0.0,0.0,0.0,0.0,0.0,anisotropic
212,6.892228975041714e-12,0.016010001301765442,0.9933072328567505,0.9933072328567505,0.9933071732521057,0.0,-1.3747118406733788e-13,1.0529733552103182e-13,-2.4700878346298367e-16,3.506290767576808e-15,6.362697911946325e-13,-0.00013747118646278977,0.00010529733845032752,0.0006362698040902615,2.486869743993047e-08,0.0,0.0,0.0,0.0,0.0,0.0,anisotropic
213,6.892228975041714e-12,0.016010001301765442,0.9933072328567505,0.9933072328567505,0.9933071732521057,0.0,-1.3747118406733788e-13,1.0529733552103182e-13,-2.4700878346298367e-16,3.506290767576808e-15,6.362697911946325e-13,-0.00013747118646278977,0.00010529733845032752,0.0006362698040902615,2.4951061757023305e-08,0.0,0.0,0.0,0.0,0.0,0.0,anisotropic
214,6.892228975041714e-12,0.016010001301765442,0.9933072328567505,0.9933072328567505,0.9933071732521057,0.0,-1.3747118406733788e-13,1.0529733552103182e-13,-2.4700878346298367e-16,3.506290767576808e-15,6.362697911946325e-13,-0.00013747118646278977,0.00010529733845032752,0.0006362698040902615,2.5033776624105998e-08,0.0,0.0,0.0,0.0,0.0,0.0,anisotropic
215,6.892228975041714e-12,0.016010001301765442,0.9933072328567505,0.9933072328567505,0.9933071732521057,0.0,-1.3747118406733788e-13,1.0529733552103182e-13,-2.4700878346298367e-16,3.506290767576808e-15,6.362697911946325e-13,-0.00013747118646278977,0.00010529733845032752,0.0006362698040902615,2.511594541033163e-08,0.0,0.0,0.0,0.0,0.0,0.0,anisotropic
216,6.892228975041714e-12,0.016010001301765442,0.9933072328567505,0.9933072328567505,0.9933071732521057,0.0,-1.3747118406733788e-13,1.0529733552103182e-13,-2.4700878346298367e-16,3.506290767576808e-15,6.362697911946325e-13,-0.00013747118646278977,0.00010529733845032752,0.0006362698040902615,2.5198567699503012e-08,0.0,0.0,0.0,0.0,0.0,0.0,anisotropic
217,6.892228975041714e-12,0.016010001301765442,0.9933072328567505,0.9933072328567505,0.9933071732521057,0.0,-1.3747118406733788e-13,1.0529733552103182e-13,-2.4700878346298367e-16,3.506290767576808e-15,6.362697911946325e-13,-0.00013747118646278977,0.00010529733845032752,0.0006362698040902615,2.5281290303675694e-08,0.0,0.0,0.0,0.0,0.0,0.0,anisotropic
218,6.892228975041714e-12,0.016010001301765442,0.9933072328567505,0.9933072328567505,0.9933071732521057,0.0,-1.3747118406733788e-13,1.0529733552103182e-13,-2.4700878346298367e-16,3.506290767576808e-15,6.362697911946325e-13,-0.00013747118646278977,0.00010529733845032752,0.0006362698040902615,2.5364083739383796e-08,0.0,0.0,0.0,0.0,0.0,0.0,anisotropic
219,6.892228975041714e-12,0.016010001301765442,0.9933072328567505,0.9933072328567505,0.9933071732521057,0.0,-1.3747118406733788e-13,1.0529733552103182e-13,-2.4700878346298367e-16,3.506290767576808e-15,6.362697911946325e-13,-0.00013747118646278977,0.00010529733845032752,0.0006362698040902615,2.5447008343349492e-08,0.0,0.0,0.0,0.0,0.0,0.0,anisotropic
220,6.892228975041714e-12,0.016010001301765442,0.9933072328567505,0.9933072328567505,0.9933071732521057,0.0,-1.3747118406733788e-13,1.0529733552103182e-13,-2.4700878346298367e-16,3.506290767576808e-15,6.362697911946325e-13,-0.00013747118646278977,0.00010529733845032752,0.0006362698040902615,2.5529448166073747e-08,0.0,0.0,0.0,0.0,0.0,0.0,anisotropic
221,6.892228975041714e-12,0.016010001301765442,0.9933072328567505,0.9933072328567505,0.9933071732521057,0.0,-1.3747118406733788e-13,1.0529733552103182e-13,-2.4700878346298367e-16,3.506290767576808e-15,6.362697911946325e-13,-0.00013747118646278977,0.00010529733845032752,0.0006362698040902615,2.5612482679908625e-08,0.0,0.0,0.0,0.0,0.0,0.0,anisotropic
222,6.892228975041714e-12,0.016010001301765442,0.9933072328567505,0.9933072328567505,0.9933071732521057,0.0,-1.3747118406733788e-13,1.0529733552103182e-13,-2.4700878346298367e-16,3.506290767576808e-15,6.362697911946325e-13,-0.00013747118646278977,0.00010529733845032752,0.0006362698040902615,2.5694956930850516e-08,0.0,0.0,0.0,0.0,0.0,0.0,anisotropic
223,6.892228975041714e-12,0.016010001301765442,0.9933072328567505,0.9933072328567505,0.9933071732521057,0.0,-1.3747118406733788e-13,1.0529733552103182e-13,-2.4700878346298367e-16,3.506290767576808e-15,6.362697911946325e-13,-0.00013747118646278977,0.00010529733845032752,0.0006362698040902615,2.57780524557313e-08,0.0,0.0,0.0,0.0,0.0,0.0,anisotropic
224,6.892228975041714e-12,0.016010001301765442,0.9933072328567505,0.9933072328567505,0.9933071732521057,0.0,-1.3747118406733788e-13,1.0529733552103182e-13,-2.4700878346298367e-16,3.506290767576808e-15,6.362697911946325e-13,-0.00013747118646278977,0.00010529733845032752,0.0006362698040902615,2.5861036814536165e-08,0.0,0.0,0.0,0.0,0.0,0.0,anisotropic
225,6.892228975041714e-12,0.016010001301765442,0.9933072328567505,0.9933072328567505,0.9933071732521057,0.0,-1.3747118406733788e-13,1.0529733552103182e-13,-2.4700878346298367e-16,3.506290767576808e-15,6.362697911946325e-13,-0.00013747118646278977,0.00010529733845032752,0.0006362698040902615,2.594384099627767e-08,0.0,0.0,0.0,0.0,0.0,0.0,anisotropic
226,6.892228975041714e-12,0.016010001301765442,0.9933072328567505,0.9933072328567505,0.9933071732521057,0.0,-1.3747118406733788e-13,1.0529733552103182e-13,-2.4700878346298367e-16,3.506290767576808e-15,6.362697911946325e-13,-0.00013747118646278977,0.00010529733845032752,0.0006362698040902615,2.602680079277073e-08,0.0,0.0,0.0,0.0,0.0,0.0,anisotropic
227,6.892228975041714e-12,0.016010001301765442,0.9933072328567505,0.9933072328567505,0.9933071732521057,0.0,-1.3747118406733788e-13,1.0529733552103182e-13,-2.4700878346298367e-16,3.506290767576808e-15,6.362697911946325e-13,-0.00013747118646278977,0.00010529733845032752,0.0006362698040902615,2.6110227753124105e-08,0.0,0.0,0.0,0.0,0.0,0.0,anisotropic
228,6.892228975041714e-12,0.016010001301765442,0.9933072328567505,0.9933072328567505,0.9933071732521057,0.0,-1.3747118406733788e-13,1.0529733552103182e-13,-2.4700878346298367e-16,3.506290767576808e-15,6.362697911946325e-13,-0.00013747118646278977,0.00010529733845032752,0.0006362698040902615,2.6193441039813645e-08,0.0,0.0,0.0,0.0,0.0,0.0,anisotropic
229,6.892228975041714e-12,0.016010001301765442,0.9933072328567505,0.9933072328567505,0.9933071732521057,0.0,-1.3747118406733788e-13,1.0529733552103182e-13,-2.4700878346298367e-16,3.506290767576808e-15,6.362697911946325e-13,-0.00013747118646278977,0.00010529733845032752,0.0006362698040902615,2.6276693100372156e-08,0.0,0.0,0.0,0.0,0.0,0.0,anisotropic
230,6.892228975041714e-12,0.016010001301765442,0.9933072328567505,0.9933072328567505,0.9933071732521057,0.0,-1.3747118406733788e-13,1.0529733552103182e-13,-2.4700878346298367e-16,3.506290767576808e-15,6.362697911946325e-13,-0.00013747118646278977,0.00010529733845032752,0.0006362698040902615,2.6360149075357732e-08,0.0,0.0,0.0,0.0,0.0,0.0,anisotropic
231,6.892228975041714e-12,0.016010001301765442,0.9933072328567505,0.9933072328567505,0.9933071732521057,0.0,-1.3747118406733788e-13,1.0529733552103182e-13,-2.4700878346298367e-16,3.506290767576808e-15,6.362697911946325e-13,-0.00013747118646278977,0.00010529733845032752,0.0006362698040902615,2.6443409977074414e-08,0.0,0.0,0.0,0.0,0.0,0.0,anisotropic
232,6.892228975041714e-12,0.016010001301765442,0.9933072328567505,0.9933072328567505,0.9933071732521057,0.0,-1.3747118406733788e-13,1.0529733552103182e-13,-2.4700878346298367e-16,3.506290767576808e-15,6.362697911946325e-13,-0.00013747118646278977,0.00010529733845032752,0.0006362698040902615,2.6526813714765202e-08,0.0,0.0,0.0,0.0,0.0,0.0,anisotropic
233,6.892228975041714e-12,0.016010001301765442,0.9933072328567505,0.9933072328567505,0.9933071732521057,0.0,-1.3747118406733788e-13,1.0529733552103182e-13,-2.4700878346298367e-16,3.506290767576808e-15,6.362697911946325e-13,-0.00013747118646278977,0.00010529733845032752,0.0006362698040902615,2.6610430280194763e-08,0.0,0.0,0.0,0.0,0.0,0.0,anisotropic
234,6.892228975041714e-12,0.016010001301765442,0.9933072328567505,0.9933072328567505,0.9933071732521057,0.0,-1.3747118406733788e-13,1.0529733552103182e-13,-2.4700878346298367e-16,3.506290767576808e-15,6.362697911946325e-13,-0.00013747118646278977,0.00010529733845032752,0.0006362698040902615,2.669412390001115e-08,0.0,0.0,0.0,0.0,0.0,0.0,anisotropic
235,6.892228975041714e-12,0.016010001301765442,0.9933072328567505,0.9933072328567505,0.9933071732521057,0.0,-1.3747118406733788e-13,1.0529733552103182e-13,-2.4700878346298367e-16,3.506290767576808e-15,6.362697911946325e-13,-0.00013747118646278977,0.00010529733845032752,0.0006362698040902615,2.6777495325058937e-08,0.0,0.0,0.0,0.0,0.0,0.0,anisotropic
236,6.892228975041714e-12,0.016010001301765442,0.9933072328567505,0.9933072328567505,0.9933071732521057,0.0,-1.3747118406733788e-13,1.0529733552103182e-13,-2.4700878346298367e-16,3.506290767576808e-15,6.362697911946325e-13,-0.00013747118646278977,0.00010529733845032752,0.0006362698040902615,2.6861327464843975e-08,0.0,0.0,0.0,0.0,0.0,0.0,anisotropic
237,6.892228975041714e-12,0.016010001301765442,0.9933072328567505,0.9933072328567505,0.9933071732521057,0.0,-1.3747118406733788e-13,1.0529733552103182e-13,-2.4700878346298367e-16,3.506290767576808e-15,6.362697911946325e-13,-0.00013747118646278977,0.00010529733845032752,0.0006362698040902615,2.6945136096843783e-08,0.0,0.0,0.0,0.0,0.0,0.0,anisotropic
238,6.892228975041714e-12,0.016010001301765442,0.9933072328567505,0.9933072328567505,0.9933071732521057,0.0,-1.3747118406733788e-13,1.0529733552103182e-13,-2.4700878346298367e-16,3.506290767576808e-15,6.362697911946325e-13,-0.00013747118646278977,0.00010529733845032752,0.0006362698040902615,2.7028888043892616e-08,0.0,0.0,0.0,0.0,0.0,0.0,anisotropic
239,6.892228975041714e-12,0.016010001301765442,0.9933072328567505,0.9933072328567505,0.9933071732521057,0.0,-1.3747118406733788e-13,1.0529733552103182e-13,-2.4700878346298367e-16,3.506290767576808e-15,6.362697911946325e-13,-0.00013747118646278977,0.00010529733845032752,0.0006362698040902615,2.711272049862245e-08,0.0,0.0,0.0,0.0,0.0,0.0,anisotropic
240,6.892228975041714e-12,0.016010001301765442,0.9933072328567505,0.9933072328567505,0.9933071732521057,0.0,-1.3747118406733788e-13,1.0529733552103182e-13,-2.4700878346298367e-16,3.506290767576808e-15,6.362697911946325e-13,-0.00013747118646278977,0.00010529733845032752,0.0006362698040902615,2.7196463851426712e-08,0.0,0.0,0.0,0.0,0.0,0.0,anisotropic
241,6.892228975041714e-12,0.016010001301765442,0.9933072328567505,0.9933072328567505,0.9933071732521057,0.0,-1.3747118406733788e-13,1.0529733552103182e-13,-2.4700878346298367e-16,3.506290767576808e-15,6.362697911946325e-13,-0.00013747118646278977,0.00010529733845032752,0.0006362698040902615,2.728061902019506e-08,0.0,0.0,0.0,0.0,0.0,0.0,anisotropic
242,6.892228975041714e-12,0.016010001301765442,0.9933072328567505,0.9933072328567505,0.9933071732521057,0.0,-1.3747118406733788e-13,1.0529733552103182e-13,-2.4700878346298367e-16,3.506290767576808e-15,6.362697911946325e-13,-0.00013747118646278977,0.00010529733845032752,0.0006362698040902615,2.7364131208317074e-08,0.0,0.0,0.0,0.0,0.0,0.0,anisotropic
243,6.892228975041714e-12,0.016010001301765442,0.9933072328567505,0.9933072328567505,0.9933071732521057,0.0,-1.3747118406733788e-13,1.0529733552103182e-13,-2.4700878346298367e-16,3.506290767576808e-15,6.362697911946325e-13,-0.00013747118646278977,0.00010529733845032752,0.0006362698040902615,2.7448504458987597e-08,0.0,0.0,0.0,0.0,0.0,0.0,anisotropic
244,6.892228975041714e-12,0.016010001301765442,0.9933072328567505,0.9933072328567505,0.9933071732521057,0.0,-1.3747118406733788e-13,1.0529733552103182e-13,-2.4700878346298367e-16,3.506290767576808e-15,6.362697911946325e-13,-0.00013747118646278977,0.00010529733845032752,0.0006362698040902615,2.753273326993143e-08,0.0,0.0,0.0,0.0,0.0,0.0,anisotropic
245,6.892228975041714e-12,0.016010001301765442,0.9933072328567505,0.9933072328567505,0.9933071732521057,0.0,-1.3747118406733788e-13,1.0529733552103182e-13,-2.4700878346298367e-16,3.506290767576808e-15,6.362697911946325e-13,-0.00013747118646278977,0.00010529733845032752,0.0006362698040902615,2.761657327303068e-08,0.0,0.0,0.0,0.0,0.0,0.0,anisotropic
246,6.892228975041714e-12,0.016010001301765442,0.9933072328567505,0.9933072328567505,0.9933071732521057,0.0,-1.3747118406733788e-13,1.0529733552103182e-13,-2.4700878346298367e-16,3.506290767576808e-15,6.362697911946325e-13,-0.00013747118646278977,0.00010529733845032752,0.0006362698040902615,2.770063621670544e-08,0.0,0.0,0.0,0.0,0.0,0.0,anisotropic
247,6.892228975041714e-12,0.016010001301765442,0.9933072328567505,0.9933072328567505,0.9933071732521057,0.0,-1.3747118406733788e-13,1.0529733552103182e-13,-2.4700878346298367e-16,3.506290767576808e-15,6.362697911946325e-13,-0.00013747118646278977,0.00010529733845032752,0.0006362698040902615,2.7784877689814144e-08,0.0,0.0,0.0,0.0,0.0,0.0,anisotropic
248,6.892228975041714e-12,0.016010001301765442,0.9933072328567505,0.9933072328567505,0.9933071732521057,0.0,-1.3747118406733788e-13,1.0529733552103182e-13,-2.4700878346298367e-16,3.506290767576808e-15,6.362697911946325e-13,-0.00013747118646278977,0.00010529733845032752,0.0006362698040902615,2.7869376466312718e-08,0.0,0.0,0.0,0.0,0.0,0.0,anisotropic
249,6.892228975041714e-12,0.016010001301765442,0.9933072328567505,0.9933072328567505,0.9933071732521057,0.0,-1.3747118406733788e-13,1.0529733552103182e-13,-2.4700878346298367e-16,3.506290767576808e-15,6.362697911946325e-13,-0.00013747118646278977,0.00010529733845032752,0.0006362698040902615,2.795361511541144e-08,0.0,0.0,0.0,0.0,0.0,0.0,anisotropic
250,6.892228975041714e-12,0.016010001301765442,0.9933072328567505,0.9933072328567505,0.9933071732521057,0.0,-1.3747118406733788e-13,1.0529733552103182e-13,-2.4700878346298367e-16,3.506290767576808e-15,6.362697911946325e-13,-0.00013747118646278977,0.00010529733845032752,0.0006362698040902615,2.8038033414086055e-08,0.0,0.0,0.0,0.0,0.0,0.0,anisotropic
251,6.892228975041714e-12,0.016010001301765442,0.9933072328567505,0.9933072328567505,0.9933071732521057,0.0,-1.3747118406733788e-13,1.0529733552103182e-13,-2.4700878346298367e-16,3.506290767576808e-15,6.362697911946325e-13,-0.00013747118646278977,0.00010529733845032752,0.0006362698040902615,2.8122744344918686e-08,0.0,0.0,0.0,0.0,0.0,0.0,anisotropic
252,6.892228975041714e-12,0.016010001301765442,0.9933072328567505,0.9933072328567505,0.9933071732521057,0.0,-1.3747118406733788e-13,1.0529733552103182e-13,-2.4700878346298367e-16,3.506290767576808e-15,6.362697911946325e-13,-0.00013747118646278977,0.00010529733845032752,0.0006362698040902615,2.82073560820816e-08,0.0,0.0,0.0,0.0,0.0,0.0,anisotropic
253,6.892228975041714e-12,0.016010001301765442,0.9933072328567505,0.9933072328567505,0.9933071732521057,0.0,-1.3747118406733788e-13,1.0529733552103182e-13,-2.4700878346298367e-16,3.506290767576808e-15,6.362697911946325e-13,-0.00013747118646278977,0.00010529733845032752,0.0006362698040902615,2.8291993498484237e-08,0.0,0.0,0.0,0.0,0.0,0.0,anisotropic
254,6.892228975041714e-12,0.016010001301765442,0.9933072328567505,0.9933072328567505,0.9933071732521057,0.0,-1.3747118406733788e-13,1.0529733552103182e-13,-2.4700878346298367e-16,3.506290767576808e-15,6.362697911946325e-13,-0.00013747118646278977,0.00010529733845032752,0.0006362698040902615,2.8376479529473118e-08,0.0,0.0,0.0,0.0,0.0,0.0,anisotropic
255,6.892228975041714e-12,0.016010001301765442,0.9933072328567505,0.9933072328567505,0.9933071732521057,0.0,-1.3747118406733788e-13,1.0529733552103182e-13,-2.4700878346298367e-16,3.506290767576808e-15,6.362697911946325e-13,-0.00013747118646278977,0.00010529733845032752,0.0006362698040902615,2.8461165768484954e-08,0.0,0.0,0.0,0.0,0.0,0.0,anisotropic
256,6.892228975041714e-12,0.016010001301765442,0.9933072328567505,0.9933072328567505,0.9933071732521057,0.0,-1.3747118406733788e-13,1.0529733552103182e-13,-2.4700878346298367e-16,3.506290767576808e-15,6.362697911946325e-13,-0.00013747118646278977,0.00010529733845032752,0.0006362698040902615,2.8546038776999372e-08,0.0,0.0,0.0,0.0,0.0,0.0,anisotropic
257,6.892228975041714e-12,0.016010001301765442,0.9933072328567505,0.9933072328567505,0.9933071732521057,0.0,-1.3747118406733788e-13,1.0529733552103182e-13,-2.4700878346298367e-16,3.506290767576808e-15,6.362697911946325e-13,-0.00013747118646278977,0.00010529733845032752,0.0006362698040902615,2.8630586276385336e-08,0.0,0.0,0.0,0.0,0.0,0.0,anisotropic
258,6.892228975041714e-12,0.016010001301765442,0.9933072328567505,0.9933072328567505,0.9933071732521057,0.0,-1.3747118406733788e-13,1.0529733552103182e-13,-2.4700878346298367e-16,3.506290767576808e-15,6.362697911946325e-13,-0.00013747118646278977,0.00010529733845032752,0.0006362698040902615,2.8715333989851857e-08,0.0,0.0,0.0,0.0,0.0,0.0,anisotropic
259,6.892228975041714e-12,0.016010001301765442,0.9933072328567505,0.9933072328567505,0.9933071732521057,0.0,-1.3747118406733788e-13,1.0529733552103182e-13,-2.4700878346298367e-16,3.506290767576808e-15,6.362697911946325e-13,-0.00013747118646278977,0.00010529733845032752,0.0006362698040902615,2.8800326256792535e-08,0.0,0.0,0.0,0.0,0.0,0.0,anisotropic
260,6.892228975041714e-12,0.016010001301765442,0.9933072328567505,0.9933072328567505,0.9933071732521057,0.0,-1.3747118406733788e-13,1.0529733552103182e-13,-2.4700878346298367e-16,3.506290767576808e-15,6.362697911946325e-13,-0.00013747118646278977,0.00010529733845032752,0.0006362698040902615,2.8885230859784222e-08,0.0,0.0,0.0,0.0,0.0,0.0,anisotropic
261,6.892228975041714e-12,0.016010001301765442,0.9933072328567505,0.9933072328567505,0.9933071732521057,0.0,-1.3747118406733788e-13,1.0529733552103182e-13,-2.4700878346298367e-16,3.506290767576808e-15,6.362697911946325e-13,-0.00013747118646278977,0.00010529733845032752,0.0006362698040902615,2.89700999852416e-08,0.0,0.0,0.0,0.0,0.0,0.0,anisotropic
262,6.892228975041714e-12,0.016010001301765442,0.9933072328567505,0.9933072328567505,0.9933071732521057,0.0,-1.3747118406733788e-13,1.0529733552103182e-13,-2.4700878346298367e-16,3.506290767576808e-15,6.362697911946325e-13,-0.00013747118646278977,0.00010529733845032752,0.0006362698040902615,2.905539465316113e-08,0.0,0.0,0.0,0.0,0.0,0.0,anisotropic
263,6.892228975041714e-12,0.016010001301765442,0.9933072328567505,0.9933072328567505,0.9933071732521057,0.0,-1.3747118406733788e-13,1.0529733552103182e-13,-2.4700878346298367e-16,3.506290767576808e-15,6.362697911946325e-13,-0.00013747118646278977,0.00010529733845032752,0.0006362698040902615,2.914026160635435e-08,0.0,0.0,0.0,0.0,0.0,0.0,anisotropic
264,6.892228975041714e-12,0.016010001301765442,0.9933072328567505,0.9933072328567505,0.9933071732521057,0.0,-1.3747118406733788e-13,1.0529733552103182e-13,-2.4700878346298367e-16,3.506290767576808e-15,6.362697911946325e-13,-0.00013747118646278977,0.00010529733845032752,0.0006362698040902615,2.92255986288698e-08,0.0,0.0,0.0,0.0,0.0,0.0,anisotropic
265,6.892228975041714e-12,0.016010001301765442,0.9933072328567505,0.9933072328567505,0.9933071732521057,0.0,-1.3747118406733788e-13,1.0529733552103182e-13,-2.4700878346298367e-16,3.506290767576808e-15,6.362697911946325e-13,-0.00013747118646278977,0.00010529733845032752,0.0006362698040902615,2.9310897729784516e-08,0.0,0.0,0.0,0.0,0.0,0.0,anisotropic
266,6.892228975041714e-12,0.016010001301765442,0.9933072328567505,0.9933072328567505,0.9933071732521057,0.0,-1.3747118406733788e-13,1.0529733552103182e-13,-2.4700878346298367e-16,3.506290767576808e-15,6.362697911946325e-13,-0.00013747118646278977,0.00010529733845032752,0.0006362698040902615,2.93957824283636e-08,0.0,0.0,0.0,0.0,0.0,0.0,anisotropic
267,6.892228975041714e-12,0.016010001301765442,0.9933072328567505,0.9933072328567505,0.9933071732521057,0.0,-1.3747118406733788e-13,1.0529733552103182e-13,-2.4700878346298367e-16,3.506290767576808e-15,6.362697911946325e-13,-0.00013747118646278977,0.00010529733845032752,0.0006362698040902615,2.94805455574242e-08,0.0,0.0,0.0,0.0,0.0,0.0,anisotropic
268,6.892228975041714e-12,0.016010001301765442,0.9933072328567505,0.9933072328567505,0.9933071732521057,0.0,-1.3747118406733788e-13,1.0529733552103182e-13,-2.4700878346298367e-16,3.506290767576808e-15,6.362697911946325e-13,-0.00013747118646278977,0.00010529733845032752,0.0006362698040902615,2.956610105869632e-08,0.0,0.0,0.0,0.0,0.0,0.0,anisotropic
269,6.892228975041714e-12,0.016010001301765442,0.9933072328567505,0.9933072328567505,0.9933071732521057,0.0,-1.3747118406733788e-13,1.0529733552103182e-13,-2.4700878346298367e-16,3.506290767576808e-15,6.362697911946325e-13,-0.00013747118646278977,0.00010529733845032752,0.0006362698040902615,2.9651476706241184e-08,0.0,0.0,0.0,0.0,0.0,0.0,anisotropic
270,6.892228975041714e-12,0.016010001301765442,0.9933072328567505,0.9933072328567505,0.9933071732521057,0.0,-1.3747118406733788e-13,1.0529733552103182e-13,-2.4700878346298367e-16,3.506290767576808e-15,6.362697911946325e-13,-0.00013747118646278977,0.00010529733845032752,0.0006362698040902615,2.9737226841762006e-08,0.0,0.0,0.0,0.0,0.0,0.0,anisotropic
271,6.892228975041714e-12,0.016010001301765442,0.9933072328567505,0.9933072328567505,0.9933071732521057,0.0,-1.3747118406733788e-13,1.0529733552103182e-13,-2.4700878346298367e-16,3.506290767576808e-15,6.362697911946325e-13,-0.00013747118646278977,0.00010529733845032752,0.0006362698040902615,2.9822831586943134e-08,0.0,0.0,0.0,0.0,0.0,0.0,anisotropic
272,6.892228975041714e-12,0.016010001301765442,0.9933072328567505,0.9933072328567505,0.9933071732521057,0.0,-1.3747118406733788e-13,1.0529733552103182e-13,-2.4700878346298367e-16,3.506290767576808e-15,6.362697911946325e-13,-0.00013747118646278977,0.00010529733845032752,0.0006362698040902615,2.9908113682078666e-08,0.0,0.0,0.0,0.0,0.0,0.0,anisotropic
273,6.892228975041714e-12,0.016010001301765442,0.9933072328567505,0.9933072328567505,0.9933071732521057,0.0,-1.3747118406733788e-13,1.0529733552103182e-13,-2.4700878346298367e-16,3.506290767576808e-15,6.362697911946325e-13,-0.00013747118646278977,0.00010529733845032752,0.0006362698040902615,2.999365017811352e-08,0.0,0.0,0.0,0.0,0.0,0.0,anisotropic
274,6.892228975041714e-12,0.016010001301765442,0.9933072328567505,0.9933072328567505,0.9933071732521057,0.0,-1.3747118406733788e-13,1.0529733552103182e-13,-2.4700878346298367e-16,3.506290767576808e-15,6.362697911946325e-13,-0.00013747118646278977,0.00010529733845032752,0.0006362698040902615,3.0079511408324575e-08,0.0,0.0,0.0,0.0,0.0,0.0,anisotropic
275,6.892228975041714e-12,0.016010001301765442,0.9933072328567505,0.9933072328567505,0.9933071732521057,0.0,-1.3747118406733788e-13,1.0529733552103182e-13,-2.4700878346298367e-16,3.506290767576808e-15,6.362697911946325e-13,-0.00013747118646278977,0.00010529733845032752,0.0006362698040902615,3.016524128686134e-08,0.0,0.0,0.0,0.0,0.0,0.0,anisotropic
276,6.892228975041714e-12,0.016010001301765442,0.9933072328567505,0.9933072328567505,0.9933071732521057,0.0,-1.3747118406733788e-13,1.0529733552103182e-13,-2.4700878346298367e-16,3.506290767576808e-15,6.362697911946325e-13,-0.00013747118646278977,0.00010529733845032752,0.0006362698040902615,3.025109432438516e-08,0.0,0.0,0.0,0.0,0.0,0.0,anisotropic
277,6.892228975041714e-12,0.016010001301765442,0.9933072328567505,0.9933072328567505,0.9933071732521057,0.0,-1.3747118406733788e-13,1.0529733552103182e-13,-2.4700878346298367e-16,3.506290767576808e-15,6.362697911946325e-13,-0.00013747118646278977,0.00010529733845032752,0.0006362698040902615,3.033703847594942e-08,0.0,0.0,0.0,0.0,0.0,0.0,anisotropic
278,6.892228975041714e-12,0.016010001301765442,0.9933072328567505,0.9933072328567505,0.9933071732521057,0.0,-1.3747118406733788e-13,1.0529733552103182e-13,-2.4700878346298367e-16,3.506290767576808e-15,6.362697911946325e-13,-0.00013747118646278977,0.00010529733845032752,0.0006362698040902615,3.0423181799565355e-08,0.0,0.0,0.0,0.0,0.0,0.0,anisotropic
279,6.892228975041714e-12,0.016010001301765442,0.9933072328567505,0.9933072328567505,0.9933071732521057,0.0,-1.3747118406733788e-13,1.0529733552103182e-13,-2.4700878346298367e-16,3.506290767576808e-15,6.362697911946325e-13,-0.00013747118646278977,0.00010529733845032752,0.0006362698040902615,3.0509144006829016e-08,0.0,0.0,0.0,0.0,0.0,0.0,anisotropic
280,6.892228975041714e-12,0.016010001301765442,0.9933072328567505,0.9933072328567505,0.9933071732521057,0.0,-1.3747118406733788e-13,1.0529733552103182e-13,-2.4700878346298367e-16,3.506290767576808e-15,6.362697911946325e-13,-0.00013747118646278977,0.00010529733845032752,0.0006362698040902615,3.0595183277965276e-08,0.0,0.0,0.0,0.0,0.0,0.0,anisotropic
281,6.892228975041714e-12,0.016010001301765442,0.9933072328567505,0.9933072328567505,0.9933071732521057,0.0,-1.3747118406733788e-13,1.0529733552103182e-13,-2.4700878346298367e-16,3.506290767576808e-15,6.362697911946325e-13,-0.00013747118646278977,0.00010529733845032752,0.0006362698040902615,3.068101910523873e-08,0.0,0.0,0.0,0.0,0.0,0.0,anisotropic
282,6.892228975041714e-12,0.016010001301765442,0.9933072328567505,0.9933072328567505,0.9933071732521057,0.0,-1.3747118406733788e-13,1.0529733552103182e-13,-2.4700878346298367e-16,3.506290767576808e-15,6.362697911946325e-13,-0.00013747118646278977,0.00010529733845032752,0.0006362698040902615,3.0767151202602405e-08,0.0,0.0,0.0,0.0,0.0,0.0,anisotropic
283,6.892228975041714e-12,0.016010001301765442,0.9933072328567505,0.9933072328567505,0.9933071732521057,0.0,-1.3747118406733788e-13,1.0529733552103182e-13,-2.4700878346298367e-16,3.506290767576808e-15,6.362697911946325e-13,-0.00013747118646278977,0.00010529733845032752,0.0006362698040902615,3.085358516644142e-08,0.0,0.0,0.0,0.0,0.0,0.0,anisotropic
284,6.892228975041714e-12,0.016010001301765442,0.9933072328567505,0.9933072328567505,0.9933071732521057,0.0,-1.3747118406733788e-13,1.0529733552103182e-13,-2.4700878346298367e-16,3.506290767576808e-15,6.362697911946325e-13,-0.00013747118646278977,0.00010529733845032752,0.0006362698040902615,3.093947040043694e-08,0.0,0.0,0.0,0.0,0.0,0.0,anisotropic
285,6.892228975041714e-12,0.016010001301765442,0.9933072328567505,0.9933072328567505,0.9933071732521057,0.0,-1.3747118406733788e-13,1.0529733552103182e-13,-2.4700878346298367e-16,3.506290767576808e-15,6.362697911946325e-13,-0.00013747118646278977,0.00010529733845032752,0.0006362698040902615,3.102540255263999e-08,0.0,0.0,0.0,0.0,0.0,0.0,anisotropic
286,6.892228975041714e-12,0.016010001301765442,0.9933072328567505,0.9933072328567505,0.9933071732521057,0.0,-1.3747118406733788e-13,1.0529733552103182e-13,-2.4700878346298367e-16,3.506290767576808e-15,6.362697911946325e-13,-0.00013747118646278977,0.00010529733845032752,0.0006362698040902615,3.1111849359442014e-08,0.0,0.0,0.0,0.0,0.0,0.0,anisotropic
287,6.892228975041714e-12,0.016010001301765442,0.9933072328567505,0.9933072328567505,0.9933071732521057,0.0,-1.3747118406733788e-13,1.0529733552103182e-13,-2.4700878346298367e-16,3.506290767576808e-15,6.362697911946325e-13,-0.00013747118646278977,0.00010529733845032752,0.0006362698040902615,3.119828269413007e-08,0.0,0.0,0.0,0.0,0.0,0.0,anisotropic
288,6.892228975041714e-12,0.016010001301765442,0.9933072328567505,0.9933072328567505,0.9933071732521057,0.0,-1.3747118406733788e-13,1.0529733552103182e-13,-2.4700878346298367e-16,3.506290767576808e-15,6.362697911946325e-13,-0.00013747118646278977,0.00010529733845032752,0.0006362698040902615,3.1284745616729255e-08,0.0,0.0,0.0,0.0,0.0,0.0,anisotropic
289,6.892228975041714e-12,0.016010001301765442,0.9933072328567505,0.9933072328567505,0.9933071732521057,0.0,-1.3747118406733788e-13,1.0529733552103182e-13,-2.4700878346298367e-16,3.506290767576808e-15,6.362697911946325e-13,-0.00013747118646278977,0.00010529733845032752,0.0006362698040902615,3.137060326315725e-08,0.0,0.0,0.0,0.0,0.0,0.0,anisotropic
290,6.892228975041714e-12,0.016010001301765442,0.9933072328567505,0.9933072328567505,0.9933071732521057,0.0,-1.3747118406733788e-13,1.0529733552103182e-13,-2.4700878346298367e-16,3.506290767576808e-15,6.362697911946325e-13,-0.00013747118646278977,0.00010529733845032752,0.0006362698040902615,3.1457034324535756e-08,0.0,0.0,0.0,0.0,0.0,0.0,anisotropic
291,6.892228975041714e-12,0.016010001301765442,0.9933072328567505,0.9933072328567505,0.9933071732521057,0.0,-1.3747118406733788e-13,1.0529733552103182e-13,-2.4700878346298367e-16,3.506290767576808e-15,6.362697911946325e-13,-0.00013747118646278977,0.00010529733845032752,0.0006362698040902615,3.154380807566674e-08,0.0,0.0,0.0,0.0,0.0,0.0,anisotropic
292,6.892228975041714e-12,0.016010001301765442,0.9933072328567505,0.9933072328567505,0.9933071732521057,0.0,-1.3747118406733788e-13,1.0529733552103182e-13,-2.4700878346298367e-16,3.506290767576808e-15,6.362697911946325e-13,-0.00013747118646278977,0.00010529733845032752,0.0006362698040902615,3.1630483286359795e-08,0.0,0.0,0.0,0.0,0.0,0.0,anisotropic
293,6.892228975041714e-12,0.016010001301765442,0.9933072328567505,0.9933072328567505,0.9933071732521057,0.0,-1.3747118406733788e-13,1.0529733552103182e-13,-2.4700878346298367e-16,3.506290767576808e-15,6.362697911946325e-13,-0.00013747118646278977,0.00010529733845032752,0.0006362698040902615,3.171645836629404e-08,0.0,0.0,0.0,0.0,0.0,0.0,anisotropic
294,6.892228975041714e-12,0.016010001301765442,0.9933072328567505,0.9933072328567505,0.9933071732521057,0.0,-1.3747118406733788e-13,1.0529733552103182e-13,-2.4700878346298367e-16,3.506290767576808e-15,6.362697911946325e-13,-0.00013747118646278977,0.00010529733845032752,0.0006362698040902615,3.180330523436326e-08,0.0,0.0,0.0,0.0,0.0,0.0,anisotropic
295,6.892228975041714e-12,0.016010001301765442,0.9933072328567505,0.9933072328567505,0.9933071732521057,0.0,-1.3747118406733788e-13,1.0529733552103182e-13,-2.4700878346298367e-16,3.506290767576808e-15,6.362697911946325e-13,-0.00013747118646278977,0.00010529733845032752,0.0006362698040902615,3.1890244975427566e-08,0.0,0.0,0.0,0.0,0.0,0.0,anisotropic
296,6.892228975041714e-12,0.016010001301765442,0.9933072328567505,0.9933072328567505,0.9933071732521057,0.0,-1.3747118406733788e-13,1.0529733552103182e-13,-2.4700878346298367e-16,3.506290767576808e-15,6.362697911946325e-13,-0.00013747118646278977,0.00010529733845032752,0.0006362698040902615,3.197705009315075e-08,0.0,0.0,0.0,0.0,0.0,0.0,anisotropic
297,6.892228975041714e-12,0.016010001301765442,0.9933072328567505,0.9933072328567505,0.9933071732521057,0.0,-1.3747118406733788e-13,1.0529733552103182e-13,-2.4700878346298367e-16,3.506290767576808e-15,6.362697911946325e-13,-0.00013747118646278977,0.00010529733845032752,0.0006362698040902615,3.206407932247319e-08,0.0,0.0,0.0,0.0,0.0,0.0,anisotropic
298,6.892228975041714e-12,0.016010001301765442,0.9933072328567505,0.9933072328567505,0.9933071732521057,0.0,-1.3747118406733788e-13,1.0529733552103182e-13,-2.4700878346298367e-16,3.506290767576808e-15,6.362697911946325e-13,-0.00013747118646278977,0.00010529733845032752,0.0006362698040902615,3.2150972532954784e-08,0.0,0.0,0.0,0.0,0.0,0.0,anisotropic
299,6.892228975041714e-12,0.016010001301765442,0.9933072328567505,0.9933072328567505,0.9933071732521057,0.0,-1.3747118406733788e-13,1.0529733552103182e-13,-2.4700878346298367e-16,3.506290767576808e-15,6.362697911946325e-13,-0.00013747118646278977,0.00010529733845032752,0.0006362698040902615,3.223782906213119e-08,0.0,0.0,0.0,0.0,0.0,0.0,anisotropic
300,6.892228975041714e-12,0.016010001301765442,0.9933072328567505,0.9933072328567505,0.9933071732521057,0.0,-1.3747118406733788e-13,1.0529733552103182e-13,-2.4700878346298367e-16,3.506290767576808e-15,6.362697911946325e-13,-0.00013747118646278977,0.00010529733845032752,0.0006362698040902615,3.232494052974767e-08,0.0,0.0,0.0,0.0,0.0,0.0,anisotropic
301,6.892228975041714e-12,0.016010001301765442,0.9933072328567505,0.9933072328567505,0.9933071732521057,0.0,-1.3747118406733788e-13,1.0529733552103182e-13,-2.4700878346298367e-16,3.506290767576808e-15,6.362697911946325e-13,-0.00013747118646278977,0.00010529733845032752,0.0006362698040902615,3.241220459129477e-08,0.0,0.0,0.0,0.0,0.0,0.0,anisotropic
302,6.892228975041714e-12,0.016010001301765442,0.9933072328567505,0.9933072328567505,0.9933071732521057,0.0,-1.3747118406733788e-13,1.0529733552103182e-13,-2.4700878346298367e-16,3.506290767576808e-15,6.362697911946325e-13,-0.00013747118646278977,0.00010529733845032752,0.0006362698040902615,3.249934577691389e-08,0.0,0.0,0.0,0.0,0.0,0.0,anisotropic
303,6.892228975041714e-12,0.016010001301765442,0.9933072328567505,0.9933072328567505,0.9933071732521057,0.0,-1.3747118406733788e-13,1.0529733552103182e-13,-2.4700878346298367e-16,3.506290767576808e-15,6.362697911946325e-13,-0.00013747118646278977,0.00010529733845032752,0.0006362698040902615,3.2586588002404594e-08,0.0,0.0,0.0,0.0,0.0,0.0,anisotropic
304,6.892228975041714e-12,0.016010001301765442,0.9933072328567505,0.9933072328567505,0.9933071732521057,0.0,-1.3747118406733788e-13,1.0529733552103182e-13,-2.4700878346298367e-16,3.506290767576808e-15,6.362697911946325e-13,-0.00013747118646278977,0.00010529733845032752,0.0006362698040902615,3.2673889882746066e-08,0.0,0.0,0.0,0.0,0.0,0.0,anisotropic
305,6.892228975041714e-12,0.016010001301765442,0.9933072328567505,0.9933072328567505,0.9933071732521057,0.0,-1.3747118406733788e-13,1.0529733552103182e-13,-2.4700878346298367e-16,3.506290767576808e-15,6.362697911946325e-13,-0.00013747118646278977,0.00010529733845032752,0.0006362698040902615,3.276118261350074e-08,0.0,0.0,0.0,0.0,0.0,0.0,anisotropic
306,6.892228975041714e-12,0.016010001301765442,0.9933072328567505,0.9933072328567505,0.9933071732521057,0.0,-1.3747118406733788e-13,1.0529733552103182e-13,-2.4700878346298367e-16,3.506290767576808e-15,6.362697911946325e-13,-0.00013747118646278977,0.00010529733845032752,0.0006362698040902615,3.2848029607303e-08,0.0,0.0,0.0,0.0,0.0,0.0,anisotropic
307,6.892228975041714e-12,0.016010001301765442,0.9933072328567505,0.9933072328567505,0.9933071732521057,0.0,-1.3747118406733788e-13,1.0529733552103182e-13,-2.4700878346298367e-16,3.506290767576808e-15,6.362697911946325e-13,-0.00013747118646278977,0.00010529733845032752,0.0006362698040902615,3.293551364310899e-08,0.0,0.0,0.0,0.0,0.0,0.0,anisotropic
308,6.892228975041714e-12,0.016010001301765442,0.9933072328567505,0.9933072328567505,0.9933071732521057,0.0,-1.3747118406733788e-13,1.0529733552103182e-13,-2.4700878346298367e-16,3.506290767576808e-15,6.362697911946325e-13,-0.00013747118646278977,0.00010529733845032752,0.0006362698040902615,3.3022791813379184e-08,0.0,0.0,0.0,0.0,0.0,0.0,anisotropic
309,6.892228975041714e-12,0.016010001301765442,0.9933072328567505,0.9933072328567505,0.9933071732521057,0.0,-1.3747118406733788e-13,1.0529733552103182e-13,-2.4700878346298367e-16,3.506290767576808e-15,6.362697911946325e-13,-0.00013747118646278977,0.00010529733845032752,0.0006362698040902615,3.311015748859545e-08,0.0,0.0,0.0,0.0,0.0,0.0,anisotropic
310,6.892228975041714e-12,0.016010001301765442,0.9933072328567505,0.9933072328567505,0.9933071732521057,0.0,-1.3747118406733788e-13,1.0529733552103182e-13,-2.4700878346298367e-16,3.506290767576808e-15,6.362697911946325e-13,-0.00013747118646278977,0.00010529733845032752,0.0006362698040902615,3.3197964626535414e-08,0.0,0.0,0.0,0.0,0.0,0.0,anisotropic
311,6.892228975041714e-12,0.016010001301765442,0.9933072328567505,0.9933072328567505,0.9933071732521057,0.0,-1.3747118406733788e-13,1.0529733552103182e-13,-2.4700878346298367e-16,3.506290767576808e-15,6.362697911946325e-13,-0.00013747118646278977,0.00010529733845032752,0.0006362698040902615,3.328507773137239e-08,0.0,0.0,0.0,0.0,0.0,0.0,anisotropic
312,6.892228975041714e-12,0.016010001301765442,0.9933072328567505,0.9933072328567505,0.9933071732521057,0.0,-1.3747118406733788e-13,1.0529733552103182e-13,-2.4700878346298367e-16,3.506290767576808e-15,6.362697911946325e-13,-0.00013747118646278977,0.00010529733845032752,0.0006362698040902615,3.337255277155202e-08,0.0,0.0,0.0,0.0,0.0,0.0,anisotropic
313,6.892228975041714e-12,0.016010001301765442,0.9933072328567505,0.9933072328567505,0.9933071732521057,0.0,-1.3747118406733788e-13,1.0529733552103182e-13,-2.4700878346298367e-16,3.506290767576808e-15,6.362697911946325e-13,-0.00013747118646278977,0.00010529733845032752,0.0006362698040902615,3.346034419670043e-08,0.0,0.0,0.0,0.0,0.0,0.0,anisotropic
314,6.892228975041714e-12,0.016010001301765442,0.9933072328567505,0.9933072328567505,0.9933071732521057,0.0,-1.3747118406733788e-13,1.0529733552103182e-13,-2.4700878346298367e-16,3.506290767576808e-15,6.362697911946325e-13,-0.00013747118646278977,0.00010529733845032752,0.0006362698040902615,3.354820417230014e-08,0.0,0.0,0.0,0.0,0.0,0.0,anisotropic
315,6.892228975041714e-12,0.016010001301765442,0.9933072328567505,0.9933072328567505,0.9933071732521057,0.0,-1.3747118406733788e-13,1.0529733552103182e-13,-2.4700878346298367e-16,3.506290767576808e-15,6.362697911946325e-13,-0.00013747118646278977,0.00010529733845032752,0.0006362698040902615,3.363607374003029e-08,0.0,0.0,0.0,0.0,0.0,0.0,anisotropic
316,6.892228975041714e-12,0.016010001301765442,0.9933072328567505,0.9933072328567505,0.9933071732521057,0.0,-1.3747118406733788e-13,1.0529733552103182e-13,-2.4700878346298367e-16,3.506290767576808e-15,6.362697911946325e-13,-0.00013747118646278977,0.00010529733845032752,0.0006362698040902615,3.372389929737001e-08,0.0,0.0,0.0,0.0,0.0,0.0,anisotropic
317,6.892228975041714e-12,0.016010001301765442,0.9933072328567505,0.9933072328567505,0.9933071732521057,0.0,-1.3747118406733788e-13,1.0529733552103182e-13,-2.4700878346298367e-16,3.506290767576808e-15,6.362697911946325e-13,-0.00013747118646278977,0.00010529733845032752,0.0006362698040902615,3.38119622507375e-08,0.0,0.0,0.0,0.0,0.0,0.0,anisotropic
318,6.892228975041714e-12,0.016010001301765442,0.9933072328567505,0.9933072328567505,0.9933071732521057,0.0,-1.3747118406733788e-13,1.0529733552103182e-13,-2.4700878346298367e-16,3.506290767576808e-15,6.362697911946325e-13,-0.00013747118646278977,0.00010529733845032752,0.0006362698040902615,3.389972049207801e-08,0.0,0.0,0.0,0.0,0.0,0.0,anisotropic
319,6.892228975041714e-12,0.016010001301765442,0.9933072328567505,0.9933072328567505,0.9933071732521057,0.0,-1.3747118406733788e-13,1.0529733552103182e-13,-2.4700878346298367e-16,3.506290767576808e-15,6.362697911946325e-13,-0.00013747118646278977,0.00010529733845032752,0.0006362698040902615,3.398785894543309e-08,0.0,0.0,0.0,0.0,0.0,0.0,anisotropic
320,6.892228975041714e-12,0.016010001301765442,0.9933072328567505,0.9933072328567505,0.9933071732521057,0.0,-1.3747118406733788e-13,1.0529733552103182e-13,-2.4700878346298367e-16,3.506290767576808e-15,6.362697911946325e-13,-0.00013747118646278977,0.00010529733845032752,0.0006362698040902615,3.4076062068198355e-08,0.0,0.0,0.0,0.0,0.0,0.0,anisotropic
321,6.892228975041714e-12,0.016010001301765442,0.9933072328567505,0.9933072328567505,0.9933071732521057,0.0,-1.3747118406733788e-13,1.0529733552103182e-13,-2.4700878346298367e-16,3.506290767576808e-15,6.362697911946325e-13,-0.00013747118646278977,0.00010529733845032752,0.0006362698040902615,3.41639429457999e-08,0.0,0.0,0.0,0.0,0.0,0.0,anisotropic
322,6.892228975041714e-12,0.016010001301765442,0.9933072328567505,0.9933072328567505,0.9933071732521057,0.0,-1.3747118406733788e-13,1.0529733552103182e-13,-2.4700878346298367e-16,3.506290767576808e-15,6.362697911946325e-13,-0.00013747118646278977,0.00010529733845032752,0.0006362698040902615,3.4252079217660974e-08,0.0,0.0,0.0,0.0,0.0,0.0,anisotropic
323,6.892228975041714e-12,0.016010001301765442,0.9933072328567505,0.9933072328567505,0.9933071732521057,0.0,-1.3747118406733788e-13,1.0529733552103182e-13,-2.4700878346298367e-16,3.506290767576808e-15,6.362697911946325e-13,-0.00013747118646278977,0.00010529733845032752,0.0006362698040902615,3.4340641396439495e-08,0.0,0.0,0.0,0.0,0.0,0.0,anisotropic
324,6.892228975041714e-12,0.016010001301765442,0.9933072328567505,0.9933072328567505,0.9933071732521057,0.0,-1.3747118406733788e-13,1.0529733552103182e-13,-2.4700878346298367e-16,3.506290767576808e-15,6.362697911946325e-13,-0.00013747118646278977,0.00010529733845032752,0.0006362698040902615,3.4428723849535444e-08,0.0,0.0,0.0,0.0,0.0,0.0,anisotropic
325,6.892228975041714e-12,0.016010001301765442,0.9933072328567505,0.9933072328567505,0.9933071732521057,0.0,-1.3747118406733788e-13,1.0529733552103182e-13,-2.4700878346298367e-16,3.506290767576808e-15,6.362697911946325e-13,-0.00013747118646278977,0.00010529733845032752,0.0006362698040902615,3.451709979730054e-08,0.0,0.0,0.0,0.0,0.0,0.0,anisotropic
326,6.892228975041714e-12,0.016010001301765442,0.9933072328567505,0.9933072328567505,0.9933071732521057,0.0,-1.3747118406733788e-13,1.0529733552103182e-13,-2.4700878346298367e-16,3.506290767576808e-15,6.362697911946325e-13,-0.00013747118646278977,0.00010529733845032752,0.0006362698040902615,3.460555154704641e-08,0.0,0.0,0.0,0.0,0.0,0.0,anisotropic
327,6.892228975041714e-12,0.016010001301765442,0.9933072328567505,0.9933072328567505,0.9933071732521057,0.0,-1.3747118406733788e-13,1.0529733552103182e-13,-2.4700878346298367e-16,3.506290767576808e-15,6.362697911946325e-13,-0.00013747118646278977,0.00010529733845032752,0.0006362698040902615,3.469412504971632e-08,0.0,0.0,0.0,0.0,0.0,0.0,anisotropic
328,6.892228975041714e-12,0.016010001301765442,0.9933072328567505,0.9933072328567505,0.9933071732521057,0.0,-1.3747118406733788e-13,1.0529733552103182e-13,-2.4700878346298367e-16,3.506290767576808e-15,6.362697911946325e-13,-0.00013747118646278977,0.00010529733845032752,0.0006362698040902615,3.4782493258396276e-08,0.0,0.0,0.0,0.0,0.0,0.0,anisotropic
329,6.892228975041714e-12,0.016010001301765442,0.9933072328567505,0.9933072328567505,0.9933071732521057,0.0,-1.3747118406733788e-13,1.0529733552103182e-13,-2.4700878346298367e-16,3.506290767576808e-15,6.362697911946325e-13,-0.00013747118646278977,0.00010529733845032752,0.0006362698040902615,3.487098638344166e-08,0.0,0.0,0.0,0.0,0.0,0.0,anisotropic
330,6.892228975041714e-12,0.016010001301765442,0.9933072328567505,0.9933072328567505,0.9933071732521057,0.0,-1.3747118406733788e-13,1.0529733552103182e-13,-2.4700878346298367e-16,3.506290767576808e-15,6.362697911946325e-13,-0.00013747118646278977,0.00010529733845032752,0.0006362698040902615,3.4959217699617254e-08,0.0,0.0,0.0,0.0,0.0,0.0,anisotropic
331,6.892228975041714e-12,0.016010001301765442,0.9933072328567505,0.9933072328567505,0.9933071732521057,0.0,-1.3747118406733788e-13,1.0529733552103182e-13,-2.4700878346298367e-16,3.506290767576808e-15,6.362697911946325e-13,-0.00013747118646278977,0.00010529733845032752,0.0006362698040902615,3.504773941993198e-08,0.0,0.0,0.0,0.0,0.0,0.0,anisotropic
332,6.892228975041714e-12,0.016010001301765442,0.9933072328567505,0.9933072328567505,0.9933071732521057,0.0,-1.3747118406733788e-13,1.0529733552103182e-13,-2.4700878346298367e-16,3.506290767576808e-15,6.362697911946325e-13,-0.00013747118646278977,0.00010529733845032752,0.0006362698040902615,3.513639093090701e-08,0.0,0.0,0.0,0.0,0.0,0.0,anisotropic
333,6.892228975041714e-12,0.016010001301765442,0.9933072328567505,0.9933072328567505,0.9933071732521057,0.0,-1.3747118406733788e-13,1.0529733552103182e-13,-2.4700878346298367e-16,3.506290767576808e-15,6.362697911946325e-13,-0.00013747118646278977,0.00010529733845032752,0.0006362698040902615,3.52249383944502e-08,0.0,0.0,0.0,0.0,0.0,0.0,anisotropic
334,6.892228975041714e-12,0.016010001301765442,0.9933072328567505,0.9933072328567505,0.9933071732521057,0.0,-1.3747118406733788e-13,1.0529733552103182e-13,-2.4700878346298367e-16,3.506290767576808e-15,6.362697911946325e-13,-0.00013747118646278977,0.00010529733845032752,0.0006362698040902615,3.531370852285783e-08,0.0,0.0,0.0,0.0,0.0,0.0,anisotropic
335,6.892228975041714e-12,0.016010001301765442,0.9933072328567505,0.9933072328567505,0.9933071732521057,0.0,-1.3747118406733788e-13,1.0529733552103182e-13,-2.4700878346298367e-16,3.506290767576808e-15,6.362697911946325e-13,-0.00013747118646278977,0.00010529733845032752,0.0006362698040902615,3.5402703513437006e-08,0.0,0.0,0.0,0.0,0.0,0.0,anisotropic
336,6.892228975041714e-12,0.016010001301765442,0.9933072328567505,0.9933072328567505,0.9933071732521057,0.0,-1.3747118406733788e-13,1.0529733552103182e-13,-2.4700878346298367e-16,3.506290767576808e-15,6.362697911946325e-13,-0.00013747118646278977,0.00010529733845032752,0.0006362698040902615,3.549122750733284e-08,0.0,0.0,0.0,0.0,0.0,0.0,anisotropic
337,6.892228975041714e-12,0.016010001301765442,0.9933072328567505,0.9933072328567505,0.9933071732521057,0.0,-1.3747118406733788e-13,1.0529733552103182e-13,-2.4700878346298367e-16,3.506290767576808e-15,6.362697911946325e-13,-0.00013747118646278977,0.00010529733845032752,0.0006362698040902615,3.558017769078887e-08,0.0,0.0,0.0,0.0,0.0,0.0,anisotropic
338,6.892228975041714e-12,0.016010001301765442,0.9933072328567505,0.9933072328567505,0.9933071732521057,0.0,-1.3747118406733788e-13,1.0529733552103182e-13,-2.4700878346298367e-16,3.506290767576808e-15,6.362697911946325e-13,-0.00013747118646278977,0.00010529733845032752,0.0006362698040902615,3.5669269324464914e-08,0.0,0.0,0.0,0.0,0.0,0.0,anisotropic
339,6.892228975041714e-12,0.016010001301765442,0.9933072328567505,0.9933072328567505,0.9933071732521057,0.0,-1.3747118406733788e-13,1.0529733552103182e-13,-2.4700878346298367e-16,3.506290767576808e-15,6.362697911946325e-13,-0.00013747118646278977,0.00010529733845032752,0.0006362698040902615,3.575808272581806e-08,0.0,0.0,0.0,0.0,0.0,0.0,anisotropic
340,6.892228975041714e-12,0.016010001301765442,0.9933072328567505,0.9933072328567505,0.9933071732521057,0.0,-1.3747118406733788e-13,1.0529733552103182e-13,-2.4700878346298367e-16,3.506290767576808e-15,6.362697911946325e-13,-0.00013747118646278977,0.00010529733845032752,0.0006362698040902615,3.584703557373717e-08,0.0,0.0,0.0,0.0,0.0,0.0,anisotropic
341,6.892228975041714e-12,0.016010001301765442,0.9933072328567505,0.9933072328567505,0.9933071732521057,0.0,-1.3747118406733788e-13,1.0529733552103182e-13,-2.4700878346298367e-16,3.506290767576808e-15,6.362697911946325e-13,-0.00013747118646278977,0.00010529733845032752,0.0006362698040902615,3.59360667818923e-08,0.0,0.0,0.0,0.0,0.0,0.0,anisotropic
342,6.892228975041714e-12,0.016010001301765442,0.9933072328567505,0.9933072328567505,0.9933071732521057,0.0,-1.3747118406733788e-13,1.0529733552103182e-13,-2.4700878346298367e-16,3.506290767576808e-15,6.362697911946325e-13,-0.00013747118646278977,0.00010529733845032752,0.0006362698040902615,3.6025195268179425e-08,0.0,0.0,0.0,0.0,0.0,0.0,anisotropic
343,6.892228975041714e-12,0.016010001301765442,0.9933072328567505,0.9933072328567505,0.9933071732521057,0.0,-1.3747118406733788e-13,1.0529733552103182e-13,-2.4700878346298367e-16,3.506290767576808e-15,6.362697911946325e-13,-0.00013747118646278977,0.00010529733845032752,0.0006362698040902615,3.611440516897122e-08,0.0,0.0,0.0,0.0,0.0,0.0,anisotropic
344,6.892228975041714e-12,0.016010001301765442,0.9933072328567505,0.9933072328567505,0.9933071732521057,0.0,-1.3747118406733788e-13,1.0529733552103182e-13,-2.4700878346298367e-16,3.506290767576808e-15,6.362697911946325e-13,-0.00013747118646278977,0.00010529733845032752,0.0006362698040902615,3.620364839291434e-08,0.0,0.0,0.0,0.0,0.0,0.0,anisotropic
345,6.892228975041714e-12,0.016010001301765442,0.9933072328567505,0.9933072328567505,0.9933071732521057,0.0,-1.3747118406733788e-13,1.0529733552103182e-13,-2.4700878346298367e-16,3.506290767576808e-15,6.362697911946325e-13,-0.00013747118646278977,0.00010529733845032752,0.0006362698040902615,3.6292826303345484e-08,0.0,0.0,0.0,0.0,0.0,0.0,anisotropic
346,6.892228975041714e-12,0.016010001301765442,0.9933072328567505,0.9933072328567505,0.9933071732521057,0.0,-1.3747118406733788e-13,1.0529733552103182e-13,-2.4700878346298367e-16,3.506290767576808e-15,6.362697911946325e-13,-0.00013747118646278977,0.00010529733845032752,0.0006362698040902615,3.6382233827771e-08,0.0,0.0,0.0,0.0,0.0,0.0,anisotropic
347,6.892228975041714e-12,0.016010001301765442,0.9933072328567505,0.9933072328567505,0.9933071732521057,0.0,-1.3747118406733788e-13,1.0529733552103182e-13,-2.4700878346298367e-16,3.506290767576808e-15,6.362697911946325e-13,-0.00013747118646278977,0.00010529733845032752,0.0006362698040902615,3.6471625647088054e-08,0.0,0.0,0.0,0.0,0.0,0.0,anisotropic
348,6.892228975041714e-12,0.016010001301765442,0.9933072328567505,0.9933072328567505,0.9933071732521057,0.0,-1.3747118406733788e-13,1.0529733552103182e-13,-2.4700878346298367e-16,3.506290767576808e-15,6.362697911946325e-13,-0.00013747118646278977,0.00010529733845032752,0.0006362698040902615,3.65611725313305e-08,0.0,0.0,0.0,0.0,0.0,0.0,anisotropic
349,6.892228975041714e-12,0.016010001301765442,0.9933072328567505,0.9933072328567505,0.9933071732521057,0.0,-1.3747118406733788e-13,1.0529733552103182e-13,-2.4700878346298367e-16,3.506290767576808e-15,6.362697911946325e-13,-0.00013747118646278977,0.00010529733845032752,0.0006362698040902615,3.6650749627188654e-08,0.0,0.0,0.0,0.0,0.0,0.0,anisotropic
350,6.892228975041714e-12,0.016010001301765442,0.9933072328567505,0.9933072328567505,0.9933071732521057,0.0,-1.3747118406733788e-13,1.0529733552103182e-13,-2.4700878346298367e-16,3.506290767576808e-15,6.362697911946325e-13,-0.00013747118646278977,0.00010529733845032752,0.0006362698040902615,3.6740395250705156e-08,0.0,0.0,0.0,0.0,0.0,0.0,anisotropic
351,6.892228975041714e-12,0.016010001301765442,0.9933072328567505,0.9933072328567505,0.9933071732521057,0.0,-1.3747118406733788e-13,1.0529733552103182e-13,-2.4700878346298367e-16,3.506290767576808e-15,6.362697911946325e-13,-0.00013747118646278977,0.00010529733845032752,0.0006362698040902615,3.6828811579787965e-08,0.0,0.0,0.0,0.0,0.0,0.0,anisotropic
352,6.892228975041714e-12,0.016010001301765442,0.9933072328567505,0.9933072328567505,0.9933071732521057,0.0,-1.3747118406733788e-13,1.0529733552103182e-13,-2.4700878346298367e-16,3.506290767576808e-15,6.362697911946325e-13,-0.00013747118646278977,0.00010529733845032752,0.0006362698040902615,3.691837754725303e-08,0.0,0.0,0.0,0.0,0.0,0.0,anisotropic
353,6.892228975041714e-12,0.016010001301765442,0.9933072328567505,0.9933072328567505,0.9933071732521057,0.0,-1.3747118406733788e-13,1.0529733552103182e-13,-2.4700878346298367e-16,3.506290767576808e-15,6.362697911946325e-13,-0.00013747118646278977,0.00010529733845032752,0.0006362698040902615,3.700797815377656e-08,0.0,0.0,0.0,0.0,0.0,0.0,anisotropic
354,6.892228975041714e-12,0.016010001301765442,0.9933072328567505,0.9933072328567505,0.9933071732521057,0.0,-1.3747118406733788e-13,1.0529733552103182e-13,-2.4700878346298367e-16,3.506290767576808e-15,6.362697911946325e-13,-0.00013747118646278977,0.00010529733845032752,0.0006362698040902615,3.709799272957054e-08,0.0,0.0,0.0,0.0,0.0,0.0,anisotropic
355,6.892228975041714e-12,0.016010001301765442,0.9933072328567505,0.9933072328567505,0.9933071732521057,0.0,-1.3747118406733788e-13,1.0529733552103182e-13,-2.4700878346298367e-16,3.506290767576808e-15,6.362697911946325e-13,-0.00013747118646278977,0.00010529733845032752,0.0006362698040902615,3.7187604926394126e-08,0.0,0.0,0.0,0.0,0.0,0.0,anisotropic
356,6.892228975041714e-12,0.016010001301765442,0.9933072328567505,0.9933072328567505,0.9933071732521057,0.0,-1.3747118406733788e-13,1.0529733552103182e-13,-2.4700878346298367e-16,3.506290767576808e-15,6.362697911946325e-13,-0.00013747118646278977,0.00010529733845032752,0.0006362698040902615,3.72774179501632e-08,0.0,0.0,0.0,0.0,0.0,0.0,anisotropic
357,6.892228975041714e-12,0.016010001301765442,0.9933072328567505,0.9933072328567505,0.9933071732521057,0.0,-1.3747118406733788e-13,1.0529733552103182e-13,-2.4700878346298367e-16,3.506290767576808e-15,6.362697911946325e-13,-0.00013747118646278977,0.00010529733845032752,0.0006362698040902615,3.736684017120255e-08,0.0,0.0,0.0,0.0,0.0,0.0,anisotropic
358,6.892228975041714e-12,0.016010001301765442,0.9933072328567505,0.9933072328567505,0.9933071732521057,0.0,-1.3747118406733788e-13,1.0529733552103182e-13,-2.4700878346298367e-16,3.506290767576808e-15,6.362697911946325e-13,-0.00013747118646278977,0.00010529733845032752,0.0006362698040902615,3.745678604860924e-08,0.0,0.0,0.0,0.0,0.0,0.0,anisotropic
359,6.892228975041714e-12,0.016010001301765442,0.9933072328567505,0.9933072328567505,0.9933071732521057,0.0,-1.3747118406733788e-13,1.0529733552103182e-13,-2.4700878346298367e-16,3.506290767576808e-15,6.362697911946325e-13,-0.00013747118646278977,0.00010529733845032752,0.0006362698040902615,3.754669737357827e-08,0.0,0.0,0.0,0.0,0.0,0.0,anisotropic
360,6.892228975041714e-12,0.016010001301765442,0.9933072328567505,0.9933072328567505,0.9933071732521057,0.0,-1.3747118406733788e-13,1.0529733552103182e-13,-2.4700878346298367e-16,3.506290767576808e-15,6.362697911946325e-13,-0.00013747118646278977,0.00010529733845032752,0.0006362698040902615,3.76367798098105e-08,0.0,0.0,0.0,0.0,0.0,0.0,anisotropic
361,6.892228975041714e-12,0.016010001301765442,0.9933072328567505,0.9933072328567505,0.9933071732521057,0.0,-1.3747118406733788e-13,1.0529733552103182e-13,-2.4700878346298367e-16,3.506290767576808e-15,6.362697911946325e-13,-0.00013747118646278977,0.00010529733845032752,0.0006362698040902615,3.7726744682753556e-08,0.0,0.0,0.0,0.0,0.0,0.0,anisotropic
362,6.892228975041714e-12,0.016010001301765442,0.9933072328567505,0.9933072328567505,0.9933071732521057,0.0,-1.3747118406733788e-13,1.0529733552103182e-13,-2.4700878346298367e-16,3.506290767576808e-15,6.362697911946325e-13,-0.00013747118646278977,0.00010529733845032752,0.0006362698040902615,3.781649697520782e-08,0.0,0.0,0.0,0.0,0.0,0.0,anisotropic
363,6.892228975041714e-12,0.016010001301765442,0.9933072328567505,0.9933072328567505,0.9933071732521057,0.0,-1.3747118406733788e-13,1.0529733552103182e-13,-2.4700878346298367e-16,3.506290767576808e-15,6.362697911946325e-13,-0.00013747118646278977,0.00010529733845032752,0.0006362698040902615,3.7906577964435675e-08,0.0,0.0,0.0,0.0,0.0,0.0,anisotropic
364,6.892228975041714e-12,0.016010001301765442,0.9933072328567505,0.9933072328567505,0.9933071732521057,0.0,-1.3747118406733788e-13,1.0529733552103182e-13,-2.4700878346298367e-16,3.506290767576808e-15,6.362697911946325e-13,-0.00013747118646278977,0.00010529733845032752,0.0006362698040902615,3.799673281635612e-08,0.0,0.0,0.0,0.0,0.0,0.0,anisotropic
365,6.892228975041714e-12,0.016010001301765442,0.9933072328567505,0.9933072328567505,0.9933071732521057,0.0,-1.3747118406733788e-13,1.0529733552103182e-13,-2.4700878346298367e-16,3.506290767576808e-15,6.362697911946325e-13,-0.00013747118646278977,0.00010529733845032752,0.0006362698040902615,3.808695054215626e-08,0.0,0.0,0.0,0.0,0.0,0.0,anisotropic
366,6.892228975041714e-12,0.016010001301765442,0.9933072328567505,0.9933072328567505,0.9933071732521057,0.0,-1.3747118406733788e-13,1.0529733552103182e-13,-2.4700878346298367e-16,3.506290767576808e-15,6.362697911946325e-13,-0.00013747118646278977,0.00010529733845032752,0.0006362698040902615,3.817731151687288e-08,0.0,0.0,0.0,0.0,0.0,0.0,anisotropic
367,6.892228975041714e-12,0.016010001301765442,0.9933072328567505,0.9933072328567505,0.9933071732521057,0.0,-1.3747118406733788e-13,1.0529733552103182e-13,-2.4700878346298367e-16,3.506290767576808e-15,6.362697911946325e-13,-0.00013747118646278977,0.00010529733845032752,0.0006362698040902615,3.826777155524835e-08,0.0,0.0,0.0,0.0,0.0,0.0,anisotropic
368,6.892228975041714e-12,0.016010001301765442,0.9933072328567505,0.9933072328567505,0.9933071732521057,0.0,-1.3747118406733788e-13,1.0529733552103182e-13,-2.4700878346298367e-16,3.506290767576808e-15,6.362697911946325e-13,-0.00013747118646278977,0.00010529733845032752,0.0006362698040902615,3.835811839126324e-08,0.0,0.0,0.0,0.0,0.0,0.0,anisotropic
369,6.892228975041714e-12,0.016010001301765442,0.9933072328567505,0.9933072328567505,0.9933071732521057,0.0,-1.3747118406733788e-13,1.0529733552103182e-13,-2.4700878346298367e-16,3.506290767576808e-15,6.362697911946325e-13,-0.00013747118646278977,0.00010529733845032752,0.0006362698040902615,3.844857509197206e-08,0.0,0.0,0.0,0.0,0.0,0.0,anisotropic
370,6.892228975041714e-12,0.016010001301765442,0.9933072328567505,0.9933072328567505,0.9933071732521057,0.0,-1.3747118406733788e-13,1.0529733552103182e-13,-2.4700878346298367e-16,3.506290767576808e-15,6.362697911946325e-13,-0.00013747118646278977,0.00010529733845032752,0.0006362698040902615,3.853872589870437e-08,0.0,0.0,0.0,0.0,0.0,0.0,anisotropic
371,6.892228975041714e-12,0.016010001301765442,0.9933072328567505,0.9933072328567505,0.9933071732521057,0.0,-1.3747118406733788e-13,1.0529733552103182e-13,-2.4700878346298367e-16,3.506290767576808e-15,6.362697911946325e-13,-0.00013747118646278977,0.00010529733845032752,0.0006362698040902615,3.862945385425373e-08,0.0,0.0,0.0,0.0,0.0,0.0,anisotropic
372,6.892228975041714e-12,0.016010001301765442,0.9933072328567505,0.9933072328567505,0.9933071732521057,0.0,-1.3747118406733788e-13,1.0529733552103182e-13,-2.4700878346298367e-16,3.506290767576808e-15,6.362697911946325e-13,-0.00013747118646278977,0.00010529733845032752,0.0006362698040902615,3.871989479569017e-08,0.0,0.0,0.0,0.0,0.0,0.0,anisotropic
373,6.892228975041714e-12,0.016010001301765442,0.9933072328567505,0.9933072328567505,0.9933071732521057,0.0,-1.3747118406733788e-13,1.0529733552103182e-13,-2.4700878346298367e-16,3.506290767576808e-15,6.362697911946325e-13,-0.00013747118646278977,0.00010529733845032752,0.0006362698040902615,3.8810791476979505e-08,0.0,0.0,0.0,0.0,0.0,0.0,anisotropic
374,6.892228975041714e-12,0.016010001301765442,0.9933072328567505,0.9933072328567505,0.9933071732521057,0.0,-1.3747118406733788e-13,1.0529733552103182e-13,-2.4700878346298367e-16,3.506290767576808e-15,6.362697911946325e-13,-0.00013747118646278977,0.00010529733845032752,0.0006362698040902615,3.890154242874089e-08,0.0,0.0,0.0,0.0,0.0,0.0,anisotropic
375,6.892228975041714e-12,0.016010001301765442,0.9933072328567505,0.9933072328567505,0.9933071732521057,0.0,-1.3747118406733788e-13,1.0529733552103182e-13,-2.4700878346298367e-16,3.506290767576808e-15,6.362697911946325e-13,-0.00013747118646278977,0.00010529733845032752,0.0006362698040902615,3.8991580760489144e-08,0.0,0.0,0.0,0.0,0.0,0.0,anisotropic
376,6.892228975041714e-12,0.016010001301765442,0.9933072328567505,0.9933072328567505,0.9933071732521057,0.0,-1.3747118406733788e-13,1.0529733552103182e-13,-2.4700878346298367e-16,3.506290767576808e-15,6.362697911946325e-13,-0.00013747118646278977,0.00010529733845032752,0.0006362698040902615,3.9082213630066395e-08,0.0,0.0,0.0,0.0,0.0,0.0,anisotropic
377,6.892228975041714e-12,0.016010001301765442,0.9933072328567505,0.9933072328567505,0.9933071732521057,0.0,-1.3747118406733788e-13,1.0529733552103182e-13,-2.4700878346298367e-16,3.506290767576808e-15,6.362697911946325e-13,-0.00013747118646278977,0.00010529733845032752,0.0006362698040902615,3.917320852724072e-08,0.0,0.0,0.0,0.0,0.0,0.0,anisotropic
378,6.892228975041714e-12,0.016010001301765442,0.9933072328567505,0.9933072328567505,0.9933071732521057,0.0,-1.3747118406733788e-13,1.0529733552103182e-13,-2.4700878346298367e-16,3.506290767576808e-15,6.362697911946325e-13,-0.00013747118646278977,0.00010529733845032752,0.0006362698040902615,3.926388373295268e-08,1.8189894035458565e-12,5.960464477539063e-08,3.2927230386725626e-10,0.0,0.0,0.0,anisotropic
379,6.892228975041714e-12,0.016010001301765442,0.9933071732521057,0.9933072328567505,0.9933071732521057,3.2927727211529145e-10,-1.3747118406733788e-13,1.0529732196850466e-13,-2.4700878346298367e-16,3.5062905558185713e-15,6.362697369845238e-13,-0.00013747118646278977,0.00010529732389841229,0.0006362697458826005,3.935513391070197e-08,0.0,0.0,0.0,0.0,0.0,0.0,anisotropic
380,6.892228975041714e-12,0.016010001301765442,0.9933071732521057,0.9933072328567505,0.9933071732521057,3.2927727211529145e-10,-1.3747118406733788e-13,1.0529732196850466e-13,-2.4700878346298367e-16,3.5062905558185713e-15,6.362697369845238e-13,-0.00013747118646278977,0.00010529732389841229,0.0006362697458826005,3.944599547257512e-08,0.0,0.0,0.0,0.0,0.0,0.0,anisotropic
381,6.892228975041714e-12,0.016010001301765442,0.9933071732521057,0.9933072328567505,0.9933071732521057,3.2927727211529145e-10,-1.3747118406733788e-13,1.0529732196850466e-13,-2.4700878346298367e-16,3.5062905558185713e-15,6.362697369845238e-13,-0.00013747118646278977,0.00010529732389841229,0.0006362697458826005,3.953657063349703e-08,0.0,0.0,0.0,0.0,0.0,0.0,anisotropic
382,6.892228975041714e-12,0.016010001301765442,0.9933071732521057,0.9933072328567505,0.9933071732521057,3.2927727211529145e-10,-1.3747118406733788e-13,1.0529732196850466e-13,-2.4700878346298367e-16,3.5062905558185713e-15,6.362697369845238e-13,-0.00013747118646278977,0.00010529732389841229,0.0006362697458826005,3.962750701884424e-08,0.0,0.0,0.0,0.0,0.0,0.0,anisotropic
383,6.892228975041714e-12,0.016010001301765442,0.9933071732521057,0.9933072328567505,0.9933071732521057,3.2927727211529145e-10,-1.3747118406733788e-13,1.0529732196850466e-13,-2.4700878346298367e-16,3.5062905558185713e-15,6.362697369845238e-13,-0.00013747118646278977,0.00010529732389841229,0.0006362697458826005,3.971882784358801e-08,0.0,0.0,0.0,0.0,0.0,0.0,anisotropic
384,6.892228975041714e-12,0.016010001301765442,0.9933071732521057,0.9933072328567505,0.9933071732521057,3.2927727211529145e-10,-1.3747118406733788e-13,1.0529732196850466e-13,-2.4700878346298367e-16,3.5062905558185713e-15,6.362697369845238e-13,-0.00013747118646278977,0.00010529732389841229,0.0006362697458826005,3.981001604202814e-08,0.0,0.0,0.0,0.0,0.0,0.0,anisotropic
385,6.892228975041714e-12,0.016010001301765442,0.9933071732521057,0.9933072328567505,0.9933071732521057,3.2927727211529145e-10,-1.3747118406733788e-13,1.0529732196850466e-13,-2.4700878346298367e-16,3.5062905558185713e-15,6.362697369845238e-13,-0.00013747118646278977,0.00010529732389841229,0.0006362697458826005,3.9901204550415535e-08,0.0,0.0,0.0,0.0,0.0,0.0,anisotropic
386,6.892228975041714e-12,0.016010001301765442,0.9933071732521057,0.9933072328567505,0.9933071732521057,3.2927727211529145e-10,-1.3747118406733788e-13,1.0529732196850466e-13,-2.4700878346298367e-16,3.5062905558185713e-15,6.362697369845238e-13,-0.00013747118646278977,0.00010529732389841229,0.0006362697458826005,3.999196932815323e-08,0.0,0.0,0.0,0.0,0.0,0.0,anisotropic
387,6.892228975041714e-12,0.016010001301765442,0.9933071732521057,0.9933072328567505,0.9933071732521057,3.2927727211529145e-10,-1.3747118406733788e-13,1.0529732196850466e-13,-2.4700878346298367e-16,3.5062905558185713e-15,6.362697369845238e-13,-0.00013747118646278977,0.00010529732389841229,0.0006362697458826005,4.008334459387586e-08,0.0,0.0,0.0,0.0,0.0,0.0,anisotropic
388,6.892228975041714e-12,0.016010001301765442,0.9933071732521057,0.9933072328567505,0.9933071732521057,3.2927727211529145e-10,-1.3747118406733788e-13,1.0529732196850466e-13,-2.4700878346298367e-16,3.5062905558185713e-15,6.362697369845238e-13,-0.00013747118646278977,0.00010529732389841229,0.0006362697458826005,4.017439883568948e-08,0.0,0.0,0.0,0.0,0.0,0.0,anisotropic
389,6.892228975041714e-12,0.016010001301765442,0.9933071732521057,0.9933072328567505,0.9933071732521057,3.2927727211529145e-10,-1.3747118406733788e-13,1.0529732196850466e-13,-2.4700878346298367e-16,3.5062905558185713e-15,6.362697369845238e-13,-0.00013747118646278977,0.00010529732389841229,0.0006362697458826005,4.0265879664311075e-08,0.0,0.0,0.0,0.0,0.0,0.0,anisotropic
390,6.892228975041714e-12,0.016010001301765442,0.9933071732521057,0.9933072328567505,0.9933071732521057,3.2927727211529145e-10,-1.3747118406733788e-13,1.0529732196850466e-13,-2.4700878346298367e-16,3.5062905558185713e-15,6.362697369845238e-13,-0.00013747118646278977,0.00010529732389841229,0.0006362697458826005,4.035721931023903e-08,0.0,0.0,0.0,0.0,0.0,0.0,anisotropic
391,6.892228975041714e-12,0.016010001301765442,0.9933071732521057,0.9933072328567505,0.9933071732521057,3.2927727211529145e-10,-1.3747118406733788e-13,1.0529732196850466e-13,-2.4700878346298367e-16,3.5062905558185713e-15,6.362697369845238e-13,-0.00013747118646278977,0.00010529732389841229,0.0006362697458826005,4.0448270116730854e-08,0.0,0.0,0.0,0.0,0.0,0.0,anisotropic
392,6.892228975041714e-12,0.016010001301765442,0.9933071732521057,0.9933072328567505,0.9933071732521057,3.2927727211529145e-10,-1.3747118406733788e-13,1.0529732196850466e-13,-2.4700878346298367e-16,3.5062905558185713e-15,6.362697369845238e-13,-0.00013747118646278977,0.00010529732389841229,0.0006362697458826005,4.053946763305346e-08,0.0,0.0,0.0,0.0,0.0,0.0,anisotropic
393,6.892228975041714e-12,0.016010001301765442,0.9933071732521057,0.9933072328567505,0.9933071732521057,3.2927727211529145e-10,-1.3747118406733788e-13,1.0529732196850466e-13,-2.4700878346298367e-16,3.5062905558185713e-15,6.362697369845238e-13,-0.00013747118646278977,0.00010529732389841229,0.0006362697458826005,4.063090416986081e-08,0.0,0.0,0.0,0.0,0.0,0.0,anisotropic
394,6.892228975041714e-12,0.016010001301765442,0.9933071732521057,0.9933072328567505,0.9933071732521057,3.2927727211529145e-10,-1.3747118406733788e-13,1.0529732196850466e-13,-2.4700878346298367e-16,3.5062905558185713e-15,6.362697369845238e-13,-0.00013747118646278977,0.00010529732389841229,0.0006362697458826005,4.072249942197883e-08,0.0,0.0,0.0,0.0,0.0,0.0,anisotropic
395,6.892228975041714e-12,0.016010001301765442,0.9933071732521057,0.9933072328567505,0.9933071732521057,3.2927727211529145e-10,-1.3747118406733788e-13,1.0529732196850466e-13,-2.4700878346298367e-16,3.5062905558185713e-15,6.362697369845238e-13,-0.00013747118646278977,0.00010529732389841229,0.0006362697458826005,4.081429083417115e-08,0.0,0.0,0.0,0.0,0.0,0.0,anisotropic
396,6.892228975041714e-12,0.016010001301765442,0.9933071732521057,0.9933072328567505,0.9933071732521057,3.2927727211529145e-10,-1.3747118406733788e-13,1.0529732196850466e-13,-2.4700878346298367e-16,3.5062905558185713e-15,6.362697369845238e-13,-0.00013747118646278977,0.00010529732389841229,0.0006362697458826005,4.090592472501101e-08,0.0,0.0,0.0,0.0,0.0,0.0,anisotropic
397,6.892228975041714e-12,0.016010001301765442,0.9933071732521057,0.9933072328567505,0.9933071732521057,3.2927727211529145e-10,-1.3747118406733788e-13,1.0529732196850466e-13,-2.4700878346298367e-16,3.5062905558185713e-15,6.362697369845238e-13,-0.00013747118646278977,0.00010529732389841229,0.0006362697458826005,4.099762135513943e-08,0.0,0.0,0.0,0.0,0.0,0.0,anisotropic
398,6.892228975041714e-12,0.016010001301765442,0.9933071732521057,0.9933072328567505,0.9933071732521057,3.2927727211529145e-10,-1.3747118406733788e-13,1.0529732196850466e-13,-2.4700878346298367e-16,3.5062905558185713e-15,6.362697369845238e-13,-0.00013747118646278977,0.00010529732389841229,0.0006362697458826005,4.108911286811238e-08,1.8189894035458565e-12,5.960464477539063e-08,3.2927230386725626e-10,0.0,0.0,0.0,anisotropic
399,6.892228107679976e-12,0.016010001301765442,0.9933071732521057,0.9933072328567505,0.9933071732521057,4.656683927350969e-10,-1.3747119761986504e-13,1.0529733552103182e-13,-2.4700873052342447e-16,3.5062905558185713e-15,6.362697369845238e-13,-0.000137471201014705,0.00010529733845032752,0.0006362697458826005,4.118161831415148e-08,0.0,0.0,0.0,0.0,0.0,0.0,anisotropic
400,6.892228107679976e-12,0.016010001301765442,0.9933071732521057,0.9933072328567505,0.9933071732521057,4.656683927350969e-10,-1.3747119761986504e-13,1.0529733552103182e-13,-2.4700873052342447e-16,3.5062905558185713e-15,6.362697369845238e-13,-0.000137471201014705,0.00010529733845032752,0.0006362697458826005,4.127347325346596e-08,0.0,0.0,0.0,0.0,0.0,0.0,anisotropic
401,6.892228107679976e-12,0.016010001301765442,0.9933071732521057,0.9933072328567505,0.9933071732521057,4.656683927350969e-10,-1.3747119761986504e-13,1.0529733552103182e-13,-2.4700873052342447e-16,3.5062905558185713e-15,6.362697369845238e-13,-0.000137471201014705,0.00010529733845032752,0.0006362697458826005,4.136476449203813e-08,0.0,0.0,0.0,0.0,0.0,0.0,anisotropic
402,6.892228107679976e-12,0.016010001301765442,0.9933071732521057,0.9933072328567505,0.9933071732521057,4.656683927350969e-10,-1.3747119761986504e-13,1.0529733552103182e-13,-2.4700873052342447e-16,3.5062905558185713e-15,6.362697369845238e-13,-0.000137471201014705,0.00010529733845032752,0.0006362697458826005,4.145669901570185e-08,0.0,0.0,0.0,0.0,0.0,0.0,anisotropic
403,6.892228107679976e-12,0.016010001301765442,0.9933071732521057,0.9933072328567505,0.9933071732521057,4.656683927350969e-10,-1.3747119761986504e-13,1.0529733552103182e-13,-2.4700873052342447e-16,3.5062905558185713e-15,6.362697369845238e-13,-0.000137471201014705,0.00010529733845032752,0.0006362697458826005,4.154873153300244e-08,0.0,0.0,0.0,0.0,0.0,0.0,anisotropic
404,6.892228107679976e-12,0.016010001301765442,0.9933071732521057,0.9933072328567505,0.9933071732521057,4.656683927350969e-10,-1.3747119761986504e-13,1.0529733552103182e-13,-2.4700873052342447e-16,3.5062905558185713e-15,6.362697369845238e-13,-0.000137471201014705,0.00010529733845032752,0.0006362697458826005,4.164062080993986e-08,1.8189894035458565e-12,5.960464477539063e-08,3.2927230386725626e-10,0.0,0.0,0.0,anisotropic
405,6.892228107679976e-12,0.016010001301765442,0.9933071732521057,0.9933072328567505,0.9933071732521057,5.70324953930168e-10,-1.374712111723922e-13,1.0529730841597751e-13,-2.4700878346298367e-16,3.506290767576808e-15,6.362697369845238e-13,-0.00013747121556662023,0.00010529730934649706,0.0006362697458826005,4.173294968044366e-08,0.0,0.0,0.0,0.0,0.0,0.0,anisotropic
406,6.892228107679976e-12,0.016010001301765442,0.9933071732521057,0.9933072328567505,0.9933071732521057,5.70324953930168e-10,-1.374712111723922e-13,1.0529730841597751e-13,-2.4700878346298367e-16,3.506290767576808e-15,6.362697369845238e-13,-0.00013747121556662023,0.00010529730934649706,0.0006362697458826005,4.1825081915412867e-08,0.0,0.0,0.0,0.0,0.0,0.0,anisotropic
407,6.892228107679976e-12,0.016010001301765442,0.9933071732521057,0.9933072328567505,0.9933071732521057,5.70324953930168e-10,-1.374712111723922e-13,1.0529730841597751e-13,-2.4700878346298367e-16,3.506290767576808e-15,6.362697369845238e-13,-0.00013747121556662023,0.00010529730934649706,0.0006362697458826005,4.191722369070324e-08,0.0,0.0,0.0,0.0,0.0,0.0,anisotropic
408,6.892228107679976e-12,0.016010001301765442,0.9933071732521057,0.9933072328567505,0.9933071732521057,5.70324953930168e-10,-1.374712111723922e-13,1.0529730841597751e-13,-2.4700878346298367e-16,3.506290767576808e-15,6.362697369845238e-13,-0.00013747121556662023,0.00010529730934649706,0.0006362697458826005,4.2009618716659596e-08,0.0,0.0,0.0,0.0,0.0,0.0,anisotropic
409,6.892228107679976e-12,0.016010001301765442,0.9933071732521057,0.9933072328567505,0.9933071732521057,5.70324953930168e-10,-1.374712111723922e-13,1.0529730841597751e-13,-2.4700878346298367e-16,3.506290767576808e-15,6.362697369845238e-13,-0.00013747121556662023,0.00010529730934649706,0.0006362697458826005,4.210114336700105e-08,0.0,0.0,0.0,0.0,0.0,0.0,anisotropic
410,6.892228107679976e-12,0.016010001301765442,0.9933071732521057,0.9933072328567505,0.9933071732521057,5.70324953930168e-10,-1.374712111723922e-13,1.0529730841597751e-13,-2.4700878346298367e-16,3.506290767576808e-15,6.362697369845238e-13,-0.00013747121556662023,0.00010529730934649706,0.0006362697458826005,4.219330929626637e-08,0.0,0.0,0.0,0.0,0.0,0.0,anisotropic
411,6.892228107679976e-12,0.016010001301765442,0.9933071732521057,0.9933072328567505,0.9933071732521057,5.70324953930168e-10,-1.374712111723922e-13,1.0529730841597751e-13,-2.4700878346298367e-16,3.506290767576808e-15,6.362697369845238e-13,-0.00013747121556662023,0.00010529730934649706,0.0006362697458826005,4.228573050519452e-08,0.0,0.0,0.0,0.0,0.0,0.0,anisotropic
412,6.892228107679976e-12,0.016010001301765442,0.9933071732521057,0.9933072328567505,0.9933071732521057,5.70324953930168e-10,-1.374712111723922e-13,1.0529730841597751e-13,-2.4700878346298367e-16,3.506290767576808e-15,6.362697369845238e-13,-0.00013747121556662023,0.00010529730934649706,0.0006362697458826005,4.23780293185951e-08,0.0,0.0,0.0,0.0,0.0,0.0,anisotropic
413,6.892228107679976e-12,0.016010001301765442,0.9933071732521057,0.9933072328567505,0.9933071732521057,5.70324953930168e-10,-1.374712111723922e-13,1.0529730841597751e-13,-2.4700878346298367e-16,3.506290767576808e-15,6.362697369845238e-13,-0.00013747121556662023,0.00010529730934649706,0.0006362697458826005,4.2470246113536284e-08,0.0,0.0,0.0,0.0,0.0,0.0,anisotropic
414,6.892228107679976e-12,0.016010001301765442,0.9933071732521057,0.9933072328567505,0.9933071732521057,5.70324953930168e-10,-1.374712111723922e-13,1.0529730841597751e-13,-2.4700878346298367e-16,3.506290767576808e-15,6.362697369845238e-13,-0.00013747121556662023,0.00010529730934649706,0.0006362697458826005,4.2562419274931885e-08,0.0,0.0,0.0,0.0,0.0,0.0,anisotropic
415,6.892228107679976e-12,0.016010001301765442,0.9933071732521057,0.9933072328567505,0.9933071732521057,5.70324953930168e-10,-1.374712111723922e-13,1.0529730841597751e-13,-2.4700878346298367e-16,3.506290767576808e-15,6.362697369845238e-13,-0.00013747121556662023,0.00010529730934649706,0.0006362697458826005,4.2654867638132376e-08,0.0,0.0,0.0,0.0,0.0,0.0,anisotropic
416,6.892228107679976e-12,0.016010001301765442,0.9933071732521057,0.9933072328567505,0.9933071732521057,5.70324953930168e-10,-1.374712111723922e-13,1.0529730841597751e-13,-2.4700878346298367e-16,3.506290767576808e-15,6.362697369845238e-13,-0.00013747121556662023,0.00010529730934649706,0.0006362697458826005,4.274750213178939e-08,0.0,0.0,0.0,0.0,0.0,0.0,anisotropic
417,6.892228107679976e-12,0.016010001301765442,0.9933071732521057,0.9933072328567505,0.9933071732521057,5.70324953930168e-10,-1.374712111723922e-13,1.0529730841597751e-13,-2.4700878346298367e-16,3.506290767576808e-15,6.362697369845238e-13,-0.00013747121556662023,0.00010529730934649706,0.0006362697458826005,4.2840150328395885e-08,0.0,0.0,0.0,0.0,0.0,0.0,anisotropic
418,6.892228107679976e-12,0.016010001301765442,0.9933071732521057,0.9933072328567505,0.9933071732521057,5.70324953930168e-10,-1.374712111723922e-13,1.0529730841597751e-13,-2.4700878346298367e-16,3.506290767576808e-15,6.362697369845238e-13,-0.00013747121556662023,0.00010529730934649706,0.0006362697458826005,4.293264042855656e-08,0.0,0.0,0.0,0.0,0.0,0.0,anisotropic
419,6.892228107679976e-12,0.016010001301765442,0.9933071732521057,0.9933072328567505,0.9933071732521057,5.70324953930168e-10,-1.374712111723922e-13,1.0529730841597751e-13,-2.4700878346298367e-16,3.506290767576808e-15,6.362697369845238e-13,-0.00013747121556662023,0.00010529730934649706,0.0006362697458826005,4.3025353373241945e-08,0.0,0.0,0.0,0.0,0.0,0.0,anisotropic
420,6.892228107679976e-12,0.016010001301765442,0.9933071732521057,0.9933072328567505,0.9933071732521057,5.70324953930168e-10,-1.374712111723922e-13,1.0529730841597751e-13,-2.4700878346298367e-16,3.506290767576808e-15,6.362697369845238e-13,-0.00013747121556662023,0.00010529730934649706,0.0006362697458826005,4.3118169447141196e-08,0.0,0.0,0.0,0.0,0.0,0.0,anisotropic
421,6.892228107679976e-12,0.016010001301765442,0.9933071732521057,0.9933072328567505,0.9933071732521057,5.70324953930168e-10,-1.374712111723922e-13,1.0529730841597751e-13,-2.4700878346298367e-16,3.506290767576808e-15,6.362697369845238e-13,-0.00013747121556662023,0.00010529730934649706,0.0006362697458826005,4.32108332457932e-08,0.0,0.0,0.0,0.0,0.0,0.0,anisotropic
422,6.892228107679976e-12,0.016010001301765442,0.9933071732521057,0.9933072328567505,0.9933071732521057,5.70324953930168e-10,-1.374712111723922e-13,1.0529730841597751e-13,-2.4700878346298367e-16,3.506290767576808e-15,6.362697369845238e-13,-0.00013747121556662023,0.00010529730934649706,0.0006362697458826005,4.330289152431015e-08,0.0,0.0,0.0,0.0,0.0,0.0,anisotropic
423,6.892228107679976e-12,0.016010001301765442,0.9933071732521057,0.9933072328567505,0.9933071732521057,5.70324953930168e-10,-1.374712111723922e-13,1.0529730841597751e-13,-2.4700878346298367e-16,3.506290767576808e-15,6.362697369845238e-13,-0.00013747121556662023,0.00010529730934649706,0.0006362697458826005,4.3395835238005204e-08,0.0,0.0,0.0,0.0,0.0,0.0,anisotropic
424,6.892228107679976e-12,0.016010001301765442,0.9933071732521057,0.9933072328567505,0.9933071732521057,5.70324953930168e-10,-1.374712111723922e-13,1.0529730841597751e-13,-2.4700878346298367e-16,3.506290767576808e-15,6.362697369845238e-13,-0.00013747121556662023,0.00010529730934649706,0.0006362697458826005,4.348874720808847e-08,1.8189894035458565e-12,5.960464477539063e-08,3.2927230386725626e-10,0.0,0.0,0.0,anisotropic
425,6.892228975041714e-12,0.016010001301765442,0.9933071732521057,0.9933072328567505,0.9933071732521057,6.585545442305829e-10,-1.3747117051481073e-13,1.052973422972954e-13,-2.4700873052342447e-16,3.5062905558185713e-15,6.362697369845238e-13,-0.00013747117191087455,0.00010529734572628513,0.0006362697458826005,4.358104056904116e-08,0.0,0.0,0.0,0.0,0.0,0.0,anisotropic
426,6.892228975041714e-12,0.016010001301765442,0.9933071732521057,0.9933072328567505,0.9933071732521057,6.585545442305829e-10,-1.3747117051481073e-13,1.052973422972954e-13,-2.4700873052342447e-16,3.5062905558185713e-15,6.362697369845238e-13,-0.00013747117191087455,0.00010529734572628513,0.0006362697458826005,4.367388686274103e-08,0.0,0.0,0.0,0.0,0.0,0.0,anisotropic
427,6.892228975041714e-12,0.016010001301765442,0.9933071732521057,0.9933072328567505,0.9933071732521057,6.585545442305829e-10,-1.3747117051481073e-13,1.052973422972954e-13,-2.4700873052342447e-16,3.5062905558185713e-15,6.362697369845238e-13,-0.00013747117191087455,0.00010529734572628513,0.0006362697458826005,4.3767061549755214e-08,1.8189894035458565e-12,5.960464477539063e-08,3.2927230386725626e-10,0.0,0.0,0.0,anisotropic
428,6.892228975041714e-12,0.016010001301765442,0.9933071732521057,0.9933072328567505,0.9933071732521057,7.362863652105034e-10,-1.3747115696228357e-13,1.0529735584982255e-13,-2.4700873052342447e-16,3.5062905558185713e-15,6.362697369845238e-13,-0.00013747115735895932,0.00010529735300224274,0.0006362697458826005,4.385970875642915e-08,0.0,0.0,0.0,0.0,0.0,0.0,anisotropic
429,6.892228975041714e-12,0.016010001301765442,0.9933071732521057,0.9933072328567505,0.9933071732521057,7.362863652105034e-10,-1.3747115696228357e-13,1.0529735584982255e-13,-2.4700873052342447e-16,3.5062905558185713e-15,6.362697369845238e-13,-0.00013747115735895932,0.00010529735300224274,0.0006362697458826005,4.3952672110594866e-08,0.0,0.0,0.0,0.0,0.0,0.0,anisotropic
430,6.892228975041714e-12,0.016010001301765442,0.9933071732521057,0.9933072328567505,0.9933071732521057,7.362863652105034e-10,-1.3747115696228357e-13,1.0529735584982255e-13,-2.4700873052342447e-16,3.5062905558185713e-15,6.362697369845238e-13,-0.00013747115735895932,0.00010529735300224274,0.0006362697458826005,4.404577856087722e-08,0.0,0.0,0.0,0.0,0.0,0.0,anisotropic
431,6.892228975041714e-12,0.016010001301765442,0.9933071732521057,0.9933072328567505,0.9933071732521057,7.362863652105034e-10,-1.3747115696228357e-13,1.0529735584982255e-13,-2.4700873052342447e-16,3.5062905558185713e-15,6.362697369845238e-13,-0.00013747115735895932,0.00010529735300224274,0.0006362697458826005,4.413910532569894e-08,0.0,0.0,0.0,0.0,0.0,0.0,anisotropic
432,6.892228975041714e-12,0.016010001301765442,0.9933071732521057,0.9933072328567505,0.9933071732521057,7.362863652105034e-10,-1.3747115696228357e-13,1.0529735584982255e-13,-2.4700873052342447e-16,3.5062905558185713e-15,6.362697369845238e-13,-0.00013747115735895932,0.00010529735300224274,0.0006362697458826005,4.423234977887553e-08,0.0,0.0,0.0,0.0,0.0,0.0,anisotropic
433,6.892228975041714e-12,0.016010001301765442,0.9933071732521057,0.9933072328567505,0.9933071732521057,7.362863652105034e-10,-1.3747115696228357e-13,1.0529735584982255e-13,-2.4700873052342447e-16,3.5062905558185713e-15,6.362697369845238e-13,-0.00013747115735895932,0.00010529735300224274,0.0006362697458826005,4.4325382658037355e-08,0.0,0.0,0.0,0.0,0.0,0.0,anisotropic
434,6.892228975041714e-12,0.016010001301765442,0.9933071732521057,0.9933072328567505,0.9933071732521057,7.362863652105034e-10,-1.3747115696228357e-13,1.0529735584982255e-13,-2.4700873052342447e-16,3.5062905558185713e-15,6.362697369845238e-13,-0.00013747115735895932,0.00010529735300224274,0.0006362697458826005,4.441904337285555e-08,0.0,0.0,0.0,0.0,0.0,0.0,anisotropic
435,6.892228975041714e-12,0.016010001301765442,0.9933071732521057,0.9933072328567505,0.9933071732521057,7.362863652105034e-10,-1.3747115696228357e-13,1.0529735584982255e-13,-2.4700873052342447e-16,3.5062905558185713e-15,6.362697369845238e-13,-0.00013747115735895932,0.00010529735300224274,0.0006362697458826005,4.451214643071143e-08,0.0,0.0,0.0,0.0,0.0,0.0,anisotropic
436,6.892228975041714e-12,0.016010001301765442,0.9933071732521057,0.9933072328567505,0.9933071732521057,7.362863652105034e-10,-1.3747115696228357e-13,1.0529735584982255e-13,-2.4700873052342447e-16,3.5062905558185713e-15,6.362697369845238e-13,-0.00013747115735895932,0.00010529735300224274,0.0006362697458826005,4.460529172306377e-08,0.0,0.0,0.0,0.0,0.0,0.0,anisotropic
437,6.892228975041714e-12,0.016010001301765442,0.9933071732521057,0.9933072328567505,0.9933071732521057,7.362863652105034e-10,-1.3747115696228357e-13,1.0529735584982255e-13,-2.4700873052342447e-16,3.5062905558185713e-15,6.362697369845238e-13,-0.00013747115735895932,0.00010529735300224274,0.0006362697458826005,4.4698598547039255e-08,0.0,0.0,0.0,0.0,0.0,0.0,anisotropic
438,6.892228975041714e-12,0.016010001301765442,0.9933071732521057,0.9933072328567505,0.9933071732521057,7.362863652105034e-10,-1.3747115696228357e-13,1.0529735584982255e-13,-2.4700873052342447e-16,3.5062905558185713e-15,6.362697369845238e-13,-0.00013747115735895932,0.00010529735300224274,0.0006362697458826005,4.4792163159482835e-08,0.0,0.0,0.0,0.0,0.0,0.0,anisotropic
439,6.892228975041714e-12,0.016010001301765442,0.9933071732521057,0.9933072328567505,0.9933071732521057,7.362863652105034e-10,-1.3747115696228357e-13,1.0529735584982255e-13,-2.4700873052342447e-16,3.5062905558185713e-15,6.362697369845238e-13,-0.00013747115735895932,0.00010529735300224274,0.0006362697458826005,4.488564785657409e-08,0.0,0.0,0.0,0.0,0.0,0.0,anisotropic
440,6.892228975041714e-12,0.016010001301765442,0.9933071732521057,0.9933072328567505,0.9933071732521057,7.362863652105034e-10,-1.3747115696228357e-13,1.0529735584982255e-13,-2.4700873052342447e-16,3.5062905558185713e-15,6.362697369845238e-13,-0.00013747115735895932,0.00010529735300224274,0.0006362697458826005,4.4979184828145536e-08,0.0,0.0,0.0,0.0,0.0,0.0,anisotropic
441,6.892228975041714e-12,0.016010001301765442,0.9933071732521057,0.9933072328567505,0.9933071732521057,7.362863652105034e-10,-1.3747115696228357e-13,1.0529735584982255e-13,-2.4700873052342447e-16,3.5062905558185713e-15,6.362697369845238e-13,-0.00013747115735895932,0.00010529735300224274,0.0006362697458826005,4.507265985792825e-08,0.0,0.0,0.0,0.0,0.0,0.0,anisotropic
442,6.892228975041714e-12,0.016010001301765442,0.9933071732521057,0.9933072328567505,0.9933071732521057,7.362863652105034e-10,-1.3747115696228357e-13,1.0529735584982255e-13,-2.4700873052342447e-16,3.5062905558185713e-15,6.362697369845238e-13,-0.00013747115735895932,0.00010529735300224274,0.0006362697458826005,4.5166372554904805e-08,0.0,0.0,0.0,0.0,0.0,0.0,anisotropic
443,6.892228975041714e-12,0.016010001301765442,0.9933071732521057,0.9933072328567505,0.9933071732521057,7.362863652105034e-10,-1.3747115696228357e-13,1.0529735584982255e-13,-2.4700873052342447e-16,3.5062905558185713e-15,6.362697369845238e-13,-0.00013747115735895932,0.00010529735300224274,0.0006362697458826005,4.525998431305818e-08,0.0,0.0,0.0,0.0,0.0,0.0,anisotropic
444,6.892228975041714e-12,0.016010001301765442,0.9933071732521057,0.9933072328567505,0.9933071732521057,7.362863652105034e-10,-1.3747115696228357e-13,1.0529735584982255e-13,-2.4700873052342447e-16,3.5062905558185713e-15,6.362697369845238e-13,-0.00013747115735895932,0.00010529735300224274,0.0006362697458826005,4.535369877426934e-08,0.0,0.0,0.0,0.0,0.0,0.0,anisotropic
445,6.892228975041714e-12,0.016010001301765442,0.9933071732521057,0.9933072328567505,0.9933071732521057,7.362863652105034e-10,-1.3747115696228357e-13,1.0529735584982255e-13,-2.4700873052342447e-16,3.5062905558185713e-15,6.362697369845238e-13,-0.00013747115735895932,0.00010529735300224274,0.0006362697458826005,4.544716154226282e-08,0.0,0.0,0.0,0.0,0.0,0.0,anisotropic
446,6.892228975041714e-12,0.016010001301765442,0.9933071732521057,0.9933072328567505,0.9933071732521057,7.362863652105034e-10,-1.3747115696228357e-13,1.0529735584982255e-13,-2.4700873052342447e-16,3.5062905558185713e-15,6.362697369845238e-13,-0.00013747115735895932,0.00010529735300224274,0.0006362697458826005,4.554090908522265e-08,0.0,0.0,0.0,0.0,0.0,0.0,anisotropic
447,6.892228975041714e-12,0.016010001301765442,0.9933071732521057,0.9933072328567505,0.9933071732521057,7.362863652105034e-10,-1.3747115696228357e-13,1.0529735584982255e-13,-2.4700873052342447e-16,3.5062905558185713e-15,6.362697369845238e-13,-0.00013747115735895932,0.00010529735300224274,0.0006362697458826005,4.563485148079153e-08,0.0,0.0,0.0,0.0,0.0,0.0,anisotropic
448,6.892228975041714e-12,0.016010001301765442,0.9933071732521057,0.9933072328567505,0.9933071732521057,7.362863652105034e-10,-1.3747115696228357e-13,1.0529735584982255e-13,-2.4700873052342447e-16,3.5062905558185713e-15,6.362697369845238e-13,-0.00013747115735895932,0.00010529735300224274,0.0006362697458826005,4.5728439238536974e-08,0.0,0.0,0.0,0.0,0.0,0.0,anisotropic
449,6.892228975041714e-12,0.016010001301765442,0.9933071732521057,0.9933072328567505,0.9933071732521057,7.362863652105034e-10,-1.3747115696228357e-13,1.0529735584982255e-13,-2.4700873052342447e-16,3.5062905558185713e-15,6.362697369845238e-13,-0.00013747115735895932,0.00010529735300224274,0.0006362697458826005,4.5822525745782695e-08,0.0,0.0,0.0,0.0,0.0,0.0,anisotropic
450,6.892228975041714e-12,0.016010001301765442,0.9933071732521057,0.9933072328567505,0.9933071732521057,7.362863652105034e-10,-1.3747115696228357e-13,1.0529735584982255e-13,-2.4700873052342447e-16,3.5062905558185713e-15,6.362697369845238e-13,-0.00013747115735895932,0.00010529735300224274,0.0006362697458826005,4.591635636629469e-08,0.0,0.0,0.0,0.0,0.0,0.0,anisotropic
451,6.892228975041714e-12,0.016010001301765442,0.9933071732521057,0.9933072328567505,0.9933071732521057,7.362863652105034e-10,-1.3747115696228357e-13,1.0529735584982255e-13,-2.4700873052342447e-16,3.5062905558185713e-15,6.362697369845238e-13,-0.00013747115735895932,0.00010529735300224274,0.0006362697458826005,4.601028215722124e-08,0.0,0.0,0.0,0.0,0.0,0.0,anisotropic
452,6.892228975041714e-12,0.016010001301765442,0.9933071732521057,0.9933072328567505,0.9933071732521057,7.362863652105034e-10,-1.3747115696228357e-13,1.0529735584982255e-13,-2.4700873052342447e-16,3.5062905558185713e-15,6.362697369845238e-13,-0.00013747115735895932,0.00010529735300224274,0.0006362697458826005,4.6104571864429224e-08,0.0,0.0,0.0,0.0,0.0,0.0,anisotropic
453,6.892228975041714e-12,0.016010001301765442,0.9933071732521057,0.9933072328567505,0.9933071732521057,7.362863652105034e-10,-1.3747115696228357e-13,1.0529735584982255e-13,-2.4700873052342447e-16,3.5062905558185713e-15,6.362697369845238e-13,-0.00013747115735895932,0.00010529735300224274,0.0006362697458826005,4.619854185450526e-08,0.0,0.0,0.0,0.0,0.0,0.0,anisotropic
454,6.892228975041714e-12,0.016010001301765442,0.9933071732521057,0.9933072328567505,0.9933071732521057,7.362863652105034e-10,-1.3747115696228357e-13,1.0529735584982255e-13,-2.4700873052342447e-16,3.5062905558185713e-15,6.362697369845238e-13,-0.00013747115735895932,0.00010529735300224274,0.0006362697458826005,4.629195274066258e-08,0.0,0.0,0.0,0.0,0.0,0.0,anisotropic
455,6.892228975041714e-12,0.016010001301765442,0.9933071732521057,0.9933072328567505,0.9933071732521057,7.362863652105034e-10,-1.3747115696228357e-13,1.0529735584982255e-13,-2.4700873052342447e-16,3.5062905558185713e-15,6.362697369845238e-13,-0.00013747115735895932,0.00010529735300224274,0.0006362697458826005,4.638589487706582e-08,0.0,0.0,0.0,0.0,0.0,0.0,anisotropic
456,6.892228975041714e-12,0.016010001301765442,0.9933071732521057,0.9933072328567505,0.9933071732521057,7.362863652105034e-10,-1.3747115696228357e-13,1.0529735584982255e-13,-2.4700873052342447e-16,3.5062905558185713e-15,6.362697369845238e-13,-0.00013747115735895932,0.00010529735300224274,0.0006362697458826005,4.6479794382979817e-08,0.0,0.0,0.0,0.0,0.0,0.0,anisotropic
457,6.892228975041714e-12,0.016010001301765442,0.9933071732521057,0.9933072328567505,0.9933071732521057,7.362863652105034e-10,-1.3747115696228357e-13,1.0529735584982255e-13,-2.4700873052342447e-16,3.5062905558185713e-15,6.362697369845238e-13,-0.00013747115735895932,0.00010529735300224274,0.0006362697458826005,4.657423999128219e-08,0.0,0.0,0.0,0.0,0.0,0.0,anisotropic
458,6.892228975041714e-12,0.016010001301765442,0.9933071732521057,0.9933072328567505,0.9933071732521057,7.362863652105034e-10,-1.3747115696228357e-13,1.0529735584982255e-13,-2.4700873052342447e-16,3.5062905558185713e-15,6.362697369845238e-13,-0.00013747115735895932,0.00010529735300224274,0.0006362697458826005,4.6668488642706546e-08,0.0,0.0,0.0,0.0,0.0,0.0,anisotropic
459,6.892228975041714e-12,0.016010001301765442,0.9933071732521057,0.9933072328567505,0.9933071732521057,7.362863652105034e-10,-1.3747115696228357e-13,1.0529735584982255e-13,-2.4700873052342447e-16,3.5062905558185713e-15,6.362697369845238e-13,-0.00013747115735895932,0.00010529735300224274,0.0006362697458826005,4.676281963358248e-08,0.0,0.0,0.0,0.0,0.0,0.0,anisotropic
460,6.892228975041714e-12,0.016010001301765442,0.9933071732521057,0.9933072328567505,0.9933071732521057,7.362863652105034e-10,-1.3747115696228357e-13,1.0529735584982255e-13,-2.4700873052342447e-16,3.5062905558185713e-15,6.362697369845238e-13,-0.00013747115735895932,0.00010529735300224274,0.0006362697458826005,4.6857235255315714e-08,0.0,0.0,0.0,0.0,0.0,0.0,anisotropic
461,6.892228975041714e-12,0.016010001301765442,0.9933071732521057,0.9933072328567505,0.9933071732521057,7.362863652105034e-10,-1.3747115696228357e-13,1.0529735584982255e-13,-2.4700873052342447e-16,3.5062905558185713e-15,6.362697369845238e-13,-0.00013747115735895932,0.00010529735300224274,0.0006362697458826005,4.6951671475616015e-08,0.0,0.0,0.0,0.0,0.0,0.0,anisotropic
462,6.892228975041714e-12,0.016010001301765442,0.9933071732521057,0.9933072328567505,0.9933071732521057,7.362863652105034e-10,-1.3747115696228357e-13,1.0529735584982255e-13,-2.4700873052342447e-16,3.5062905558185713e-15,6.362697369845238e-13,-0.00013747115735895932,0.00010529735300224274,0.0006362697458826005,4.7046426524005134e-08,0.0,0.0,0.0,0.0,0.0,0.0,anisotropic
463,6.892228975041714e-12,0.016010001301765442,0.9933071732521057,0.9933072328567505,0.9933071732521057,7.362863652105034e-10,-1.3747115696228357e-13,1.0529735584982255e-13,-2.4700873052342447e-16,3.5062905558185713e-15,6.362697369845238e-13,-0.00013747115735895932,0.00010529735300224274,0.0006362697458826005,4.71405309876994e-08,0.0,0.0,0.0,0.0,0.0,0.0,anisotropic
464,6.892228975041714e-12,0.016010001301765442,0.9933071732521057,0.9933072328567505,0.9933071732521057,7.362863652105034e-10,-1.3747115696228357e-13,1.0529735584982255e-13,-2.4700873052342447e-16,3.5062905558185713e-15,6.362697369845238e-13,-0.00013747115735895932,0.00010529735300224274,0.0006362697458826005,4.723508820511913e-08,0.0,0.0,0.0,0.0,0.0,0.0,anisotropic
465,6.892228975041714e-12,0.016010001301765442,0.9933071732521057,0.9933072328567505,0.9933071732521057,7.362863652105034e-10,-1.3747115696228357e-13,1.0529735584982255e-13,-2.4700873052342447e-16,3.5062905558185713e-15,6.362697369845238e-13,-0.00013747115735895932,0.00010529735300224274,0.0006362697458826005,4.732912803366178e-08,1.8189894035458565e-12,5.960464477539063e-08,3.2927230386725626e-10,0.0,0.0,0.0,anisotropic
466,6.892228975041714e-12,0.016010001301765442,0.9933071732521057,0.9933072328567505,0.9933071732521057,8.065613177343778e-10,-1.3747119761986504e-13,1.0529733552103182e-13,-2.4700878346298367e-16,3.5062905558185713e-15,6.362697369845238e-13,-0.000137471201014705,0.00010529733845032752,0.0006362697458826005,4.742256324146884e-08,0.0,0.0,0.0,0.0,0.0,0.0,anisotropic
467,6.892228975041714e-12,0.016010001301765442,0.9933071732521057,0.9933072328567505,0.9933071732521057,8.065613177343778e-10,-1.3747119761986504e-13,1.0529733552103182e-13,-2.4700878346298367e-16,3.5062905558185713e-15,6.362697369845238e-13,-0.000137471201014705,0.00010529733845032752,0.0006362697458826005,4.751719164096721e-08,0.0,0.0,0.0,0.0,0.0,0.0,anisotropic
468,6.892228975041714e-12,0.016010001301765442,0.9933071732521057,0.9933072328567505,0.9933071732521057,8.065613177343778e-10,-1.3747119761986504e-13,1.0529733552103182e-13,-2.4700878346298367e-16,3.5062905558185713e-15,6.362697369845238e-13,-0.000137471201014705,0.00010529733845032752,0.0006362697458826005,4.761179506948602e-08,0.0,0.0,0.0,0.0,0.0,0.0,anisotropic
469,6.892228975041714e-12,0.016010001301765442,0.9933071732521057,0.9933072328567505,0.9933071732521057,8.065613177343778e-10,-1.3747119761986504e-13,1.0529733552103182e-13,-2.4700878346298367e-16,3.5062905558185713e-15,6.362697369845238e-13,-0.000137471201014705,0.00010529733845032752,0.0006362697458826005,4.7706467233027364e-08,0.0,0.0,0.0,0.0,0.0,0.0,anisotropic
470,6.892228975041714e-12,0.016010001301765442,0.9933071732521057,0.9933072328567505,0.9933071732521057,8.065613177343778e-10,-1.3747119761986504e-13,1.0529733552103182e-13,-2.4700878346298367e-16,3.5062905558185713e-15,6.362697369845238e-13,-0.000137471201014705,0.00010529733845032752,0.0006362697458826005,4.780131384504241e-08,0.0,0.0,0.0,0.0,0.0,0.0,anisotropic
471,6.892228975041714e-12,0.016010001301765442,0.9933071732521057,0.9933072328567505,0.9933071732521057,8.065613177343778e-10,-1.3747119761986504e-13,1.0529733552103182e-13,-2.4700878346298367e-16,3.5062905558185713e-15,6.362697369845238e-13,-0.000137471201014705,0.00010529733845032752,0.0006362697458826005,4.789599274679495e-08,1.8189894035458565e-12,5.960464477539063e-08,3.2927230386725626e-10,0.0,0.0,0.0,anisotropic
472,6.892228107679976e-12,0.016010001301765442,0.9933071732521057,0.9933072328567505,0.9933071732521057,8.711857901744224e-10,-1.3747117051481073e-13,1.052973422972954e-13,-2.4700875699320407e-16,3.5062905558185713e-15,6.362697369845238e-13,-0.00013747117191087455,0.00010529734572628513,0.0006362697458826005,4.799090340659033e-08,0.0,0.0,0.0,0.0,0.0,0.0,anisotropic
473,6.892228107679976e-12,0.016010001301765442,0.9933071732521057,0.9933072328567505,0.9933071732521057,8.711857901744224e-10,-1.3747117051481073e-13,1.052973422972954e-13,-2.4700875699320407e-16,3.5062905558185713e-15,6.362697369845238e-13,-0.00013747117191087455,0.00010529734572628513,0.0006362697458826005,4.8085477631118505e-08,0.0,0.0,0.0,0.0,0.0,0.0,anisotropic
474,6.892228107679976e-12,0.016010001301765442,0.9933071732521057,0.9933072328567505,0.9933071732521057,8.711857901744224e-10,-1.3747117051481073e-13,1.052973422972954e-13,-2.4700875699320407e-16,3.5062905558185713e-15,6.362697369845238e-13,-0.00013747117191087455,0.00010529734572628513,0.0006362697458826005,4.8180759665506665e-08,0.0,0.0,0.0,0.0,0.0,0.0,anisotropic
475,6.892228107679976e-12,0.016010001301765442,0.9933071732521057,0.9933072328567505,0.9933071732521057,8.711857901744224e-10,-1.3747117051481073e-13,1.052973422972954e-13,-2.4700875699320407e-16,3.5062905558185713e-15,6.362697369845238e-13,-0.00013747117191087455,0.00010529734572628513,0.0006362697458826005,4.827547592549234e-08,0.0,0.0,0.0,0.0,0.0,0.0,anisotropic
476,6.892228107679976e-12,0.016010001301765442,0.9933071732521057,0.9933072328567505,0.9933071732521057,8.711857901744224e-10,-1.3747117051481073e-13,1.052973422972954e-13,-2.4700875699320407e-16,3.5062905558185713e-15,6.362697369845238e-13,-0.00013747117191087455,0.00010529734572628513,0.0006362697458826005,4.837063352215868e-08,0.0,0.0,0.0,0.0,0.0,0.0,anisotropic
477,6.892228107679976e-12,0.016010001301765442,0.9933071732521057,0.9933072328567505,0.9933071732521057,8.711857901744224e-10,-1.3747117051481073e-13,1.052973422972954e-13,-2.4700875699320407e-16,3.5062905558185713e-15,6.362697369845238e-13,-0.00013747117191087455,0.00010529734572628513,0.0006362697458826005,4.8464701829286725e-08,0.0,0.0,0.0,0.0,0.0,0.0,anisotropic
478,6.892228107679976e-12,0.016010001301765442,0.9933071732521057,0.9933072328567505,0.9933071732521057,8.711857901744224e-10,-1.3747117051481073e-13,1.052973422972954e-13,-2.4700875699320407e-16,3.5062905558185713e-15,6.362697369845238e-13,-0.00013747117191087455,0.00010529734572628513,0.0006362697458826005,4.8559842590056414e-08,0.0,0.0,0.0,0.0,0.0,0.0,anisotropic
479,6.892228107679976e-12,0.016010001301765442,0.9933071732521057,0.9933072328567505,0.9933071732521057,8.711857901744224e-10,-1.3747117051481073e-13,1.052973422972954e-13,-2.4700875699320407e-16,3.5062905558185713e-15,6.362697369845238e-13,-0.00013747117191087455,0.00010529734572628513,0.0006362697458826005,4.8654970148393255e-08,1.8189894035458565e-12,5.960464477539063e-08,3.2927227611168064e-10,0.0,0.0,0.0,anisotropic
480,6.892228541360845e-12,0.016010001301765442,0.9933071732521057,0.9933072924613953,0.9933071732521057,9.313367854701937e-10,-1.3747115696228357e-13,1.0529728808718677e-13,-2.4700873052342447e-16,3.5062903440603345e-15,6.362697369845238e-13,-0.00013747115735895932,0.00010529728751862422,0.0006362696876749396,4.8750531014576355e-08,0.0,0.0,0.0,0.0,0.0,0.0,anisotropic
481,6.892228541360845e-12,0.016010001301765442,0.9933071732521057,0.9933072924613953,0.9933071732521057,9.313367854701937e-10,-1.3747115696228357e-13,1.0529728808718677e-13,-2.4700873052342447e-16,3.5062903440603345e-15,6.362697369845238e-13,-0.00013747115735895932,0.00010529728751862422,0.0006362696876749396,4.884557842285248e-08,0.0,0.0,0.0,0.0,0.0,0.0,anisotropic
482,6.892228541360845e-12,0.016010001301765442,0.9933071732521057,0.9933072924613953,0.9933071732521057,9.313367854701937e-10,-1.3747115696228357e-13,1.0529728808718677e-13,-2.4700873052342447e-16,3.5062903440603345e-15,6.362697369845238e-13,-0.00013747115735895932,0.00010529728751862422,0.0006362696876749396,4.894075885911529e-08,0.0,0.0,0.0,0.0,0.0,0.0,anisotropic
483,6.892228541360845e-12,0.016010001301765442,0.9933071732521057,0.9933072924613953,0.9933071732521057,9.313367854701937e-10,-1.3747115696228357e-13,1.0529728808718677e-13,-2.4700873052342447e-16,3.5062903440603345e-15,6.362697369845238e-13,-0.00013747115735895932,0.00010529728751862422,0.0006362696876749396,4.903573065967113e-08,0.0,0.0,0.0,0.0,0.0,0.0,anisotropic
484,6.892228541360845e-12,0.016010001301765442,0.9933071732521057,0.9933072924613953,0.9933071732521057,9.313367854701937e-10,-1.3747115696228357e-13,1.0529728808718677e-13,-2.4700873052342447e-16,3.5062903440603345e-15,6.362697369845238e-13,-0.00013747115735895932,0.00010529728751862422,0.0006362696876749396,4.913061714693573e-08,0.0,0.0,0.0,0.0,0.0,0.0,anisotropic
485,6.892228541360845e-12,0.016010001301765442,0.9933071732521057,0.9933072924613953,0.9933071732521057,9.313367854701937e-10,-1.3747115696228357e-13,1.0529728808718677e-13,-2.4700873052342447e-16,3.5062903440603345e-15,6.362697369845238e-13,-0.00013747115735895932,0.00010529728751862422,0.0006362696876749396,4.922555938070136e-08,0.0,0.0,0.0,0.0,0.0,0.0,anisotropic
486,6.892228541360845e-12,0.016010001301765442,0.9933071732521057,0.9933072924613953,0.9933071732521057,9.313367854701937e-10,-1.3747115696228357e-13,1.0529728808718677e-13,-2.4700873052342447e-16,3.5062903440603345e-15,6.362697369845238e-13,-0.00013747115735895932,0.00010529728751862422,0.0006362696876749396,4.932084812560933e-08,0.0,0.0,0.0,0.0,0.0,0.0,anisotropic
487,6.892228541360845e-12,0.016010001301765442,0.9933071732521057,0.9933072924613953,0.9933071732521057,9.313367854701937e-10,-1.3747115696228357e-13,1.0529728808718677e-13,-2.4700873052342447e-16,3.5062903440603345e-15,6.362697369845238e-13,-0.00013747115735895932,0.00010529728751862422,0.0006362696876749396,4.9415965282973256e-08,0.0,0.0,0.0,0.0,0.0,0.0,anisotropic
488,6.892228541360845e-12,0.016010001301765442,0.9933071732521057,0.9933072924613953,0.9933071732521057,9.313367854701937e-10,-1.3747115696228357e-13,1.0529728808718677e-13,-2.4700873052342447e-16,3.5062903440603345e-15,6.362697369845238e-13,-0.00013747115735895932,0.00010529728751862422,0.0006362696876749396,4.951163040692453e-08,0.0,0.0,0.0,0.0,0.0,0.0,anisotropic
489,6.892228541360845e-12,0.016010001301765442,0.9933071732521057,0.9933072924613953,0.9933071732521057,9.313367854701937e-10,-1.3747115696228357e-13,1.0529728808718677e-13,-2.4700873052342447e-16,3.5062903440603345e-15,6.362697369845238e-13,-0.00013747115735895932,0.00010529728751862422,0.0006362696876749396,4.96071630114773e-08,0.0,0.0,0.0,0.0,0.0,0.0,anisotropic
490,6.892228541360845e-12,0.016010001301765442,0.9933071732521057,0.9933072924613953,0.9933071732521057,9.313367854701937e-10,-1.3747115696228357e-13,1.0529728808718677e-13,-2.4700873052342447e-16,3.5062903440603345e-15,6.362697369845238e-13,-0.00013747115735895932,0.00010529728751862422,0.0006362696876749396,4.970256187353322e-08,1.8189894035458565e-12,5.960464477539063e-08,3.2927227611168064e-10,0.0,0.0,0.0,anisotropic
491,6.892228975041714e-12,0.016010001301765442,0.9933071732521057,0.9933072924613953,0.9933071732521057,9.878318163458744e-10,-1.3747118406733788e-13,1.0529730841597751e-13,-2.4700878346298367e-16,3.5062905558185713e-15,6.362697911946325e-13,-0.00013747118646278977,0.00010529730934649706,0.0006362697458826005,4.9797510194317884e-08,0.0,0.0,0.0,0.0,0.0,0.0,anisotropic
492,6.892228975041714e-12,0.016010001301765442,0.9933071732521057,0.9933072924613953,0.9933071732521057,9.878318163458744e-10,-1.3747118406733788e-13,1.0529730841597751e-13,-2.4700878346298367e-16,3.5062905558185713e-15,6.362697911946325e-13,-0.00013747118646278977,0.00010529730934649706,0.0006362697458826005,4.9893044748722766e-08,1.8189894035458565e-12,5.960464477539063e-08,3.29272248356105e-10,0.0,0.0,0.0,anisotropic
493,6.892228975041714e-12,0.016010001301765442,0.9933071732521057,0.9933072924613953,0.9933071732521057,1.0412661843872684e-09,-1.3747114340975641e-13,1.0529732196850466e-13,-2.4700873052342447e-16,3.5062901323020977e-15,6.362696827744152e-13,-0.0001374711428070441,0.00010529732389841229,0.0006362696294672787,4.998869551020367e-08,0.0,0.0,0.0,0.0,0.0,0.0,anisotropic
494,6.892228975041714e-12,0.016010001301765442,0.9933071732521057,0.9933072924613953,0.9933071732521057,1.0412661843872684e-09,-1.3747114340975641e-13,1.0529732196850466e-13,-2.4700873052342447e-16,3.5062901323020977e-15,6.362696827744152e-13,-0.0001374711428070441,0.00010529732389841229,0.0006362696294672787,5.008417085763127e-08,1.8189894035458565e-12,5.960464477539063e-08,3.2927227611168064e-10,0.0,0.0,0.0,anisotropic
495,6.892228107679976e-12,0.016010001301765442,0.9933071732521057,0.9933072924613953,0.9933071732521057,1.0920891968524415e-09,-1.374712111723922e-13,1.0529733552103182e-13,-2.4700873052342447e-16,3.5062903440603345e-15,6.362697369845238e-13,-0.00013747121556662023,0.00010529733845032752,0.0006362697458826005,5.018014925030288e-08,0.0,0.0,0.0,0.0,0.0,0.0,anisotropic
496,6.892228107679976e-12,0.016010001301765442,0.9933071732521057,0.9933072924613953,0.9933071732521057,1.0920891968524415e-09,-1.374712111723922e-13,1.0529733552103182e-13,-2.4700873052342447e-16,3.5062903440603345e-15,6.362697369845238e-13,-0.00013747121556662023,0.00010529733845032752,0.0006362697458826005,5.027551586108135e-08,0.0,0.0,0.0,0.0,0.0,0.0,anisotropic
497,6.892228107679976e-12,0.016010001301765442,0.9933071732521057,0.9933072924613953,0.9933071732521057,1.0920891968524415e-09,-1.374712111723922e-13,1.0529733552103182e-13,-2.4700873052342447e-16,3.5062903440603345e-15,6.362697369845238e-13,-0.00013747121556662023,0.00010529733845032752,0.0006362697458826005,5.03710298433793e-08,1.8189894035458565e-12,5.960464477539063e-08,3.29272248356105e-10,0.0,0.0,0.0,anisotropic
498,6.892228107679976e-12,0.016010001301765442,0.9933071732521057,0.9933072924613953,0.9933071732521057,1.140649907860336e-09,-1.3747118406733788e-13,1.0529733552103182e-13,-2.4700873052342447e-16,3.5062901323020977e-15,6.362696827744152e-13,-0.00013747118646278977,0.00010529733845032752,0.0006362696876749396,5.0466814439107106e-08,0.0,0.0,0.0,0.0,0.0,0.0,anisotropic
499,6.892228107679976e-12,0.016010001301765442,0.9933071732521057,0.9933072924613953,0.9933071732521057,1.140649907860336e-09,-1.3747118406733788e-13,1.0529733552103182e-13,-2.4700873052342447e-16,3.5062901323020977e-15,6.362696827744152e-13,-0.00013747118646278977,0.00010529733845032752,0.0006362696876749396,5.056242643703943e-08,0.0,0.0,0.0,0.0,0.0,0.0,anisotropic
