epoch,cost,mse,gamma_min,gamma_max,gamma_mean,gamma_std,adjoint_grad_min,adjoint_grad_max,adjoint_grad_mean,adjoint_grad_std,adjoint_grad_norm,scaled_grad_min,scaled_grad_max,scaled_grad_norm,param_grad_norm,delta_gamma_mean_abs,delta_gamma_max_abs,delta_gamma_std,tv_raw,tv_loss,tv_weight,tv_type
0,3.3574391097163092e-12,0.005125784315168858,0.9933054447174072,0.9933054447174072,0.9933052659034729,0.0,-1.3085534175324987e-13,7.084027239595211e-14,-1.3006511189422962e-16,2.6408871580042197e-15,4.786238137592658e-13,-0.00013085534737911075,7.084027311066166e-05,0.00047862378414720297,3.137539901407937e-05,2.205371856689453e-06,2.205371856689453e-06,0.0,0.0,0.0,0.0,anisotropic
1,3.3574317371415363e-12,0.0051257917657494545,0.9933076500892639,0.9933076500892639,0.9933078289031982,0.0,-1.3085444728645756e-13,7.084005555551762e-14,-1.3006278255362467e-16,2.6408689467958537e-15,4.786205069426397e-13,-0.0001308544451603666,7.084005483193323e-05,0.0004786204663105309,3.135819263971445e-05,1.9669532775878906e-06,1.9669532775878906e-06,0.0,0.0,0.0,0.0,anisotropic
2,3.3574260992902394e-12,0.005125799216330051,0.9933096170425415,0.9933096170425415,0.993309736251831,0.0,-1.3085395939547995e-13,7.08394118104777e-14,-1.3006221345336324e-16,2.640858358884013e-15,4.786185553787292e-13,-0.00013085396494716406,7.083941454766318e-05,0.0004786185745615512,3.134297015921826e-05,1.8477439880371094e-06,1.8477439880371094e-06,0.0,0.0,0.0,0.0,anisotropic
3,3.357421111960246e-12,0.005125804804265499,0.9933114647865295,0.9933114647865295,0.9933116436004639,0.0,-1.308535121620838e-13,7.083882227554641e-14,-1.300617502322202e-16,2.6408498885545405e-15,4.786169832855791e-13,-0.00013085351383779198,7.083882519509643e-05,0.0004786169738508761,3.13289823777747e-05,1.7285346984863281e-06,1.7285346984863281e-06,0.0,0.0,0.0,0.0,anisotropic
4,3.357414606747211e-12,0.005125811323523521,0.993313193321228,0.993313193321228,0.9933130741119385,0.0,-1.3085279387814452e-13,7.083870707906559e-14,-1.3005963264985207e-16,2.6408340066867795e-15,4.786141643599306e-13,-0.0001308528007939458,7.08387087797746e-05,0.00047861412167549133,3.131556047441056e-05,1.6093254089355469e-06,1.6093254089355469e-06,0.0,0.0,0.0,0.0,anisotropic
5,3.357410269938521e-12,0.0051258159801363945,0.993314802646637,0.993314802646637,0.993314802646637,0.0,-1.30852400854857e-13,7.083816497797935e-14,-1.3005927530782745e-16,2.6408259598737806e-15,4.786127006869978e-13,-0.00013085240789223462,7.083816308295354e-05,0.0004786126664839685,3.130338337515082e-05,1.5497207641601562e-06,1.5497207641601562e-06,0.0,0.0,0.0,0.0,anisotropic
6,3.357405933129831e-12,0.0051258220337331295,0.9933163523674011,0.9933163523674011,0.9933164715766907,0.0,-1.3085192651640654e-13,7.083778550721898e-14,-1.300584150399904e-16,2.6408166425113608e-15,4.786109659635218e-13,-0.0001308519276790321,7.08377847331576e-05,0.00047861100756563246,3.129179544986856e-05,1.430511474609375e-06,1.430511474609375e-06,0.0,0.0,0.0,0.0,anisotropic
7,3.3574009457998377e-12,0.005125827621668577,0.9933177828788757,0.9933177828788757,0.9933176636695862,0.0,-1.308513844153203e-13,7.083760932436595e-14,-1.300570253765613e-16,2.640805207566573e-15,4.786089059793941e-13,-0.00013085138925816864,7.083761011017486e-05,0.0004786088829860091,3.128067774693607e-05,1.430511474609375e-06,1.430511474609375e-06,0.0,0.0,0.0,0.0,anisotropic
8,3.3573981268741893e-12,0.005125832743942738,0.9933192133903503,0.9933192133903503,0.9933193325996399,0.0,-1.308511946799401e-13,7.083697235558961e-14,-1.3005739595347573e-16,2.640801819434784e-15,4.786082554580906e-13,-0.00013085120008327067,7.083696982590482e-05,0.00047860827180556953,3.12705217443396e-05,1.3113021850585938e-06,1.3113021850585938e-06,0.0,0.0,0.0,0.0,anisotropic
9,3.357394006905934e-12,0.005125836003571749,0.9933205246925354,0.9933205246925354,0.9933205246925354,0.0,-1.3085078810412543e-13,7.083665387120144e-14,-1.3005666803453668e-16,2.640792713830601e-15,4.786066291548319e-13,-0.00013085079262964427,7.08366569597274e-05,0.0004786066710948944,3.126056567364979e-05,1.3113021850585938e-06,1.3113021850585938e-06,0.0,0.0,0.0,0.0,anisotropic
10,3.357389236416375e-12,0.005125841125845909,0.9933218359947205,0.9933218359947205,0.9933216571807861,0.0,-1.308502731080935e-13,7.083647091208484e-14,-1.300553048408872e-16,2.6407817024022865e-15,4.786046775909214e-13,-0.00013085026876069605,7.083646778482944e-05,0.00047860463382676244,3.125089041002084e-05,1.2516975402832031e-06,1.2516975402832031e-06,0.0,0.0,0.0,0.0,anisotropic
11,3.3573859838098574e-12,0.0051258462481200695,0.9933230876922607,0.9933230876922607,0.9933232665061951,0.0,-1.3085000205755037e-13,7.083601690242511e-14,-1.3005518572687899e-16,2.64077683196284e-15,4.786037560190748e-13,-0.00013085000682622194,7.083601667545736e-05,0.00047860376071184874,3.1241880836882994e-05,1.1920928955078125e-06,1.1920928955078125e-06,0.0,0.0,0.0,0.0,anisotropic
12,3.357382297522471e-12,0.005125849507749081,0.9933242797851562,0.9933242797851562,0.9933242797851562,0.0,-1.3084966324437147e-13,7.083573907561841e-14,-1.3005449751260934e-16,2.6407689969080777e-15,4.786023465562506e-13,-0.00013084965758025646,7.083574018906802e-05,0.00047860233462415636,3.1233116482799884e-05,1.1324882507324219e-06,1.1324882507324219e-06,0.0,0.0,0.0,0.0,anisotropic
13,3.35737839439465e-12,0.005125854164361954,0.993325412273407,0.993325412273407,0.9933252930641174,0.0,-1.3084908048570376e-13,7.083581361451777e-14,-1.3005280344671483e-16,2.640757350205053e-15,4.786002323620142e-13,-0.00013084907550364733,7.083581294864416e-05,0.000478600210044533,3.122440643802185e-05,1.1324882507324219e-06,1.1324882507324219e-06,0.0,0.0,0.0,0.0,anisotropic
14,3.357374924947698e-12,0.005125857889652252,0.9933265447616577,0.9933265447616577,0.9933264255523682,0.0,-1.3084887719779642e-13,7.083535282859446e-14,-1.3005267109781682e-16,2.6407522680073695e-15,4.785993107901676e-13,-0.00013084887177683413,7.083535456331447e-05,0.0004785992787219584,3.1216395893534244e-05,1.1324882507324219e-06,1.1324882507324219e-06,0.0,0.0,0.0,0.0,anisotropic
15,3.3573721060220496e-12,0.005125862546265125,0.9933276772499084,0.9933276772499084,0.9933278560638428,0.0,-1.3084866035736192e-13,7.083493270025262e-14,-1.3005261815825762e-16,2.640748032842633e-15,4.785985518486469e-13,-0.0001308486534981057,7.083493255777285e-05,0.000478598551126197,3.120867099579651e-05,1.0728836059570312e-06,1.0728836059570312e-06,0.0,0.0,0.0,0.0,anisotropic
16,3.357369287096401e-12,0.005125865340232849,0.9933287501335144,0.9933287501335144,0.993328869342804,0.0,-1.308482944391287e-13,7.083467520223666e-14,-1.3005203582310638e-16,2.640741468337292e-15,4.785973050161485e-13,-0.000130848289700225,7.083467789925635e-05,0.00047859729966148734,3.120107190800265e-05,1.0132789611816406e-06,1.0132789611816406e-06,0.0,0.0,0.0,0.0,anisotropic
17,3.3573649502877112e-12,0.005125869065523148,0.9933297634124756,0.9933297634124756,0.9933299422264099,0.0,-1.3084776589056962e-13,7.083472941234528e-14,-1.3005031528743227e-16,2.640730033392504e-15,4.785952450320208e-13,-0.00013084776583127677,7.083472883095965e-05,0.0004785952332895249,3.119344910604421e-05,1.0728836059570312e-06,1.0728836059570312e-06,0.0,0.0,0.0,0.0,anisotropic
18,3.3573619145216282e-12,0.005125873256474733,0.9933308362960815,0.9933308362960815,0.9933308959007263,0.0,-1.3084742707739072e-13,7.083447191432932e-14,-1.3004968001272183e-16,2.640723045370689e-15,4.785939981995224e-13,-0.00013084743113722652,7.083447417244315e-05,0.0004785939818248153,3.1186325818682685e-05,9.5367431640625e-07,9.5367431640625e-07,0.0,0.0,0.0,0.0,anisotropic
19,3.3573586619151108e-12,0.005125877447426319,0.993331789970398,0.993331789970398,0.9933318495750427,0.0,-1.3084714247432044e-13,7.083423474510409e-14,-1.300491506171298e-16,2.6407169043818216e-15,4.785928597872413e-13,-0.00013084714009892195,7.083423406584188e-05,0.00047859284677542746,3.117942209074794e-05,1.0132789611816406e-06,1.0132789611816406e-06,0.0,0.0,0.0,0.0,anisotropic
20,3.3573567103512003e-12,0.005125881638377905,0.9933328032493591,0.9933328032493591,0.9933328032493591,0.0,-1.3084699339652173e-13,7.083384849808014e-14,-1.300491770869094e-16,2.6407137280082694e-15,4.785922634760464e-13,-0.00013084699457976967,7.083384844008833e-05,0.00047859223559498787,3.1172861087185814e-05,9.5367431640625e-07,9.5367431640625e-07,0.0,0.0,0.0,0.0,anisotropic
21,3.3573536745851174e-12,0.005125883966684341,0.9933337569236755,0.9933337569236755,0.9933337569236755,0.0,-1.308466952409243e-13,7.083362488138206e-14,-1.3004862122153777e-16,2.6407075870194018e-15,4.78591179273874e-13,-0.00013084668898954988,7.083362288540229e-05,0.00047859115875326097,3.116635082398495e-05,9.5367431640625e-07,9.5367431640625e-07,0.0,0.0,0.0,0.0,anisotropic
22,3.3573497714572964e-12,0.00512588769197464,0.9933347105979919,0.9933347105979919,0.9933347105979919,0.0,-1.3084624800752814e-13,7.083355711874628e-14,-1.300474962559047e-16,2.640698481415219e-15,4.785894987605066e-13,-0.00013084625243209302,7.083355740178376e-05,0.00047858949983492494,3.115988279981493e-05,8.940696716308594e-07,8.940696716308594e-07,0.0,0.0,0.0,0.0,anisotropic
23,3.357347819893386e-12,0.005125890485942364,0.9933356046676636,0.9933356046676636,0.9933356642723083,0.0,-1.3084611248225658e-13,7.083317087172233e-14,-1.300475624303537e-16,2.6406957285581402e-15,4.78589010869529e-13,-0.00013084610691294074,7.083317177603021e-05,0.00047858903417363763,3.1153893792912815e-05,8.940696716308594e-07,8.940696716308594e-07,0.0,0.0,0.0,0.0,anisotropic
24,3.357345651489041e-12,0.005125894211232662,0.9933364987373352,0.9933364987373352,0.9933366179466248,0.0,-1.3084593629940355e-13,7.08328117297527e-14,-1.300476153699129e-16,2.6406923404263512e-15,4.785884145583341e-13,-0.000130845932289958,7.083281525410712e-05,0.0004785883938893676,3.1148058083931986e-05,8.940696716308594e-07,8.940696716308594e-07,0.0,0.0,0.0,0.0,anisotropic
25,3.3573423988825235e-12,0.005125897936522961,0.9933373928070068,0.9933373928070068,0.9933375716209412,0.0,-1.3084557038117034e-13,7.08327168620626e-14,-1.3004651687405943e-16,2.6406842936133523e-15,4.785869508854013e-13,-0.0001308455684920773,7.083271339070052e-05,0.0004785869678016752,3.114209181713328e-05,8.940696716308594e-07,8.940696716308594e-07,0.0,0.0,0.0,0.0,anisotropic
26,3.3573397967973095e-12,0.005125900264829397,0.9933382868766785,0.9933382868766785,0.993338406085968,0.0,-1.308453941983173e-13,7.083236449635655e-14,-1.3004656981361863e-16,2.6406809054815633e-15,4.785863003640978e-13,-0.00013084539386909455,7.083236414473504e-05,0.00047858632751740515,3.1136572344820675e-05,8.344650268554688e-07,8.344650268554688e-07,0.0,0.0,0.0,0.0,anisotropic
27,3.3573371947120956e-12,0.005125902593135834,0.9933391213417053,0.9933391213417053,0.9933393001556396,0.0,-1.308450282800841e-13,7.083232383877508e-14,-1.3004555072710397e-16,2.6406737057015116e-15,4.785849993214908e-13,-0.00013084503007121384,7.083232048898935e-05,0.00047858498874120414,3.1130926750592224e-05,8.344650268554688e-07,8.344650268554688e-07,0.0,0.0,0.0,0.0,anisotropic
28,3.357334375786447e-12,0.0051259067840874195,0.9933399558067322,0.9933399558067322,0.9933397769927979,0.0,-1.3084482499217676e-13,7.08321341033949e-14,-1.3004510074085074e-16,2.6406681999873545e-15,4.785840235395356e-13,-0.00013084482634440064,7.083213131409138e-05,0.00047858402831479907,3.112553997198302e-05,8.344650268554688e-07,8.344650268554688e-07,0.0,0.0,0.0,0.0,anisotropic
29,3.357332641062971e-12,0.005125910043716431,0.993340790271759,0.993340790271759,0.9933406710624695,0.0,-1.3084454038910648e-13,7.083193081548755e-14,-1.300446375197077e-16,2.6406633295479078e-15,4.785831561777976e-13,-0.00013084453530609608,7.083192758727819e-05,0.0004785831260960549,3.112031087043714e-05,8.344650268554688e-07,8.344650268554688e-07,0.0,0.0,0.0,0.0,anisotropic
30,3.357329605296888e-12,0.005125913769006729,0.9933416247367859,0.9933416247367859,0.9933415055274963,0.0,-1.3084428289109051e-13,7.083173430384379e-14,-1.3004417429856468e-16,2.6406578238337506e-15,4.785821261857337e-13,-0.0001308442879235372,7.08317311364226e-05,0.0004785821074619889,3.111518707915135e-05,8.344650268554688e-07,8.344650268554688e-07,0.0,0.0,0.0,0.0,anisotropic
31,3.3573270032116742e-12,0.005125915165990591,0.9933424592018127,0.9933424592018127,0.9933424592018127,0.0,-1.308440118405474e-13,7.083152423967287e-14,-1.3004365813786245e-16,2.6406523181195934e-15,4.785811504037785e-13,-0.00013084401143714786,7.083152740960941e-05,0.0004785811179317534,3.1110181781319786e-05,7.748603820800781e-07,7.748603820800781e-07,0.0,0.0,0.0,0.0,anisotropic
32,3.3573250516477637e-12,0.005125918425619602,0.9933432340621948,0.9933432340621948,0.9933432936668396,0.0,-1.3084380855264005e-13,7.083134805681984e-14,-1.3004326109116842e-16,2.640648082954857e-15,4.785803372521491e-13,-0.00013084380771033466,7.083134551066905e-05,0.0004785803612321615,3.110530861493708e-05,7.748603820800781e-07,7.748603820800781e-07,0.0,0.0,0.0,0.0,anisotropic
33,3.3573217990412463e-12,0.005125921685248613,0.9933440089225769,0.9933440089225769,0.9933441281318665,0.0,-1.3084342908187968e-13,7.083128029418406e-14,-1.3004218906509455e-16,2.6406398243836214e-15,4.785788735792162e-13,-0.00013084342936053872,7.083128002705052e-05,0.00047857887693680823,3.110040583778059e-05,7.748603820800781e-07,7.748603820800781e-07,0.0,0.0,0.0,0.0,anisotropic
34,3.357320281158205e-12,0.005125923547893763,0.993344783782959,0.993344783782959,0.9933450222015381,0.0,-1.3084330710913528e-13,7.08309618097959e-14,-1.3004234788377216e-16,2.6406377068012533e-15,4.785784941084559e-13,-0.0001308433129452169,7.08309598849155e-05,0.0004785784985870123,3.10958845036525e-05,7.748603820800781e-07,7.748603820800781e-07,0.0,0.0,0.0,0.0,anisotropic
35,3.3573178959134253e-12,0.005125927273184061,0.9933455586433411,0.9933455586433411,0.9933454394340515,0.0,-1.3084321224144518e-13,7.083062977288057e-14,-1.3004246699778037e-16,2.6406353774606484e-15,4.785780604275869e-13,-0.0001308432110818103,7.083063246682286e-05,0.00047857806202955544,3.109145369727595e-05,7.748603820800781e-07,7.748603820800781e-07,0.0,0.0,0.0,0.0,anisotropic
36,3.3573157275090804e-12,0.005125930532813072,0.9933463335037231,0.9933463335037231,0.9933462738990784,0.0,-1.3084287342826628e-13,7.083054845771763e-14,-1.300414876159351e-16,2.6406281776805967e-15,4.785767593849799e-13,-0.00013084287638776004,7.083054515533149e-05,0.00047857678146101534,3.108686652999221e-05,7.152557373046875e-07,7.152557373046875e-07,0.0,0.0,0.0,0.0,anisotropic
37,3.35731377594517e-12,0.005125931464135647,0.9933470487594604,0.9933470487594604,0.9933471083641052,0.0,-1.3084267014035894e-13,7.083041970870965e-14,-1.3004113027391049e-16,2.640624366032334e-15,4.785760546535678e-13,-0.00013084267266094685,7.083042146405205e-05,0.00047857602476142347,3.1082532844148e-05,7.748603820800781e-07,7.748603820800781e-07,0.0,0.0,0.0,0.0,anisotropic
38,3.357311173859956e-12,0.005125934723764658,0.9933478236198425,0.9933478236198425,0.9933479428291321,0.0,-1.3084238553728866e-13,7.083024352585662e-14,-1.3004068028765726e-16,2.640618860318177e-15,4.785750246615039e-13,-0.00013084238162264228,7.083024684106931e-05,0.00047857503523118794,3.1078274308160695e-05,7.152557373046875e-07,7.152557373046875e-07,0.0,0.0,0.0,0.0,anisotropic
39,3.3573092222960454e-12,0.005125937983393669,0.9933485388755798,0.9933485388755798,0.9933483600616455,0.0,-1.3084218224938132e-13,7.083007411926717e-14,-1.3004025677118363e-16,2.640614413395204e-15,4.785742657199832e-13,-0.00013084217789582908,7.083007221808657e-05,0.0004785743076354265,3.1074101657422275e-05,7.152557373046875e-07,7.152557373046875e-07,0.0,0.0,0.0,0.0,anisotropic
40,3.3573070538917005e-12,0.005125940311700106,0.9933492541313171,0.9933492541313171,0.9933491349220276,0.0,-1.3084196540894683e-13,7.082988438388699e-14,-1.300398861942692e-16,2.6406101782304675e-15,4.785734525683538e-13,-0.00013084195961710066,7.08298830431886e-05,0.0004785734636243433,3.1070015802649654e-05,7.152557373046875e-07,7.152557373046875e-07,0.0,0.0,0.0,0.0,anisotropic
41,3.3573048854873555e-12,0.005125943571329117,0.9933499693870544,0.9933499693870544,0.9933499693870544,0.0,-1.308417892260938e-13,7.082971497729754e-14,-1.3003947591268538e-16,2.6406055195492576e-15,4.785726394167245e-13,-0.00013084178499411792,7.082971569616348e-05,0.0004785726487170905,3.106600737896608e-05,7.152557373046875e-07,7.152557373046875e-07,0.0,0.0,0.0,0.0,anisotropic
42,3.3573022834021415e-12,0.005125946830958128,0.9933506846427917,0.9933506846427917,0.9933508038520813,0.0,-1.3084153172807783e-13,7.082953201818093e-14,-1.3003910533577096e-16,2.6406010726262846e-15,4.785717720549865e-13,-0.00013084153761155903,7.082953379722312e-05,0.00047857180470600724,3.10621012038975e-05,7.152557373046875e-07,7.152557373046875e-07,0.0,0.0,0.0,0.0,anisotropic
43,3.3573005486786656e-12,0.005125947296619415,0.993351399898529,0.993351399898529,0.9933512210845947,0.0,-1.308413284401705e-13,7.082938294038221e-14,-1.3003869505418713e-16,2.6405964139450747e-15,4.785709589033571e-13,-0.00013084133388474584,7.082938100211322e-05,0.00047857098979875445,3.105826110284244e-05,6.556510925292969e-07,6.556510925292969e-07,0.0,0.0,0.0,0.0,anisotropic
44,3.3572983802743206e-12,0.0051259505562484264,0.9933520555496216,0.9933520555496216,0.9933519959449768,0.0,-1.3084115225731746e-13,7.082919320500203e-14,-1.300382715377135e-16,2.6405923905385752e-15,4.78570254171945e-13,-0.0001308411592617631,7.082919182721525e-05,0.0004785702330991626,3.10544861929123e-05,7.152557373046875e-07,7.152557373046875e-07,0.0,0.0,0.0,0.0,anisotropic
45,3.3572962118699756e-12,0.005125952884554863,0.9933527708053589,0.9933527708053589,0.9933528304100037,0.0,-1.308409218643558e-13,7.082903057467616e-14,-1.3003784802123987e-16,2.640587943615602e-15,4.785694410203156e-13,-0.00013084092643111944,7.082903175614774e-05,0.0004785694181919098,3.105079034424908e-05,6.556510925292969e-07,6.556510925292969e-07,0.0,0.0,0.0,0.0,anisotropic
46,3.3572940434656307e-12,0.005125955678522587,0.9933534264564514,0.9933534264564514,0.9933536052703857,0.0,-1.3084059660370406e-13,7.082902379841258e-14,-1.3003694804873342e-16,2.640581167352024e-15,4.785682483979259e-13,-0.0001308405917370692,7.082902448019013e-05,0.00047856822493486106,3.10470425783e-05,6.556510925292969e-07,6.556510925292969e-07,0.0,0.0,0.0,0.0,anisotropic
47,3.3572923087421547e-12,0.005125958472490311,0.993354082107544,0.993354082107544,0.9933539032936096,0.0,-1.3084050173601397e-13,7.082874597160588e-14,-1.3003717304186003e-16,2.6405798968026032e-15,4.785680315574914e-13,-0.00013084050442557782,7.082874799380079e-05,0.0004785679921042174,3.104364305004078e-05,7.151702448027208e-07,7.152557373046875e-07,2.2557913315068845e-09,0.0,0.0,0.0,anisotropic
48,3.3572899234973752e-12,0.0051259612664580345,0.9933547377586365,0.9933547973632812,0.9933547973632812,2.20885909563151e-09,-1.3084029844810663e-13,7.082856978875285e-14,-1.30036709820717e-16,2.6405750263631565e-15,4.785670557755362e-13,-0.00013084030069876462,7.082857337081805e-05,0.00047856708988547325,3.104014960492968e-05,6.557365850312635e-07,7.152557373046875e-07,2.2557913315068845e-09,0.0,0.0,0.0,anisotropic
49,3.3572886224547682e-12,0.005125963594764471,0.9933554530143738,0.9933554530143738,0.9933555722236633,0.0,-1.3084025779052516e-13,7.082823775183753e-14,-1.3003692157895382e-16,2.6405737558137356e-15,4.785668931452103e-13,-0.00013084025704301894,7.08282386767678e-05,0.00047856688615866005,3.1036878842848456e-05,6.556510925292969e-07,6.556510925292969e-07,0.0,0.0,0.0,0.0,anisotropic
50,3.3572862372099888e-12,0.005125964526087046,0.9933561086654663,0.9933561086654663,0.9933559894561768,0.0,-1.308398783197648e-13,7.08282445281011e-14,-1.3003600837155756e-16,2.6405667677919208e-15,4.785655921026033e-13,-0.000130839878693223,7.082824595272541e-05,0.0004785655764862895,3.103339249143557e-05,5.990277713863179e-07,6.556510925292969e-07,1.2992982689752353e-08,0.0,0.0,0.0,anisotropic
51,3.3572838519652093e-12,0.005125966854393482,0.9933567047119141,0.9933567643165588,0.9933567047119141,1.3208082627613749e-08,-1.3083958016416736e-13,7.082820387051963e-14,-1.300351216339409e-16,2.640560626803053e-15,4.785644536903222e-13,-0.0001308395731030032,7.082820229697973e-05,0.0004785644996445626,3.102998615271016e-05,6.526697688968852e-07,6.556510925292969e-07,1.2992982689752353e-08,0.0,0.0,0.0,anisotropic
52,3.357282334082168e-12,0.005125969648361206,0.9933573603630066,0.9933573603630066,0.9933574795722961,0.0,-1.3083952595405873e-13,7.082794637250367e-14,-1.300352804526185e-16,2.6405591444953955e-15,4.785641826397791e-13,-0.00013083952944725752,7.082794763846323e-05,0.00047856420860625803,3.102688868765782e-05,6.556510925292969e-07,6.556510925292969e-07,0.0,0.0,0.0,0.0,anisotropic
53,3.3572803825182573e-12,0.00512597244232893,0.9933580160140991,0.9933580160140991,0.9933578968048096,0.0,-1.308392277984613e-13,7.082793959624009e-14,-1.3003440694989165e-16,2.640552791748291e-15,4.78563044227498e-13,-0.00013083922385703772,7.082794036250561e-05,0.0004785630735568702,3.102358921560278e-05,6.554946594405919e-07,6.556510925292969e-07,3.049581254188638e-09,0.0,0.0,0.0,anisotropic
54,3.3572786477947814e-12,0.005125975236296654,0.9933586120605469,0.9933586716651917,0.9933586120605469,4.232717998320368e-08,-1.3083914648329836e-13,7.08276278881155e-14,-1.3003456576856926e-16,2.6405510976823966e-15,4.785627189668462e-13,-0.00013083915109746158,7.08276274963282e-05,0.00047856272431090474,3.102060405734464e-05,5.962028808426112e-07,6.556510925292969e-07,3.049581254188638e-09,0.0,0.0,0.0,anisotropic
55,3.357276262550002e-12,0.005125978030264378,0.9933592677116394,0.9933592677116394,0.993359386920929,0.0,-1.3083897030044533e-13,7.082747203405321e-14,-1.3003415548698544e-16,2.6405468625176603e-15,4.785620142354341e-13,-0.00013083897647447884,7.082747470121831e-05,0.0004785619967151433,3.1017541269999685e-05,6.189311534399167e-07,6.556510925292969e-07,2.89888006932415e-08,0.0,0.0,0.0,anisotropic
56,3.357274527826526e-12,0.0051259808242321014,0.9933598637580872,0.9933599233627319,0.9933598041534424,4.97394019305375e-08,-1.3083872635495652e-13,7.082727552240944e-14,-1.3003390402407922e-16,2.6405430508693976e-15,4.78561309504022e-13,-0.00013083872909191996,7.082727825036272e-05,0.0004785612691193819,3.1014552550702484e-05,6.327663868432865e-07,6.556510925292969e-07,2.89888006932415e-08,0.0,0.0,0.0,anisotropic
57,3.3572730099434844e-12,0.0051259808242321014,0.9933605194091797,0.9933605194091797,0.9933605194091797,0.0,-1.308386721448479e-13,7.082701802439348e-14,-1.3003404960786703e-16,2.64054156856174e-15,4.785610384534789e-13,-0.00013083867088425905,7.082701631588861e-05,0.00047856097808107734,3.101172586766686e-05,5.960464477539062e-07,5.960464477539062e-07,0.0,0.0,0.0,0.0,anisotropic
58,3.357270624698705e-12,0.005125983618199825,0.9933611154556274,0.9933611154556274,0.993361234664917,0.0,-1.3083840109430478e-13,7.082701802439348e-14,-1.3003310993069117e-16,2.6405354275728724e-15,4.785599542513064e-13,-0.0001308383943978697,7.082701631588861e-05,0.00047855990123935044,3.100868545301276e-05,5.960464477539062e-07,5.960464477539062e-07,0.0,0.0,0.0,0.0,anisotropic
59,3.3572695404965325e-12,0.0051259854808449745,0.9933617115020752,0.9933617115020752,0.9933615326881409,0.0,-1.308382113589246e-13,7.082689605164907e-14,-1.3003287170267476e-16,2.6405318276828465e-15,4.785592495198943e-13,-0.00013083820522297174,7.082689262460917e-05,0.0004785592609550804,3.1005863942467526e-05,5.960882845101878e-07,6.556510925292969e-07,1.57860402527632e-09,0.0,0.0,0.0,anisotropic
60,3.3572669384113185e-12,0.005125988274812698,0.993362307548523,0.9933623671531677,0.9933623671531677,1.5791583596325154e-09,-1.3083804872859872e-13,7.082674019758678e-14,-1.3003247465598073e-16,2.6405275925181102e-15,4.785584905783735e-13,-0.00013083804515190423,7.082673982949927e-05,0.00047855847515165806,3.1003050954460955e-05,6.337031663861126e-07,6.556510925292969e-07,2.8749123970328583e-08,0.0,0.0,0.0,anisotropic
61,3.357264986847408e-12,0.005125990137457848,0.9933629035949707,0.9933629631996155,0.9933630228042603,4.948480025745994e-08,-1.308378725457457e-13,7.08265165808887e-14,-1.3003231583730312e-16,2.640524416144558e-15,4.785579484772873e-13,-0.00013083787052892148,7.082651427481323e-05,0.0004785579221788794,3.1000340294701856e-05,5.886904546059668e-07,5.960464477539062e-07,1.9604909695658534e-08,0.0,0.0,0.0,anisotropic
62,3.357263685804801e-12,0.0051259929314255714,0.9933634996414185,0.9933635592460632,0.9933634400367737,4.5930345748956825e-08,-1.3083772346794698e-13,7.082630651671779e-14,-1.300321702535153e-16,2.640521239771006e-15,4.78557406376201e-13,-0.0001308377250097692,7.082630327204242e-05,0.0004785573692061007,3.099765339232646e-05,5.659694579662755e-07,5.960464477539062e-07,2.9801508816262867e-08,0.0,0.0,0.0,anisotropic
63,3.3572621679217596e-12,0.005125994794070721,0.9933640956878662,0.993364155292511,0.9933642745018005,3.909951029612557e-09,-1.30837465969931e-13,7.082629296419063e-14,-1.3003145556946606e-16,2.640516369331559e-15,4.785564848043544e-13,-0.0001308374630752951,7.082629599608481e-05,0.000478556496091187,3.099491321248932e-05,5.957808753009886e-07,5.960464477539062e-07,3.969799156067211e-09,0.0,0.0,0.0,anisotropic
64,3.3572604331982836e-12,0.005125998053699732,0.993364691734314,0.993364691734314,0.9933645725250244,0.0,-1.3083730333960514e-13,7.082616421518265e-14,-1.3003115116700065e-16,2.64051298119977e-15,4.785558342830509e-13,-0.00013083730300422758,7.082616502884775e-05,0.0004785558267030865,3.09922886012083e-05,5.960464477539062e-07,5.960464477539062e-07,0.0,0.0,0.0,0.0,anisotropic
65,3.357258481634373e-12,0.005125998519361019,0.9933652877807617,0.9933652877807617,0.9933652877807617,0.0,-1.3083704584158917e-13,7.082619809650054e-14,-1.300302776642738e-16,2.6405068402109025e-15,4.785546958707698e-13,-0.00013083704106975347,7.082620140863582e-05,0.00047855472075752914,3.098959390514819e-05,5.960464477539062e-07,5.960464477539062e-07,0.0,0.0,0.0,0.0,anisotropic
66,3.357256313230028e-12,0.005126000382006168,0.9933658838272095,0.9933658838272095,0.993366003036499,0.0,-1.3083682900115468e-13,7.08260557949654e-14,-1.3002996002691857e-16,2.6405032403208767e-15,4.785540453494663e-13,-0.00013083682279102504,7.082605588948354e-05,0.00047855405136942863,3.098705242676939e-05,5.368783604353666e-07,5.960464477539062e-07,5.082426035585286e-09,0.0,0.0,0.0,anisotropic
67,3.357255012187421e-12,0.005126002710312605,0.9933664202690125,0.9933664798736572,0.9933663010597229,4.2643630848715475e-08,-1.308367612385189e-13,7.082575763936796e-14,-1.3003017178515538e-16,2.6405021815296926e-15,4.785538285090318e-13,-0.00013083676458336413,7.082575757522136e-05,0.000478553818538785,3.0984698697323793e-05,5.956098902970552e-07,5.960464477539062e-07,5.082426035585286e-09,0.0,0.0,0.0,anisotropic
68,3.357253277463945e-12,0.005126005969941616,0.9933670163154602,0.9933670163154602,0.9933671355247498,0.0,-1.3083659860819302e-13,7.082561533783283e-14,-1.3002984091291036e-16,2.64049836988143e-15,4.785531779877283e-13,-0.00013083660451229662,7.082561205606908e-05,0.0004785532073583454,3.0982238606252855e-05,5.960464477539062e-07,5.960464477539062e-07,0.0,0.0,0.0,0.0,anisotropic
69,3.3572515427404692e-12,0.005126007832586765,0.993367612361908,0.993367612361908,0.9933674335479736,0.0,-1.3083640887281284e-13,7.082547303629769e-14,-1.3002951004066534e-16,2.6404945582331673e-15,4.785525274664248e-13,-0.00013083641533739865,7.08254738128744e-05,0.00047855250886641443,3.0979817531785524e-05,5.364418029785156e-07,5.364418029785156e-07,0.0,0.0,0.0,0.0,anisotropic
70,3.3572502416978622e-12,0.005126010160893202,0.9933681488037109,0.9933681488037109,0.9933681488037109,0.0,-1.3083636821523137e-13,7.082518165696383e-14,-1.3002977473846136e-16,2.640493922958457e-15,4.78552364836099e-13,-0.00013083637168165296,7.082518277456984e-05,0.00047855236334726214,3.0977578208685316e-05,5.700348992832005e-07,5.960464477539062e-07,2.956070055404325e-08,0.0,0.0,0.0,anisotropic
71,3.3572476396126483e-12,0.005126012489199638,0.9933686852455139,0.9933687448501587,0.9933688640594482,4.4271569521470155e-08,-1.3083619203237834e-13,7.082504613169227e-14,-1.3002925857775912e-16,2.64048905251901e-15,4.78551497474361e-13,-0.00013083619705867022,7.082504453137517e-05,0.0004785515193361789,3.0975191940587164e-05,5.624533514492214e-07,5.960464477539062e-07,2.956070055404325e-08,0.0,0.0,0.0,anisotropic
72,3.3572467722509103e-12,0.005126014817506075,0.9933692812919617,0.9933692812919617,0.9933691620826721,0.0,-1.3083592098183522e-13,7.082508678927374e-14,-1.3002858359837928e-16,2.6404843938378003e-15,4.78550630112623e-13,-0.00013083592057228088,7.082508818712085e-05,0.0004785506462212652,3.097279718788625e-05,5.364418029785156e-07,5.364418029785156e-07,0.0,0.0,0.0,0.0,anisotropic
73,3.357244820687e-12,0.005126015283167362,0.9933698177337646,0.9933698177337646,0.993369996547699,0.0,-1.308357447989822e-13,7.082493093521144e-14,-1.3002819978657506e-16,2.6404805821895376e-15,4.785499253812109e-13,-0.00013083574594929814,7.082492811605334e-05,0.00047854994772933424,3.097051989922157e-05,5.482888809638098e-07,5.960464477539062e-07,2.3786654423929576e-08,0.0,0.0,0.0,anisotropic
74,3.3572428691230893e-12,0.0051260171458125114,0.9933703541755676,0.9933704137802124,0.9933702945709229,5.0333131440538637e-08,-1.3083547374843907e-13,7.082490383015713e-14,-1.3002753804208501e-16,2.6404750764753805e-15,4.785490038093643e-13,-0.0001308354694629088,7.08249062881805e-05,0.00047854898730292916,3.096819647733041e-05,5.841993697686121e-07,5.960464477539062e-07,2.3786654423929576e-08,0.0,0.0,0.0,anisotropic
75,3.357240917559179e-12,0.005126019939780235,0.9933709502220154,0.9933709502220154,0.9933709502220154,0.0,-1.3083528401305888e-13,7.08248225149942e-14,-1.3002704835116238e-16,2.640471053068881e-15,4.785481906577349e-13,-0.00013083528028801084,7.082481897668913e-05,0.00047854820149950683,3.096594705342024e-05,5.364418029785156e-07,5.364418029785156e-07,0.0,0.0,0.0,0.0,anisotropic
76,3.3572402670378754e-12,0.005126022268086672,0.9933714866638184,0.9933714866638184,0.9933717250823975,0.0,-1.3083525690800457e-13,7.082456501697823e-14,-1.300273659885176e-16,2.6404708413106442e-15,4.785481364476263e-13,-0.00013083525118418038,7.082456431817263e-05,0.0004785481432918459,3.096393462395537e-05,5.364418029785156e-07,5.364418029785156e-07,0.0,0.0,0.0,0.0,anisotropic
77,3.3572389659952684e-12,0.005126023665070534,0.9933720231056213,0.9933720231056213,0.9933720231056213,0.0,-1.3083520269789595e-13,7.082426008511722e-14,-1.3002753804208501e-16,2.6404693590029865e-15,4.785479196071918e-13,-0.0001308352075284347,7.082425872795284e-05,0.0004785479395650327,3.0961917326605976e-05,5.364418029785156e-07,5.364418029785156e-07,0.0,0.0,0.0,0.0,anisotropic
78,3.3572372312717924e-12,0.00512602599337697,0.9933725595474243,0.9933725595474243,0.9933726787567139,0.0,-1.308349723049343e-13,7.082427363764437e-14,-1.3002677041847656e-16,2.6404636415305925e-15,4.785469438252365e-13,-0.00013083497469779104,7.082427327986807e-05,0.00047854692093096673,3.0959690010591687e-05,5.364418029785156e-07,5.364418029785156e-07,0.0,0.0,0.0,0.0,anisotropic
79,3.3572354965483164e-12,0.005126028321683407,0.9933730959892273,0.9933730959892273,0.9933729767799377,0.0,-1.308348774372442e-13,7.082397548204694e-14,-1.3002694247204398e-16,2.6404625827394085e-15,4.785466727746934e-13,-0.00013083487283438444,7.082397496560588e-05,0.0004785466881003231,3.095773852065727e-05,5.364418029785156e-07,5.364418029785156e-07,0.0,0.0,0.0,0.0,anisotropic
80,3.3572333281439715e-12,0.005126031115651131,0.9933736324310303,0.9933736324310303,0.9933738112449646,0.0,-1.308345657291196e-13,7.082402291589199e-14,-1.3002606896931712e-16,2.640456441750541e-15,4.785455885725209e-13,-0.00013083456724416465,7.082402589730918e-05,0.0004785455821547657,3.0955564424759756e-05,5.364418029785156e-07,5.364418029785156e-07,0.0,0.0,0.0,0.0,anisotropic
81,3.3572315934204955e-12,0.005126031115651131,0.9933741688728333,0.9933741688728333,0.9933740496635437,0.0,-1.3083443020384805e-13,7.082390094314758e-14,-1.300258042715211e-16,2.6404534771352255e-15,4.785449922613261e-13,-0.0001308344362769276,7.082390220602974e-05,0.00047854502918198705,3.095355653495203e-05,5.364418029785156e-07,5.364418029785156e-07,0.0,0.0,0.0,0.0,anisotropic
82,3.3572298586970195e-12,0.005126033443957567,0.9933747053146362,0.9933747053146362,0.993374764919281,0.0,-1.3083415915330493e-13,7.082393482446547e-14,-1.3002497047346365e-16,2.6404479714210683e-15,4.785440164793708e-13,-0.00013083415979053825,7.08239313098602e-05,0.0004785440396517515,3.095144172012722e-05,5.364418029785156e-07,5.364418029785156e-07,0.0,0.0,0.0,0.0,anisotropic
83,3.3572285576544125e-12,0.005126034840941429,0.9933752417564392,0.9933752417564392,0.9933750629425049,0.0,-1.3083413204825062e-13,7.082362311634088e-14,-1.3002516899681066e-16,2.6404467008716475e-15,4.785437996389363e-13,-0.0001308341306867078,7.08236257196404e-05,0.00047854380682110786,3.094961626752975e-05,4.769826773554087e-07,5.364418029785156e-07,2.941548338242228e-09,0.0,0.0,0.0,anisotropic
84,3.3572272566118055e-12,0.005126037634909153,0.9933757185935974,0.9933757781982422,0.9933757185935974,2.9451454608420136e-09,-1.3083394231287043e-13,7.082352824865079e-14,-1.3002494400368405e-16,2.640443736256332e-15,4.785433117479587e-13,-0.00013083394151180983,7.082353113219142e-05,0.0004785433120559901,3.094770408175375e-05,5.36296283826232e-07,5.364418029785156e-07,2.941548338242228e-09,0.0,0.0,0.0,anisotropic
85,3.357225738728764e-12,0.0051260399632155895,0.9933762550354004,0.9933762550354004,0.9933760166168213,0.0,-1.3083391520781612e-13,7.08232165405262e-14,-1.3002512929214126e-16,2.640442465706911e-15,4.785430406974156e-13,-0.00013083391240797937,7.082321826601401e-05,0.000478543050121516,3.094591600028677e-05,5.364418029785156e-07,5.364418029785156e-07,0.0,0.0,0.0,0.0,anisotropic
86,3.3572246545265916e-12,0.005126041825860739,0.9933767914772034,0.9933767914772034,0.9933767914772034,0.0,-1.3083365770980016e-13,7.082328430316198e-14,-1.3002440137320221e-16,2.6404373835092277e-15,4.78542119125569e-13,-0.00013083365047350526,7.082328374963254e-05,0.0004785420896951109,3.094395121185407e-05,4.784615157404914e-07,5.364418029785156e-07,9.70482272322215e-09,0.0,0.0,0.0,anisotropic
87,3.3572220524413776e-12,0.005126044619828463,0.9933772683143616,0.9933773279190063,0.9933774471282959,4.3981636110856925e-08,-1.3083346797441997e-13,7.082310812030895e-14,-1.3002400432650819e-16,2.6404331483444914e-15,4.785413601840482e-13,-0.0001308334612986073,7.08231091266498e-05,0.00047854139120317996,3.0942090789317676e-05,5.348174454411492e-07,5.364418029785156e-07,9.70482272322215e-09,0.0,0.0,0.0,anisotropic
88,3.3572216187605086e-12,0.005126046948134899,0.9933778047561646,0.9933778047561646,0.9933777451515198,0.0,-1.3083346797441997e-13,7.082282351723868e-14,-1.30024282259194e-16,2.6404331483444914e-15,4.785413601840482e-13,-0.0001308334612986073,7.082282536430284e-05,0.00047854133299551904,3.0940386578875775e-05,5.364418029785156e-07,5.364418029785156e-07,0.0,0.0,0.0,0.0,anisotropic
89,3.357219233515729e-12,0.005126048345118761,0.9933783411979675,0.9933783411979675,0.9933784604072571,0.0,-1.308331833713497e-13,7.082286417482014e-14,-1.3002342199135695e-16,2.6404274308720974e-15,4.785402759818758e-13,-0.00013083318481221795,7.082286174409091e-05,0.00047854025615379214,3.0938467711142115e-05,4.76837158203125e-07,4.76837158203125e-07,0.0,0.0,0.0,0.0,anisotropic
90,3.3572177156326877e-12,0.005126049276441336,0.9933788180351257,0.9933788180351257,0.9933786988258362,0.0,-1.3083291232080657e-13,7.082295904251024e-14,-1.300226676026383e-16,2.6404217133997035e-15,4.785393001999205e-13,-0.0001308329083258286,7.08229563315399e-05,0.0004785392666235566,3.093657962721621e-05,5.364418029785156e-07,5.364418029785156e-07,0.0,0.0,0.0,0.0,anisotropic
91,3.357215764068777e-12,0.005126050673425198,0.9933793544769287,0.9933793544769287,0.993379533290863,0.0,-1.3083285811069795e-13,7.082262700559491e-14,-1.3002283965620571e-16,2.6404206546085194e-15,4.78539083359486e-13,-0.00013083286467008293,7.082262891344726e-05,0.0004785390920005739,3.0934952343884816e-05,4.76837158203125e-07,4.76837158203125e-07,0.0,0.0,0.0,0.0,anisotropic
92,3.3572146798666047e-12,0.005126053001731634,0.9933798313140869,0.9933798313140869,0.9933796525001526,0.0,-1.3083272258542639e-13,7.082251180911409e-14,-1.300225749584097e-16,2.640417901751441e-15,4.785385954685084e-13,-0.00013083271915093064,7.082251249812543e-05,0.0004785385390277952,3.093322908418869e-05,5.360761861084029e-07,5.364418029785156e-07,4.653971430457204e-09,0.0,0.0,0.0,anisotropic
93,3.3572129451431287e-12,0.005126055330038071,0.9933803081512451,0.9933803677558899,0.9933804869651794,4.255582553014392e-08,-1.3083247863993758e-13,7.082254569043198e-14,-1.3002172792546244e-16,2.6404117607625732e-15,4.785375112663359e-13,-0.00013083247176837176,7.08225488779135e-05,0.00047853749128989875,3.093140601343172e-05,4.772027750732377e-07,5.364418029785156e-07,4.653971430457204e-09,0.0,0.0,0.0,anisotropic
94,3.3572120777813907e-12,0.005126056727021933,0.9933808445930481,0.9933808445930481,0.9933807253837585,0.0,-1.3083254640257336e-13,7.082212556209014e-14,-1.300226014281893e-16,2.640414090103178e-15,4.785378907370963e-13,-0.0001308325445279479,7.082212687237188e-05,0.00047853789874352515,3.093000271884696e-05,4.76837158203125e-07,4.76837158203125e-07,0.0,0.0,0.0,0.0,anisotropic
95,3.3572107767387838e-12,0.005126058589667082,0.9933813214302063,0.9933813214302063,0.9933814406394958,0.0,-1.3083237021972033e-13,7.082201714187289e-14,-1.3002229702572388e-16,2.640410913729626e-15,4.785373486360101e-13,-0.00013083236990496516,7.082201773300767e-05,0.000478537316666916,3.0928332784145224e-05,5.363490345189348e-07,5.364418029785156e-07,2.349679339985755e-09,0.0,0.0,0.0,anisotropic
96,3.3572086083344388e-12,0.005126060917973518,0.9933817982673645,0.9933818578720093,0.9933817386627197,2.351510097753362e-09,-1.3083212627423152e-13,7.082202391813647e-14,-1.3002144999277662e-16,2.640405196257232e-15,4.785362644338376e-13,-0.00013083212252240628,7.082202500896528e-05,0.00047853626892901957,3.0926574855487805e-05,4.769299266627058e-07,5.364418029785156e-07,2.349679339985755e-09,0.0,0.0,0.0,anisotropic
97,3.357207740972701e-12,0.005126063246279955,0.9933823347091675,0.9933823347091675,0.9933823943138123,0.0,-1.3083200430148711e-13,7.082191549791922e-14,-1.300212117647602e-16,2.6404026551583902e-15,4.785358307529686e-13,-0.00013083200610708445,7.082191586960107e-05,0.00047853580326773226,3.092498623764674e-05,4.76837158203125e-07,4.76837158203125e-07,0.0,0.0,0.0,0.0,anisotropic
98,3.3572062230896593e-12,0.005126064643263817,0.9933828115463257,0.9933828115463257,0.9933826923370361,0.0,-1.3083180101357977e-13,7.082184095901986e-14,-1.300210132414132e-16,2.640399690543075e-15,4.785352344417737e-13,-0.00013083180238027126,7.082184311002493e-05,0.0004785352502949536,3.092341239738163e-05,4.768662620335817e-07,5.364418029785156e-07,1.316787456850932e-09,0.0,0.0,0.0,anisotropic
99,3.3572036210044454e-12,0.005126064643263817,0.9933832883834839,0.9933833479881287,0.9933833479881287,1.3171090884611658e-09,-1.3083157062061812e-13,7.082186806407417e-14,-1.3002012650379654e-16,2.640393761312444e-15,4.785342044497098e-13,-0.0001308315695496276,7.082186493789777e-05,0.00047853420255705714,3.0921699651129944e-05,4.816774890059605e-07,5.364418029785156e-07,1.6281447301480512e-08,0.0,0.0,0.0,anisotropic
100,3.3572018862809694e-12,0.005126066971570253,0.9933837652206421,0.9933838248252869,0.9933836460113525,1.697934415290092e-08,-1.3083140799029225e-13,7.082169188122114e-14,-1.3001984857111072e-16,2.640390373180655e-15,4.78533608138515e-13,-0.0001308314094785601,7.082169031491503e-05,0.0004785335622727871,3.0920153780166534e-05,5.315469024935737e-07,5.364418029785156e-07,1.6364808175239887e-08,0.0,0.0,0.0,anisotropic
101,3.3572014526001004e-12,0.00512606929987669,0.9933842420578003,0.9933843016624451,0.9933843016624451,1.2320428011136642e-09,-1.308313944377651e-13,7.082143438320518e-14,-1.3002006032934753e-16,2.6403899496641814e-15,4.785334997182977e-13,-0.00013083139492664486,7.082143565639853e-05,0.0004785334749612957,3.0918735063561266e-05,4.768626240547746e-07,5.364418029785156e-07,1.2317793451899206e-09,0.0,0.0,0.0,anisotropic
102,3.357199934717059e-12,0.005126071162521839,0.9933847784996033,0.9933847784996033,0.993384599685669,0.0,-1.3083125891249353e-13,7.082134629177866e-14,-1.3001986180600052e-16,2.6403874085653397e-15,4.785330118273201e-13,-0.0001308312639594078,7.082134834490716e-05,0.00047853298019617796,3.09172564730569e-05,4.76837158203125e-07,4.76837158203125e-07,0.0,0.0,0.0,0.0,anisotropic
103,3.357198633674452e-12,0.005126073490828276,0.9933852553367615,0.9933852553367615,0.9933852553367615,0.0,-1.308310827296405e-13,7.082121754277068e-14,-1.300195706384249e-16,2.6403842321917875e-15,4.785324697262339e-13,-0.00013083108933642507,7.082121737767011e-05,0.00047853245632722974,3.091576336192467e-05,4.76837158203125e-07,4.76837158203125e-07,0.0,0.0,0.0,0.0,anisotropic
104,3.3571966821105415e-12,0.005126074887812138,0.9933857321739197,0.9933857321739197,0.9933855533599854,0.0,-1.3083094720436894e-13,7.082111589881701e-14,-1.3001926623595948e-16,2.6403808440599984e-15,4.785318192049304e-13,-0.00013083094381727278,7.082111551426351e-05,0.0004785318160429597,3.091427705752018e-05,4.76837158203125e-07,4.76837158203125e-07,0.0,0.0,0.0,0.0,anisotropic
105,3.357195597908369e-12,0.005126077216118574,0.9933862090110779,0.9933862090110779,0.9933862090110779,0.0,-1.3083079812657022e-13,7.082101425486334e-14,-1.3001900153816347e-16,2.640377879444683e-15,4.785312771038441e-13,-0.0001308307982981205,7.082101365085691e-05,0.000478531263070181,3.0912829453721234e-05,4.76837158203125e-07,4.76837158203125e-07,0.0,0.0,0.0,0.0,anisotropic
106,3.357193863184893e-12,0.005126079544425011,0.9933866858482361,0.9933866858482361,0.9933865070343018,0.0,-1.3083063549624435e-13,7.08208719533282e-14,-1.3001873684036745e-16,2.640374703071131e-15,4.785307350027579e-13,-0.000130830638227053,7.082087540766224e-05,0.0004785307392012328,3.091140527779594e-05,4.76837158203125e-07,4.76837158203125e-07,0.0,0.0,0.0,0.0,anisotropic
107,3.357192562142286e-12,0.00512608140707016,0.9933871626853943,0.9933871626853943,0.9933871626853943,0.0,-1.3083055418108142e-13,7.082078386190169e-14,-1.3001844567279183e-16,2.640372161972289e-15,4.785303013218889e-13,-0.00013083055091556162,7.082078082021326e-05,0.000478530244436115,3.090999150795813e-05,4.76837158203125e-07,4.76837158203125e-07,0.0,0.0,0.0,0.0,anisotropic
108,3.3571906105783755e-12,0.00512608140707016,0.9933876395225525,0.9933876395225525,0.9933874607086182,0.0,-1.3083024247295683e-13,7.0820810966956e-14,-1.3001765157940378e-16,2.6403662327416583e-15,4.785292171197164e-13,-0.00013083024532534182,7.082080992404372e-05,0.00047852916759438813,3.090847089438961e-05,4.767862264998257e-07,4.76837158203125e-07,1.7416283970561608e-09,0.0,0.0,0.0,anisotropic
109,3.357189960057072e-12,0.0051260837353765965,0.9933880567550659,0.9933881163597107,0.9933881163597107,1.7423715803488449e-09,-1.3083010694768527e-13,7.082070254673875e-14,-1.3001737364671796e-16,2.6403634798845797e-15,4.785286750186302e-13,-0.00013083009980618954,7.08207007846795e-05,0.0004785287019331008,3.090708916172656e-05,4.283920134184882e-07,4.76837158203125e-07,2.3251669034607403e-08,0.0,0.0,0.0,anisotropic
110,3.357188225333596e-12,0.005126085132360458,0.9933885335922241,0.9933885931968689,0.9933884143829346,2.689209743778065e-08,-1.3083005273757664e-13,7.082046537751352e-14,-1.3001758540495478e-16,2.6403628446098693e-15,4.785285123883043e-13,-0.00013083005615044385,7.082046795403585e-05,0.0004785285273101181,3.0905838920940647e-05,4.657849785871804e-07,4.76837158203125e-07,2.3165210194520114e-08,0.0,0.0,0.0,anisotropic
111,3.357187357971858e-12,0.005126086995005608,0.9933890104293823,0.9933890700340271,0.9933890700340271,1.8333382589830194e-09,-1.3082993076483224e-13,7.082032985224196e-14,-1.3001743982116697e-16,2.6403603035110275e-15,4.785281329175439e-13,-0.0001308299251832068,7.082032971084118e-05,0.0004785281198564917,3.090453259956939e-05,4.767807695316151e-07,4.76837158203125e-07,1.8324709527561822e-09,0.0,0.0,0.0,anisotropic
112,3.3571854064079476e-12,0.005126088857650757,0.9933894872665405,0.9933894872665405,0.993389368057251,0.0,-1.30829822344615e-13,7.08201943269704e-14,-1.3001713541870155e-16,2.640357338895712e-15,4.785275366063491e-13,-0.0001308298233198002,7.082019146764651e-05,0.000478527566883713,3.0903196032538786e-05,4.76837158203125e-07,4.76837158203125e-07,0.0,0.0,0.0,0.0,anisotropic
113,3.357184322205775e-12,0.005126090720295906,0.9933899641036987,0.9933899641036987,0.9933900237083435,0.0,-1.3082970037187058e-13,7.08200994592803e-14,-1.3001688395579533e-16,2.6403543742803967e-15,4.785269945052628e-13,-0.00013082970690447837,7.082009688019753e-05,0.00047852701391093433,3.090189256376583e-05,4.768244252773002e-07,4.76837158203125e-07,8.71093752685681e-10,0.0,0.0,0.0,anisotropic
114,3.3571823706418646e-12,0.005126092117279768,0.9933903813362122,0.9933904409408569,0.9933903217315674,8.711857901744224e-10,-1.308295377415447e-13,7.081995715774517e-14,-1.300165663184401e-16,2.6403511979068445e-15,4.785264524041766e-13,-0.00013082953228149563,7.081995863700286e-05,0.0004785264318343252,3.0900585129203315e-05,4.1738167055882514e-07,4.76837158203125e-07,2.977999402631326e-09,0.0,0.0,0.0,anisotropic
115,3.357181720120561e-12,0.0051260944455862045,0.9933908581733704,0.9933909177780151,0.9933909773826599,2.851624936184294e-09,-1.3082948353143609e-13,7.081971998851994e-14,-1.3001691042557493e-16,2.6403511979068445e-15,4.785263981940679e-13,-0.00013082948862574995,7.081971853040159e-05,0.0004785264318343252,3.0899441573941675e-05,4.7670073399785906e-07,4.76837158203125e-07,2.8483595482242663e-09,0.0,0.0,0.0,anisotropic
116,3.357180419077954e-12,0.005126096308231354,0.9933913350105286,0.9933913350105286,0.993391215801239,0.0,-1.3082937511121884e-13,7.081959123951195e-14,-1.3001665896266872e-16,2.640348233291529e-15,4.785258560929817e-13,-0.00013082937221042812,7.081959483912215e-05,0.0004785258788615465,3.0898169576607084e-05,4.76837158203125e-07,4.76837158203125e-07,0.0,0.0,0.0,0.0,anisotropic
117,3.357178250673609e-12,0.00512609863653779,0.9933918118476868,0.9933918118476868,0.9933919310569763,0.0,-1.308290769556214e-13,7.081965222588416e-14,-1.3001581192972146e-16,2.6403423040608984e-15,4.785248261009178e-13,-0.00013082908117212355,7.081965304678306e-05,0.0004785248311236501,3.089679518203131e-05,4.173998604528606e-07,4.76837158203125e-07,3.153879823969419e-09,0.0,0.0,0.0,anisotropic
118,3.3571767327905677e-12,0.005126098170876503,0.9933922290802002,0.993392288684845,0.9933920502662659,3.1583167192650308e-09,-1.3082880590507828e-13,7.081969288346562e-14,-1.3001505754100281e-16,2.640337221863215e-15,4.785239045290712e-13,-0.0001308288046857342,7.081968942657113e-05,0.00047852389980107546,3.0895451867516286e-05,4.766698111779988e-07,4.76837158203125e-07,3.153879823969419e-09,0.0,0.0,0.0,anisotropic
119,3.3571752149075262e-12,0.005126100033521652,0.9933927059173584,0.9933927059173584,0.9933928847312927,0.0,-1.3082872458991535e-13,7.081961834456627e-14,-1.30014779608317e-16,2.640334680764373e-15,4.785234708482022e-13,-0.00013082871737424284,7.081961666699499e-05,0.00047852349234744906,3.0894223463954094e-05,4.768098733620718e-07,4.76837158203125e-07,1.2749948874457573e-09,0.0,0.0,0.0,anisotropic
120,3.3571747812266572e-12,0.0051261018961668015,0.9933931231498718,0.9933931827545166,0.9933930039405823,1.2752854328113017e-09,-1.3082860261717094e-13,7.081948959555828e-14,-1.3001456785008018e-16,2.6403319279072945e-15,4.785229829572246e-13,-0.00013082860095892102,7.081949297571555e-05,0.00047852296847850084,3.089303244570123e-05,4.172852641204372e-07,4.76837158203125e-07,1.7724280931830094e-09,0.0,0.0,0.0,anisotropic
121,3.3571736970244848e-12,0.005126103758811951,0.99339359998703,0.9933936595916748,0.9933937191963196,1.2320428011136642e-09,-1.3082858906464379e-13,7.0819204992488e-14,-1.300148722525456e-16,2.6403317161490577e-15,4.78522928747116e-13,-0.0001308285864070058,7.081920193741098e-05,0.0004785229393746704,3.089196984123944e-05,4.7681169235147536e-07,4.76837158203125e-07,1.2317795672345255e-09,0.0,0.0,0.0,anisotropic
122,3.3571721791414433e-12,0.0051261056214571,0.9933940768241882,0.9933940768241882,0.9933939576148987,0.0,-1.3082843998684507e-13,7.081909657227076e-14,-1.3001462078963939e-16,2.640328963291979e-15,4.785224408561384e-13,-0.0001308284408878535,7.081910007400438e-05,0.0004785224446095526,3.0890786856202114e-05,4.173525667283684e-07,4.76837158203125e-07,2.672365884137662e-09,0.0,0.0,0.0,anisotropic
123,3.3571713117797053e-12,0.005126108415424824,0.9933944940567017,0.9933945536613464,0.9933946132659912,2.675061283596847e-09,-1.3082838577673644e-13,7.081885262678195e-14,-1.300149251921048e-16,2.6403283280172687e-15,4.785223324359211e-13,-0.0001308283826801926,7.08188526914455e-05,0.0004785223281942308,3.0889766007337925e-05,4.7671710490249097e-07,4.76837158203125e-07,2.672365884137662e-09,0.0,0.0,0.0,anisotropic
124,3.3571695770562293e-12,0.005126109346747398,0.9933949708938599,0.9933949708938599,0.9933949112892151,0.0,-1.3082826380399204e-13,7.081873743030112e-14,-1.300146604943088e-16,2.6403253634019533e-15,4.785217361247263e-13,-0.00013082826626487076,7.081873627612367e-05,0.0004785217752214521,3.088861914953688e-05,4.1732346289791167e-07,4.76837158203125e-07,2.3265649407022693e-09,0.0,0.0,0.0,anisotropic
125,3.3571678423327533e-12,0.005126111675053835,0.9933953881263733,0.9933954477310181,0.9933955669403076,2.3283419636754843e-09,-1.308279656483946e-13,7.081881196920048e-14,-1.3001383993114114e-16,2.640319857687796e-15,4.78520760342771e-13,-0.00013082796067465097,7.081880903569981e-05,0.0004785207856912166,3.088736514168844e-05,4.767462087329477e-07,4.76837158203125e-07,2.3265649407022693e-09,0.0,0.0,0.0,anisotropic
126,3.3571669749710153e-12,0.005126113072037697,0.9933958649635315,0.9933958649635315,0.9933958649635315,0.0,-1.3082787078070451e-13,7.081866289140176e-14,-1.3001354876356552e-16,2.6403173165889544e-15,4.785202724517934e-13,-0.0001308278733631596,7.081866351654753e-05,0.0004785202909260988,3.088623462658208e-05,4.172688932158053e-07,4.76837158203125e-07,1.4721233121406385e-09,0.0,0.0,0.0,anisotropic
127,3.357165023407105e-12,0.005126115866005421,0.9933962821960449,0.9933963418006897,0.993396520614624,1.4725727304210068e-09,-1.3082773525543295e-13,7.081858157623883e-14,-1.300133237704389e-16,2.6403145637318758e-15,4.785197845608158e-13,-0.00013082774239592254,7.081858348101377e-05,0.00047851979616098106,3.088512397090487e-05,4.7675166570115834e-07,4.76837158203125e-07,2.255792663774514e-09,0.0,0.0,0.0,anisotropic
128,3.357163722364498e-12,0.005126115400344133,0.9933966994285583,0.9933967590332031,0.9933967590332031,1.7109749173016553e-09,-1.308275997301614e-13,7.0818466379758e-14,-1.3001304583775308e-16,2.6403113873583236e-15,4.785192424597295e-13,-0.00013082759687677026,7.081846706569195e-05,0.0004785192431882024,3.0884018790961704e-05,4.172816261416301e-07,4.76837158203125e-07,1.7102713689709503e-09,0.0,0.0,0.0,anisotropic
129,3.3571622044814564e-12,0.005126117262989283,0.9933971762657166,0.9933971762657166,0.9933969974517822,0.0,-1.3082736933719974e-13,7.081851381360305e-14,-1.3001227821414464e-16,2.64030630516064e-15,4.785182666777743e-13,-0.0001308273640461266,7.081851072143763e-05,0.0004785182827617973,3.0882821961425024e-05,4.1740531742107123e-07,4.76837158203125e-07,3.204742249351966e-09,0.0,0.0,0.0,anisotropic
130,3.357161120279284e-12,0.0051261186599731445,0.99339759349823,0.9933976531028748,0.9933976531028748,3.2093978585834293e-09,-1.3082735578467258e-13,7.081822243426919e-14,-1.3001258261661005e-16,2.64030630516064e-15,4.785183208878829e-13,-0.00013082734949421138,7.081821968313307e-05,0.0004785182827617973,3.0881889391253825e-05,4.7663706936873496e-07,4.76837158203125e-07,3.4476879129385907e-09,0.0,0.0,0.0,anisotropic
131,3.3571596023962424e-12,0.005126120522618294,0.9933980107307434,0.9933980703353882,0.9933979511260986,1.2752854328113017e-09,-1.3082717960181955e-13,7.081814111910625e-14,-1.3001227821414464e-16,2.6403033405453247e-15,4.785177245766881e-13,-0.00013082717487122864,7.081813964759931e-05,0.0004785177006851882,3.0880823802921965e-05,4.1725979826878756e-07,4.76837158203125e-07,1.2749947764234548e-09,0.0,0.0,0.0,anisotropic
132,3.35715851819407e-12,0.00512612285092473,0.9933984875679016,0.9933984875679016,0.9933986067771912,0.0,-1.308269492088579e-13,7.081818177668772e-14,-1.300115370603158e-16,2.640298470105878e-15,4.785169114250587e-13,-0.00013082694204058498,7.0818183303345e-05,0.00047851685667410493,3.0879663403614764e-05,4.173598426859826e-07,4.76837158203125e-07,2.7519870826608894e-09,0.0,0.0,0.0,anisotropic
133,3.3571570003110285e-12,0.005126123316586018,0.993398904800415,0.9933989644050598,0.9933987259864807,2.7549313941221953e-09,-1.3082689499874928e-13,7.081793105493533e-14,-1.300118149930016e-16,2.6402976230729307e-15,4.785166945846242e-13,-0.0001308268983848393,7.08179286448285e-05,0.00047851671115495265,3.08787569518105e-05,4.765643097925931e-07,4.76837158203125e-07,4.023566813060597e-09,0.0,0.0,0.0,anisotropic
134,3.3571556992684215e-12,0.005126125644892454,0.9933993220329285,0.9933993816375732,0.9933995008468628,2.9451454608420136e-09,-1.3082681368358634e-13,7.081781585845451e-14,-1.300115635300954e-16,2.640295081974089e-15,4.785162609037552e-13,-0.00013082681107334793,7.081781222950667e-05,0.00047851624549366534,3.087773028366203e-05,4.1737803258001804e-07,4.76837158203125e-07,2.9415503366436724e-09,0.0,0.0,0.0,anisotropic
135,3.3571552655875525e-12,0.005126127507537603,0.9933997988700867,0.9933997988700867,0.9933996796607971,0.0,-1.3082681368358634e-13,7.081755836043854e-14,-1.300119076372302e-16,2.640295081974089e-15,4.785163151138638e-13,-0.00013082681107334793,7.081755757099018e-05,0.0004785162745974958,3.0876847177850746e-05,4.1726343624759465e-07,4.76837158203125e-07,1.3572928336813561e-09,0.0,0.0,0.0,anisotropic
136,3.3571535308640765e-12,0.00512612983584404,0.9934002161026001,0.9934002757072449,0.9934003353118896,1.3576449964247672e-09,-1.3082654263304322e-13,7.081763967560148e-14,-1.3001110030895236e-16,2.6402897880181686e-15,4.785152851218e-13,-0.00013082654913887382,7.081763760652393e-05,0.0004785153141710907,3.0875732066339675e-05,4.1741805034689605e-07,4.76837158203125e-07,3.320357766511961e-09,0.0,0.0,0.0,anisotropic
137,3.3571526635023385e-12,0.0051261307671666145,0.9934006333351135,0.9934006929397583,0.9934006333351135,3.5919909269210848e-09,-1.3082652908051606e-13,7.081737540132194e-14,-1.3001140471141778e-16,2.6402897880181686e-15,4.785153393319086e-13,-0.0001308265345869586,7.081737567204982e-05,0.0004785153432749212,3.08748799432547e-05,4.4838998292107135e-07,4.76837158203125e-07,2.9771950238455247e-08,0.0,0.0,0.0,anisotropic
138,3.35714984457669e-12,0.005126131698489189,0.993401050567627,0.9934011101722717,0.9934011697769165,4.62256508626524e-08,-1.3082621737239147e-13,7.081750415032992e-14,-1.300101871015561e-16,2.64028237647988e-15,4.785139298690844e-13,-0.00013082621444482356,7.081750663928688e-05,0.00047851394629105926,3.0873677725856433e-05,4.45459590991959e-07,4.76837158203125e-07,2.9761116238091745e-08,0.0,0.0,0.0,anisotropic
139,3.3571491940553866e-12,0.005126132629811764,0.9934014678001404,0.9934015274047852,0.9934015274047852,4.656683927350969e-10,-1.3082604118953844e-13,7.081748382153918e-14,-1.3000984299442128e-16,2.6402796236228016e-15,4.785133877679981e-13,-0.00013082603982184082,7.081748481141403e-05,0.0004785133933182806,3.087268767218799e-05,4.1723615140654147e-07,4.76837158203125e-07,4.656548202586208e-10,0.0,0.0,0.0,anisotropic
140,3.3571487603745176e-12,0.005126134492456913,0.9934019446372986,0.9934019446372986,0.9934017658233643,0.0,-1.3082604118953844e-13,7.081720599473249e-14,-1.300101473968867e-16,2.6402794118645647e-15,4.785133877679981e-13,-0.00013082603982184082,7.08172083250247e-05,0.0004785133933182806,3.087187111961241e-05,4.1725070332176983e-07,4.76837158203125e-07,1.0411073114724445e-09,0.0,0.0,0.0,anisotropic
141,3.3571465919701726e-12,0.005126136355102062,0.993402361869812,0.9934024214744568,0.9934024214744568,1.0412661843872684e-09,-1.3082578369152248e-13,7.081726698110469e-14,-1.3000932683371905e-16,2.6402739061504076e-15,4.785124119860429e-13,-0.0001308257778873667,7.081726653268561e-05,0.0004785123746842146,3.087078675783361e-05,4.1729981603566557e-07,4.76837158203125e-07,2.0017845159259195e-09,0.0,0.0,0.0,anisotropic
142,3.357145507768e-12,0.0051261382177472115,0.9934027791023254,0.9934028387069702,0.9934026598930359,2.2574113689444175e-09,-1.3082577013899532e-13,7.081699593056157e-14,-1.3000965770596407e-16,2.6402736943921708e-15,4.785123577759343e-13,-0.00013082576333545148,7.081699732225388e-05,0.0004785123746842146,3.086998275313413e-05,4.173089109826833e-07,4.76837158203125e-07,2.132592769044095e-09,0.0,0.0,0.0,anisotropic
143,3.3571448572466966e-12,0.005126139149069786,0.9934031963348389,0.9934032559394836,0.9934033751487732,3.106395585206201e-09,-1.3082577013899532e-13,7.08167384325456e-14,-1.3000994887353969e-16,2.640273270875697e-15,4.785123577759343e-13,-0.00013082576333545148,7.081673538777977e-05,0.00047851234558038414,3.086919593578178e-05,4.173052730038762e-07,4.76837158203125e-07,2.081260941366736e-09,0.0,0.0,0.0,anisotropic
144,3.3571435562040897e-12,0.005126142408698797,0.9934036135673523,0.9934036731719971,0.9934034943580627,3.739871079488921e-09,-1.3082548553592505e-13,7.081679264265422e-14,-1.3000918124993124e-16,2.6402681886780136e-15,4.78511381993979e-13,-0.00013082548684906214,7.081679359544069e-05,0.00047851144336164,3.086816805028748e-05,4.178637027507648e-07,4.76837158203125e-07,6.10119466060155e-09,0.0,0.0,0.0,anisotropic
145,3.3571422551614827e-12,0.005126143805682659,0.9934040307998657,0.9934040904045105,0.9934041500091553,7.138561297637125e-09,-1.3082551264097936e-13,7.0816555473429e-14,-1.3000948565239666e-16,2.6402686121944872e-15,4.785114362040876e-13,-0.0001308255159528926,7.081655348883942e-05,0.00047851144336164,3.086740840591677e-05,4.18527633883059e-07,4.76837158203125e-07,8.690234309938205e-09,0.0,0.0,0.0,anisotropic
146,3.3571400867571377e-12,0.005126145668327808,0.9934044480323792,0.9934045076370239,0.9934044480323792,4.4309516056273424e-08,-1.3082526869549055e-13,7.0816555473429e-14,-1.30008665089229e-16,2.6402628947220933e-15,4.785104604221324e-13,-0.00013082526857033372,7.081655348883942e-05,0.000478510424727574,3.086638787848361e-05,4.5142769522499293e-07,4.76837158203125e-07,2.947724198065771e-08,0.0,0.0,0.0,anisotropic
147,3.3571396530762687e-12,0.005126146599650383,0.9934048652648926,0.9934049248695374,0.9934049844741821,4.868629233101274e-08,-1.3082520093285477e-13,7.08164606057389e-14,-1.30008665089229e-16,2.6402616241726724e-15,4.785101893715893e-13,-0.00013082519581075758,7.081645890139043e-05,0.00047851019189693034,3.0865559113827593e-05,4.201610863674432e-07,4.76837158203125e-07,1.288352002859483e-08,0.0,0.0,0.0,anisotropic
148,3.3571370509910547e-12,0.005126148462295532,0.993405282497406,0.9934053421020508,0.9934053421020508,3.903984335806854e-08,-1.308249163297845e-13,7.081649448705679e-14,-1.3000788423073075e-16,2.6402559067002784e-15,4.785091593795254e-13,-0.00013082491932436824,7.08164952811785e-05,0.00047850917326286435,3.086456078804451e-05,4.1189559851773083e-07,4.172325134277344e-07,1.7018551901060164e-08,0.0,0.0,0.0,anisotropic
149,3.3571359667888823e-12,0.0051261489279568195,0.9934056997299194,0.9934057593345642,0.9934055805206299,4.753582771854781e-08,-1.3082480790956724e-13,7.08163996193667e-14,-1.3000759306315514e-16,2.6402533656014367e-15,4.785086714885478e-13,-0.0001308248029090464,7.081640069372952e-05,0.0004785086784977466,3.086368179035057e-05,4.380108293844387e-07,4.76837158203125e-07,2.8403702501123007e-08,0.0,0.0,0.0,anisotropic
150,3.3571350994271443e-12,0.005126150790601969,0.9934061169624329,0.9934061765670776,0.9934062361717224,1.7621719194949037e-08,-1.3082478080451293e-13,7.081617600266862e-14,-1.3000769894227354e-16,2.6402523068102526e-15,4.785085088582219e-13,-0.00013082477380521595,7.081617513904348e-05,0.0004785084747709334,3.086291807444763e-05,3.685308911371976e-07,4.172325134277344e-07,2.3043677188638867e-08,0.0,0.0,0.0,anisotropic
151,3.3571337983845373e-12,0.005126152187585831,0.9934065341949463,0.9934065937995911,0.9934064149856567,1.8797665646275163e-08,-1.3082463172671421e-13,7.081612179256e-14,-1.3000740777469792e-16,2.6402493421949372e-15,4.785079667571357e-13,-0.00013082462828606367,7.081612420734018e-05,0.0004785079800058156,3.086207299316557e-05,4.1241946746595204e-07,4.172325134277344e-07,1.6239535938211702e-08,0.0,0.0,0.0,anisotropic
152,3.3571324973419303e-12,0.005126153584569693,0.9934069514274597,0.9934070110321045,0.9934070706367493,4.3165478302853444e-08,-1.3082437422869825e-13,7.081612856882358e-14,-1.3000671956042828e-16,2.640244895271964e-15,4.785071536055063e-13,-0.0001308243809035048,7.08161314832978e-05,0.0004785071068909019,3.086112853726319e-05,4.16284819948487e-07,4.172325134277344e-07,7.45590611472835e-09,0.0,0.0,0.0,anisotropic
153,3.357132280501496e-12,0.005126155912876129,0.9934073686599731,0.9934074282646179,0.9934073090553284,3.965023420704483e-09,-1.308243877812254e-13,7.081593883344339e-14,-1.300070636675631e-16,2.640244895271964e-15,4.785071536055063e-13,-0.0001308243809035048,7.081594230839983e-05,0.00047850716509856284,3.086045464125162e-05,4.1714338294696063e-07,4.172325134277344e-07,2.303217172539007e-09,0.0,0.0,0.0,anisotropic
154,3.357131413139758e-12,0.005126156844198704,0.9934077858924866,0.9934078454971313,0.9934079647064209,3.226245270937511e-09,-1.308243877812254e-13,7.081566100663669e-14,-1.3000740777469792e-16,2.640244895271964e-15,4.785071536055063e-13,-0.0001308243809035048,7.081565854605287e-05,0.00047850716509856284,3.085978308544729e-05,4.171506589045748e-07,4.172325134277344e-07,2.2073418648460574e-09,0.0,0.0,0.0,anisotropic
155,3.357129244735413e-12,0.005126158706843853,0.993408203125,0.9934082627296448,0.993408203125,2.351510097753362e-09,-1.3082407607310081e-13,7.081570166421816e-14,-1.3000660044642007e-16,2.64023917779957e-15,4.785061236134425e-13,-0.000130824075313285,7.081570220179856e-05,0.00047850614646449685,3.085883842323506e-05,4.1717976273503155e-07,4.172325134277344e-07,1.7724276490937996e-09,0.0,0.0,0.0,anisotropic
156,3.357128377373675e-12,0.005126160569489002,0.9934086203575134,0.9934086799621582,0.9934084415435791,1.5444473477899123e-09,-1.3082413028320944e-13,7.081545094246577e-14,-1.300069048488855e-16,2.6402398130742806e-15,4.785062320336597e-13,-0.0001308241335209459,7.081544754328206e-05,0.00047850620467215776,3.085817042023077e-05,4.1719249566085637e-07,4.172325134277344e-07,1.54392876261511e-09,0.0,0.0,0.0,anisotropic
157,3.3571268594906334e-12,0.005126162897795439,0.9934090375900269,0.9934090375900269,0.9934090971946716,0.0,-1.3082387278519347e-13,7.081551870510155e-14,-1.3000613722527704e-16,2.6402345191183603e-15,4.785052562517045e-13,-0.0001308238715864718,7.08155203028582e-05,0.00047850527334958315,3.0857253590908404e-05,4.172288754489273e-07,4.172325134277344e-07,4.656548202586208e-10,0.0,0.0,0.0,anisotropic
158,3.35712620896933e-12,0.005126163829118013,0.9934093952178955,0.9934094548225403,0.9934093356132507,4.656683927350969e-10,-1.3082389989024779e-13,7.081524087829486e-14,-1.3000646809752206e-16,2.640234730876597e-15,4.785053104618131e-13,-0.00013082390069030225,7.081524381646886e-05,0.0004785053024534136,3.085660556907991e-05,4.1611383494455367e-07,4.172325134277344e-07,8.08882028024982e-09,0.0,0.0,0.0,anisotropic
159,3.357123606884116e-12,0.005126165691763163,0.9934098124504089,0.9934098720550537,0.9934099912643433,8.132548856565336e-09,-1.308234933144331e-13,7.081545771872935e-14,-1.3000510490387258e-16,2.640226684063598e-15,4.785037925787716e-13,-0.00013082349323667586,7.081545481923968e-05,0.0004785038181580603,3.085557725603018e-05,3.595341695472598e-07,4.172325134277344e-07,1.0487792856395117e-08,0.0,0.0,0.0,anisotropic
160,3.357122739522378e-12,0.005126165226101875,0.9934102296829224,0.9934102892875671,0.9934101700782776,6.835974009078427e-09,-1.308233713416887e-13,7.081532896972137e-14,-1.3000489314563576e-16,2.6402241429647564e-15,4.785033588979026e-13,-0.00013082337682135403,7.081533112796023e-05,0.000478503352496773,3.08548319411633e-05,4.1657222027424723e-07,4.172325134277344e-07,6.238730865248954e-09,0.0,0.0,0.0,anisotropic
161,3.3571220890010744e-12,0.0051261670887470245,0.9934106469154358,0.9934107065200806,0.9934108257293701,2.7152899928495344e-09,-1.30823398446743e-13,7.081513245807761e-14,-1.3000526372255019e-16,2.64022456648123e-15,4.785034673181199e-13,-0.00013082339137326926,7.081513467710465e-05,0.00047850346891209483,3.0854228744004864e-05,4.1712883103173226e-07,4.172325134277344e-07,2.4838258116943734e-09,0.0,0.0,0.0,anisotropic
162,3.357120571118033e-12,0.0051261684857308865,0.9934110641479492,0.993411123752594,0.9934110641479492,1.0920891968524415e-09,-1.3082314094872705e-13,7.081519344444981e-14,-1.3000444315938253e-16,2.6402194842835465e-15,4.785025457462733e-13,-0.00013082314399071038,7.081519288476557e-05,0.0004785025375895202,3.085335281582494e-05,4.1719977161847055e-07,4.172325134277344e-07,1.396621707172585e-09,0.0,0.0,0.0,anisotropic
163,3.357119703756295e-12,0.005126170814037323,0.9934114217758179,0.9934114813804626,0.9934113025665283,8.711857901744224e-10,-1.3082316805378136e-13,7.081492239390669e-14,-1.3000477403162755e-16,2.6402194842835465e-15,4.785025457462733e-13,-0.00013082317309454083,7.081492367433384e-05,0.0004785025375895202,3.0852751811557374e-05,3.70608177036047e-07,4.172325134277344e-07,2.4601153114645058e-08,0.0,0.0,0.0,anisotropic
164,3.3571177521923845e-12,0.005126172211021185,0.9934118390083313,0.9934118986129761,0.9934119582176208,4.990262070236895e-08,-1.3082301897598264e-13,7.081484107874375e-14,-1.3000439021982333e-16,2.6402160961517575e-15,4.785018952249698e-13,-0.00013082301302347332,7.081484363880008e-05,0.0004785019264090806,3.085199129881659e-05,4.0441955206915736e-07,4.172325134277344e-07,2.4485879990265857e-08,0.0,0.0,0.0,anisotropic
165,3.3571173185115155e-12,0.005126173608005047,0.9934122562408447,0.9934123158454895,0.9934120774269104,3.0357865110630655e-09,-1.308230325285098e-13,7.081457002820063e-14,-1.3000485344096636e-16,2.640216731426468e-15,4.785020578552956e-13,-0.00013082302757538855,7.081456715241075e-05,0.00047850204282440245,3.0851432795232303e-05,4.171306500211358e-07,4.172325134277344e-07,2.4619790650604045e-09,0.0,0.0,0.0,anisotropic
166,3.357115800628474e-12,0.005126175470650196,0.9934126734733582,0.9934127330780029,0.9934127926826477,1.773212465749907e-09,-1.3082274792543952e-13,7.08146106857821e-14,-1.300040461126885e-16,2.6402114374705476e-15,4.785010820733404e-13,-0.0001308227510889992,7.081461080815643e-05,0.0004785010823979974,3.085057879982403e-05,4.1715975385159254e-07,4.172325134277344e-07,2.081260941366736e-09,0.0,0.0,0.0,anisotropic
167,3.357114933266736e-12,0.005126177333295345,0.9934130311012268,0.9934130907058716,0.9934130311012268,1.0920891968524415e-09,-1.3082277503049383e-13,7.081434641150255e-14,-1.3000439021982333e-16,2.6402112257123108e-15,4.785010278632318e-13,-0.00013082278019282967,7.081434887368232e-05,0.0004785010532941669,3.085000740455378e-05,3.5817902244161814e-07,4.172325134277344e-07,5.7051341428859814e-09,0.0,0.0,0.0,anisotropic
168,3.357113632224129e-12,0.0051261791959404945,0.9934134483337402,0.993413507938385,0.9934136867523193,5.626692445304116e-09,-1.3082268016280374e-13,7.081426509633962e-14,-1.3000419169647632e-16,2.6402095316464163e-15,4.7850070260258e-13,-0.00013082267832942307,7.081426156219095e-05,0.00047850070404820144,3.084933524539526e-05,4.167923179920763e-07,4.172325134277344e-07,5.103403033501763e-09,0.0,0.0,0.0,anisotropic
169,3.357111897500653e-12,0.005126181058585644,0.9934138655662537,0.9934139251708984,0.9934138655662537,2.3283419636754843e-09,-1.308223820072063e-13,7.081432608271182e-14,-1.3000335789841886e-16,2.6402036024157855e-15,4.784996726105162e-13,-0.0001308223872911185,7.081432704580948e-05,0.00047849968541413546,3.0848508718751145e-05,4.1711246012710035e-07,4.172325134277344e-07,2.672365884137662e-09,0.0,0.0,0.0,anisotropic
170,3.357111030138915e-12,0.005126182455569506,0.9934142231941223,0.9934142827987671,0.9934141635894775,1.3171090884611658e-09,-1.3082230069204337e-13,7.081425832007604e-14,-1.3000317260996165e-16,2.640201696591654e-15,4.784992931397558e-13,-0.00013082229997962713,7.081426156219095e-05,0.00047849927796050906,3.0847843023270574e-05,3.5804077924694866e-07,4.172325134277344e-07,4.943848885829993e-09,0.0,0.0,0.0,anisotropic
171,3.357109729096308e-12,0.005126182455569506,0.9934146404266357,0.9934147000312805,0.9934148192405701,4.783028639820941e-09,-1.3082219227182612e-13,7.081414989985879e-14,-1.3000296085172484e-16,2.6401993672510492e-15,4.784988594588868e-13,-0.00013082219811622053,7.081415242282674e-05,0.00047849887050688267,3.084718010886541e-05,4.169196472503245e-07,4.172325134277344e-07,4.307082246413074e-09,0.0,0.0,0.0,anisotropic
172,3.357108428053701e-12,0.005126183852553368,0.9934150576591492,0.993415117263794,0.9934149384498596,2.0563359903746914e-09,-1.30821921221283e-13,7.081420410996742e-14,-1.300021799932266e-16,2.640194073295129e-15,4.784978836769316e-13,-0.0001308219216298312,7.081420335453004e-05,0.00047849793918430805,3.0846380832528926e-05,4.1695057007018477e-07,4.172325134277344e-07,4.089763638859267e-09,0.0,0.0,0.0,anisotropic
173,3.3571073438515286e-12,0.005126185715198517,0.9934154152870178,0.9934154748916626,0.9934155941009521,3.546424931499814e-09,-1.30821921221283e-13,7.08139330594243e-14,-1.30002484395692e-16,2.640194073295129e-15,4.784978836769316e-13,-0.0001308219216298312,7.081393414409831e-05,0.00047849788097664714,3.08458574524541e-05,3.5802440834231675e-07,4.172325134277344e-07,4.845522649787881e-09,0.0,0.0,0.0,anisotropic
174,3.357106259649356e-12,0.005126187577843666,0.9934158325195312,0.993415892124176,0.9934158325195312,3.3255374010110472e-09,-1.3082181280106575e-13,7.081387207305209e-14,-1.300022726374552e-16,2.6401919557127607e-15,4.784975042061712e-13,-0.0001308218197664246,7.081386866047978e-05,0.00047849753173068166,3.084520401503855e-05,4.170597094343975e-07,4.172325134277344e-07,3.204742249351966e-09,0.0,0.0,0.0,anisotropic
175,3.35710452492588e-12,0.005126188509166241,0.9934161901473999,0.9934163093566895,0.9934160709381104,1.0920891968524415e-09,-1.308215824081041e-13,7.081392628316072e-14,-1.3000151824873655e-16,2.6401868735150772e-15,4.784966368444332e-13,-0.00013082158693578094,7.08139268681407e-05,0.0004784966295119375,3.084443581199065e-05,3.6640267353504896e-07,4.172325134277344e-07,2.1119554105553107e-08,0.0,0.0,0.0,anisotropic
176,3.357104091245011e-12,0.005126190837472677,0.9934166073799133,0.9934166669845581,0.9934167265892029,4.8465320645618704e-08,-1.3082169082832135e-13,7.081355358866392e-14,-1.300023123421246e-16,2.6401889910974453e-15,4.784970163151936e-13,-0.00013082168879918754,7.081355579430237e-05,0.00047849700786173344,3.084403518950319e-05,4.085377440787852e-07,4.172325134277344e-07,2.1039561204361235e-08,0.0,0.0,0.0,anisotropic
177,3.3571032238832732e-12,0.005126191768795252,0.9934170246124268,0.9934170842170715,0.9934168457984924,2.351510097753362e-09,-1.308214604353597e-13,7.081358746998181e-14,-1.3000166383252435e-16,2.6401845441744723e-15,4.784962031635642e-13,-0.0001308214559685439,7.081358489813283e-05,0.0004784961638506502,3.0843293945606485e-05,4.155008355155587e-07,4.172325134277344e-07,1.0011015127986411e-08,0.0,0.0,0.0,anisotropic
178,3.3571014891597972e-12,0.005126193165779114,0.9934173822402954,0.9934174418449402,0.993417501449585,4.3684806882993144e-08,-1.3082147398788685e-13,7.081330964317512e-14,-1.3000188882565097e-16,2.640183908899762e-15,4.78496094743347e-13,-0.00013082147052045912,7.081330841174349e-05,0.00047849604743532836,3.084279283106521e-05,3.593831934267655e-07,4.172325134277344e-07,1.0077076950665287e-08,0.0,0.0,0.0,anisotropic
179,3.3571006217980592e-12,0.005126195028424263,0.9934177994728088,0.9934178590774536,0.9934177994728088,2.6342181769223316e-09,-1.3082132491008813e-13,7.081322832801218e-14,-1.3000169030230396e-16,2.640181579559157e-15,4.78495661062478e-13,-0.00013082132500130683,7.081322837620974e-05,0.0004784956690855324,3.084218911362975e-05,4.169596650172025e-07,4.172325134277344e-07,4.023566813060597e-09,0.0,0.0,0.0,anisotropic
180,3.3570993207554523e-12,0.005126196891069412,0.9934181571006775,0.9934182167053223,0.9934179782867432,3.053591823842794e-09,-1.3082109451712648e-13,7.081330286691154e-14,-1.300009359135853e-16,2.6401771326361838e-15,4.784948479108486e-13,-0.00013082109217066318,7.081330113578588e-05,0.00047849485417827964,3.084145890295971e-05,3.5793345887213945e-07,4.172325134277344e-07,4.256967667259914e-09,0.0,0.0,0.0,anisotropic
181,3.3570980197128453e-12,0.0051261987537145615,0.9934185743331909,0.9934186339378357,0.9934186339378357,2.9817326385739307e-09,-1.3082095899185492e-13,7.081320122295787e-14,-1.300007638600179e-16,2.6401743797791052e-15,4.784943058097624e-13,-0.00013082096120342612,7.081319927237928e-05,0.0004784943303093314,3.08408702049652e-05,4.168923624092713e-07,4.172325134277344e-07,4.489933758122788e-09,0.0,0.0,0.0,anisotropic
182,3.3570971523511073e-12,0.005126200150698423,0.9934189319610596,0.9934189915657043,0.9934188723564148,3.37408812001172e-09,-1.308209047817463e-13,7.081311990779493e-14,-1.3000055210178108e-16,2.6401726857132107e-15,4.784940347592193e-13,-0.0001308209029957652,7.081311923684552e-05,0.0004784940101671964,3.0840281135065324e-05,3.579589247237891e-07,4.172325134277344e-07,4.429840938513507e-09,0.0,0.0,0.0,anisotropic
183,3.3570960681489348e-12,0.005126199685037136,0.993419349193573,0.9934194087982178,0.9934194684028625,2.889396499838881e-09,-1.3082076925647473e-13,7.081301826384126e-14,-1.3000030063887487e-16,2.640169932856132e-15,4.78493492658133e-13,-0.00013082077202852815,7.081301737343892e-05,0.00047849351540207863,3.0839677278129725e-05,4.1657222027424723e-07,4.172325134277344e-07,6.238730421159744e-09,0.0,0.0,0.0,anisotropic
184,3.3570941165850243e-12,0.005126201547682285,0.9934197068214417,0.9934197664260864,0.9934197068214417,5.5588400549311245e-09,-1.3082051175845877e-13,7.081307247394988e-14,-1.2999951978037662e-16,2.6401648506584486e-15,4.78492625296395e-13,-0.00013082051009405404,7.081307558109984e-05,0.00047849261318333447,3.0838968763922854e-05,3.582681529223919e-07,4.172325134277344e-07,6.144520003914522e-09,0.0,0.0,0.0,anisotropic
185,3.3570932492232863e-12,0.00512620247900486,0.9934201240539551,0.9934201836585999,0.993419885635376,2.675061283596847e-09,-1.3082038978571436e-13,7.08130047113141e-14,-1.299993477268092e-16,2.6401625213178436e-15,4.784921374054174e-13,-0.00013082039367873222,7.08130028215237e-05,0.00047849214752204716,3.0838410104656714e-05,4.160392563790083e-07,4.172325134277344e-07,8.348768787413974e-09,0.0,0.0,0.0,anisotropic
186,3.3570919481806794e-12,0.005126204341650009,0.9934204816818237,0.9934205412864685,0.9934205412864685,4.300946088164892e-08,-1.3082041689076868e-13,7.081273366077098e-14,-1.2999965212927463e-16,2.640162309559607e-15,4.784921374054174e-13,-0.00013082042278256267,7.081273361109197e-05,0.0004784921184182167,3.0837949509719565e-05,3.5880657378584146e-07,4.172325134277344e-07,8.298739473389105e-09,0.0,0.0,0.0,anisotropic
187,3.3570910808189414e-12,0.005126206204295158,0.9934208989143372,0.9934209585189819,0.9934207797050476,2.5077009357943325e-09,-1.308202542604428e-13,7.081265234560805e-14,-1.2999946684081741e-16,2.640159980219002e-15,4.784917037245484e-13,-0.00013082024815957993,7.081265357555822e-05,0.0004784917109645903,3.0837391682705173e-05,3.766072040889412e-07,4.172325134277344e-07,2.77680545224257e-08,0.0,0.0,0.0,anisotropic
188,3.3570893460954654e-12,0.005126208066940308,0.9934212565422058,0.9934213161468506,0.9934214353561401,4.985588475392433e-08,-1.3082017294527987e-13,7.081251682033649e-14,-1.299992550825806e-16,2.640157650878397e-15,4.784912700436794e-13,-0.0001308201754000038,7.081251533236355e-05,0.00047849127440713346,3.083682763029796e-05,3.9819860830903053e-07,4.172325134277344e-07,2.77892624467313e-08,0.0,0.0,0.0,anisotropic
189,3.357089129255031e-12,0.005126209929585457,0.9934216141700745,0.993421733379364,0.9934216141700745,1.8626735709403874e-09,-1.3082017294527987e-13,7.081229997990199e-14,-1.2999954625015622e-16,2.640157650878397e-15,4.78491324253788e-13,-0.0001308201754000038,7.081229705363512e-05,0.0004784913035109639,3.0836402638850776e-05,3.578588803065941e-07,4.172325134277344e-07,3.703568562940518e-09,0.0,0.0,0.0,anisotropic
190,3.3570880450528584e-12,0.0051262108609080315,0.9934220314025879,0.9934220910072327,0.9934217929840088,4.0994692085405404e-09,-1.3082006452506262e-13,7.081221866473905e-14,-1.299993212570296e-16,2.640155109779555e-15,4.78490890572919e-13,-0.00013082005898468196,7.081221701810136e-05,0.00047849086695350707,3.0835870503581584e-05,4.1685416363179684e-07,4.172325134277344e-07,4.733808900425629e-09,0.0,0.0,0.0,anisotropic
191,3.357086960850686e-12,0.005126212723553181,0.9934223890304565,0.9934225082397461,0.9934224486351013,2.571737711676292e-09,-1.3081983413210097e-13,7.081228642737483e-14,-1.2999856686831096e-16,2.6401504510983453e-15,4.784900232111811e-13,-0.00013081984070595354,7.08122897776775e-05,0.00047848999383859336,3.083520148052056e-05,3.578516043489799e-07,4.172325134277344e-07,3.6450025220347015e-09,0.0,0.0,0.0,anisotropic
192,3.35708522612721e-12,0.00512621458619833,0.99342280626297,0.9934228658676147,0.9934226870536804,2.7549313941221953e-09,-1.308196986068294e-13,7.081218478342116e-14,-1.2999835511007414e-16,2.6401476982412667e-15,4.784895353202034e-13,-0.00013081969518680125,7.081218791427091e-05,0.0004784894990734756,3.0834669947304355e-05,3.594541340135038e-07,4.172325134277344e-07,1.0272386496978925e-08,0.0,0.0,0.0,anisotropic
193,3.3570845756059065e-12,0.005126216448843479,0.9934231638908386,0.9934232234954834,0.9934232831001282,4.386190965988135e-08,-1.3081961729166647e-13,7.081209669199465e-14,-1.2999815658672713e-16,2.6401457924171354e-15,4.784891558494431e-13,-0.0001308196224272251,7.081209332682192e-05,0.0004784891498275101,3.083415583194685e-05,4.152971087023616e-07,4.172325134277344e-07,1.056488319051141e-08,0.0,0.0,0.0,anisotropic
194,3.3570832745632995e-12,0.005126217845827341,0.9934235215187073,0.9934236407279968,0.9934235215187073,1.80352588419197e-09,-1.3081949531892206e-13,7.081201537683171e-14,-1.2999793159360052e-16,2.6401434630765304e-15,4.784887221685741e-13,-0.00013081949145998806,7.081201329128817e-05,0.00047848871327005327,3.083363210620087e-05,3.5776974982582033e-07,4.172325134277344e-07,2.904634976985676e-09,0.0,0.0,0.0,anisotropic
195,3.3570819735206925e-12,0.0051262169145047665,0.9934239387512207,0.9934239983558655,0.9934237003326416,3.0888946955798247e-09,-1.308193597936505e-13,7.081191373287804e-14,-1.299976933655841e-16,2.6401409219776887e-15,4.784882884877051e-13,-0.000130819360492751,7.081191142788157e-05,0.0004784882767125964,3.0833108234189455e-05,3.9492260839324445e-07,4.172325134277344e-07,2.8845581923064856e-08,0.0,0.0,0.0,anisotropic
196,3.357080455637651e-12,0.005126219242811203,0.9934242963790894,0.9934243559837341,0.9934243559837341,4.871189673849585e-08,-1.3081918361079747e-13,7.081193406166877e-14,-1.2999715073510227e-16,2.6401368985711892e-15,4.784875295461843e-13,-0.00013081918586976826,7.081193325575441e-05,0.00047848752001300454,3.08325249523147e-05,3.7982863432262093e-07,4.172325134277344e-07,2.8817010999659942e-08,0.0,0.0,0.0,anisotropic
197,3.3570793714354785e-12,0.005126220174133778,0.993424654006958,0.9934247732162476,0.9934245944023132,2.0298014380415452e-09,-1.3081896677036298e-13,7.08118934040873e-14,-1.2999674045351844e-16,2.6401330869229266e-15,4.784868790248809e-13,-0.00013081896759103984,7.081189687596634e-05,0.00047848685062490404,3.083196067383495e-05,3.5778612073045224e-07,4.172325134277344e-07,3.0672142603549446e-09,0.0,0.0,0.0,anisotropic
198,3.3570785040737405e-12,0.0051262215711176395,0.9934250712394714,0.9934251308441162,0.993425190448761,3.5311054080722215e-09,-1.308188990077272e-13,7.081179176013364e-14,-1.2999654193017143e-16,2.6401311810987952e-15,4.784864995541205e-13,-0.0001308188948314637,7.081179501255974e-05,0.000478486530482769,3.0831461803168056e-05,3.875156835420057e-07,4.172325134277344e-07,2.980265279006744e-08,0.0,0.0,0.0,anisotropic
199,3.357076986190699e-12,0.005126223899424076,0.9934254288673401,0.9934254884719849,0.9934254288673401,4.547008103372718e-08,-1.3081895321783582e-13,7.081147327574547e-14,-1.2999711103043286e-16,2.6401322398899793e-15,4.784866621844464e-13,-0.0001308189530391246,7.081147487042472e-05,0.0004784866760019213,3.083114754199856e-05,3.8717553252354264e-07,4.172325134277344e-07,2.9801688228303647e-08,0.0,0.0,0.0,anisotropic
200,3.35707655250983e-12,0.005126224830746651,0.9934257864952087,0.9934259057044983,0.9934256076812744,2.0298014380415452e-09,-1.3081874992992848e-13,7.081143939442758e-14,-1.2999664780928983e-16,2.6401288517581903e-15,4.784860658732515e-13,-0.0001308187493123114,7.081143849063665e-05,0.0004784860648214817,3.083059090806344e-05,3.5773882700596005e-07,4.172325134277344e-07,2.5693429606121754e-09,0.0,0.0,0.0,anisotropic
201,3.357075251467223e-12,0.005126226227730513,0.9934262037277222,0.9934262633323669,0.9934262633323669,2.9998588058077758e-09,-1.3081865506223839e-13,7.081135130300106e-14,-1.2999644928594282e-16,2.6401265224175853e-15,4.784856321923825e-13,-0.00013081866200082004,7.081135117914528e-05,0.0004784856573678553,3.083011771951931e-05,3.581099008442834e-07,4.172325134277344e-07,5.338528286102928e-09,0.0,0.0,0.0,anisotropic
202,3.357073950424616e-12,0.0051262276247143745,0.9934265613555908,0.9934266209602356,0.9934264421463013,6.142587771762464e-09,-1.3081854664202114e-13,7.081125643531097e-14,-1.299962110579264e-16,2.6401241930769804e-15,4.784852527216221e-13,-0.00013081854558549821,7.081125659169629e-05,0.0004784852499142289,3.082963536838183e-05,4.1436760511714965e-07,4.172325134277344e-07,1.2749867828176775e-08,0.0,0.0,0.0,anisotropic
203,3.3570728662224436e-12,0.005126229487359524,0.9934269189834595,0.993427038192749,0.993427038192749,4.4237271623615015e-08,-1.308185601945483e-13,7.081104637114005e-14,-1.2999650222550202e-16,2.6401241930769804e-15,4.784852527216221e-13,-0.00013081856013741344,7.081104558892548e-05,0.00047848522081039846,3.082930180804739e-05,3.599070623749867e-07,4.172325134277344e-07,1.14306528686825e-08,0.0,0.0,0.0,anisotropic
204,3.3570719988607056e-12,0.005126231350004673,0.9934272766113281,0.9934273958206177,0.9934273362159729,2.184178393704883e-09,-1.308184382218039e-13,7.081094472718638e-14,-1.2999634340682441e-16,2.6401220754946123e-15,4.784848190407531e-13,-0.00013081844372209162,7.081094372551888e-05,0.00047848481335677207,3.0828837180877055e-05,3.577479219529778e-07,4.172325134277344e-07,2.672365884137662e-09,0.0,0.0,0.0,anisotropic
205,3.357070480977664e-12,0.005126232746988535,0.9934276938438416,0.9934277534484863,0.9934275150299072,3.1583167192650308e-09,-1.308182213813694e-13,7.081101248982216e-14,-1.2999560225299557e-16,2.6401172050551655e-15,4.784839516790151e-13,-0.0001308182254433632,7.081100920913741e-05,0.00047848394024185836,3.082824846387014e-05,3.581171768018976e-07,4.172325134277344e-07,5.3783373310523075e-09,0.0,0.0,0.0,anisotropic
206,3.3570693967754917e-12,0.005126234143972397,0.9934280514717102,0.993428111076355,0.9934281706809998,6.2562683922351425e-09,-1.3081814006620646e-13,7.08109379509228e-14,-1.2999539049475875e-16,2.6401152992310342e-15,4.784835722082548e-13,-0.00013081813813187182,7.081093644956127e-05,0.0004784835618920624,3.082779343440086e-05,4.0930535760708153e-07,4.172325134277344e-07,2.0240257470049983e-08,0.0,0.0,0.0,anisotropic
207,3.35706787889245e-12,0.005126234143972397,0.9934284090995789,0.9934285283088684,0.9934282898902893,2.1135395655846878e-08,-1.308179096732448e-13,7.081097860850427e-14,-1.299946890455993e-16,2.6401104287915875e-15,4.784827590566254e-13,-0.00013081790530122817,7.081098010530695e-05,0.0004784827178809792,3.082722333416553e-05,3.6491474020294845e-07,4.172325134277344e-07,1.952548522865527e-08,0.0,0.0,0.0,anisotropic
208,3.357067011530712e-12,0.005126236006617546,0.9934287667274475,0.9934288859367371,0.9934289455413818,2.351510097753362e-09,-1.3081774704291893e-13,7.081093117465923e-14,-1.299944375826931e-16,2.6401078876927457e-15,4.784822711656478e-13,-0.00013081774523016065,7.081092917360365e-05,0.00047848228132352233,3.0826766193555534e-05,3.5773518902715296e-07,4.172325134277344e-07,2.5269493164614687e-09,0.0,0.0,0.0,anisotropic
209,3.3570659273285397e-12,0.005126236937940121,0.9934291243553162,0.9934292435646057,0.9934291839599609,2.794010356410581e-09,-1.3081762507017453e-13,7.081080920191482e-14,-1.2999419935467668e-16,2.640105346593904e-15,4.784817832746702e-13,-0.00013081762881483883,7.081081275828183e-05,0.000478481815662235,3.082631183105823e-05,3.5773882700596005e-07,4.172325134277344e-07,2.5693429606121754e-09,0.0,0.0,0.0,anisotropic
210,3.3570648431263672e-12,0.005126237869262695,0.9934295415878296,0.9934296011924744,0.99342942237854,3.739871079488921e-09,-1.3081750309743012e-13,7.08107211104883e-14,-1.2999398759643986e-16,2.640103229011536e-15,4.784814038039098e-13,-0.00013081749784760177,7.081071817083284e-05,0.0004784813500009477,3.082586903358993e-05,3.585937520256266e-07,4.172325134277344e-07,7.525952305798e-09,0.0,0.0,0.0,anisotropic
211,3.3570646262859327e-12,0.0051262397319078445,0.9934298992156982,0.993429958820343,0.9934300780296326,8.427183395554039e-09,-1.308176928328103e-13,7.081035519225509e-14,-1.2999488756894632e-16,2.6401057701103776e-15,4.784818916948874e-13,-0.00013081768702249974,7.081035437295213e-05,0.00047848187386989594,3.082569111694391e-05,4.127905413042754e-07,4.172325134277344e-07,1.5653705887075375e-08,0.0,0.0,0.0,anisotropic
212,3.3570626747220222e-12,0.005126241594552994,0.9934302568435669,0.9934303760528564,0.9934301972389221,4.529807284825438e-08,-1.3081743533479434e-13,7.081036196851867e-14,-1.2999414641511747e-16,2.640100687912694e-15,4.784809701230408e-13,-0.00013081743963994086,7.081036164890975e-05,0.0004784809716511518,3.082514185696517e-05,3.6086385080125183e-07,4.172325134277344e-07,1.3506056717460524e-08,0.0,0.0,0.0,anisotropic
213,3.3570620242007188e-12,0.005126243457198143,0.9934306144714355,0.9934307336807251,0.9934308528900146,2.6952506892996553e-09,-1.3081731336204994e-13,7.08103213109372e-14,-1.2999396112666026e-16,2.6400987820885628e-15,4.784806448623891e-13,-0.0001308173086727038,7.081031799316406e-05,0.00047848059330135584,3.082471797424505e-05,3.577169991331175e-07,4.172325134277344e-07,2.3032185048066367e-09,0.0,0.0,0.0,anisotropic
214,3.3570607231581118e-12,0.005126244388520718,0.9934309720993042,0.9934310913085938,0.993431031703949,2.5077009357943325e-09,-1.3081717783677838e-13,7.081020611445638e-14,-1.2999366995908464e-16,2.640096029231484e-15,4.784801027613028e-13,-0.00013081717770546675,7.081020885379985e-05,0.0004784800985362381,3.082428131556226e-05,3.5769153328146785e-07,4.172325134277344e-07,1.9469903467239646e-09,0.0,0.0,0.0,anisotropic
215,3.3570594221155048e-12,0.005126246716827154,0.9934313893318176,0.9934314489364624,0.9934312701225281,2.963495449037623e-09,-1.3081708296908828e-13,7.081013157555702e-14,-1.2999352437529683e-16,2.640093911649116e-15,4.784797232905424e-13,-0.00013081707584206015,7.08101288182661e-05,0.00047847972018644214,3.082388371603597e-05,3.576860763132572e-07,4.172325134277344e-07,1.861763965216312e-09,0.0,0.0,0.0,anisotropic
216,3.357058554753767e-12,0.005126248579472303,0.9934317469596863,0.993431806564331,0.9934318661689758,3.500265410849579e-09,-1.3081697454887103e-13,7.081001637907619e-14,-1.2999332585194982e-16,2.640091794066748e-15,4.784793438197821e-13,-0.00013081697397865355,7.081001967890188e-05,0.0004784793418366462,3.0823472661930184e-05,3.577915776986629e-07,4.172325134277344e-07,3.1195057648147895e-09,0.0,0.0,0.0,anisotropic
217,3.3570574705515943e-12,0.005126249510794878,0.9934321045875549,0.9934321641921997,0.9934321045875549,4.691479205121141e-09,-1.308168932337081e-13,7.08099824977583e-14,-1.29993114093713e-16,2.640089464726143e-15,4.784789101389131e-13,-0.00013081688666716218,7.080998329911381e-05,0.00047847890527918935,3.082306460625286e-05,3.591412678360939e-07,4.172325134277344e-07,9.376456944210076e-09,0.0,0.0,0.0,anisotropic
218,3.357055518987684e-12,0.005126251373440027,0.9934324622154236,0.9934325218200684,0.9934322834014893,4.369349326793781e-08,-1.3081663573569213e-13,7.08099824977583e-14,-1.2999232000032496e-16,2.6400843825284594e-15,4.784779885670665e-13,-0.0001308166392846033,7.080998329911381e-05,0.00047847797395661473,3.0822521826276455e-05,3.626792022259906e-07,4.172325134277344e-07,1.6600465002625242e-08,0.0,0.0,0.0,anisotropic
219,3.3570544347855114e-12,0.00512625090777874,0.9934328198432922,0.9934329390525818,0.9934329390525818,4.741707115840654e-08,-1.3081654086800204e-13,7.080988763006821e-14,-1.2999210824208814e-16,2.6400818414296177e-15,4.784775548861975e-13,-0.0001308165374211967,7.080988871166483e-05,0.0004784775373991579,3.08221332852028e-05,4.0905615605879575e-07,4.172325134277344e-07,2.0506313092027995e-08,0.0,0.0,0.0,anisotropic
220,3.357054217945077e-12,0.005126252304762602,0.9934331774711609,0.9934332966804504,0.9934330582618713,8.749115210093805e-09,-1.308165815255835e-13,7.080967756589729e-14,-1.2999249205389237e-16,2.640082688462565e-15,4.784776633064147e-13,-0.00013081658107694238,7.080967770889401e-05,0.00047847768291831017,3.0821882093106615e-05,3.584864316508174e-07,4.172325134277344e-07,7.1020251901643405e-09,0.0,0.0,0.0,anisotropic
221,3.35705291690247e-12,0.005126254167407751,0.9934335350990295,0.9934336543083191,0.9934337139129639,5.319637175205116e-09,-1.3081644600031195e-13,7.080960980326151e-14,-1.2999226706076575e-16,2.64008035912196e-15,4.784772838356544e-13,-0.00013081645010970533,7.080961222527549e-05,0.00047847727546468377,3.0821488501311554e-05,3.580116754164919e-07,4.172325134277344e-07,4.767606753830478e-09,0.0,0.0,0.0,anisotropic
222,3.3570518327002974e-12,0.005126255564391613,0.9934338927268982,0.9934340119361877,0.993433952331543,2.8705726684563615e-09,-1.308163375800947e-13,7.080950815930784e-14,-1.2999205530252894e-16,2.6400778180231182e-15,4.784768501547854e-13,-0.0001308163336943835,7.080951036186889e-05,0.0004784768389072269,3.082109114345697e-05,3.5770244721788913e-07,4.172325134277344e-07,2.1070860611871467e-09,0.0,0.0,0.0,anisotropic
223,3.3570509653385594e-12,0.005126256961375475,0.9934342503547668,0.9934343695640564,0.9934341907501221,2.5292268279741847e-09,-1.3081622915987745e-13,7.08094268441449e-14,-1.2999188324896153e-16,2.64007570044075e-15,4.78476470684025e-13,-0.0001308162318309769,7.080943032633513e-05,0.000478476460557431,3.082072023311085e-05,3.576424205675721e-07,4.172325134277344e-07,9.312230986324721e-10,0.0,0.0,0.0,anisotropic
224,3.357049447455518e-12,0.005126258358359337,0.9934346079826355,0.993434727191925,0.9934347867965698,2.6952506892996553e-09,-1.3081608008207873e-13,7.080931164766407e-14,-1.299916053162757e-16,2.6400729475836715e-15,4.784759285829387e-13,-0.00013081608631182462,7.08093139110133e-05,0.00047847593668848276,3.082032391315359e-05,3.576697054086253e-07,4.172325134277344e-07,1.5786043583432274e-09,0.0,0.0,0.0,anisotropic
225,3.3570483632533454e-12,0.005126260221004486,0.9934349656105042,0.9934350848197937,0.9934349656105042,2.9817326385739307e-09,-1.3081601231944295e-13,7.080923033250114e-14,-1.299914464975981e-16,2.6400708300013034e-15,4.784755491121784e-13,-0.00013081601355224848,7.080923387547955e-05,0.0004784755583386868,3.0819948849256874e-05,3.576569724828005e-07,4.172325134277344e-07,1.3167879009401418e-09,0.0,0.0,0.0,anisotropic
226,3.357047712732042e-12,0.005126261152327061,0.9934353828430176,0.9934354424476624,0.9934351444244385,3.0888946955798247e-09,-1.3081589034669855e-13,7.080916934612894e-14,-1.299912876789205e-16,2.640068924177172e-15,4.784752238515266e-13,-0.00013081589713692665,7.080916839186102e-05,0.00047847520909272134,3.081959120195395e-05,3.5766424844041467e-07,4.172325134277344e-07,1.472123423162941e-09,0.0,0.0,0.0,anisotropic
227,3.357046411689435e-12,0.005126262549310923,0.9934357404708862,0.993435800075531,0.993435800075531,3.4219498346033106e-09,-1.3081579547900846e-13,7.080904059712095e-14,-1.2999102298112447e-16,2.6400663830783303e-15,4.78474735960549e-13,-0.00013081579527352005,7.080903742462397e-05,0.0004784747725352645,3.081920364564441e-05,3.5765879147220403e-07,4.172325134277344e-07,1.3572929447036586e-09,0.0,0.0,0.0,anisotropic
228,3.357045544327697e-12,0.0051262639462947845,0.9934360980987549,0.9934361577033997,0.9934359192848206,3.681431826052517e-09,-1.3081567350626405e-13,7.08089660582216e-14,-1.2999082445777746e-16,2.640064265495962e-15,4.784743564897886e-13,-0.00013081567885819823,7.080896466504782e-05,0.00047847433597780764,3.081883283279936e-05,3.5762786865234375e-07,3.5762786865234375e-07,0.0,0.0,0.0,0.0,anisotropic
229,3.35704424328509e-12,0.005126264877617359,0.9934364557266235,0.9934365153312683,0.9934365749359131,3.681431826052517e-09,-1.3081555153351965e-13,7.080891184811297e-14,-1.2999062593443045e-16,2.640062147913594e-15,4.784739770190283e-13,-0.00013081554789096117,7.080891373334453e-05,0.0004784739576280117,3.081848777942168e-05,3.576260496629402e-07,3.5762786865234375e-07,3.29272248356105e-10,0.0,0.0,0.0,anisotropic
230,3.3570427254020485e-12,0.005126267671585083,0.9934368133544922,0.993436872959137,0.9934368133544922,3.6666765179660388e-09,-1.308153482456123e-13,7.080898638701233e-14,-1.29989924485271e-16,2.6400572774741473e-15,4.784731096572903e-13,-0.00013081534416414797,7.080898649292067e-05,0.00047847311361692846,3.081802667927162e-05,3.576224116841331e-07,3.5762786865234375e-07,5.702989192002406e-10,0.0,0.0,0.0,anisotropic
231,3.357041641199876e-12,0.005126268602907658,0.9934371709823608,0.9934372305870056,0.9934370517730713,3.622049993268206e-09,-1.3081521272034075e-13,7.080885763800435e-14,-1.2998968625725459e-16,2.6400547363753055e-15,4.784726217663127e-13,-0.00013081521319691092,7.080885552568361e-05,0.0004784726188518107,3.081767071018178e-05,3.576169547159225e-07,3.5762786865234375e-07,8.064876544366939e-10,0.0,0.0,0.0,anisotropic
232,3.3570405569977035e-12,0.005126267671585083,0.9934375286102295,0.9934375882148743,0.9934377074241638,3.5311054080722215e-09,-1.308151043001235e-13,7.080880342789572e-14,-1.2998951420368718e-16,2.6400528305511742e-15,4.784722965056609e-13,-0.00013081511133350432,7.080880459398031e-05,0.00047847224050201476,3.081732697564034e-05,3.5761513572651893e-07,3.5762786865234375e-07,8.710931420630175e-10,0.0,0.0,0.0,anisotropic
233,3.357039039114662e-12,0.005126269534230232,0.9934378266334534,0.9934379458427429,0.9934378266334534,3.4847431606976897e-09,-1.308150094324334e-13,7.080872211273279e-14,-1.2998931568034016e-16,2.640050712968806e-15,4.784718628247919e-13,-0.00013081500947009772,7.080872455844656e-05,0.0004784718621522188,3.081699908021435e-05,3.57618773705326e-07,3.5762786865234375e-07,7.362302989477598e-10,0.0,0.0,0.0,anisotropic
234,3.357038605433793e-12,0.005126270465552807,0.993438184261322,0.9934383034706116,0.9934384822845459,3.406070758771307e-09,-1.3081487390716184e-13,7.080863402130627e-14,-1.2998911715699315e-16,2.640048595386438e-15,4.784714833540316e-13,-0.00013081487850286067,7.080863724695519e-05,0.0004784714838024229,3.0816660202509e-05,3.576096787583083e-07,3.5762786865234375e-07,1.0411073114724445e-09,0.0,0.0,0.0,anisotropic
235,3.357037304391186e-12,0.005126272793859243,0.9934385418891907,0.9934386610984802,0.9934386610984802,3.2430051977172525e-09,-1.3081480614452606e-13,7.08085323773526e-14,-1.2998887892897674e-16,2.640046266045833e-15,4.784711038832712e-13,-0.00013081480574328452,7.080853538354859e-05,0.0004784710763487965,3.081630944257457e-05,3.576096787583083e-07,3.5762786865234375e-07,1.0411077555616544e-09,0.0,0.0,0.0,anisotropic
236,3.357037304391186e-12,0.005126274190843105,0.9934388995170593,0.9934390187263489,0.9934387803077698,3.175435026037121e-09,-1.3081492811727047e-13,7.080815290659223e-14,-1.299897656665934e-16,2.6400488071446748e-15,4.784715375641402e-13,-0.00013081492215860635,7.080814975779504e-05,0.0004784715420100838,3.081623698611532e-05,3.5761149774771184e-07,3.5762786865234375e-07,9.8769636913687e-10,0.0,0.0,0.0,anisotropic
237,3.3570362201890136e-12,0.005126275587826967,0.993439257144928,0.9934393763542175,0.9934394359588623,3.0888946955798247e-09,-1.3081481969705322e-13,7.08080715914293e-14,-1.2998959361302598e-16,2.6400469013205434e-15,4.784712123034884e-13,-0.00013081482029519975,7.080806972226128e-05,0.00047847122186794877,3.0815920838931605e-05,3.576060407795012e-07,3.5762786865234375e-07,1.140441296954009e-09,0.0,0.0,0.0,anisotropic
238,3.35703556966771e-12,0.0051262774504721165,0.9934396147727966,0.9934397339820862,0.9934396743774414,2.9817326385739307e-09,-1.3081473838189028e-13,7.080800382879351e-14,-1.2998940832456877e-16,2.6400445719799385e-15,4.784707786226194e-13,-0.00013081473298370838,7.080800423864275e-05,0.0004784707853104919,3.081559890263125e-05,3.5759148886427283e-07,3.5762786865234375e-07,1.4721247554305705e-09,0.0,0.0,0.0,anisotropic
239,3.3570340517846686e-12,0.005126278847455978,0.9934399724006653,0.9934400916099548,0.9934399127960205,3.1583167192650308e-09,-1.308146435142002e-13,7.080789540857627e-14,-1.2998919656633196e-16,2.6400424543975703e-15,4.784704533619677e-13,-0.000130814645672217,7.080789509927854e-05,0.00047847043606452644,3.081527296878911e-05,3.575496521079913e-07,3.5762786865234375e-07,2.157800160773604e-09,0.0,0.0,0.0,anisotropic
240,3.357032967582496e-12,0.005126280710101128,0.9934403300285339,0.9934404492378235,0.9934405088424683,3.469151410584459e-09,-1.3081452154145579e-13,7.080781409341333e-14,-1.2998906421743395e-16,2.6400403368152022e-15,4.784700196810987e-13,-0.00013081451470497996,7.080781506374478e-05,0.0004784699995070696,3.081495926294814e-05,3.5754783311858773e-07,3.5762786865234375e-07,2.182712899312378e-09,0.0,0.0,0.0,anisotropic
241,3.357032100220758e-12,0.005126281641423702,0.9934406876564026,0.9934408068656921,0.9934406876564026,3.992274955066932e-09,-1.3081439956871138e-13,7.080773277825039e-14,-1.2998879951963793e-16,2.6400377957163604e-15,4.784695860002297e-13,-0.00013081439828965813,7.080773502821103e-05,0.00047846956294961274,3.0814632538296386e-05,3.573204594431445e-07,3.5762786865234375e-07,4.269554043645485e-09,0.0,0.0,0.0,anisotropic
242,3.357030799178151e-12,0.005126283038407564,0.9934410452842712,0.9934411644935608,0.9934408664703369,5.607390107797983e-09,-1.308142098333312e-13,7.080781409341333e-14,-1.2998804513091928e-16,2.640033560551624e-15,4.784687728486003e-13,-0.00013081420911476016,7.080781506374478e-05,0.00047846874804235995,3.081418906517685e-05,3.5455741453915834e-07,3.5762786865234375e-07,1.3175391444519846e-08,0.0,0.0,0.0,anisotropic
243,3.357029064454675e-12,0.005126284901052713,0.9934414029121399,0.9934415221214294,0.9934415221214294,1.447322528491668e-08,-1.308140878605868e-13,7.080771244945966e-14,-1.2998779366801307e-16,2.6400308076945456e-15,4.784682307475141e-13,-0.00013081409269943833,7.080771320033818e-05,0.00047846828238107264,3.081385434141683e-05,3.11942130792886e-07,3.5762786865234375e-07,2.521735353866461e-08,0.0,0.0,0.0,anisotropic
244,3.3570266792098957e-12,0.005126286298036575,0.9934417605400085,0.9934418797492981,0.993441641330719,4.89461555730486e-08,-1.3081385746762514e-13,7.080775310704113e-14,-1.2998703927929442e-16,2.640025725496862e-15,4.784673091756675e-13,-0.00013081385986879468,7.080774958012626e-05,0.00047846732195466757,3.081342023146564e-05,3.481964085949585e-07,3.5762786865234375e-07,2.175363889023174e-08,0.0,0.0,0.0,anisotropic
245,3.3570268960503302e-12,0.005126286298036575,0.9934421181678772,0.9934422373771667,0.9934422969818115,7.93688048617014e-09,-1.3081373549488073e-13,7.080769212066892e-14,-1.29986867225727e-16,2.6400240314309676e-15,4.784669839150157e-13,-0.00013081372890155762,7.080769137246534e-05,0.00047846700181253254,3.081314154111399e-05,3.569002728909254e-07,3.5762786865234375e-07,6.545229247478801e-09,0.0,0.0,0.0,anisotropic
246,3.3570260286885922e-12,0.005126287695020437,0.9934424161911011,0.9934425354003906,0.9934424757957458,4.280604759543394e-09,-1.3081362707466349e-13,7.080761758176957e-14,-1.29986734876829e-16,2.6400221256068362e-15,4.78466658654364e-13,-0.00013081362703815103,7.08076186128892e-05,0.00047846665256656706,3.08128613421002e-05,3.575114533305168e-07,3.5762786865234375e-07,2.6316449019958554e-09,0.0,0.0,0.0,anisotropic
247,3.3570249444864197e-12,0.005126289092004299,0.9934427738189697,0.9934428930282593,0.993442714214325,3.500265410849579e-09,-1.3081347799686477e-13,7.080750238528874e-14,-1.2998647017903298e-16,2.640019160991521e-15,4.784661707633864e-13,-0.00013081348151899874,7.080750219756737e-05,0.0004784661578014493,3.081255796708402e-05,3.575423761503771e-07,3.5762786865234375e-07,2.255792663774514e-09,0.0,0.0,0.0,anisotropic
248,3.3570234266033783e-12,0.005126290023326874,0.9934431314468384,0.9934432506561279,0.9934433102607727,3.2927727211529145e-09,-1.3081342378675614e-13,7.080744139891654e-14,-1.2998628489057577e-16,2.6400172551673895e-15,4.784658455027346e-13,-0.00013081342331133783,7.080744398990646e-05,0.0004784658085554838,3.0812264128457e-05,3.574041329557076e-07,3.5762786865234375e-07,3.6450031881685163e-09,0.0,0.0,0.0,anisotropic
249,3.3570234266033783e-12,0.005126291885972023,0.993443489074707,0.9934436082839966,0.9934435486793518,4.355928950872112e-09,-1.3081357286455486e-13,7.080704159936543e-14,-1.2998719809797203e-16,2.640020219782705e-15,4.784663876038209e-13,-0.0001308135688304901,7.080704381223768e-05,0.0004784663615282625,3.08122581130809e-05,3.486020432319492e-07,3.5762786865234375e-07,2.1366551195001193e-08,0.0,0.0,0.0,anisotropic
250,3.3570214750394678e-12,0.005126293282955885,0.9934438467025757,0.9934439659118652,0.9934437274932861,4.960625332728341e-08,-1.3081342378675614e-13,7.080698738925681e-14,-1.299868275210576e-16,2.6400170434091527e-15,4.78465791292626e-13,-0.00013081342331133783,7.080698560457677e-05,0.00047846577945165336,3.0811930105736266e-05,3.10095856548287e-07,3.5762786865234375e-07,2.3955252004270733e-08,0.0,0.0,0.0,anisotropic
251,3.3570203908372953e-12,0.005126294679939747,0.9934442043304443,0.9934443235397339,0.9934443831443787,1.3187544389836603e-08,-1.308131933937945e-13,7.080700094178397e-14,-1.2998624518590637e-16,2.64001323176089e-15,4.784650865612139e-13,-0.00013081319048069417,7.0807000156492e-05,0.00047846505185589194,3.0811552084026356e-05,3.5529228625819087e-07,3.5762786865234375e-07,1.1565497004539793e-08,0.0,0.0,0.0,anisotropic
252,3.357019740315992e-12,0.0051262956112623215,0.993444561958313,0.9934446811676025,0.9934445023536682,5.981618755868112e-09,-1.308130985261044e-13,7.080692640288461e-14,-1.2998605989744915e-16,2.640010902420285e-15,4.784645986702363e-13,-0.0001308131031692028,7.080692739691585e-05,0.0004784646152984351,3.0811281475647884e-05,3.5724769986700267e-07,3.5762786865234375e-07,4.745101644942906e-09,0.0,0.0,0.0,anisotropic
253,3.357018872954254e-12,0.005126297008246183,0.9934448599815369,0.9934449791908264,0.9934446811676025,3.5616782856351392e-09,-1.3081299010588715e-13,7.080684508772167e-14,-1.2998590107877154e-16,2.6400092083543906e-15,4.784643276196932e-13,-0.00013081298675388098,7.08068473613821e-05,0.00047846429515630007,3.08110167857029e-05,3.575078153517097e-07,3.5762786865234375e-07,2.6723669943606865e-09,0.0,0.0,0.0,anisotropic
254,3.3570177887520813e-12,0.005126298405230045,0.9934452176094055,0.9934453368186951,0.9934453368186951,3.500265410849579e-09,-1.3081289523819706e-13,7.080677732508589e-14,-1.2998567608564493e-16,2.6400068790137857e-15,4.784638939388242e-13,-0.0001308128994423896,7.080677460180596e-05,0.0004784638585988432,3.0810734781161275e-05,3.572768036974594e-07,3.5762786865234375e-07,4.560977373557762e-09,0.0,0.0,0.0,anisotropic
255,3.3570164877094744e-12,0.00512629933655262,0.9934455752372742,0.9934456944465637,0.9934454560279846,5.227114741046535e-09,-1.3081281392303412e-13,7.080671633871369e-14,-1.2998546432740812e-16,2.6400045496731807e-15,4.784635144680638e-13,-0.00013081281213089824,7.080671639414504e-05,0.00047846350935287774,3.081046140738757e-05,3.2687057682778686e-07,3.5762786865234375e-07,2.9787472044517926e-08,0.0,0.0,0.0,anisotropic
256,3.357015403507302e-12,0.005126302130520344,0.9934459328651428,0.9934460520744324,0.9934461116790771,4.6125858688128574e-08,-1.3081262418765394e-13,7.080668923365938e-14,-1.299850408109345e-16,2.6400011615413917e-15,4.784629181568689e-13,-0.00013081262295600027,7.080668729031458e-05,0.0004784628690686077,3.081013733290048e-05,3.301793185528368e-07,3.5762786865234375e-07,2.970968004945007e-08,0.0,0.0,0.0,anisotropic
257,3.3570147529859984e-12,0.005126303061842918,0.9934462904930115,0.993446409702301,0.9934463500976562,8.440038890000778e-09,-1.3081259708259962e-13,7.080655370838781e-14,-1.299851069853835e-16,2.6400003145084444e-15,4.784627013164344e-13,-0.0001308125938521698,7.080655632307753e-05,0.0004784627235494554,3.080994008371746e-05,3.568402462406084e-07,3.5762786865234375e-07,6.806397667702413e-09,0.0,0.0,0.0,anisotropic
258,3.3570138856242604e-12,0.005126302596181631,0.9934465885162354,0.9934467673301697,0.9934465885162354,4.6333421543920394e-09,-1.3081250221490953e-13,7.080645884069772e-14,-1.2998488199225688e-16,2.6399979851678395e-15,4.784623760557827e-13,-0.00013081250654067844,7.080646173562855e-05,0.00047846234519965947,3.080966010094359e-05,3.574314177967608e-07,3.5762786865234375e-07,3.416306348924536e-09,0.0,0.0,0.0,anisotropic
259,3.357012367741219e-12,0.005126303993165493,0.993446946144104,0.9934470653533936,0.9934471249580383,3.6666765179660388e-09,-1.3081239379469228e-13,7.080637074927121e-14,-1.2998469670379967e-16,2.6399958675854714e-15,4.784619423749137e-13,-0.00013081239012535661,7.080636714817956e-05,0.00047846193774603307,3.080939552324478e-05,3.574150468921289e-07,3.5762786865234375e-07,3.5553158195256174e-09,0.0,0.0,0.0,anisotropic
260,3.3570117172199154e-12,0.005126304924488068,0.9934473037719727,0.9934474229812622,0.9934473633766174,4.0462269090824066e-09,-1.3081228537447503e-13,7.080630298663543e-14,-1.2998452465023226e-16,2.6399937500031032e-15,4.784615629041533e-13,-0.00013081228826195002,7.080630166456103e-05,0.00047846155939623713,3.0809145193473105e-05,3.266140993218869e-07,3.5762786865234375e-07,2.9778144394754236e-08,0.0,0.0,0.0,anisotropic
261,3.3570091151347015e-12,0.005126306787133217,0.9934476613998413,0.9934477806091309,0.9934475421905518,4.4057991033241706e-08,-1.3081209563909485e-13,7.080630298663543e-14,-1.2998387614063201e-16,2.639989514838367e-15,4.784608039626326e-13,-0.00013081209908705205,7.080630166456103e-05,0.00047846080269664526,3.080878123630994e-05,3.298264346085489e-07,3.5762786865234375e-07,2.9735531370533863e-08,0.0,0.0,0.0,anisotropic
262,3.3570099824964394e-12,0.005126308649778366,0.99344801902771,0.9934481382369995,0.9934481978416443,6.835974009078427e-09,-1.3081219050678494e-13,7.080596417345653e-14,-1.2998469670379967e-16,2.6399920559372087e-15,4.784612376435016e-13,-0.00013081218639854342,7.080596697051078e-05,0.00047846121015027165,3.080876697489666e-05,3.5709308576770127e-07,3.5762786865234375e-07,5.620544918372161e-09,0.0,0.0,0.0,anisotropic
263,3.357008898294267e-12,0.005126309581100941,0.9934483170509338,0.9934484362602234,0.9934483170509338,3.6518617019254407e-09,-1.308120820865677e-13,7.080587608203001e-14,-1.2998445847578325e-16,2.6399897265966038e-15,4.784608581727412e-13,-0.00013081208453513682,7.080587965901941e-05,0.0004784608318004757,3.08085285413727e-05,3.573331923689693e-07,3.5762786865234375e-07,4.180644719298243e-09,0.0,0.0,0.0,anisotropic
264,3.3570078140920945e-12,0.00512631144374609,0.9934486746788025,0.993448793888092,0.9934484958648682,4.621626636946985e-09,-1.3081197366635045e-13,7.080579476686708e-14,-1.2998429965710564e-16,2.6399878207724724e-15,4.784604787019808e-13,-0.000130811968119815,7.080579234752804e-05,0.00047846048255451024,3.08082910676909e-05,3.114619175903499e-07,3.5762786865234375e-07,2.490841133351296e-08,0.0,0.0,0.0,anisotropic
265,3.3570052120068805e-12,0.005126312840729952,0.9934490323066711,0.9934491515159607,0.9934491515159607,4.958876331784268e-08,-1.3081179748349742e-13,7.080583542444854e-14,-1.299835187986074e-16,2.639982738574789e-15,4.784595571301342e-13,-0.00013081179349683225,7.080583600327373e-05,0.0004784595512319356,3.080792348027677e-05,3.4468394005671144e-07,3.5762786865234375e-07,2.457623615725879e-08,0.0,0.0,0.0,anisotropic
266,3.357005428847315e-12,0.005126314237713814,0.993449330329895,0.9934495091438293,0.9934492707252502,5.090503130134039e-09,-1.308116484056987e-13,7.080576766181276e-14,-1.2998332027526038e-16,2.6399806209924208e-15,4.784591234492652e-13,-0.00013081164797767997,7.08057705196552e-05,0.0004784591437783092,3.080768678155892e-05,3.573277354007587e-07,3.5762786865234375e-07,4.2189816085169696e-09,0.0,0.0,0.0,anisotropic
267,3.3570043446451425e-12,0.005126315169036388,0.9934496879577637,0.9934498071670532,0.9934499263763428,3.783108049049133e-09,-1.3081151288042714e-13,7.080567957038625e-14,-1.2998313498680317e-16,2.6399785034100526e-15,4.784587439785049e-13,-0.0001308115170104429,7.080568320816383e-05,0.00047845873632468283,3.080745194543167e-05,3.535642463248223e-07,3.5762786865234375e-07,1.5023468691310882e-08,0.0,0.0,0.0,anisotropic
268,3.35700326044297e-12,0.005126317963004112,0.9934500455856323,0.9934501647949219,0.9934501051902771,4.616697424353333e-08,-1.3081144511779136e-13,7.080558470269616e-14,-1.2998297616812556e-16,2.639976809344158e-15,4.784584187178531e-13,-0.00013081144425086677,7.080558134475723e-05,0.00047845844528637826,3.080724016566451e-05,3.0314549803733826e-07,3.5762786865234375e-07,1.6705753225210174e-08,0.0,0.0,0.0,anisotropic
269,3.357002393081232e-12,0.005126318894326687,0.993450403213501,0.9934505224227905,0.9934502840042114,8.561209519086788e-09,-1.3081135025010127e-13,7.080555759764184e-14,-1.2998277764477854e-16,2.639974480003553e-15,4.784580392470927e-13,-0.0001308113569393754,7.080555951688439e-05,0.00047845803783275187,3.080700001798763e-05,3.5668017517309636e-07,3.5762786865234375e-07,7.45590611472835e-09,0.0,0.0,0.0,anisotropic
270,3.357000658357756e-12,0.005126320291310549,0.9934507012367249,0.9934508800506592,0.9934508800506592,3.768750644894681e-09,-1.3081125538241117e-13,7.080546272995175e-14,-1.2998256588654173e-16,2.639972362421185e-15,4.784576597763324e-13,-0.0001308112550759688,7.08054649294354e-05,0.00047845765948295593,3.080676938837548e-05,3.570949047571048e-07,3.5762786865234375e-07,5.611065390098702e-09,0.0,0.0,0.0,anisotropic
271,3.357000224676887e-12,0.0051263198256492615,0.9934510588645935,0.9934511780738831,0.9934511184692383,5.908669553633672e-09,-1.3081116051472108e-13,7.080538819105239e-14,-1.2998239383297432e-16,2.639970244838817e-15,4.78457280305572e-13,-0.00013081116776447743,7.080538489390165e-05,0.00047845728113316,3.0806549868914415e-05,3.0136106943245977e-07,3.5762786865234375e-07,1.3704585022367155e-08,0.0,0.0,0.0,anisotropic
272,3.3569982731129766e-12,0.005126321222633123,0.9934514164924622,0.9934515357017517,0.9934513568878174,4.4715079638990574e-08,-1.3081088946417796e-13,7.080545595368817e-14,-1.2998162620936587e-16,2.6399651626411334e-15,4.784563587337254e-13,-0.0001308108912780881,7.080545765347779e-05,0.00047845637891441584,3.080618916582168e-05,3.549685061443597e-07,3.5762786865234375e-07,1.2306209384860267e-08,0.0,0.0,0.0,anisotropic
273,3.356997622591673e-12,0.005126323085278273,0.993451714515686,0.9934518933296204,0.9934518933296204,4.939159303773977e-09,-1.3081083525406934e-13,7.080534075720735e-14,-1.2998145415579846e-16,2.639963468575239e-15,4.784560334730736e-13,-0.00013081083307042718,7.080534123815596e-05,0.00047845602966845036,3.08059729097192e-05,3.572895366232842e-07,3.5762786865234375e-07,4.477981097039674e-09,0.0,0.0,0.0,anisotropic
274,3.3569965383895006e-12,0.00512632355093956,0.9934520721435547,0.9934521913528442,0.9934521317481995,4.255200192204711e-09,-1.3081068617627062e-13,7.08052933233623e-14,-1.2998122916267184e-16,2.639961139234634e-15,4.784556540023133e-13,-0.0001308106875512749,7.080529030645266e-05,0.0004784556513186544,3.080575195188987e-05,3.061031748075038e-07,3.5762786865234375e-07,2.0404160139264604e-08,0.0,0.0,0.0,anisotropic
275,3.3569956710277626e-12,0.005126325413584709,0.9934524297714233,0.9934525489807129,0.9934523105621338,2.1898795665720172e-08,-1.308107539389064e-13,7.080499516776487e-14,-1.2998163944425567e-16,2.6399615627511076e-15,4.784557082124219e-13,-0.00013081076031085104,7.080499199219048e-05,0.0004784556804224849,3.0805671391930455e-05,3.4995173336938024e-07,3.5762786865234375e-07,1.9965531450338858e-08,0.0,0.0,0.0,anisotropic
276,3.3569952373468936e-12,0.005126326810568571,0.9934527277946472,0.9934529066085815,0.9934529066085815,5.400548896972168e-09,-1.3081064551868915e-13,7.080496806271055e-14,-1.2998145415579846e-16,2.6399596569269762e-15,4.784553287416615e-13,-0.0001308106438955292,7.080497016431764e-05,0.00047845536028034985,3.0805446924424085e-05,3.572531568352133e-07,3.5762786865234375e-07,4.711139922619623e-09,0.0,0.0,0.0,anisotropic
277,3.356993719463852e-12,0.005126328207552433,0.9934530854225159,0.9934532046318054,0.9934530854225159,4.152028498793925e-09,-1.3081048288836328e-13,7.080487319502046e-14,-1.2998117622311264e-16,2.6399571158281345e-15,4.784548408506839e-13,-0.0001308104838244617,7.080487557686865e-05,0.0004784548655152321,3.0805213488844455e-05,3.2749994716141373e-07,3.5762786865234375e-07,2.980099900184996e-08,0.0,0.0,0.0,anisotropic
278,3.356992852102114e-12,0.005126329138875008,0.9934534430503845,0.9934535622596741,0.9934533834457397,4.554632226927424e-08,-1.3081045578330897e-13,7.080473089348532e-14,-1.2998130857201065e-16,2.6399562687951872e-15,4.784547324304667e-13,-0.00013081045472063124,7.080473005771637e-05,0.0004784547199960798,3.0805079597583394e-05,3.2855132303666323e-07,3.5762786865234375e-07,2.9793937983413343e-08,0.0,0.0,0.0,anisotropic
279,3.3569926352616797e-12,0.005126331001520157,0.9934537410736084,0.9934539198875427,0.9934539198875427,5.500014665926756e-09,-1.308104422307818e-13,7.080457503942303e-14,-1.2998141445112906e-16,2.6399558452787136e-15,4.78454678220358e-13,-0.000130810440168716,7.080457726260647e-05,0.00047845463268458843,3.0804940343521886e-05,3.5721495805773884e-07,3.5762786865234375e-07,4.943849329919203e-09,0.0,0.0,0.0,anisotropic
280,3.356991551059507e-12,0.0051263319328427315,0.993454098701477,0.9934542179107666,0.9934540390968323,4.267921127620866e-09,-1.3081036091561887e-13,7.080448694799651e-14,-1.2998124239756165e-16,2.6399539394545823e-15,4.78454244539489e-13,-0.00013081036740913987,7.08044899511151e-05,0.00047845428343862295,3.080472939209765e-05,3.060977178392932e-07,3.5762786865234375e-07,2.0398347899686087e-08,0.0,0.0,0.0,anisotropic
281,3.3569893826551622e-12,0.005126333795487881,0.9934544563293457,0.9934545755386353,0.9934543371200562,2.1921064075058894e-08,-1.3081011697013006e-13,7.080454115810514e-14,-1.29980488008843e-16,2.639948645498662e-15,4.784533229676424e-13,-0.000130810120026581,7.08045408828184e-05,0.0004784533230122179,3.0804405665311827e-05,3.498425940051675e-07,3.5762786865234375e-07,2.0085824559146204e-08,0.0,0.0,0.0,anisotropic
282,3.3569885152934242e-12,0.005126334726810455,0.9934547543525696,0.9934549331665039,0.9934548735618591,4.760306371309753e-09,-1.3080987302464125e-13,7.080464280205881e-14,-1.2997977332479375e-16,2.639944198575689e-15,4.784525640261217e-13,-0.0001308098726440221,7.0804642746225e-05,0.000478452566312626,3.080408401796711e-05,3.5677112464327365e-07,3.5762786865234375e-07,7.094608456270635e-09,0.0,0.0,0.0,anisotropic
283,3.3569874310912518e-12,0.0051263365894556046,0.9934551119804382,0.9934552311897278,0.9934549927711487,6.875511271431378e-09,-1.3080977815695116e-13,7.080454115810514e-14,-1.2997953509677734e-16,2.6399420809933207e-15,4.784521303452527e-13,-0.00013080978533253074,7.08045408828184e-05,0.0004784521588589996,3.080390140099531e-05,2.993983798660338e-07,3.5762786865234375e-07,8.94858143141164e-09,0.0,0.0,0.0,anisotropic
284,3.3569869974103828e-12,0.0051263379864394665,0.9934554100036621,0.9934555888175964,0.9934556484222412,7.523103029427602e-09,-1.3080977815695116e-13,7.080434464646138e-14,-1.2997990567369176e-16,2.6399422927515575e-15,4.784521845553613e-13,-0.00013080978533253074,7.080434443196282e-05,0.0004784522170666605,3.080383731244659e-05,3.5685479815583676e-07,3.5762786865234375e-07,6.744061753494179e-09,0.0,0.0,0.0,anisotropic
285,3.3569865637295138e-12,0.005126337055116892,0.9934557676315308,0.9934558868408203,0.9934558272361755,4.305859224729147e-09,-1.3080977815695116e-13,7.080426333129844e-14,-1.2997974685501415e-16,2.6399410222021366e-15,4.784519677149268e-13,-0.00013080978533253074,7.080426439642906e-05,0.00047845198423601687,3.0803646671163276e-05,3.0762748792767525e-07,3.5762786865234375e-07,2.1914186021376736e-08,0.0,0.0,0.0,anisotropic
286,3.3569839616442998e-12,0.005126339383423328,0.9934561252593994,0.993456244468689,0.9934560060501099,2.4091308503670916e-08,-1.308095206589352e-13,7.080431076514349e-14,-1.299790057011853e-16,2.63993615176269e-15,4.784510461430802e-13,-0.00013080952339805663,7.080430805217475e-05,0.0004784510820172727,3.080333039406479e-05,3.4821823646780103e-07,3.5762786865234375e-07,2.173317881215553e-08,0.0,0.0,0.0,anisotropic
287,3.3569837448038653e-12,0.005126339383423328,0.9934564232826233,0.9934566020965576,0.9934566020965576,4.466534253566579e-09,-1.3080937158113648e-13,7.08042430025077e-14,-1.299788204127281e-16,2.6399342459385586e-15,4.784506666723198e-13,-0.00013080937787890434,7.080424256855622e-05,0.0004784507036674768,3.08031551830817e-05,3.522945917211473e-07,3.5762786865234375e-07,1.701332230652497e-08,0.0,0.0,0.0,anisotropic
288,3.3569820100803893e-12,0.005126341711729765,0.9934567809104919,0.9934569001197815,0.9934568405151367,1.7823605702460554e-08,-1.3080929026597354e-13,7.080414813481761e-14,-1.2997866159405048e-16,2.6399319165979537e-15,4.784502872015595e-13,-0.00013080929056741297,7.080414798110723e-05,0.0004784502962138504,3.0802977995223266e-05,3.0375667847692966e-07,3.5762786865234375e-07,1.7574910415874e-08,0.0,0.0,0.0,anisotropic
289,3.356981793239955e-12,0.0051263426430523396,0.9934570789337158,0.9934572577476501,0.9934570789337158,6.812141517542614e-09,-1.3080931737102786e-13,7.080393129438312e-14,-1.299790057011853e-16,2.6399321283561905e-15,4.784503414116681e-13,-0.00013080931967124343,7.080392970237881e-05,0.00047845038352534175,3.080292903028102e-05,3.569311957107857e-07,3.5762786865234375e-07,6.4063145899240226e-09,0.0,0.0,0.0,anisotropic
290,3.356980925878217e-12,0.0051263440400362015,0.9934574365615845,0.993457555770874,0.9934576153755188,4.737474856852941e-09,-1.308091818457563e-13,7.08038432029566e-14,-1.299787939429485e-16,2.639930434290296e-15,4.784500161510163e-13,-0.00013080918870400637,7.080384239088744e-05,0.0004784500051755458,3.08027325306088e-05,2.994511305587366e-07,3.5762786865234375e-07,9.114466514859032e-09,0.0,0.0,0.0,anisotropic
291,3.356980492197348e-12,0.005126345902681351,0.9934577941894531,0.9934579133987427,0.9934577941894531,9.55471701757915e-09,-1.3080919539828345e-13,7.080360603373137e-14,-1.299790983454139e-16,2.639930222532059e-15,4.784500161510163e-13,-0.00013080918870400637,7.080360956024379e-05,0.0004784500051755458,3.080267756582586e-05,3.5637458495330065e-07,3.5762786865234375e-07,8.551787722410609e-09,0.0,0.0,0.0,anisotropic
292,3.3569794079951754e-12,0.005126347299665213,0.993458092212677,0.9934582710266113,0.9934580326080322,4.574466139217748e-09,-1.3080914118817483e-13,7.080351116604128e-14,-1.299789659965159e-16,2.639928316707928e-15,4.784496908903646e-13,-0.0001308091450482607,7.080350769683719e-05,0.0004784496850334108,3.0802510729963944e-05,3.1733725336380303e-07,3.5762786865234375e-07,2.7896197352106356e-08,0.0,0.0,0.0,anisotropic
293,3.356977456431265e-12,0.005126349162310362,0.9934584498405457,0.9934585690498352,0.99345862865448,4.9618272157658794e-08,-1.3080895145279464e-13,7.080355182362275e-14,-1.2997826454735645e-16,2.6399240815431916e-15,4.784488777387352e-13,-0.00013080895587336272,7.080355135258287e-05,0.00047844884102232754,3.0802212806363556e-05,3.3853757486213e-07,3.5762786865234375e-07,2.7811049463366544e-08,0.0,0.0,0.0,anisotropic
294,3.356976589069527e-12,0.005126349627971649,0.9934587478637695,0.9934589266777039,0.9934588074684143,5.288976367978648e-09,-1.3080878882246877e-13,7.080349761351412e-14,-1.2997801308445024e-16,2.639921328686113e-15,4.784484440578662e-13,-0.0001308087958022952,7.080350042087957e-05,0.0004784484044648707,3.080202054864528e-05,3.498680598568171e-07,3.5762786865234375e-07,2.005787358427824e-08,0.0,0.0,0.0,anisotropic
295,3.356975721707789e-12,0.005126351956278086,0.9934591054916382,0.9934592247009277,0.9934589862823486,4.885857762815249e-08,-1.3080870750730583e-13,7.080341629835118e-14,-1.2997790720533183e-16,2.6399198463784553e-15,4.784481187972145e-13,-0.00013080870849080384,7.08034131093882e-05,0.0004784481425303966,3.0801869854842905e-05,3.060195012949407e-07,3.5762786865234375e-07,2.0314709914259765e-08,0.0,0.0,0.0,anisotropic
296,3.3569750711864854e-12,0.005126353353261948,0.9934594035148621,0.9934595823287964,0.9934595823287964,6.569060850836195e-09,-1.3080861263961574e-13,7.080336886450614e-14,-1.2997762927264601e-16,2.6399175170378503e-15,4.784476851163455e-13,-0.00013080860662739724,7.080336945364252e-05,0.0004784476768691093,3.0801682642246006e-05,3.56765667675063e-07,3.5762786865234375e-07,7.11683645349126e-09,0.0,0.0,0.0,anisotropic
297,3.356973553303444e-12,0.005126354284584522,0.9934597611427307,0.9934598803520203,0.9934597611427307,5.8161964133773836e-09,-1.308085313244528e-13,7.080329432560678e-14,-1.299774572190786e-16,2.639915822971956e-15,4.784473598556938e-13,-0.0001308085338678211,7.080329669406638e-05,0.00047844735672697425,3.080151173196025e-05,2.9922193789388984e-07,3.5762786865234375e-07,8.367448067758687e-09,0.0,0.0,0.0,anisotropic
298,3.3569724691012715e-12,0.005126354284584522,0.9934600591659546,0.9934602379798889,0.993459939956665,8.031936005181706e-09,-1.3080827382643684e-13,7.080335531197898e-14,-1.2997672930013956e-16,2.639910952532509e-15,4.784464382838471e-13,-0.000130808271933347,7.080335490172729e-05,0.0004784464545082301,3.080121605504633e-05,3.5669654607772827e-07,3.5762786865234375e-07,7.392258805083429e-09,0.0,0.0,0.0,anisotropic
299,3.3569716017395335e-12,0.005126355215907097,0.9934604167938232,0.9934605956077576,0.9934605956077576,4.917158236139585e-09,-1.3080812474863812e-13,7.080329432560678e-14,-1.2997654401168234e-16,2.639908834950141e-15,4.784461130231954e-13,-0.0001308081264141947,7.080329669406638e-05,0.00047844607615843415,3.080104612809297e-05,2.994020178448409e-07,3.5762786865234375e-07,8.96012952722458e-09,0.0,0.0,0.0,anisotropic
300,3.35697095121823e-12,0.005126356612890959,0.9934607148170471,0.9934608936309814,0.9934607148170471,9.588698723916877e-09,-1.3080821961632821e-13,7.080305715638155e-14,-1.2997694105837637e-16,2.6399094702248514e-15,4.784462214434126e-13,-0.00013080821372568607,7.080305658746511e-05,0.00047844622167758644,3.0801016849692694e-05,3.563436621334404e-07,3.5762786865234375e-07,8.6543510136039e-09,0.0,0.0,0.0,anisotropic
301,3.3569698670160575e-12,0.005126358009874821,0.9934610724449158,0.9934612512588501,0.9934613704681396,4.895058580700606e-09,-1.3080808409105665e-13,7.080296228869146e-14,-1.2997671606524976e-16,2.6399071408842465e-15,4.784457877625437e-13,-0.00013080808275844902,7.080296200001612e-05,0.0004784457851201296,3.080083708146052e-05,3.0360206437762827e-07,3.5762786865234375e-07,1.7361179160957363e-08,0.0,0.0,0.0,anisotropic
302,3.356969216494754e-12,0.005126359406858683,0.9934614300727844,0.993461549282074,0.993461549282074,4.6400064235285754e-08,-1.3080808409105665e-13,7.080275900078412e-14,-1.2997703370260498e-16,2.6399069291260097e-15,4.784457877625437e-13,-0.00013080808275844902,7.080275827320293e-05,0.00047844575601629913,3.080079321895286e-05,3.5204720916226506e-07,3.5762786865234375e-07,1.7363719351237705e-08,0.0,0.0,0.0,anisotropic
303,3.356968349133016e-12,0.005126361269503832,0.9934617280960083,0.9934619069099426,0.9934616684913635,4.99373697948613e-09,-1.3080804343347519e-13,7.080267768562118e-14,-1.2997691458859677e-16,2.6399056585765888e-15,4.784455709221092e-13,-0.00013080803910270333,7.080267823766917e-05,0.00047844555228948593,3.080066589588915e-05,3.002205630764365e-07,3.5762786865234375e-07,1.1231526819699411e-08,0.0,0.0,0.0,anisotropic
304,3.3569663975691055e-12,0.0051263622008264065,0.9934620261192322,0.9934622049331665,0.9934618473052979,1.2035523688780358e-08,-1.3080777238293206e-13,7.080271834320265e-14,-1.2997617343476792e-16,2.639900788137142e-15,4.784446493502625e-13,-0.00013080777716822922,7.080272189341486e-05,0.00047844465007074177,3.080038491769388e-05,3.553886926965788e-07,3.5762786865234375e-07,1.1333812111047337e-08,0.0,0.0,0.0,anisotropic
305,3.356965747047802e-12,0.005126363597810268,0.9934623837471008,0.9934625625610352,0.9934625029563904,4.895058580700606e-09,-1.3080767751524197e-13,7.080262347551255e-14,-1.299759749114209e-16,2.639898670554774e-15,4.784443240896108e-13,-0.00013080767530482262,7.080262003000826e-05,0.00047844427172094584,3.080024525790592e-05,2.99209204968065e-07,3.5762786865234375e-07,8.323795874787265e-09,0.0,0.0,0.0,anisotropic
306,3.356965747047802e-12,0.005126364529132843,0.9934626817703247,0.993462860584259,0.9934626221656799,9.154856428494895e-09,-1.3080770462029628e-13,7.080243374013237e-14,-1.2997637195811493e-16,2.6398993058294844e-15,4.784443782997194e-13,-0.00013080770440865308,7.080243085511029e-05,0.0004784444172400981,3.0800234979757206e-05,3.5628727346193045e-07,3.5762786865234375e-07,8.838036968938923e-09,0.0,0.0,0.0,anisotropic
307,3.356964446005195e-12,0.005126365460455418,0.9934630393981934,0.9934632182121277,0.9934632778167725,5.703249872368588e-09,-1.3080766396271482e-13,7.080235242496943e-14,-1.2997621313943732e-16,2.63989761176359e-15,4.784440530390677e-13,-0.0001308076607529074,7.080235081957653e-05,0.00047844406799413264,3.0800096766597444e-05,2.992073859786615e-07,3.5762786865234375e-07,8.317539545998898e-09,0.0,0.0,0.0,anisotropic
308,3.3569633618030226e-12,0.0051263668574392796,0.9934633374214172,0.9934635162353516,0.9934634566307068,8.643136872876767e-09,-1.3080743356975316e-13,7.080239985881448e-14,-1.2997544551582887e-16,2.6398931648406168e-15,4.784432398874383e-13,-0.00013080742792226374,7.080240175127983e-05,0.00047844325308687985,3.079981638669132e-05,3.56229065801017e-07,3.5762786865234375e-07,9.023358948923033e-09,0.0,0.0,0.0,anisotropic
309,3.356961843919981e-12,0.005126368720084429,0.9934636950492859,0.9934638738632202,0.9934635758399963,6.350870052074242e-09,-1.308071760717372e-13,7.080252860782246e-14,-1.2997475730155923e-16,2.6398887179176437e-15,4.784424267358089e-13,-0.00013080718053970486,7.080252544255927e-05,0.0004784424672834575,3.079956518026299e-05,2.990054781548679e-07,3.5762786865234375e-07,7.588404571379215e-09,0.0,0.0,0.0,anisotropic
310,3.356961410239112e-12,0.005126370117068291,0.9934639930725098,0.9934641718864441,0.9934642314910889,7.016001557502705e-09,-1.308072031767915e-13,7.080228466233365e-14,-1.2997510140869405e-16,2.6398891414341173e-15,4.784425351560262e-13,-0.00013080720964353532,7.0802285335958e-05,0.00047844252549111843,3.079954783772172e-05,3.448840288911015e-07,3.5762786865234375e-07,2.443777447069806e-08,0.0,0.0,0.0,anisotropic
311,3.3569594586752016e-12,0.00512637197971344,0.9934643507003784,0.9934645295143127,0.9934644103050232,5.02652319767094e-08,-1.3080709475657426e-13,7.080220334717072e-14,-1.2997469112711023e-16,2.6398857533023283e-15,4.784419388448313e-13,-0.0001308070932282135,7.080220530042425e-05,0.0004784419434145093,3.079935448682533e-05,3.1049239623825997e-07,3.5762786865234375e-07,2.4243727025918815e-08,0.0,0.0,0.0,anisotropic
312,3.3569590249943326e-12,0.005126371048390865,0.9934646487236023,0.9934648275375366,0.9934645295143127,5.917837331281817e-09,-1.3080687791613976e-13,7.080224400475219e-14,-1.299741882012978e-16,2.6398821534123025e-15,4.784412883235278e-13,-0.00013080687494948506,7.080224168021232e-05,0.0004784412740264088,3.0799143564157694e-05,3.248405846534297e-07,3.5762786865234375e-07,2.9652913013933357e-08,0.0,0.0,0.0,anisotropic
313,3.356957507111291e-12,0.005126372445374727,0.993465006351471,0.9934651255607605,0.9934651851654053,4.6884736093488755e-08,-1.308068643636126e-13,7.080208815068989e-14,-1.299741882012978e-16,2.6398813063793552e-15,4.784410714830933e-13,-0.00013080686039756984,7.080208888510242e-05,0.0004784410702995956,3.0799047801493234e-05,3.3063042792491615e-07,3.5762786865234375e-07,2.9670488288502384e-08,0.0,0.0,0.0,anisotropic
314,3.356957073430422e-12,0.005126373842358589,0.9934653043746948,0.9934654831886292,0.9934653639793396,5.247816403652905e-09,-1.3080681015350398e-13,7.080195262541833e-14,-1.299743205501958e-16,2.639880459346408e-15,4.784409630628761e-13,-0.00013080681674182415,7.080195064190775e-05,0.00047844095388427377,3.079898977705074e-05,3.0126102501526475e-07,3.5762786865234375e-07,1.3509634300135076e-08,0.0,0.0,0.0,anisotropic
315,3.3569555555473807e-12,0.005126374773681164,0.9934656023979187,0.993465781211853,0.9934655427932739,1.4529301317622867e-08,-1.3080660686559664e-13,7.080201361179053e-14,-1.2997361910103636e-16,2.639876012423435e-15,4.784401499112467e-13,-0.00013080661301501095,7.080201612552628e-05,0.00047844016808085144,3.0798725480606266e-05,3.542336344253272e-07,3.5762786865234375e-07,1.3812934795964793e-08,0.0,0.0,0.0,anisotropic
316,3.356955772387815e-12,0.005126375705003738,0.9934659600257874,0.9934661388397217,0.9934661388397217,5.268436353844663e-09,-1.308067423908682e-13,7.080164091729374e-14,-1.2997449260376321e-16,2.6398789770387503e-15,4.78440692012333e-13,-0.000130806743982248,7.080163777573034e-05,0.0004784406628459692,3.0798857826927295e-05,2.9906732379458845e-07,3.5762786865234375e-07,7.819524583396742e-09,0.0,0.0,0.0,anisotropic
317,3.3569542545047737e-12,0.005126378033310175,0.9934662580490112,0.9934664368629456,0.9934663772583008,8.798545003685376e-09,-1.3080653910296086e-13,7.080168835113879e-14,-1.2997380438949357e-16,2.6398743183575404e-15,4.784398788607036e-13,-0.0001308065402554348,7.080168870743364e-05,0.0004784398479387164,3.079860511165787e-05,3.5580706025939435e-07,3.5762786865234375e-07,1.0257511284805787e-08,0.0,0.0,0.0,anisotropic
318,3.3569529534621667e-12,0.005126379430294037,0.9934666156768799,0.9934667944908142,0.9934664964675903,4.2999374727514805e-08,-1.3080639002516214e-13,7.080160703597585e-14,-1.2997356616147715e-16,2.6398722007751722e-15,4.784394451798346e-13,-0.00013080639473628253,7.080160867189988e-05,0.00047843944048509,3.0798464404831226e-05,2.9928196454420686e-07,3.5762786865234375e-07,8.569984721873425e-09,0.0,0.0,0.0,anisotropic
319,3.3569527366217322e-12,0.005126380827277899,0.9934669137001038,0.9934670925140381,0.9934670925140381,6.560803456068243e-09,-1.3080648489285224e-13,7.080139697180493e-14,-1.2997397644306098e-16,2.6398728360498827e-15,4.784396078101605e-13,-0.0001308064820477739,7.080139766912907e-05,0.0004784395860042423,3.0798475422417775e-05,3.346103767398745e-07,3.5762786865234375e-07,2.902016760231163e-08,0.0,0.0,0.0,anisotropic
320,3.3569503513769527e-12,0.005126382224261761,0.9934672713279724,0.9934674501419067,0.9934673309326172,3.9674837637448945e-08,-1.3080632226252636e-13,7.080136309048704e-14,-1.2997353969169755e-16,2.6398696596763305e-15,4.784390114989656e-13,-0.00013080632197670639,7.0801361289341e-05,0.00047843900392763317,3.07982860418673e-05,3.20806066156365e-07,3.5762786865234375e-07,2.896430473242617e-08,0.0,0.0,0.0,anisotropic
321,3.3569501345365182e-12,0.00512638408690691,0.9934675693511963,0.9934677481651306,0.9934675693511963,5.853360907082106e-09,-1.3080610542209187e-13,7.080138341927777e-14,-1.2997306323566472e-16,2.6398660597863046e-15,4.784383609776621e-13,-0.00013080610369797796,7.080138311721385e-05,0.0004784383927471936,3.0798084956338296e-05,3.0088085622992367e-07,3.5762786865234375e-07,1.273448368976915e-08,0.0,0.0,0.0,anisotropic
322,3.3569503513769527e-12,0.0051263850182294846,0.9934678673744202,0.9934680461883545,0.9934680461883545,1.4020407945736224e-08,-1.3080614607967334e-13,7.080118690763401e-14,-1.2997340734279954e-16,2.639866695061015e-15,4.784384693978794e-13,-0.00013080614735372365,7.080118666635826e-05,0.0004784384509548545,3.0798079165375534e-05,3.544373612385243e-07,3.5762786865234375e-07,1.3416230792984152e-08,0.0,0.0,0.0,anisotropic
323,3.3569481829726078e-12,0.005126386880874634,0.9934682250022888,0.9934684038162231,0.9934682846069336,5.917837331281817e-09,-1.3080591568671168e-13,7.080124111774264e-14,-1.299726661889707e-16,2.6398626716545156e-15,4.7843765624625e-13,-0.00013080591452308,7.080123759806156e-05,0.0004784376942552626,3.079782712365103e-05,2.989672793773934e-07,3.5762786865234375e-07,7.441813387742968e-09,0.0,0.0,0.0,anisotropic
324,3.3569468819300008e-12,0.005126387812197208,0.9934685230255127,0.993468701839447,0.9934685230255127,8.172446719356685e-09,-1.308057259513315e-13,7.080132243290557e-14,-1.2997196473981125e-16,2.639857801215069e-15,4.784368430946206e-13,-0.00013080572534818202,7.080132490955293e-05,0.0004784368211403489,3.079758279841233e-05,3.524655767250806e-07,3.5762786865234375e-07,1.6764722943207744e-08,0.0,0.0,0.0,anisotropic
325,3.3569462314086973e-12,0.005126389674842358,0.9934688806533813,0.9934690594673157,0.9934689998626709,4.663198538423785e-08,-1.308056310836414e-13,7.080122756521548e-14,-1.2997181915602344e-16,2.6398558953909376e-15,4.784365178339689e-13,-0.00013080563803669065,7.080123032210395e-05,0.0004784365009982139,3.079747644772962e-05,3.026470949407667e-07,3.5762786865234375e-07,1.5944646492016545e-08,0.0,0.0,0.0,anisotropic
326,3.356946014568263e-12,0.005126388743519783,0.9934691786766052,0.9934693574905396,0.99346923828125,6.017761844390179e-09,-1.3080564463616856e-13,7.08010378298353e-14,-1.2997217649804806e-16,2.639856530665648e-15,4.784366262541861e-13,-0.00013080563803669065,7.080104114720598e-05,0.0004784366174135357,3.0797469460996346e-05,3.01171894534491e-07,3.5762786865234375e-07,1.333291876903786e-08,0.0,0.0,0.0,anisotropic
327,3.356943846163918e-12,0.005126389674842358,0.9934694766998291,0.9934696555137634,0.9934694766998291,4.5050857266915045e-08,-1.3080540069067975e-13,7.080109203994392e-14,-1.2997138240466001e-16,2.6398512367097277e-15,4.784357046823395e-13,-0.000130805405206047,7.080109207890928e-05,0.0004784356860909611,3.0797220042059704e-05,3.5325319913681597e-07,3.5762786865234375e-07,1.5544140197221168e-08,0.0,0.0,0.0,anisotropic
328,3.3569436293234833e-12,0.005126391537487507,0.9934698343276978,0.9934700131416321,0.9934699535369873,4.314663115678741e-08,-1.3080531937551682e-13,7.080099717225383e-14,-1.299712765255416e-16,2.639849966160307e-15,4.784354336317964e-13,-0.00013080531789455563,7.08009974914603e-05,0.000478435424156487,3.079713254415522e-05,2.9936927603557706e-07,3.5762786865234375e-07,8.855592703582715e-09,0.0,0.0,0.0,anisotropic
329,3.356942545121311e-12,0.0051263924688100815,0.9934701323509216,0.993470311164856,0.9934701919555664,6.732089996575041e-09,-1.3080534648057113e-13,7.080077355555575e-14,-1.2997159416289683e-16,2.6398501779185436e-15,4.78435487841905e-13,-0.00013080534699838609,7.080077193677425e-05,0.00047843545326031744,3.079715930884905e-05,3.0592127586714923e-07,3.5762786865234375e-07,2.0208757334216898e-08,0.0,0.0,0.0,anisotropic
330,3.3569418946000074e-12,0.005126393865793943,0.9934704303741455,0.9934706687927246,0.9934704303741455,4.807560927133636e-08,-1.3080533292804397e-13,7.080054993885768e-14,-1.2997188533047245e-16,2.63984975440207e-15,4.784354336317964e-13,-0.00013080533244647086,7.080054638208821e-05,0.000478435424156487,3.0797154954442266e-05,3.4892036637756974e-07,3.5762786865234375e-07,2.1052327880966004e-08,0.0,0.0,0.0,anisotropic
331,3.3569410272382694e-12,0.005126395262777805,0.9934707880020142,0.9934709668159485,0.9934709072113037,7.2515797810979166e-09,-1.3080527871793535e-13,7.080046184743116e-14,-1.2997175298157444e-16,2.639848483852649e-15,4.784351625812533e-13,-0.00013080527423880994,7.080045907059684e-05,0.00047843519132584333,3.0797069827314595e-05,2.989672793773934e-07,3.5762786865234375e-07,7.441812055475339e-09,0.0,0.0,0.0,anisotropic
332,3.3569397261956624e-12,0.00512639619410038,0.993471086025238,0.9934712648391724,0.9934711456298828,7.199058682516579e-09,-1.3080506187750085e-13,7.080057026764841e-14,-1.299710912370844e-16,2.639844036929676e-15,4.784343494296239e-13,-0.00013080505596008152,7.080056820996106e-05,0.0004784343473147601,3.079684542358731e-05,3.032855602214113e-07,3.5762786865234375e-07,1.6910831845962093e-08,0.0,0.0,0.0,anisotropic
333,3.3569388588339244e-12,0.005126398056745529,0.9934713840484619,0.993471622467041,0.9934713840484619,4.651558782597931e-08,-1.3080506187750085e-13,7.080033987468676e-14,-1.299713559348804e-16,2.6398438251714392e-15,4.784343494296239e-13,-0.00013080505596008152,7.080034265527502e-05,0.00047843431821092963,3.079685721889981e-05,3.5151970223523676e-07,3.5762786865234375e-07,1.8076930174970585e-08,0.0,0.0,0.0,anisotropic
334,3.3569379914721864e-12,0.005126398988068104,0.9934717416763306,0.9934719204902649,0.9934719204902649,6.9148229364657254e-09,-1.3080499411486507e-13,7.080023823073309e-14,-1.299712368208722e-16,2.6398425546220183e-15,4.784340783790808e-13,-0.0001308049977524206,7.080024079186842e-05,0.000478434085380286,3.079678031696701e-05,2.987871994264424e-07,3.5762786865234375e-07,6.704791388756348e-09,0.0,0.0,0.0,anisotropic
335,3.3569366904295794e-12,0.005126400385051966,0.9934720396995544,0.9934722185134888,0.9934720993041992,6.835974009078427e-09,-1.3080477727443057e-13,7.080033309842318e-14,-1.2997054860660256e-16,2.639838531215519e-15,4.784333194375601e-13,-0.00013080477947369218,7.08003353793174e-05,0.0004784333286806941,3.079654924910932e-05,3.041623131139204e-07,3.5762786865234375e-07,1.8117390254701604e-08,0.0,0.0,0.0,anisotropic
336,3.356936039908276e-12,0.00512640131637454,0.9934723377227783,0.9934725761413574,0.9934723377227783,4.705209732946969e-08,-1.3080481793201204e-13,7.080008915293437e-14,-1.2997082653928838e-16,2.639838531215519e-15,4.784333194375601e-13,-0.00013080482312943786,7.080008799675852e-05,0.0004784333286806941,3.079656635913655e-05,3.5022640076931566e-07,3.5762786865234375e-07,1.9656855698713116e-08,0.0,0.0,0.0,anisotropic
337,3.356935172546538e-12,0.0051264031790196896,0.993472695350647,0.9934728741645813,0.9934728145599365,4.309257306545078e-08,-1.3080456043399608e-13,7.080019757315162e-14,-1.2997019126457794e-16,2.6398342960507826e-15,4.78432614706148e-13,-0.00013080456119496375,7.080019713612273e-05,0.0004784326010849327,3.079635611825347e-05,2.9924194677732885e-07,3.5762786865234375e-07,8.435547371732355e-09,0.0,0.0,0.0,anisotropic
338,3.3569336546634965e-12,0.0051264045760035515,0.9934729933738708,0.9934731721878052,0.9934730529785156,6.961703657992757e-09,-1.3080438425114305e-13,7.080024500699666e-14,-1.299694501107491e-16,2.6398298491278095e-15,4.784318015545186e-13,-0.000130804386571981,7.080024806782603e-05,0.00047843175707384944,3.079612763892426e-05,3.028108039870858e-07,3.5762786865234375e-07,1.6200282004774635e-08,0.0,0.0,0.0,anisotropic
339,3.3569332209826275e-12,0.005126405507326126,0.9934732913970947,0.9934735298156738,0.9934732913970947,4.613173487655331e-08,-1.308043706986159e-13,7.080004171908932e-14,-1.299697809829941e-16,2.639830272644283e-15,4.784318015545186e-13,-0.00013080437202006578,7.080004434101284e-05,0.0004784317861776799,3.079615432110734e-05,3.510613169055432e-07,3.5762786865234375e-07,1.8662476009012607e-08,0.0,0.0,0.0,anisotropic
340,3.356932570461324e-12,0.005126407369971275,0.9934736490249634,0.9934738278388977,0.9934737682342529,4.3540616445625346e-08,-1.308043029359801e-13,7.079997395645354e-14,-1.299696618689859e-16,2.639828366820152e-15,4.784314762938668e-13,-0.00013080429926048964,7.07999715814367e-05,0.0004784315242432058,3.0796083736246427e-05,2.996603143401444e-07,3.5762786865234375e-07,9.741717654776494e-09,0.0,0.0,0.0,anisotropic
341,3.3569306188974135e-12,0.005126406438648701,0.9934739470481873,0.9934741258621216,0.993474006652832,6.427236076689269e-09,-1.3080407254301846e-13,7.080002816656217e-14,-1.2996892071515706e-16,2.639823708138942e-15,4.784306631422375e-13,-0.000130804066429846,7.080002978909761e-05,0.0004784306511282921,3.079584428413743e-05,2.9955481295473874e-07,3.5762786865234375e-07,9.431162517614666e-09,0.0,0.0,0.0,anisotropic
342,3.356930402056979e-12,0.005126407835632563,0.9934742450714111,0.9934744834899902,0.9934742450714111,4.3819866846206423e-08,-1.3080408609554561e-13,7.079980454986409e-14,-1.2996927805718168e-16,2.6398243434136524e-15,4.784307715624547e-13,-0.00013080408098176122,7.079980423441157e-05,0.000478430709335953,3.079588146780804e-05,3.5183256841264665e-07,3.5762786865234375e-07,1.765929980024339e-08,0.0,0.0,0.0,anisotropic
343,3.3569288841739375e-12,0.0051264092326164246,0.9934746026992798,0.9934747815132141,0.9934747219085693,4.639889539248543e-08,-1.30804031885437e-13,7.079973001096473e-14,-1.2996905306405506e-16,2.6398220140730474e-15,4.784303378815857e-13,-0.00013080403732601553,7.079973147483543e-05,0.0004784303600899875,3.079579945979795e-05,3.021723387064412e-07,3.5762786865234375e-07,1.516899317266507e-08,0.0,0.0,0.0,anisotropic
344,3.356928233652634e-12,0.005126410163938999,0.9934749007225037,0.993475079536438,0.9934749603271484,6.486010395434505e-09,-1.3080378793994818e-13,7.07997706685462e-14,-1.2996839131956502e-16,2.639817778908311e-15,4.78429578940065e-13,-0.00013080378994345665,7.07997678546235e-05,0.0004784295742865652,3.079557343732631e-05,2.990727807627991e-07,3.5762786865234375e-07,7.839566329437275e-09,0.0,0.0,0.0,anisotropic
345,3.3569267157695926e-12,0.005126411560922861,0.9934751987457275,0.9934754371643066,0.9934751987457275,9.571722969781149e-09,-1.3080382859752965e-13,7.079954027558455e-14,-1.2996870895692024e-16,2.6398182024247848e-15,4.784296331501736e-13,-0.00013080383359920233,7.079954229993746e-05,0.0004784295742865652,3.0795606208320574e-05,3.255026967963204e-07,3.5762786865234375e-07,2.971211543467689e-08,0.0,0.0,0.0,anisotropic
346,3.35692563156742e-12,0.00512641342356801,0.9934754967689514,0.9934757351875305,0.9934756755828857,4.442559387030087e-08,-1.3080377438742102e-13,7.079935054020436e-14,-1.2996878836625905e-16,2.6398171436336007e-15,4.784294705198477e-13,-0.00013080377539154142,7.079935312503949e-05,0.00047842945787124336,3.079558211305047e-05,3.2885327527765185e-07,3.5762786865234375e-07,2.9785050870145824e-08,0.0,0.0,0.0,anisotropic
347,3.356926065248289e-12,0.005126414820551872,0.9934758543968201,0.9934760332107544,0.9934759140014648,6.39340846930736e-09,-1.3080370662478524e-13,7.07992488962507e-14,-1.2996893395004686e-16,2.6398165083588903e-15,4.784293620996305e-13,-0.00013080370263196528,7.079925126163289e-05,0.00047842934145592153,3.07955756584413e-05,2.987562766065821e-07,3.5762786865234375e-07,6.569424115809852e-09,0.0,0.0,0.0,anisotropic
348,3.356924330524813e-12,0.005126416217535734,0.993476152420044,0.9934763312339783,0.993476152420044,7.902654530766995e-09,-1.3080353044193221e-13,7.079932343515005e-14,-1.299682325008874e-16,2.639812484952391e-15,4.784286573682184e-13,-0.00013080352800898254,7.079932402120903e-05,0.00047842864296399057,3.079535113078375e-05,3.0114279070403427e-07,3.5762786865234375e-07,1.3274576105004599e-08,0.0,0.0,0.0,anisotropic
349,3.356924330524813e-12,0.005126417148858309,0.9934764504432678,0.9934766888618469,0.9934766292572021,1.5618992321719816e-08,-1.3080354399445937e-13,7.079909981845198e-14,-1.2996856337313243e-16,2.6398129084688644e-15,4.78428711578327e-13,-0.00013080354256089777,7.079909846652299e-05,0.000478428672067821,3.0795392612538576e-05,3.522545739542693e-07,3.5762786865234375e-07,1.7070734159574386e-08,0.0,0.0,0.0,anisotropic
350,3.356923029482206e-12,0.005126418545842171,0.9934768080711365,0.9934769868850708,0.9934768676757812,1.118573855762861e-08,-1.3080342202171497e-13,7.079903883207977e-14,-1.2996836484978542e-16,2.6398105791282595e-15,4.78428277897458e-13,-0.00013080342614557594,7.079904025886208e-05,0.00047842826461419463,3.0795299555870715e-05,2.9988405003678054e-07,3.5762786865234375e-07,1.036602625958949e-08,0.0,0.0,0.0,anisotropic
351,3.356922162120468e-12,0.005126419942826033,0.9934771060943604,0.9934772849082947,0.9934771060943604,6.585545442305829e-09,-1.3080324583886194e-13,7.079912692350629e-14,-1.2996772957507498e-16,2.639806767479997e-15,4.784276273761545e-13,-0.0001308032515225932,7.079912757035345e-05,0.0004784275952260941,3.079510266910426e-05,2.9912371246609837e-07,3.5762786865234375e-07,8.024035658138473e-09,0.0,0.0,0.0,anisotropic
352,3.3569206442374266e-12,0.0051264213398098946,0.9934774041175842,0.9934776425361633,0.9934775829315186,1.0191650190449764e-08,-1.3080308320853606e-13,7.079904560834335e-14,-1.2996750458194837e-16,2.639804438139392e-15,4.784271394851769e-13,-0.00013080307689961046,7.079904753481969e-05,0.0004784271295648068,3.079501666075178e-05,3.2378738978877664e-07,3.5762786865234375e-07,2.9527924993999477e-08,0.0,0.0,0.0,anisotropic
353,3.356918258992647e-12,0.005126423202455044,0.9934777021408081,0.9934779405593872,0.9934778213500977,4.7004835579400606e-08,-1.3080297478831882e-13,7.079903883207977e-14,-1.2996686930723792e-16,2.6398004147328924e-15,4.784263805436562e-13,-0.00013080297503620386,7.079904025886208e-05,0.00047842637286521494,3.079481959863503e-05,3.301138349343091e-07,3.5762786865234375e-07,2.9714795957147544e-08,0.0,0.0,0.0,anisotropic
354,3.356918692673516e-12,0.005126424133777618,0.9934780597686768,0.9934782385826111,0.993478000164032,7.672937840652594e-09,-1.308028528155744e-13,7.079901172702546e-14,-1.299666046094419e-16,2.6397982971505243e-15,4.784260552830044e-13,-0.00013080285862088203,7.079901115503162e-05,0.0004784260527230799,3.079473614788749e-05,2.9871080187149346e-07,3.5762786865234375e-07,6.364851312667952e-09,0.0,0.0,0.0,anisotropic
355,3.356917825311778e-12,0.005126424133777618,0.9934783577919006,0.993478536605835,0.993478536605835,6.772233884788648e-09,-1.308028528155744e-13,7.07988152153817e-14,-1.2996698842124613e-16,2.6397989324252347e-15,4.78426109493113e-13,-0.00013080285862088203,7.079881470417604e-05,0.00047842611093074083,3.079479004684899e-05,2.988363121403381e-07,3.5762786865234375e-07,6.914059547113993e-09,0.0,0.0,0.0,anisotropic
356,3.356916524269171e-12,0.005126425065100193,0.9934786558151245,0.9934788942337036,0.9934787750244141,9.382958410242281e-09,-1.3080263597513991e-13,7.079890330680821e-14,-1.2996623403252748e-16,2.639794273744025e-15,4.784252963414837e-13,-0.0001308026403421536,7.079890201566741e-05,0.0004784252669196576,3.0794587423051096e-05,3.031036612810567e-07,3.5762786865234375e-07,1.66437761350835e-08,0.0,0.0,0.0,anisotropic
357,3.3569154400669987e-12,0.005126426462084055,0.9934789538383484,0.9934791922569275,0.9934788942337036,1.9641051451912972e-08,-1.3080262242261276e-13,7.079867291384656e-14,-1.299665384349929e-16,2.639794061985788e-15,4.78425242131375e-13,-0.00013080262579023838,7.079867646098137e-05,0.0004784252669196576,3.0794640697628425e-05,3.4736149245873094e-07,3.5762786865234375e-07,2.2506458918769567e-08,0.0,0.0,0.0,anisotropic
358,3.3569147895456952e-12,0.005126426927745342,0.9934792518615723,0.9934794902801514,0.9934794902801514,1.6285083503930764e-08,-1.308025817650313e-13,7.079861192747436e-14,-1.299664325558745e-16,2.6397925796781303e-15,4.784250795010492e-13,-0.0001308025821344927,7.079861097736284e-05,0.00047842503408901393,3.0794592394748636e-05,3.0204682843759656e-07,3.5762786865234375e-07,1.49546970362735e-08,0.0,0.0,0.0,anisotropic
359,3.3569145727052607e-12,0.005126429256051779,0.9934796094894409,0.9934797883033752,0.9934796690940857,7.176431893185509e-09,-1.308025817650313e-13,7.079834765319482e-14,-1.2996680313278892e-16,2.6397934267110776e-15,4.784251337111578e-13,-0.0001308025821344927,7.079834904288873e-05,0.0004784251214005053,3.079465228447839e-05,2.9866714612580836e-07,3.5762786865234375e-07,6.161761767486951e-09,0.0,0.0,0.0,anisotropic
360,3.3569132716626537e-12,0.005126430653035641,0.9934799075126648,0.9934801459312439,0.99347984790802,7.923207867577275e-09,-1.3080240558217826e-13,7.079842219209417e-14,-1.2996607521384987e-16,2.639788556271631e-15,4.784243205595284e-13,-0.00013080240751150995,7.079842180246487e-05,0.00047842427738942206,3.079446558349853e-05,2.9888906283304095e-07,3.5762786865234375e-07,7.13161441012744e-09,0.0,0.0,0.0,anisotropic
361,3.3569124043009158e-12,0.005126431584358215,0.9934802055358887,0.9934804439544678,0.9934804439544678,4.3498264545860366e-08,-1.3080243268723257e-13,7.079819179913252e-14,-1.299664325558745e-16,2.639789403304578e-15,4.784244289797457e-13,-0.0001308024366153404,7.079818897182122e-05,0.00047842442290857434,3.0794527365759484e-05,3.177210601279512e-07,3.5762786865234375e-07,2.8037506538680645e-08,0.0,0.0,0.0,anisotropic
362,3.3569104527370053e-12,0.00512643251568079,0.9934805035591125,0.9934807419776917,0.9934806227684021,3.811233284523041e-08,-1.3080221584679808e-13,7.079822568045041e-14,-1.2996577081138445e-16,2.6397845328651314e-15,4.784235616180077e-13,-0.00013080221833661199,7.079822535160929e-05,0.00047842360800132155,3.0794343452800254e-05,3.3381911634933203e-07,3.5762786865234375e-07,2.9193861550425027e-08,0.0,0.0,0.0,anisotropic
363,3.3569100190561363e-12,0.0051264334470033646,0.9934808015823364,0.9934810400009155,0.9934807419776917,1.3758906014516015e-08,-1.3080209387405367e-13,7.079820535165968e-14,-1.2996559875781704e-16,2.639782838799237e-15,4.784232905674646e-13,-0.00013080208736937493,7.079820352373645e-05,0.0004784232296515256,3.079429325808866e-05,3.0077353585511446e-07,3.5762786865234375e-07,1.2504877133778791e-08,0.0,0.0,0.0,anisotropic
364,3.3569100190561363e-12,0.0051264348439872265,0.9934811592102051,0.9934813380241394,0.9934813976287842,6.8200947112018184e-09,-1.3080213453163514e-13,7.079798851122518e-14,-1.2996595609984167e-16,2.6397832623157105e-15,4.784233447775732e-13,-0.00013080213102512062,7.079798524500802e-05,0.00047842334606684744,3.079435014472071e-05,2.985616447404027e-07,3.5762786865234375e-07,5.639457345552046e-09,0.0,0.0,0.0,anisotropic
365,3.3569087180135293e-12,0.005126436240971088,0.993481457233429,0.9934816956520081,0.9934815764427185,8.165811138383106e-09,-1.3080190413867349e-13,7.079809015517885e-14,-1.2996524141579242e-16,2.6397790271509743e-15,4.784225316259438e-13,-0.00013080189819447696,7.079808710841462e-05,0.00047842253115959466,3.079416022213073e-05,2.987908374052495e-07,3.5762786865234375e-07,6.720529022175015e-09,0.0,0.0,0.0,anisotropic
366,3.3569078506517913e-12,0.005126438103616238,0.9934817552566528,0.9934819936752319,0.9934816956520081,4.34783160585539e-08,-1.3080179571845624e-13,7.079797495869802e-14,-1.299650561273352e-16,2.639777121326843e-15,4.784222063652921e-13,-0.00013080179633107036,7.079797796905041e-05,0.00047842221101745963,3.079409771058041e-05,3.126788215013221e-07,3.5762786865234375e-07,2.5666617275987846e-08,0.0,0.0,0.0,anisotropic
367,3.356905465407012e-12,0.005126439034938812,0.9934820532798767,0.9934822916984558,0.9934823513031006,3.2840354435847985e-08,-1.3080167374571183e-13,7.079797495869802e-14,-1.2996439438284517e-16,2.63977267440387e-15,4.784213932136627e-13,-0.00013080167991574854,7.079797796905041e-05,0.0004784213670063764,3.079392477937693e-05,3.3601645554881543e-07,3.5762786865234375e-07,2.8655058770254982e-08,0.0,0.0,0.0,anisotropic
368,3.3569052485665773e-12,0.005126440431922674,0.9934823513031006,0.9934825897216797,0.9934825301170349,1.9049764432566008e-08,-1.3080152466791312e-13,7.079796818243445e-14,-1.2996420909438795e-16,2.639771192096212e-15,4.784211221631196e-13,-0.00013080151984468102,7.07979706930928e-05,0.0004784211050719023,3.079387067014038e-05,3.0358205549418926e-07,3.5762786865234375e-07,1.73332281860894e-08,0.0,0.0,0.0,anisotropic
369,3.3569048148857084e-12,0.005126441828906536,0.9934827089309692,0.9934828877449036,0.9934826493263245,7.384919342712237e-09,-1.3080156532549458e-13,7.079777167079068e-14,-1.2996451349685337e-16,2.6397716156126858e-15,4.784211763732282e-13,-0.0001308015635004267,7.079777424223721e-05,0.0004784211632795632,3.0793919594067115e-05,2.9847251425962895e-07,3.5762786865234375e-07,5.1554596147695975e-09,0.0,0.0,0.0,anisotropic
370,3.356903297002667e-12,0.0051264408975839615,0.9934830069541931,0.9934832453727722,0.9934828281402588,7.778195865171256e-09,-1.3080134848506009e-13,7.079783265716288e-14,-1.2996377234302453e-16,2.639766956931476e-15,4.784203632215989e-13,-0.00013080134522169828,7.079783244989812e-05,0.0004784203483723104,3.079372777370354e-05,2.986362233059481e-07,3.5762786865234375e-07,6.013565645446306e-09,0.0,0.0,0.0,anisotropic
371,3.356902863321798e-12,0.005126441828906536,0.993483304977417,0.9934835433959961,0.9934834837913513,9.817765267428058e-09,-1.3080136203758724e-13,7.079763614551912e-14,-1.2996418262460835e-16,2.6397675922061863e-15,4.784204716418161e-13,-0.0001308013597736135,7.079763599904254e-05,0.00047842043568380177,3.079380770693301e-05,3.0255796445999295e-07,3.5762786865234375e-07,1.5803017561211163e-08,0.0,0.0,0.0,anisotropic
372,3.3569009117578874e-12,0.005126444157212973,0.9934836030006409,0.99348384141922,0.9934836030006409,1.885525691136536e-08,-1.3080114519715275e-13,7.079766325057343e-14,-1.299634017661101e-16,2.6397625100085028e-15,4.784194958598609e-13,-0.0001308011414948851,7.0797665102873e-05,0.0004784195334650576,3.0793610753614913e-05,3.2888601708691567e-07,3.5762786865234375e-07,2.978390334362757e-08,0.0,0.0,0.0,anisotropic
373,3.356900261236584e-12,0.00512644462287426,0.9934839010238647,0.9934841394424438,0.9934840202331543,4.040998291543474e-08,-1.308012807224243e-13,7.079733798992169e-14,-1.2996412968504915e-16,2.6397650511073446e-15,4.784199295407299e-13,-0.00013080128701403737,7.079733768478036e-05,0.000478419940918684,3.079377001191186e-05,3.194418241037056e-07,3.5762786865234375e-07,2.8599240309290508e-08,0.0,0.0,0.0,anisotropic
374,3.3569000443961494e-12,0.005126446485519409,0.9934841990470886,0.9934844374656677,0.993484377861023,4.4096115203728914e-08,-1.3080110453957128e-13,7.0797365094976e-14,-1.2996367969879592e-16,2.6397618747337924e-15,4.784194416497523e-13,-0.0001308010978391394,7.079736678861082e-05,0.0004784194170497358,3.0793652386734995e-05,2.999058779096231e-07,3.5762786865234375e-07,1.0424675345177548e-08,0.0,0.0,0.0,anisotropic
375,3.356899393874846e-12,0.005126447416841984,0.9934845566749573,0.9934847950935364,0.9934845566749573,7.414224789670243e-09,-1.3080109098704412e-13,7.079716180706866e-14,-1.2996402380593074e-16,2.639762086492029e-15,4.784194416497523e-13,-0.0001308010978391394,7.079716306179762e-05,0.00047841944615356624,3.079372136164173e-05,2.984979801112786e-07,3.5762786865234375e-07,5.298411043241913e-09,0.0,0.0,0.0,anisotropic
376,3.356898092832239e-12,0.005126448813825846,0.9934848546981812,0.9934850931167603,0.9934847354888916,8.599118750396428e-09,-1.3080087414660962e-13,7.079723634596802e-14,-1.299632826521019e-16,2.6397574278108193e-15,4.784186284981229e-13,-0.00013080087956041098,7.079723582137376e-05,0.000478418602142483,3.0793532432909036e-05,2.989945642184466e-07,3.5762786865234375e-07,7.546831604088311e-09,0.0,0.0,0.0,anisotropic
377,3.3568978759918044e-12,0.005126450210809708,0.993485152721405,0.9934853911399841,0.9934853315353394,1.1344546635427832e-08,-1.308009419092454e-13,7.079701272926994e-14,-1.2996367969879592e-16,2.63975869836024e-15,4.784188453385574e-13,-0.0001308009377680719,7.079701026668772e-05,0.00047841883497312665,3.079360779352278e-05,3.0323644750751555e-07,3.5762786865234375e-07,1.683933881224675e-08,0.0,0.0,0.0,anisotropic
378,3.3568957075874595e-12,0.005126452073454857,0.9934854507446289,0.993485689163208,0.9934855103492737,4.7126928137686264e-08,-1.3080065730617513e-13,7.079707371564214e-14,-1.2996291207518747e-16,2.639753192646083e-15,4.784178695566021e-13,-0.00013080066128168255,7.079707575030625e-05,0.0004784178745467216,3.079341394348574e-05,3.3880678529385477e-07,3.5762786865234375e-07,2.7705850058623582e-08,0.0,0.0,0.0,anisotropic
379,3.356894623385287e-12,0.0051264530047774315,0.9934857487678528,0.9934859871864319,0.993485689163208,5.042889839046438e-08,-1.3080064375364797e-13,7.079697207168847e-14,-1.2996280619606906e-16,2.639752133854899e-15,4.784176527161677e-13,-0.00013080064672976732,7.079697388689965e-05,0.0004784176417160779,3.079339223505387e-05,3.0903902370482683e-07,3.5762786865234375e-07,2.313571734191555e-08,0.0,0.0,0.0,anisotropic
380,3.356895490747025e-12,0.005126454401761293,0.9934860467910767,0.9934862852096558,0.9934862852096558,9.98747395897226e-09,-1.3080065730617513e-13,7.079681621762618e-14,-1.2996315030320389e-16,2.6397523456131358e-15,4.784177611363849e-13,-0.00013080066128168255,7.079681381583214e-05,0.0004784177290275693,3.079345639595535e-05,2.9908733267802745e-07,3.5762786865234375e-07,7.892744235959981e-09,0.0,0.0,0.0,anisotropic
381,3.35689332234268e-12,0.005126455798745155,0.9934864044189453,0.9934866428375244,0.9934864640235901,7.764243470376186e-09,-1.3080030494046907e-13,7.079701272926994e-14,-1.299618929886728e-16,2.6397455693495577e-15,4.784164600937779e-13,-0.00013080031203571707,7.079701026668772e-05,0.00047841647756285965,3.079314696418327e-05,2.9848888516426086e-07,3.5762786865234375e-07,5.247818624098954e-09,0.0,0.0,0.0,anisotropic
382,3.3568926718213765e-12,0.0051264576613903046,0.9934867024421692,0.9934869408607483,0.9934866428375244,8.290990116677222e-09,-1.3080030494046907e-13,7.07968094413626e-14,-1.2996225033069743e-16,2.639746204624268e-15,4.784165685139952e-13,-0.00013080031203571707,7.079680653987452e-05,0.000478416564874351,3.079322948745796e-05,2.9873081075493246e-07,3.5762786865234375e-07,6.455700862773028e-09,0.0,0.0,0.0,anisotropic
383,3.3568909370979005e-12,0.0051264590583741665,0.9934870004653931,0.9934872388839722,0.9934871792793274,1.0511116421696443e-08,-1.308001423101432e-13,7.07968704277348e-14,-1.2996153564664818e-16,2.639741969459532e-15,4.784157553623658e-13,-0.00013080013741273433,7.079687202349305e-05,0.00047841580817475915,3.079305179832739e-05,3.0001137929502875e-07,3.5762786865234375e-07,1.07029913820611e-08,0.0,0.0,0.0,anisotropic
384,3.3568905034170315e-12,0.005126459524035454,0.9934872984886169,0.993487536907196,0.9934873580932617,1.4934094849650137e-08,-1.3080015586267035e-13,7.079664681103673e-14,-1.299618665188932e-16,2.639741969459532e-15,4.784158095724744e-13,-0.00013080015196464956,7.079664646880701e-05,0.0004784158372785896,3.079311879288719e-05,3.108671080553904e-07,3.5762786865234375e-07,2.4507308182819543e-08,0.0,0.0,0.0,anisotropic
385,3.356888551853121e-12,0.0051264590583741665,0.9934875965118408,0.9934878349304199,0.9934875965118408,4.9934115509131516e-08,-1.3079993902223586e-13,7.079667391609104e-14,-1.2996123124418276e-16,2.6397375225365588e-15,4.784149964208451e-13,-0.00013079993368592113,7.079667557263747e-05,0.0004784149641636759,3.079297210601027e-05,3.167770046275109e-07,3.5762786865234375e-07,2.767908036105382e-08,0.0,0.0,0.0,anisotropic
386,3.356888551853121e-12,0.005126460455358028,0.9934878945350647,0.9934881329536438,0.993488073348999,4.744450166072056e-08,-1.3079987125960008e-13,7.079658582466453e-14,-1.2996119153951336e-16,2.6397364637453747e-15,4.784148337905192e-13,-0.00013079987547826022,7.07965882611461e-05,0.0004784148186445236,3.0792978602321335e-05,3.1904346542432904e-07,3.5762786865234375e-07,2.8479433922257158e-08,0.0,0.0,0.0,anisotropic
387,3.356888118172252e-12,0.00512646185234189,0.9934881925582886,0.9934884309768677,0.9934883117675781,1.606049693236855e-08,-1.3079984415454576e-13,7.07964096418115e-14,-1.2996135035819097e-16,2.6397358284706643e-15,4.784147795804106e-13,-0.00013079984637442976,7.079640636220574e-05,0.00047841473133303225,3.079302488836685e-05,3.0075352697167546e-07,3.5762786865234375e-07,1.2461498499760637e-08,0.0,0.0,0.0,anisotropic
388,3.356887250810514e-12,0.005126462318003178,0.9934884905815125,0.9934887290000916,0.9934885501861572,4.3519445824813374e-08,-1.3079987125960008e-13,7.0796192801377e-14,-1.299617209351054e-16,2.6397366755036115e-15,4.784148880006278e-13,-0.00013079987547826022,7.079619535943493e-05,0.00047841487685218453,3.0793120445396056e-05,2.988272171933204e-07,3.5762786865234375e-07,6.8758123639156565e-09,0.0,0.0,0.0,anisotropic
389,3.356885949767907e-12,0.005126464180648327,0.9934887886047363,0.9934890866279602,0.9934890270233154,8.548535213037667e-09,-1.3079972218180136e-13,7.079627411653994e-14,-1.2996105919061535e-16,2.639732863855349e-15,4.784141290591071e-13,-0.0001307997154071927,7.079627539496869e-05,0.00047841412015259266,3.079295987913646e-05,2.9851253202650696e-07,3.5762786865234375e-07,5.378336886963098e-09,0.0,0.0,0.0,anisotropic
390,3.356885949767907e-12,0.005126466043293476,0.993489146232605,0.9934893846511841,0.9934892654418945,8.099150683449352e-09,-1.3079969507674705e-13,7.079603017105113e-14,-1.2996144300241958e-16,2.6397332873718225e-15,4.784142374793243e-13,-0.00013079970085527748,7.07960280124098e-05,0.0004784142365679145,3.079306317412863e-05,2.9824150260537863e-07,3.5762786865234375e-07,3.600442832762951e-09,0.0,0.0,0.0,anisotropic
391,3.356884215044431e-12,0.005126466974616051,0.9934894442558289,0.993489682674408,0.9934893846511841,8.478490798324856e-09,-1.3079947823631255e-13,7.079611826247764e-14,-1.2996068861370093e-16,2.639728416932376e-15,4.784133701175863e-13,-0.00013079948257654905,7.079611532390118e-05,0.0004784133634530008,3.079288774658937e-05,2.982687874464318e-07,3.5762786865234375e-07,3.817968163843943e-09,0.0,0.0,0.0,anisotropic
392,3.3568839982039966e-12,0.005126467440277338,0.9934897422790527,0.9934899806976318,0.9934899806976318,9.325002103821589e-09,-1.3079950534136686e-13,7.079590819830672e-14,-1.2996109889528475e-16,2.639729263965323e-15,4.784135327479122e-13,-0.0001307995116803795,7.079591159708798e-05,0.0004784135380759835,3.079300689053262e-05,2.9826696845702827e-07,3.5762786865234375e-07,3.803859893736217e-09,0.0,0.0,0.0,anisotropic
393,3.356882480320955e-12,0.0051264688372612,0.9934900403022766,0.9934902787208557,0.9934901595115662,9.922124455385983e-09,-1.30799342711041e-13,7.079595563215177e-14,-1.299603445065661e-16,2.63972481704235e-15,4.784127195962828e-13,-0.00013079933705739677,7.079595525283366e-05,0.0004784126649610698,3.079283467694739e-05,2.985980245284736e-07,3.5762786865234375e-07,5.825070648057817e-09,0.0,0.0,0.0,anisotropic
394,3.356882480320955e-12,0.005126470699906349,0.9934903383255005,0.9934905767440796,0.9934902787208557,4.372574125000028e-08,-1.3079935626356815e-13,7.079577267303516e-14,-1.2996076802303973e-16,2.639725875833534e-15,4.784129364367173e-13,-0.000130799351609312,7.079577335389331e-05,0.000478412868687883,3.079294463150614e-05,2.9885814001318067e-07,3.5762786865234375e-07,7.004949065247956e-09,0.0,0.0,0.0,anisotropic
395,3.356880745597479e-12,0.005126471631228924,0.9934906363487244,0.9934908747673035,0.99349045753479,1.334284238652117e-08,-1.307991529756608e-13,7.079582688314379e-14,-1.2996001363432108e-16,2.6397210053940873e-15,4.784120148648707e-13,-0.0001307991478824988,7.079582428559661e-05,0.0004784119955729693,3.079278126714584e-05,3.0305091058835387e-07,3.5762786865234375e-07,1.6565151028657965e-08,0.0,0.0,0.0,anisotropic
396,3.356879010874003e-12,0.005126473493874073,0.9934909343719482,0.9934911727905273,0.9934911131858826,4.755293048219755e-08,-1.3079901745038924e-13,7.079579977808947e-14,-1.2995976217141487e-16,2.6397188878117192e-15,4.784115811840017e-13,-0.00013079901691526175,7.079580245772377e-05,0.0004784116172231734,3.079272840520902e-05,3.0500086722895503e-07,3.5762786865234375e-07,1.916308001170819e-08,0.0,0.0,0.0,anisotropic
397,3.3568777098313962e-12,0.00512647395953536,0.9934912323951721,0.9934914708137512,0.9934912323951721,3.1055229499088455e-08,-1.3079886837259053e-13,7.079579977808947e-14,-1.2995920630604323e-16,2.6397150761634566e-15,4.784109848728069e-13,-0.00013079887139610946,7.079580245772377e-05,0.0004784109478350729,3.079261298771225e-05,3.088043740717694e-07,3.5762786865234375e-07,2.2943179800449798e-08,0.0,0.0,0.0,anisotropic
398,3.3568772761505272e-12,0.005126475356519222,0.993491530418396,0.9934917688369751,0.993491530418396,4.800113018177399e-08,-1.3079884126753621e-13,7.079567102908149e-14,-1.2995925924560244e-16,2.6397142291305093e-15,4.784107680323724e-13,-0.000130798842292279,7.079567149048671e-05,0.0004784108023159206,3.079263743717162e-05,3.2104617275763303e-07,3.5762786865234375e-07,2.902144480287916e-08,0.0,0.0,0.0,anisotropic
399,3.3568764087887892e-12,0.005126476287841797,0.9934918284416199,0.993492066860199,0.9934920072555542,5.048154605447053e-08,-1.3079870574226465e-13,7.079560326644571e-14,-1.2995914013159423e-16,2.639712323306378e-15,4.784104427717206e-13,-0.00013079871132504195,7.079560600686818e-05,0.00047841042396612465,3.0792633439760076e-05,3.0412047635763884e-07,3.5762786865234375e-07,1.8062614515201858e-08,0.0,0.0,0.0,anisotropic
400,3.3568757582674857e-12,0.005126475356519222,0.9934921264648438,0.9934924244880676,0.9934921860694885,1.8932727385845283e-08,-1.307985702169931e-13,7.079563037150002e-14,-1.299586372057818e-16,2.6397093586910626e-15,4.784099006706344e-13,-0.00013079856580588967,7.079562783474103e-05,0.00047840990009717643,3.0792529624152503e-05,3.0096816772129387e-07,3.5762786865234375e-07,1.291761364541344e-08,0.0,0.0,0.0,anisotropic
401,3.3568753245866167e-12,0.0051264772191643715,0.9934924244880676,0.9934927225112915,0.9934923648834229,4.5060485120984595e-08,-1.3079855666446594e-13,7.079540675480195e-14,-1.2995896807802682e-16,2.6397097822075362e-15,4.78409954880743e-13,-0.00013079855125397444,7.07954095560126e-05,0.00047840995830483735,3.079261266040792e-05,2.999768184963614e-07,3.5762786865234375e-07,1.0612739131943272e-08,0.0,0.0,0.0,anisotropic
402,3.3568746740653133e-12,0.005126478616148233,0.9934927225112915,0.9934930205345154,0.9934929609298706,9.24325327389397e-09,-1.307983804816129e-13,7.079549484622846e-14,-1.2995833280331638e-16,2.6397059705592736e-15,4.784092501493309e-13,-0.0001307983766309917,7.079549686750397e-05,0.0004784092598129064,3.0792473648460404e-05,2.983433660119772e-07,3.5762786865234375e-07,4.356610627809232e-09,0.0,0.0,0.0,anisotropic
403,3.3568733730227063e-12,0.005126480013132095,0.9934930205345154,0.9934933185577393,0.9934930801391602,8.872174106500097e-09,-1.3079839403414006e-13,7.079526445326681e-14,-1.299586636755614e-16,2.6397059705592736e-15,4.784093043594395e-13,-0.00013079839118290693,7.079526403686032e-05,0.00047840928891673684,3.079256644599427e-05,2.982087607961148e-07,3.5762786865234375e-07,3.3203590987795906e-09,0.0,0.0,0.0,anisotropic
404,3.3568731561822718e-12,0.00512648094445467,0.9934933185577393,0.9934936165809631,0.9934933185577393,8.798545003685376e-09,-1.307984482442487e-13,7.079503406030516e-14,-1.2995903425247582e-16,2.639706605833984e-15,4.784094127796568e-13,-0.00013079844939056784,7.079503120621666e-05,0.00047840940533205867,3.079267124983137e-05,2.981923898914829e-07,3.5762786865234375e-07,3.1709268544233282e-09,0.0,0.0,0.0,anisotropic
405,3.3568716382992303e-12,0.005126482807099819,0.9934936165809631,0.993493914604187,0.9934938549995422,8.975448828607568e-09,-1.307982314038142e-13,7.079509504667736e-14,-1.2995833280331638e-16,2.639702158911011e-15,4.784085996280274e-13,-0.00013079823111183941,7.079509668983519e-05,0.00047840861952863634,3.0792520568804534e-05,2.982324076583609e-07,3.5762786865234375e-07,3.5249057006581097e-09,0.0,0.0,0.0,anisotropic
406,3.356871421458796e-12,0.005126483738422394,0.9934939742088318,0.9934942126274109,0.9934940338134766,8.872174106500097e-09,-1.3079824495634135e-13,7.079488498250644e-14,-1.299587166151206e-16,2.639703005943958e-15,4.784087622583533e-13,-0.00013079824566375464,7.079488568706438e-05,0.00047840873594395816,3.079262632001994e-05,2.982869773404673e-07,3.5762786865234375e-07,3.956242444758118e-09,0.0,0.0,0.0,anisotropic
407,3.35686968673532e-12,0.005126484669744968,0.9934942722320557,0.9934945106506348,0.9934942722320557,9.605645168164756e-09,-1.3079800101085254e-13,7.079496629766938e-14,-1.2995796222640195e-16,2.6396983472627483e-15,4.784078948966153e-13,-0.00013079799828119576,7.079496572259814e-05,0.00047840786282904446,3.079246800707376e-05,2.981378202093765e-07,3.5762786865234375e-07,2.6110449358185406e-09,0.0,0.0,0.0,anisotropic
408,3.3568699035757543e-12,0.005126486532390118,0.9934945702552795,0.9934948086738586,0.9934947490692139,9.98747395897226e-09,-1.3079809587854263e-13,7.079477656228919e-14,-1.2995839897776538e-16,2.6396994060539324e-15,4.784081117370498e-13,-0.00013079810014460236,7.079477654770017e-05,0.0004784080956596881,3.079259188503817e-05,2.981814759550616e-07,3.5762786865234375e-07,3.067215592622574e-09,0.0,0.0,0.0,anisotropic
409,3.356867952011844e-12,0.005126487463712692,0.9934948682785034,0.9934951066970825,0.993494987487793,1.0292219521090828e-08,-1.307978248279995e-13,7.07948036673435e-14,-1.2995759164948753e-16,2.639694323856249e-15,4.784071901652032e-13,-0.00013079782365821302,7.079480565153062e-05,0.0004784071643371135,3.0792423896263705e-05,2.981341822305694e-07,3.5762786865234375e-07,2.569344292879805e-09,0.0,0.0,0.0,anisotropic
410,3.3568677351714094e-12,0.0051264893263578415,0.9934951663017273,0.9934954047203064,0.9934951066970825,1.0588197874028538e-08,-1.307978925906353e-13,7.079460037943616e-14,-1.2995802840085096e-16,2.6396960179221433e-15,4.784074070056377e-13,-0.00013079789641778916,7.079460192471743e-05,0.00047840745537541807,3.0792537218562366e-05,2.984197635669261e-07,3.5762786865234375e-07,4.845523093877091e-09,0.0,0.0,0.0,anisotropic
411,3.3568660004479334e-12,0.005126490723341703,0.9934954643249512,0.9934957027435303,0.9934957027435303,4.374805229190315e-08,-1.307975808825107e-13,7.079483077239782e-14,-1.2995677108631988e-16,2.6396888181420917e-15,4.784061601731393e-13,-0.00013079757627565414,7.079482747940347e-05,0.0004784061457030475,3.079225653406519e-05,2.98316081170924e-07,3.5762786865234375e-07,4.167785228048615e-09,0.0,0.0,0.0,anisotropic
412,3.35686534992663e-12,0.005126492120325565,0.993495762348175,0.9934960007667542,0.9934958815574646,1.2412487038204745e-08,-1.30797607987565e-13,7.079460037943616e-14,-1.299571151934547e-16,2.6396892416585653e-15,4.784062685933566e-13,-0.0001307976053794846,7.079460192471743e-05,0.00047840620391070843,3.079235974336542e-05,2.993638190673664e-07,3.5762786865234375e-07,8.838036968938923e-09,0.0,0.0,0.0,anisotropic
413,3.3568638320435884e-12,0.00512649305164814,0.9934960603713989,0.993496298789978,0.9934960007667542,4.5076124166598674e-08,-1.307973640420762e-13,7.079466814207194e-14,-1.2995642697918505e-16,2.6396845829773554e-15,4.784053470215099e-13,-0.0001307973579969257,7.079466740833595e-05,0.0004784053598996252,3.079221962374856e-05,2.9873444873373955e-07,3.5762786865234375e-07,6.47207532011862e-09,0.0,0.0,0.0,anisotropic
414,3.3568633983627194e-12,0.005126494448632002,0.9934963583946228,0.9934965968132019,0.9934961795806885,1.6483609144302136e-08,-1.3079737759460336e-13,7.079449873548249e-14,-1.2995677108631988e-16,2.639685218252066e-15,4.784055096518358e-13,-0.00013079737254884094,7.079450006131083e-05,0.00047840550541877747,3.079231080714671e-05,2.9891998565290123e-07,3.5762786865234375e-07,7.255936296246546e-09,0.0,0.0,0.0,anisotropic
415,3.356861880479678e-12,0.005126494448632002,0.9934966564178467,0.9934968948364258,0.993496835231781,4.60364475429742e-08,-1.3079720141175033e-13,7.079450551174607e-14,-1.2995608287205023e-16,2.639680559570856e-15,4.784046965002064e-13,-0.0001307971979258582,7.079450733726844e-05,0.0004784046614076942,3.0792168255465807e-05,2.990764187416062e-07,3.5762786865234375e-07,7.852896999338554e-09,0.0,0.0,0.0,anisotropic
416,3.356861880479678e-12,0.005126494914293289,0.9934969544410706,0.9934971928596497,0.9934969544410706,1.9530334682826833e-08,-1.3079725562185895e-13,7.079432932889304e-14,-1.2995641374429525e-16,2.639681830120277e-15,4.784048049204237e-13,-0.0001307972561335191,7.07943327142857e-05,0.00047840483603067696,3.0792271106312895e-05,3.0485534807667136e-07,3.5762786865234375e-07,1.8988401961905765e-08,0.0,0.0,0.0,anisotropic
417,3.356859712075333e-12,0.005126496311277151,0.9934972524642944,0.9934975504875183,0.9934971332550049,4.9663047008152716e-08,-1.307970252288973e-13,7.079436321021093e-14,-1.299557519998052e-16,2.63967695968083e-15,4.78404045978903e-13,-0.00013079702330287546,7.079436181811616e-05,0.0004784039920195937,3.0792136663448054e-05,3.0012597562745214e-07,3.5762786865234375e-07,1.0996177302047272e-08,0.0,0.0,0.0,anisotropic
418,3.3568594952348985e-12,0.005126497708261013,0.9934975504875183,0.9934978485107422,0.9934977293014526,3.167058792996613e-08,-1.3079706588647877e-13,7.079410571219497e-14,-1.2995620198605844e-16,2.6396778067137774e-15,4.784041543991202e-13,-0.00013079706695862114,7.079410715959966e-05,0.0004784041957464069,3.0792261485856906e-05,3.0002229323145e-07,3.5762786865234375e-07,1.0731313615508498e-08,0.0,0.0,0.0,anisotropic
419,3.3568590615540295e-12,0.005126498639583588,0.9934978485107422,0.9934981465339661,0.993497908115387,4.991674273924218e-08,-1.307970252288973e-13,7.079399729197772e-14,-1.2995632110006665e-16,2.6396773831973037e-15,4.784041001890116e-13,-0.00013079702330287546,7.079399802023545e-05,0.0004784040793310851,3.0792319887379815e-05,2.9192415240686387e-07,2.980232238769531e-07,1.8065001938794012e-08,0.0,0.0,0.0,anisotropic
420,3.3568573268305535e-12,0.005126500502228737,0.9934981465339661,0.9934984445571899,0.9934980869293213,2.6590033286311154e-08,-1.3079686259857143e-13,7.07940040682413e-14,-1.2995577846958481e-16,2.639673571549041e-15,4.784033954575995e-13,-0.00013079686323180795,7.079400529619306e-05,0.0004784033808391541,3.0792211913374895e-05,2.990527718793601e-07,3.5762786865234375e-07,7.958869119306655e-09,0.0,0.0,0.0,anisotropic
421,3.3568573268305535e-12,0.0051265014335513115,0.9934984445571899,0.9934987425804138,0.993498682975769,4.9398177992543424e-08,-1.3079687615109858e-13,7.079382110912469e-14,-1.2995605640227063e-16,2.6396742068237515e-15,4.784035038778167e-13,-0.00013079687778372318,7.079382339725271e-05,0.0004784035263583064,3.079232143967384e-05,2.93277480523102e-07,3.5762786865234375e-07,1.614221289969464e-08,0.0,0.0,0.0,anisotropic
422,3.356856242628381e-12,0.005126502364873886,0.9934987425804138,0.9934990406036377,0.9934988021850586,2.1235193159441224e-08,-1.3079667286319124e-13,7.079385499044258e-14,-1.299554740671194e-16,2.6396699716590153e-15,4.78402744936296e-13,-0.00013079667405690998,7.079385250108317e-05,0.00047840276965871453,3.0792224084141385e-05,2.952856448246166e-07,2.980232238769531e-07,1.2477292976598164e-08,0.0,0.0,0.0,anisotropic
423,3.3568555921070775e-12,0.005126503296196461,0.9934990406036377,0.9934993386268616,0.9934990406036377,4.5763620448724396e-08,-1.307967135207727e-13,7.079368558385313e-14,-1.2995580493936442e-16,2.6396708186919625e-15,4.784029075666218e-13,-0.00013079671771265566,7.079368515405804e-05,0.0004784029151778668,3.079233747883412e-05,2.965625753859058e-07,2.980232238769531e-07,9.215777474480547e-09,0.0,0.0,0.0,anisotropic
424,3.3568542910644705e-12,0.005126504693180323,0.9934993386268616,0.9934995770454407,0.9934995174407959,1.4547945959009212e-08,-1.3079648312781106e-13,7.079373979396175e-14,-1.2995509025531517e-16,2.6396661600107526e-15,4.784020402048839e-13,-0.000130796484882012,7.079374336171895e-05,0.0004784020420629531,3.079220846712288e-05,2.9724287742283195e-07,2.980232238769531e-07,6.775303873496341e-09,0.0,0.0,0.0,anisotropic
425,3.3568538573836015e-12,0.005126506090164185,0.9934996366500854,0.9934998750686646,0.993499755859375,4.424584787443564e-08,-1.3079653733791968e-13,7.079352295352725e-14,-1.299554475973398e-16,2.6396672188019367e-15,4.784022028352097e-13,-0.00013079654308967292,7.079352508299053e-05,0.00047840221668593585,3.079232962159723e-05,2.9800867196172476e-07,3.5762786865234375e-07,1.1405578703715946e-09,0.0,0.0,0.0,anisotropic
426,3.3568525563409946e-12,0.005126507021486759,0.9934999346733093,0.9935001730918884,0.9934998750686646,1.2917577230098232e-08,-1.3079621207726794e-13,7.079374657022533e-14,-1.2995424322236791e-16,2.6396604425383587e-15,4.784009560027114e-13,-0.00013079620839562267,7.079374336171895e-05,0.0004784009652212262,3.079207538484773e-05,2.9750844987574965e-07,2.980232238769531e-07,5.5153308586852745e-09,0.0,0.0,0.0,anisotropic
427,3.3568521226601256e-12,0.005126508884131908,0.9935002326965332,0.9935004711151123,0.9935004711151123,4.3780257641401477e-08,-1.3079623918232225e-13,7.079354328231799e-14,-1.2995465350395174e-16,2.6396615013295427e-15,4.784011728431459e-13,-0.00013079623749945313,7.079354691086337e-05,0.0004784011689480394,3.0792215788450435e-05,2.977722033392638e-07,2.980232238769531e-07,3.859979891274179e-09,0.0,0.0,0.0,anisotropic
428,3.356851038457953e-12,0.005126509815454483,0.9935005307197571,0.9935007691383362,0.9935006499290466,1.1068811645031928e-08,-1.3079602234188775e-13,7.079360426869019e-14,-1.299539255850127e-16,2.639656842648333e-15,4.784003596915165e-13,-0.0001307960192207247,7.079360511852428e-05,0.0004784003540407866,3.079208031126178e-05,2.978031261591241e-07,2.980232238769531e-07,3.6153584570541852e-09,0.0,0.0,0.0,anisotropic
429,3.356850604777084e-12,0.005126511678099632,0.9935007691383362,0.9935010671615601,0.9935007691383362,1.0583075749082127e-08,-1.3079604944694206e-13,7.079342130957358e-14,-1.2995430939681692e-16,2.6396574779230433e-15,4.784004681117338e-13,-0.00013079604832455516,7.079342321958393e-05,0.000478400441352278,3.079220629848586e-05,2.9795228329021484e-07,2.980232238769531e-07,2.055113412779974e-09,0.0,0.0,0.0,anisotropic
430,3.356848870053608e-12,0.005126512609422207,0.9935010671615601,0.9935013651847839,0.9935014247894287,1.0526577831626582e-08,-1.3079585971156188e-13,7.079346874341863e-14,-1.2995356824298807e-16,2.63965303100007e-15,4.783996549601044e-13,-0.0001307958591496572,7.079346687532961e-05,0.0004783996264450252,3.0792082812460515e-05,2.9779766919091344e-07,2.980232238769531e-07,3.659733627259243e-09,0.0,0.0,0.0,anisotropic
431,3.356848436372739e-12,0.005126511678099632,0.9935013651847839,0.9935016632080078,0.9935015439987183,1.0276405504328068e-08,-1.307958868166162e-13,7.079326545551129e-14,-1.299539785245719e-16,2.6396538780330174e-15,4.783997633803216e-13,-0.00013079588825348765,7.079326314851642e-05,0.0004783997719641775,3.079222221667259e-05,2.977485564770177e-07,2.980232238769531e-07,4.036895262515827e-09,0.0,0.0,0.0,anisotropic
432,3.3568473521705666e-12,0.005126512609422207,0.9935016632080078,0.9935019612312317,0.9935017228126526,1.0111547155133849e-08,-1.3079564287112738e-13,7.079334677067423e-14,-1.2995327707541245e-16,2.6396492193518075e-15,4.783989502286923e-13,-0.00013079564087092876,7.079334318405017e-05,0.0004783989570569247,3.079209901270579e-05,2.9768307285849005e-07,2.980232238769531e-07,4.489933758122788e-09,0.0,0.0,0.0,anisotropic
433,3.356846267968394e-12,0.005126514472067356,0.9935019612312317,0.9935022592544556,0.9935019016265869,1.0181006260268077e-08,-1.3079564287112738e-13,7.079309604892184e-14,-1.2995356824298807e-16,2.639649642868281e-15,4.783990044388009e-13,-0.00013079564087092876,7.079309580149129e-05,0.0004783990152645856,3.0792212245971096e-05,2.9785769584123045e-07,2.980232238769531e-07,3.136741533182885e-09,0.0,0.0,0.0,anisotropic
434,3.356845834287525e-12,0.005126515403389931,0.9935022592544556,0.9935025572776794,0.9935024976730347,1.0132970018617016e-08,-1.3079572418629032e-13,7.079285210343303e-14,-1.299539520547923e-16,2.6396504899012284e-15,4.783991670691268e-13,-0.00013079572818242013,7.079285569489002e-05,0.00047839918988756835,3.079234659557476e-05,2.9725379135925323e-07,2.980232238769531e-07,6.728382295762003e-09,0.0,0.0,0.0,anisotropic
435,3.3568451837662217e-12,0.005126516334712505,0.9935025572776794,0.9935028553009033,0.9935026168823242,4.391008445736588e-08,-1.3079546668827435e-13,7.079298085244101e-14,-1.2995333001497166e-16,2.6396460429782553e-15,4.78398408127606e-13,-0.00013079546624794602,7.079297938616946e-05,0.000478398404084146,3.0792250432736065e-05,2.9580769478343427e-07,2.980232238769531e-07,1.1276132028115171e-08,0.0,0.0,0.0,anisotropic
436,3.3568443164044837e-12,0.005126517731696367,0.9935028553009033,0.9935031533241272,0.9935028553009033,1.606387201036341e-08,-1.3079549379332867e-13,7.07927369069522e-14,-1.2995358147787787e-16,2.639646254736492e-15,4.78398408127606e-13,-0.00013079549535177648,7.07927392795682e-05,0.000478398404084146,3.079236643456089e-05,2.9184411687310785e-07,2.980232238769531e-07,1.8169540538792717e-08,0.0,0.0,0.0,anisotropic
437,3.3568430153618767e-12,0.005126519128680229,0.9935031533241272,0.9935034513473511,0.9935033321380615,5.0146454100286064e-08,-1.307953582680571e-13,7.07927978933244e-14,-1.2995306531717564e-16,2.63964307836294e-15,4.783977576063025e-13,-0.00013079536438453943,7.079279748722911e-05,0.00047839779290370643,3.079228449724699e-05,2.8559225029312074e-07,2.980232238769531e-07,2.4216369354235212e-08,0.0,0.0,0.0,anisotropic
438,3.3568417143192697e-12,0.005126520525664091,0.9935034513473511,0.993503749370575,0.9935035705566406,3.9367574089510526e-08,-1.307953311630028e-13,7.079264203926211e-14,-1.2995306531717564e-16,2.639641807813519e-15,4.783975949759767e-13,-0.00013079533528070897,7.079264469211921e-05,0.0004783976182807237,3.0792345473156456e-05,2.818014763761312e-07,2.980232238769531e-07,2.6528622854016248e-08,0.0,0.0,0.0,anisotropic
439,3.3568406301170972e-12,0.005126521922647953,0.993503749370575,0.9935040473937988,0.9935036897659302,3.9177077582053244e-08,-1.307952091902584e-13,7.079256750036275e-14,-1.2995290649849803e-16,2.6396399019893877e-15,4.783972697153249e-13,-0.0001307952043134719,7.079256465658545e-05,0.0004783972690347582,3.079235886885233e-05,2.935248630819842e-07,2.980232238769531e-07,1.5744697989816814e-08,0.0,0.0,0.0,anisotropic
440,3.3568388953936212e-12,0.005126522853970528,0.9935040473937988,0.9935043454170227,0.9935042858123779,5.000788405595813e-08,-1.3079510077004114e-13,7.07925539478356e-14,-1.29952443277355e-16,2.6396365138575987e-15,4.783966191940214e-13,-0.00013079510245006531,7.079255738062784e-05,0.00047839662875048816,3.079230804688202e-05,2.8851172828581184e-07,2.980232238769531e-07,2.182831515540329e-08,0.0,0.0,0.0,anisotropic
441,3.3568395459149247e-12,0.00512652425095439,0.9935043454170227,0.9935046434402466,0.9935044646263123,2.2458545245740424e-08,-1.3079497879729673e-13,7.079257427662633e-14,-1.2995223151911819e-16,2.639635031549941e-15,4.783963481434783e-13,-0.0001307949860347435,7.079257193254307e-05,0.0004783963377121836,3.0792308762592384e-05,2.9391412681434304e-07,2.980232238769531e-07,1.5101111472404227e-08,0.0,0.0,0.0,anisotropic
442,3.3568378111914488e-12,0.005126526113599539,0.9935046434402466,0.9935049414634705,0.9935045838356018,4.551655408135957e-08,-1.307947755093894e-13,7.079260815794422e-14,-1.2995154330484854e-16,2.639630584626968e-15,4.783955892019576e-13,-0.0001307947823079303,7.079260831233114e-05,0.0004783956101164222,3.0792204367339315e-05,2.9649345378857106e-07,2.980232238769531e-07,9.425706437582448e-09,0.0,0.0,0.0,anisotropic
443,3.3568378111914488e-12,0.005126527044922113,0.9935049414634705,0.9935052394866943,0.9935052394866943,1.3560468303808193e-08,-1.3079478906191655e-13,7.079241842256404e-14,-1.2995192711665277e-16,2.6396312199016784e-15,4.783956976221748e-13,-0.0001307947823079303,7.079241913743317e-05,0.00047839569742791355,3.079236644295992e-05,2.973720256704837e-07,2.980232238769531e-07,6.1960929720328295e-09,0.0,0.0,0.0,anisotropic
444,3.3568362933084073e-12,0.005126528441905975,0.9935051798820496,0.9935055375099182,0.9935053586959839,1.2201044619075674e-08,-1.3079457222148205e-13,7.079247263267266e-14,-1.2995123890238312e-16,2.6396267729787053e-15,4.783948302604368e-13,-0.0001307945785811171,7.079247006913647e-05,0.0004783948534168303,3.079225736864793e-05,2.976848918478936e-07,2.980232238769531e-07,4.477981541128884e-09,0.0,0.0,0.0,anisotropic
445,3.3568356427871038e-12,0.00512652937322855,0.9935054779052734,0.9935058355331421,0.9935055375099182,1.1325415272267492e-08,-1.3079462643159068e-13,7.079226934476532e-14,-1.2995158300951794e-16,2.6396278317698894e-15,4.7839510131098e-13,-0.00013079462223686278,7.079226634232327e-05,0.00047839508624747396,3.079241363567708e-05,2.9779039323329926e-07,2.980232238769531e-07,3.718066077240678e-09,0.0,0.0,0.0,anisotropic
446,3.3568347754253658e-12,0.00512652937322855,0.9935057759284973,0.993506133556366,0.9935057163238525,1.1122555321207983e-08,-1.3079440959115618e-13,7.07923371074011e-14,-1.299509212650279e-16,2.6396231730886795e-15,4.78394233949242e-13,-0.00013079440395813435,7.079233910189942e-05,0.00047839421313256025,3.079232998071355e-05,2.9764669307041913e-07,2.980232238769531e-07,4.722489510555761e-09,0.0,0.0,0.0,anisotropic
447,3.3568343417444968e-12,0.005126530304551125,0.9935060739517212,0.9935064315795898,0.9935063123703003,1.1009881895063245e-08,-1.3079445024873765e-13,7.07921202669666e-14,-1.2995127860705252e-16,2.63962380836339e-15,4.783943965795678e-13,-0.00013079444761388004,7.079212082317099e-05,0.00047839435865171254,3.0792506212880674e-05,2.973883965751156e-07,2.980232238769531e-07,6.118562989598786e-09,0.0,0.0,0.0,anisotropic
448,3.3568328238614553e-12,0.005126531235873699,0.9935063719749451,0.9935067296028137,0.9935064315795898,4.371334227926127e-08,-1.3079419275072168e-13,7.079218802960238e-14,-1.2995056392300328e-16,2.6396195731986536e-15,4.783935292178298e-13,-0.00013079418567940593,7.079218630678952e-05,0.00047839354374445975,3.079246424318728e-05,2.963170118164271e-07,2.980232238769531e-07,9.939317813234538e-09,0.0,0.0,0.0,anisotropic
449,3.356832607021021e-12,0.005126532167196274,0.993506669998169,0.9935070276260376,0.993506669998169,1.4703622319700571e-08,-1.307942469608303e-13,7.079196441290431e-14,-1.299509609696973e-16,2.639620208473364e-15,4.783936918481557e-13,-0.00013079424388706684,7.079196802806109e-05,0.00047839368926361203,3.079275793073979e-05,2.915876393672079e-07,2.980232238769531e-07,1.8498228726571142e-08,0.0,0.0,0.0,anisotropic
450,3.3568315228188483e-12,0.005126534029841423,0.9935069680213928,0.9935072660446167,0.9935071468353271,5.004689640486504e-08,-1.307942469608303e-13,7.079174757246981e-14,-1.2995125213727292e-16,2.639620208473364e-15,4.783936918481557e-13,-0.00013079424388706684,7.079174974933267e-05,0.0004783936310559511,3.079318525121613e-05,2.8258909878786653e-07,2.980232238769531e-07,2.6110422268743605e-08,0.0,0.0,0.0,anisotropic
451,3.356830004935807e-12,0.005126535426825285,0.9935072660446167,0.9935075640678406,0.9935073852539062,4.150200183516972e-08,-1.307940978830316e-13,7.079174757246981e-14,-1.299508153859095e-16,2.639617032099812e-15,4.783930955369609e-13,-0.00013079409836791456,7.079174974933267e-05,0.0004783931071870029,3.0794073325915866e-05,2.795259206322953e-07,2.980232238769531e-07,2.7575316252637094e-08,0.0,0.0,0.0,anisotropic
452,3.3568287038932e-12,0.00512653635814786,0.9935075640678406,0.9935078620910645,0.9935075044631958,3.527419067950177e-08,-1.307940030153415e-13,7.079170691488834e-14,-1.2995047127877467e-16,2.63961449100097e-15,4.783926618560919e-13,-0.00013079399650450796,7.079170609358698e-05,0.0004783926415257156,3.079839172197781e-05,2.941742422990501e-07,2.980232238769531e-07,1.464954202390345e-08,0.0,0.0,0.0,anisotropic
453,3.3568287038932e-12,0.0051265377551317215,0.9935078620910645,0.9935081601142883,0.9935081005096436,4.994496904942025e-08,-1.3079398946281434e-13,7.079157816588036e-14,-1.2995068303701149e-16,2.63961449100097e-15,4.783926618560919e-13,-0.00013079399650450796,7.079157512634993e-05,0.00047839267062954605,3.079617603637679e-05,2.9117836675141007e-07,2.980232238769531e-07,1.900379409391917e-08,0.0,0.0,0.0,anisotropic
454,3.356827402850593e-12,0.005126538686454296,0.9935081601142883,0.9935084581375122,0.9935082793235779,2.1572059694108248e-08,-1.3079382683248847e-13,7.079159171840751e-14,-1.2995018011119905e-16,2.639611314627418e-15,4.78392065544897e-13,-0.00013079382188152522,7.079158967826515e-05,0.000478392030345276,3.0793436866826685e-05,2.947817847598344e-07,2.980232238769531e-07,1.3516785024592082e-08,0.0,0.0,0.0,anisotropic
455,3.356827836531462e-12,0.005126539617776871,0.9935083985328674,0.9935087561607361,0.9935083985328674,4.557368882274204e-08,-1.3079382683248847e-13,7.079138843050017e-14,-1.2995051098344408e-16,2.6396117381438915e-15,4.783921739651142e-13,-0.00013079382188152522,7.079138595145196e-05,0.0004783921467605978,3.079330970330807e-05,2.9671900847461075e-07,2.980232238769531e-07,8.72001493235075e-09,0.0,0.0,0.0,anisotropic
456,3.3568263186484204e-12,0.005126541014760733,0.9935086965560913,0.99350905418396,0.99350905418396,1.432261509393129e-08,-1.3079365064963544e-13,7.079149007445384e-14,-1.2994978306450503e-16,2.6396075029791553e-15,4.783913608134849e-13,-0.00013079364725854248,7.079148781485856e-05,0.00047839139006100595,3.079312675655442e-05,2.973083610413596e-07,2.980232238769531e-07,6.488406700810856e-09,0.0,0.0,0.0,anisotropic
457,3.356825668127117e-12,0.005126542411744595,0.9935089945793152,0.9935093522071838,0.9935091733932495,4.416981980170931e-08,-1.3079350157183672e-13,7.079145619313595e-14,-1.2994965071560702e-16,2.639605597155024e-15,4.783910355528331e-13,-0.0001307935017393902,7.07914587110281e-05,0.00047839101171121,3.0793080270654796e-05,2.976721589220688e-07,2.980232238769531e-07,4.560976485379342e-09,0.0,0.0,0.0,anisotropic
458,3.35682436708451e-12,0.005126543343067169,0.9935092926025391,0.9935096502304077,0.9935093522071838,1.2482171740657577e-08,-1.307933253889837e-13,7.0791503626981e-14,-1.2994890956177817e-16,2.639601150232051e-15,4.783901681910951e-13,-0.00013079332711640745,7.079150236677378e-05,0.0004783901968039572,3.079293908383468e-05,2.9701732273679227e-07,2.980232238769531e-07,7.677653179882782e-09,0.0,0.0,0.0,anisotropic
459,3.356823499722772e-12,0.005126544740051031,0.9935095906257629,0.9935099482536316,0.9935095310211182,4.411947074345335e-08,-1.3079337959909232e-13,7.079130033907366e-14,-1.299493066084722e-16,2.639601997264998e-15,4.78390330821421e-13,-0.00013079338532406837,7.079129863996059e-05,0.00047839037142693996,3.079309090429229e-05,2.963770384667441e-07,2.980232238769531e-07,9.76797309704125e-09,0.0,0.0,0.0,anisotropic
460,3.3568219818397305e-12,0.005126546137034893,0.9935098886489868,0.9935102462768555,0.9935101270675659,1.4879544707468995e-08,-1.3079314920613067e-13,7.079132744412797e-14,-1.2994861839420255e-16,2.639597762100262e-15,4.783895718799003e-13,-0.00013079315249342471,7.079132774379104e-05,0.0004783895565196872,3.0792990301427456e-05,2.8802787710446864e-07,2.980232238769531e-07,2.2268302757311176e-08,0.0,0.0,0.0,anisotropic
461,3.3568211144779925e-12,0.005126547534018755,0.9935101866722107,0.9935105443000793,0.9935102462768555,5.1231989317557236e-08,-1.3079316275865782e-13,7.079114448501136e-14,-1.2994880368265977e-16,2.6395973385837882e-15,4.783895176697917e-13,-0.00013079316704533994,7.079114584485069e-05,0.00047838949831202626,3.0793119986627684e-05,2.7307396521791816e-07,2.980232238769531e-07,2.940497445536039e-08,0.0,0.0,0.0,anisotropic
462,3.35682003027582e-12,0.005126547068357468,0.9935104846954346,0.9935107827186584,0.9935104846954346,4.917268370263628e-08,-1.3079305433844057e-13,7.079111737995705e-14,-1.2994859192442295e-16,2.639595432759657e-15,4.783891924091399e-13,-0.00013079305063001812,7.079111674102023e-05,0.0004783892072737217,3.079314529020254e-05,2.816232154145837e-07,2.980232238769531e-07,2.661912823498369e-08,0.0,0.0,0.0,anisotropic
463,3.3568193797545165e-12,0.005126547999680042,0.9935107231140137,0.9935110807418823,0.9935109615325928,2.177964475436056e-08,-1.307928917081147e-13,7.079111060369347e-14,-1.2994812870327992e-16,2.639592044627868e-15,4.78388596097945e-13,-0.0001307928905589506,7.079110946506262e-05,0.00047838862519711256,3.0793106869874225e-05,2.9362126952037215e-07,2.980232238769531e-07,1.5588685897682808e-08,0.0,0.0,0.0,anisotropic
464,3.356819162914082e-12,0.005126549396663904,0.9935110211372375,0.9935113787651062,0.9935111999511719,4.487603533220863e-08,-1.3079293236569617e-13,7.079092086831329e-14,-1.2994847281041475e-16,2.6395926799025783e-15,4.783887045181623e-13,-0.0001307929342146963,7.079092029016465e-05,0.00047838871250860393,3.07932696354755e-05,2.968754415633157e-07,2.980232238769531e-07,8.191325839845831e-09,0.0,0.0,0.0,anisotropic
465,3.356818729233213e-12,0.005126549396663904,0.9935113191604614,0.9935116767883301,0.9935113191604614,1.3059486825284239e-08,-1.3079294591822332e-13,7.079069047535164e-14,-1.2994883015243937e-16,2.639593103419052e-15,4.783887587282709e-13,-0.00013079294876661152,7.0790687459521e-05,0.00047838877071626484,3.0793432890542594e-05,2.9705188353545964e-07,2.980232238769531e-07,7.546830715909891e-09,0.0,0.0,0.0,anisotropic
466,3.356817428190606e-12,0.005126551259309053,0.9935116171836853,0.993511974811554,0.9935119152069092,4.419190346993673e-08,-1.3079274263031598e-13,7.079077856677815e-14,-1.2994815517305952e-16,2.6395890800125525e-15,4.783880539968588e-13,-0.00013079274503979832,7.079078204696998e-05,0.00047838801401667297,3.0793341667331995e-05,2.960860001621768e-07,2.980232238769531e-07,1.056967935397779e-08,0.0,0.0,0.0,anisotropic
467,3.356816560828868e-12,0.005126552656292915,0.9935119152069092,0.9935122728347778,0.9935120940208435,1.5577287015844377e-08,-1.307927697353703e-13,7.079057527887081e-14,-1.2994849928019435e-16,2.639589503529026e-15,4.783880539968588e-13,-0.00013079277414362878,7.079057832015678e-05,0.0004783880722243339,3.079350924749318e-05,2.777633199002594e-07,2.980232238769531e-07,2.8233756665940746e-08,0.0,0.0,0.0,anisotropic
468,3.356815259786261e-12,0.005126554518938065,0.9935122132301331,0.9935125708580017,0.9935122132301331,4.934766906217192e-08,-1.3079262065757158e-13,7.079056172634365e-14,-1.2994796988460231e-16,2.6395859036390003e-15,4.783874576856639e-13,-0.00013079261407256126,7.079056376824155e-05,0.00047838743194006383,3.0793468456057076e-05,2.7949135983362794e-07,2.980232238769531e-07,2.75894596057924e-08,0.0,0.0,0.0,anisotropic
469,3.356813958743654e-12,0.005126554984599352,0.9935124516487122,0.9935128688812256,0.9935125112533569,5.0155101405380265e-08,-1.3079253934240864e-13,7.079052784502576e-14,-1.299476919519165e-16,2.6395835742983953e-15,4.783870240047949e-13,-0.00013079254131298512,7.079052738845348e-05,0.00047838708269409835,3.0793474265365046e-05,2.839533408405259e-07,2.980232238769531e-07,2.5311821971740756e-08,0.0,0.0,0.0,anisotropic
470,3.356814392424523e-12,0.005126556381583214,0.993512749671936,0.9935131072998047,0.9935129880905151,1.9452457422630687e-08,-1.3079249868482717e-13,7.079035166217273e-14,-1.2994800958927172e-16,2.639583786056632e-15,4.783871324250122e-13,-0.00013079249765723944,7.079035276547074e-05,0.00047838714090175927,3.0793626110639864e-05,2.945598680526018e-07,2.980232238769531e-07,1.3944289278811084e-08,0.0,0.0,0.0,anisotropic
471,3.356813091381916e-12,0.005126557312905788,0.9935130476951599,0.9935134053230286,0.9935131669044495,4.4286263545245674e-08,-1.3079229539691983e-13,7.079040587228136e-14,-1.2994733460989187e-16,2.639579550891896e-15,4.783863192733828e-13,-0.00013079229393042624,7.079040369717404e-05,0.0004783863259945065,3.079354243871181e-05,2.972337824758142e-07,2.980232238769531e-07,6.814146580325087e-09,0.0,0.0,0.0,anisotropic
472,3.356812657701047e-12,0.005126559175550938,0.9935133457183838,0.9935137033462524,0.9935133457183838,1.2850254194063382e-08,-1.3079232250197415e-13,7.079022968942833e-14,-1.299476919519165e-16,2.6395808214413168e-15,4.783865361138173e-13,-0.0001307923230342567,7.07902290741913e-05,0.0004783865297213197,3.0793704731466686e-05,2.962842700071633e-07,2.980232238769531e-07,1.0031393493648011e-08,0.0,0.0,0.0,anisotropic
473,3.35681135665844e-12,0.005126560106873512,0.9935136437416077,0.9935140013694763,0.993513822555542,4.524418528717433e-08,-1.3079201079384956e-13,7.079043297733567e-14,-1.2994648757694462e-16,2.639573833419502e-15,4.78385289281319e-13,-0.0001307920174440369,7.07904328010045e-05,0.00047838527825661004,3.079350379345793e-05,2.8724207368213683e-07,2.980232238769531e-07,2.2943179800449798e-08,0.0,0.0,0.0,anisotropic
474,3.3568098387753986e-12,0.0051265619695186615,0.9935139417648315,0.9935142993927002,0.9935140609741211,2.9396181489005357e-08,-1.307920243463767e-13,7.07902703470098e-14,-1.2994665963051203e-16,2.6395734099030283e-15,4.783851808611017e-13,-0.0001307920174440369,7.079027272993699e-05,0.00047838519094511867,3.0793624752343854e-05,2.7061469154432416e-07,2.980232238769531e-07,2.970648260713915e-08,0.0,0.0,0.0,anisotropic
475,3.356809188254095e-12,0.005126562900841236,0.9935141801834106,0.9935145974159241,0.9935141801834106,3.864907327510991e-08,-1.3079191592615946e-13,7.07902093606376e-14,-1.2994647434205482e-16,2.639571504078897e-15,4.7838485560045e-13,-0.0001307919155806303,7.079020724631846e-05,0.00047838487080298364,3.079365442631674e-05,2.827455318765715e-07,2.980232238769531e-07,2.6023723620482997e-08,0.0,0.0,0.0,anisotropic
476,3.356807453530619e-12,0.005126564297825098,0.9935144782066345,0.993514895439148,0.9935147762298584,4.649227491881902e-08,-1.3079176684836075e-13,7.079022968942833e-14,-1.2994597141624238e-16,2.639568115947108e-15,4.783842592892551e-13,-0.00013079177006147802,7.07902290741913e-05,0.00047838425962254405,3.0793610431853714e-05,2.947181201307103e-07,2.980232238769531e-07,1.3641169083200566e-08,0.0,0.0,0.0,anisotropic
477,3.356807453530619e-12,0.005126565229147673,0.9935147762298584,0.993515133857727,0.9935149550437927,1.4518104052285707e-08,-1.3079179395341506e-13,7.079003317778457e-14,-1.299463419931568e-16,2.639568962980055e-15,4.783843677094723e-13,-0.00013079179916530848,7.079003262333572e-05,0.00047838440514169633,3.079377689180806e-05,2.9695729608647525e-07,2.980232238769531e-07,7.899365606078845e-09,0.0,0.0,0.0,anisotropic
478,3.35680701984975e-12,0.005126564763486385,0.9935150742530823,0.9935154318809509,0.9935150742530823,1.3383409935840973e-08,-1.3079157711298056e-13,7.079010094042035e-14,-1.2994569348355657e-16,2.639564727815319e-15,4.783836629780602e-13,-0.00013079158088658005,7.079009810695425e-05,0.000478383619338274,3.0793709645373675e-05,2.9528018785640597e-07,2.980232238769531e-07,1.248912440132699e-08,0.0,0.0,0.0,anisotropic
479,3.356805718807143e-12,0.00512656569480896,0.9935153722763062,0.9935157299041748,0.9935152530670166,1.6953782377981952e-08,-1.3079161777056203e-13,7.078991798130374e-14,-1.2994599788602199e-16,2.6395653630900294e-15,4.783837171881689e-13,-0.00013079162454232574,7.078991620801389e-05,0.00047838373575359583,3.079385355211918e-05,2.8237627702765167e-07,2.980232238769531e-07,2.6226411264929084e-08,0.0,0.0,0.0,anisotropic
480,3.3568046346049707e-12,0.005126567557454109,0.99351567029953,0.9935160279273987,0.9935158491134644,5.098803157466136e-08,-1.30791441587709e-13,7.078991120504016e-14,-1.2994546849042995e-16,2.6395615514417667e-15,4.783830124567567e-13,-0.00013079143536742777,7.078990893205628e-05,0.00047838303726166487,3.0793816193983854e-05,2.703618520172313e-07,2.980232238769531e-07,2.9725775618771877e-08,0.0,0.0,0.0,anisotropic
481,3.356804851445405e-12,0.005126568488776684,0.9935159087181091,0.9935163259506226,0.9935160279273987,5.0288949893229073e-08,-1.307915364553991e-13,7.078960627317915e-14,-1.2994613023492e-16,2.639563669024135e-15,4.783833919275171e-13,-0.00013079153723083436,7.078960334183648e-05,0.0004783834156114608,3.079405101026601e-05,2.872438926715404e-07,2.980232238769531e-07,2.2941671673493147e-08,0.0,0.0,0.0,anisotropic
482,3.3568033335623637e-12,0.005126569420099258,0.993516206741333,0.9935166239738464,0.993516206741333,1.753536871262895e-08,-1.307913467200189e-13,7.078964693076062e-14,-1.2994556113465856e-16,2.6395598573758722e-15,4.783827414062136e-13,-0.0001307913480559364,7.078964699758217e-05,0.0004783827462233603,3.0793980013611707e-05,2.959586709039286e-07,2.980232238769531e-07,1.0899460001212447e-08,0.0,0.0,0.0,anisotropic
483,3.3568033335623637e-12,0.00512657081708312,0.9935165047645569,0.9935168623924255,0.9935168027877808,4.442193102249803e-08,-1.3079133316749175e-13,7.078946397164401e-14,-1.2994595818135258e-16,2.6395609161670563e-15,4.783829040365395e-13,-0.00013079133350402117,7.078946509864181e-05,0.00047838292084634304,3.079416243207089e-05,2.9698458092752844e-07,2.980232238769531e-07,7.799425993937348e-09,0.0,0.0,0.0,anisotropic
484,3.3568018156793222e-12,0.005126572214066982,0.9935168027877808,0.9935171604156494,0.9935169219970703,1.3468205217748164e-08,-1.3079118408969304e-13,7.078953851054337e-14,-1.2994523026241354e-16,2.6395562574858464e-15,4.783820908849101e-13,-0.00013079118798486888,7.078953785821795e-05,0.0004783820768352598,3.079407022675072e-05,2.905890141846612e-07,2.980232238769531e-07,1.969410590163534e-08,0.0,0.0,0.0,anisotropic
485,3.3568009483175842e-12,0.005126573145389557,0.9935171008110046,0.9935174584388733,0.9935170412063599,5.0291106390432105e-08,-1.3079118408969304e-13,7.078933522263603e-14,-1.2994550819509936e-16,2.6395562574858464e-15,4.783820908849101e-13,-0.00013079118798486888,7.078933413140476e-05,0.00047838210593909025,3.0794211990491896e-05,2.717697498155758e-07,2.980232238769531e-07,2.9590722760985955e-08,0.0,0.0,0.0,anisotropic
486,3.3567996472749773e-12,0.0051265740767121315,0.9935173392295837,0.9935177564620972,0.9935176372528076,4.8375753181062464e-08,-1.3079106211694863e-13,7.078930134131814e-14,-1.2994516408796453e-16,2.6395537163870046e-15,4.783817114141498e-13,-0.00013079105701763183,7.078929775161669e-05,0.0004783816693816334,3.07942163449042e-05,2.7814712666440755e-07,2.980232238769531e-07,2.810111254802905e-08,0.0,0.0,0.0,anisotropic
487,3.3567987799132393e-12,0.005126575008034706,0.9935176372528076,0.993518054485321,0.9935178160667419,2.2034530644532424e-08,-1.307908859340956e-13,7.078930811758172e-14,-1.299447538063807e-16,2.6395507517716892e-15,4.783810608928463e-13,-0.0001307908823946491,7.07893050275743e-05,0.0004783810582011938,3.079419336470498e-05,2.940996637335047e-07,2.980232238769531e-07,1.4780892065857643e-08,0.0,0.0,0.0,anisotropic
488,3.3567985630728048e-12,0.005126576405018568,0.9935179352760315,0.9935183525085449,0.9935179352760315,4.523699459468844e-08,-1.3079083172398698e-13,7.07892810125274e-14,-1.299445949877031e-16,2.6395492694640315e-15,4.783807898423031e-13,-0.0001307908387389034,7.078928319970146e-05,0.00047838082537055016,3.079423459566601e-05,2.963315637316555e-07,2.980232238769531e-07,9.8980859064568e-09,0.0,0.0,0.0,anisotropic
489,3.356796828349329e-12,0.00512657780200243,0.9935182332992554,0.993518590927124,0.993518590927124,1.3572456047938886e-08,-1.3079065554113395e-13,7.078932844637245e-14,-1.2994386706876405e-16,2.639545246057532e-15,4.783800309007824e-13,-0.00013079064956400543,7.078932685544714e-05,0.0004783800395671278,3.079414180059288e-05,2.9563307180069387e-07,2.980232238769531e-07,1.1694251789151622e-08,0.0,0.0,0.0,anisotropic
490,3.3567970451897633e-12,0.005126578733325005,0.9935185313224792,0.9935188889503479,0.9935187101364136,4.613055892832563e-08,-1.3079065554113395e-13,7.07890980534108e-14,-1.2994421117589887e-16,2.639545457815769e-15,4.783801393209997e-13,-0.00013079064956400543,7.07891013007611e-05,0.00047838015598244965,3.079430626540356e-05,2.822380338329822e-07,2.980232238769531e-07,2.630055995211933e-08,0.0,0.0,0.0,anisotropic
491,3.356795093625853e-12,0.0051265801303088665,0.9935187697410583,0.9935191869735718,0.9935188889503479,3.605398291028905e-08,-1.3079047935828092e-13,7.078915226351942e-14,-1.2994366854541704e-16,2.639541857925743e-15,4.783794887996962e-13,-0.0001307904749410227,7.07891522324644e-05,0.00047837942838668823,3.079425895626216e-05,2.648375811986625e-07,2.980232238769531e-07,2.961010459046065e-08,0.0,0.0,0.0,anisotropic
492,3.3567940094236803e-12,0.005126581527292728,0.9935190677642822,0.9935194849967957,0.9935190677642822,2.59774530775303e-08,-1.3079037093806367e-13,7.078910482967438e-14,-1.2994336414295162e-16,2.6395391050686645e-15,4.783789466986099e-13,-0.0001307903730776161,7.07891013007611e-05,0.0004783789918292314,3.079426861715457e-05,2.921406121458858e-07,2.980232238769531e-07,1.777738845021304e-08,0.0,0.0,0.0,anisotropic
493,3.3567940094236803e-12,0.005126582458615303,0.9935193657875061,0.9935197830200195,0.99351966381073,4.569367462181617e-08,-1.3079041159564514e-13,7.078892864682135e-14,-1.2994374795475584e-16,2.6395403756180854e-15,4.78379217749153e-13,-0.00013079041673336178,7.078892667777836e-05,0.0004783791955560446,3.0794436324065634e-05,2.9581133276224136e-07,2.980232238769531e-07,1.1267227151279258e-08,0.0,0.0,0.0,anisotropic
494,3.356792491540639e-12,0.005126581992954016,0.99351966381073,0.9935200810432434,0.9935197830200195,1.3872698545469575e-08,-1.307902083077378e-13,7.078896252813924e-14,-1.299430332707066e-16,2.6395357169368755e-15,4.783783503874151e-13,-0.00013079021300654858,7.078896305756643e-05,0.00047837835154496133,3.0794340010744044e-05,2.9589500627480447e-07,2.980232238769531e-07,1.1060112825589385e-08,0.0,0.0,0.0,anisotropic
495,3.3567918410193354e-12,0.00512658292427659,0.9935199618339539,0.9935203194618225,0.9935200214385986,4.572688183657192e-08,-1.3079019475521064e-13,7.078879312154979e-14,-1.2994337737784142e-16,2.639536140453349e-15,4.783784588076323e-13,-0.00013079019845463336,7.078879571054131e-05,0.0004783784388564527,3.0794508879575594e-05,2.83380359178409e-07,2.980232238769531e-07,2.5659097957486665e-08,0.0,0.0,0.0,anisotropic
496,3.356791190498032e-12,0.00512658478692174,0.993520200252533,0.9935206174850464,0.9935204982757568,3.4498768286539416e-08,-1.307902083077378e-13,7.078858983364245e-14,-1.2994360237096803e-16,2.6395359286951123e-15,4.783784045975237e-13,-0.00013079021300654858,7.078859198372811e-05,0.0004783783806487918,3.0794640250653e-05,2.6851557777263224e-07,2.980232238769531e-07,2.980132052243789e-08,0.0,0.0,0.0,anisotropic
497,3.356790756817163e-12,0.005126585718244314,0.9935204982757568,0.9935209155082703,0.9935206770896912,3.2591795928738065e-08,-1.3079015409762917e-13,7.078849496595235e-14,-1.2994352296162923e-16,2.6395344463874546e-15,4.783781877570892e-13,-0.00013079015479888767,7.078849739627913e-05,0.00047837814781814814,3.079469635739272e-05,2.869601303245872e-07,2.980232238769531e-07,2.3174038688011933e-08,0.0,0.0,0.0,anisotropic
498,3.3567896726149904e-12,0.005126586649566889,0.9935207962989807,0.9935212135314941,0.9935208559036255,4.579559131911992e-08,-1.3078995080972183e-13,7.078855595232456e-14,-1.299429935660372e-16,2.6395310582556656e-15,4.783775372357857e-13,-0.00013078995107207447,7.078855560394004e-05,0.0004783775075338781,3.0794642607456054e-05,2.95736754196696e-07,2.980232238769531e-07,1.144815708897795e-08,0.0,0.0,0.0,anisotropic
499,3.3567896726149904e-12,0.005126588046550751,0.9935210943222046,0.993521511554718,0.993520975112915,1.4147432558786477e-08,-1.30789964362249e-13,7.07883255593629e-14,-1.2994335090806182e-16,2.639531905288613e-15,4.783776456560029e-13,-0.0001307899656239897,7.078832277329639e-05,0.0004783776239491999,3.0794809960906264e-05,2.9527836886700243e-07,2.980232238769531e-07,1.249306436079678e-08,0.0,0.0,0.0,anisotropic
