epoch,cost,mse,gamma_min,gamma_max,gamma_mean,gamma_std,adjoint_grad_min,adjoint_grad_max,adjoint_grad_mean,adjoint_grad_std,adjoint_grad_norm,scaled_grad_min,scaled_grad_max,scaled_grad_norm,param_grad_norm,delta_gamma_mean_abs,delta_gamma_max_abs,delta_gamma_std,tv_raw,tv_loss,tv_weight,tv_type
0,6.89225673061733e-12,0.016008520498871803,0.9927728772163391,0.9937297105789185,0.9933056831359863,0.00014474947238340974,-1.3744693859625567e-13,1.0530558223380629e-13,-2.4702397711647505e-16,3.5064481039467606e-15,6.362984141319861e-13,-0.00013744694297201931,0.00010530558211030439,0.00063629838405177,0.0003285950325564694,6.472787208622321e-05,0.0006181001663208008,9.235255129169673e-05,0.0,0.0,0.0,anisotropic
1,6.88844944626843e-12,0.016008654609322548,0.992686927318573,0.9938854575157166,0.993304967880249,0.00017378672782797366,-1.3729340201610457e-13,1.0512046148911797e-13,-2.46617930697385e-16,3.50287743655761e-15,6.35648434929581e-13,-0.00013729340571444482,0.00010512045992072672,0.0006356484373100102,0.0003388872175315111,5.84654335398227e-05,0.00041300058364868164,8.041921682888642e-05,0.0,0.0,0.0,anisotropic
2,6.885267963413488e-12,0.016008587554097176,0.9924524426460266,0.9942755103111267,0.9933032989501953,0.00022993881430011243,-1.371948615911528e-13,1.0498935434141016e-13,-2.462839350183708e-16,3.5000987449741424e-15,6.351424919857906e-13,-0.00013719486014451832,0.00010498935444047675,0.0006351424963213503,0.0003973399747712307,5.72651406400837e-05,0.00033551454544067383,7.73342399043031e-05,0.0,0.0,0.0,anisotropic
3,6.882246508799206e-12,0.01600823923945427,0.9922571778297424,0.9945888519287109,0.9933006763458252,0.00029416734469123185,-1.3710748844857762e-13,1.0487342602411714e-13,-2.4597066517678472e-16,3.497559340198274e-15,6.346799713390083e-13,-0.0001371074904454872,0.00010487342660780996,0.0006346799782477319,0.0004680261974971499,5.7408815337112173e-05,0.00032323598861694336,7.684768206672743e-05,0.0,0.0,0.0,anisotropic
4,6.87920900799277e-12,0.01600763387978077,0.9921073317527771,0.9948818683624268,0.9932972192764282,0.0003616361354943365,-1.3702103687784906e-13,1.0476005235819305e-13,-2.456580306099091e-16,3.4950646164103732e-15,6.342254737883024e-13,-0.00013702103751711547,0.00010476005263626575,0.0006342254346236587,0.0005329308164218217,5.7736426242627203e-05,0.00030416250228881836,7.632095366716385e-05,0.0,0.0,0.0,anisotropic
5,6.876149823142885e-12,0.016006862744688988,0.9919973015785217,0.9951590895652771,0.9932929873466492,0.0004298658750485629,-1.3694033157863467e-13,1.0465115102623046e-13,-2.4534542251281304e-16,3.4926315142693853e-15,6.337821435199731e-13,-0.00013694033259525895,0.00010465115337865427,0.0006337821832858026,0.0005919893635422973,5.8266268752049655e-05,0.0002790093421936035,7.575796917080879e-05,0.0,0.0,0.0,anisotropic
6,6.873090638293e-12,0.016006022691726685,0.9919338822364807,0.9954116940498352,0.9932878613471985,0.0004980492522008717,-1.36869153706011e-13,1.045493986523427e-13,-2.450357260914732e-16,3.490310008719198e-15,6.333590878322692e-13,-0.000136869159177877,0.00010454939911141992,0.0006333591300062835,0.000647696514071978,5.952155333943665e-05,0.0002657771110534668,7.574005576316267e-05,0.0,0.0,0.0,anisotropic
7,6.870027116634425e-12,0.016005173325538635,0.9918935298919678,0.9956353306770325,0.9932818412780762,0.0005665725329890847,-1.3680880430258502e-13,1.0445575746595784e-13,-2.44730370713988e-16,3.4881333458029913e-15,6.329621614169223e-13,-0.00013680879783350974,0.00010445575753692538,0.0006329621537588537,0.0007017036976796327,6.182764627737924e-05,0.0002530813217163086,7.660791743546724e-05,0.0,0.0,0.0,anisotropic
8,6.8669419109324e-12,0.016004322096705437,0.9918456077575684,0.9958259463310242,0.9932749271392822,0.0006360694533213973,-1.3675979836438867e-13,1.0437032911102956e-13,-2.4442991224572915e-16,3.486116136839105e-15,6.325941289894721e-13,-0.00013675980153493583,0.00010437033051857725,0.0006325941067188978,0.0007551028251496491,6.527770165121183e-05,0.00023418664932250977,7.870481931604445e-05,0.0,0.0,0.0,anisotropic
9,6.863813337143476e-12,0.016003461554646492,0.9917629361152649,0.9959802031517029,0.9932669401168823,0.0007071971776895225,-1.3672278641272545e-13,1.0429296450975914e-13,-2.441344300960354e-16,3.484266005124065e-15,6.32256237382417e-13,-0.00013672278146259487,0.00010429296526126564,0.0006322562694549561,0.0008087643232057562,6.975889846216887e-05,0.00022745132446289062,8.230193634517491e-05,0.0,0.0,0.0,anisotropic
10,6.860619277543334e-12,0.016002589836716652,0.9916316270828247,0.9960993528366089,0.9932578802108765,0.0007806695066392422,-1.3669770068495957e-13,1.0422280985293575e-13,-2.4384331545997595e-16,3.482574480328398e-15,6.3194718555315e-13,-0.00013669769396074116,0.00010422281047794968,0.0006319471867755055,0.0008632564799302921,7.491522410418838e-05,0.0002377629280090332,8.719291508896276e-05,0.0,0.0,0.0,anisotropic
11,6.857342818578083e-12,0.01600169762969017,0.9915043115615845,0.996183454990387,0.9932477474212646,0.000857086677569896,-1.3668387710726038e-13,1.0415850988784378e-13,-2.435558536535015e-16,3.4810244100349228e-15,6.316636124749364e-13,-0.00013668388419318944,0.00010415851284051314,0.0006316635990515351,0.0009189459614444921,8.015061030164361e-05,0.00024175643920898438,9.271348972106352e-05,0.0,0.0,0.0,anisotropic
12,6.853980057119902e-12,0.016000784933567047,0.9913774728775024,0.9962401390075684,0.9932363033294678,0.0009367181337438524,-1.366797706915321e-13,1.0409862127034111e-13,-2.4327114470410567e-16,3.4795889009475636e-15,6.314007476582173e-13,-0.00013667976600117981,0.0001040986244333908,0.0006314007914625108,0.0009762168920352849,8.490312029607594e-05,0.0002516508102416992,9.806307207327336e-05,0.0,0.0,0.0,anisotropic
13,6.850532294211398e-12,0.015999825671315193,0.9912495017051697,0.9962734580039978,0.9932235479354858,0.0010194957721978426,-1.3668319948090257e-13,1.0404144993453324e-13,-2.4298815629038393e-16,3.4782340717484303e-15,6.311525737809354e-13,-0.0001366832002531737,0.00010404144995845854,0.0006311525939963758,0.0010354838784450585,8.882863039616495e-05,0.00025719404220581055,0.00010260808630846441,0.0,0.0,0.0,anisotropic
14,6.847004734022999e-12,0.015998777002096176,0.9911183714866638,0.9962931275367737,0.9932096004486084,0.0011050580069422722,-1.3669191375586393e-13,1.0398549832616941e-13,-2.42705379634899e-16,3.4769218059548966e-15,6.309119893188608e-13,-0.0001366919168503955,0.00010398549784440547,0.0006309120217338204,0.001096926008581286,9.188543481286615e-05,0.00027233362197875977,0.00010609598393784836,0.0,0.0,0.0,anisotropic
15,6.843400412320788e-12,0.01599758118391037,0.9909906387329102,0.9963053464889526,0.9931942224502563,0.0011928888270631433,-1.3670344695647374e-13,1.0392947217890622e-13,-2.4242098832285837e-16,3.475614834117283e-15,6.306724348488502e-13,-0.00013670344196725637,0.00010392947297077626,0.0006306724390015006,0.0011602313240517686,9.429996134713292e-05,0.0003066062927246094,0.0001086796764866449,0.0,0.0,0.0,anisotropic
16,6.839718895423896e-12,0.01599617302417755,0.990867555141449,0.9963129758834839,0.9931775331497192,0.0012825371231883764,-1.3671603725420173e-13,1.038724973547421e-13,-2.4213355298616354e-16,3.474284992390094e-15,6.304287062004754e-13,-0.00013671604392584413,0.00010387249494669959,0.0006304287235252559,0.00122470938264534,9.636489994591102e-05,0.00033795833587646484,0.00011077275848947465,0.0,0.0,0.0,anisotropic
17,6.8359623517366686e-12,0.01599450409412384,0.9907049536705017,0.9963183403015137,0.9931594729423523,0.0013736761175096035,-1.367287224196198e-13,1.038140385288544e-13,-2.4184220012208766e-16,3.472918304729699e-15,6.301783097087399e-13,-0.00013672871864400804,0.00010381403990322724,0.0006301782559603453,0.0012897657443364252,9.838404366746545e-05,0.00036597251892089844,0.00011286175140412524,0.0,0.0,0.0,anisotropic
18,6.832135118067795e-12,0.0159925427287817,0.9905467629432678,0.9963223338127136,0.9931400418281555,0.0014662366593256593,-1.3674139403251073e-13,1.037539127421265e-13,-2.4154711501908795e-16,3.471515829927283e-15,6.299212995837522e-13,-0.00013674139336217195,0.00010375391138950363,0.0006299213273450732,0.0013553131223733653,0.00010061365901492536,0.0003892183303833008,0.00011540775449248031,0.0,0.0,0.0,anisotropic
19,6.828245434353786e-12,0.015990272164344788,0.9903876781463623,0.9963241219520569,0.9931193590164185,0.0015604330692440271,-1.3675456708890643e-13,1.0369224874356639e-13,-2.4124959469636487e-16,3.470092391059422e-15,6.296604947511608e-13,-0.00013675456284545362,0.00010369224764872342,0.0006296604406088591,0.0014217620696912925,0.00010324094182578847,0.0003999471664428711,0.00011874107440235093,0.0,0.0,0.0,anisotropic
20,6.8242989384459385e-12,0.01598770171403885,0.9902017116546631,0.9963226318359375,0.993097186088562,0.001656729611568153,-1.3676924447581645e-13,1.0362914817712773e-13,-2.409505391264249e-16,3.4686642935103512e-15,6.293988225568314e-13,-0.00013676924572791904,0.00010362915054429322,0.0006293988553807139,0.001489639189996111,0.00010627260053297505,0.00042116641998291016,0.00012289623555261642,0.0,0.0,0.0,anisotropic
21,6.820300400833812e-12,0.015984846279025078,0.9900116324424744,0.9963156580924988,0.9930736422538757,0.0017555757658556104,-1.3678626644992448e-13,1.0356445518874824e-13,-2.406507424026561e-16,3.467246995631358e-15,6.291392103466298e-13,-0.00013678627146873623,0.0001035644527291879,0.000629139191005379,0.001559246974799309,0.00010935084719676524,0.0004387497901916504,0.0001274687092518434,0.0,0.0,0.0,anisotropic
22,6.816253724645227e-12,0.01598174497485161,0.9897828102111816,0.9963091015815735,0.9930487275123596,0.0018570853862911463,-1.3680598537693656e-13,1.0349799359557488e-13,-2.403503104041768e-16,3.465845367861889e-15,6.288822544317507e-13,-0.00013680598931387067,0.00010349799413233995,0.0006288822623901069,0.0016306490592843074,0.00011197957792319357,0.000447690486907959,0.00013164903793949634,0.0,0.0,0.0,anisotropic
23,6.812170185582778e-12,0.015978457406163216,0.9895546436309814,0.9962992072105408,0.993022620677948,0.001960762543603778,-1.368281844164182e-13,1.0342972951628976e-13,-2.4004950782878314e-16,3.4644575043778127e-15,6.28627846391977e-13,-0.00013682818098459393,0.00010342973109800369,0.0006286278367042542,0.0017038053398030612,0.0001135479542426765,0.00044608116149902344,0.00013453199062496424,0.0,0.0,0.0,anisotropic
24,6.8080640951151405e-12,0.015975063666701317,0.9893234968185425,0.9962866902351379,0.9929953813552856,0.002065610606223345,-1.3685194199652279e-13,1.0335967650342004e-13,-2.3974833467647503e-16,3.4630698526519734e-15,6.283735467724205e-13,-0.00013685194426216185,0.00010335967817809433,0.0006283735274337232,0.001778483221744865,0.00011369684216333553,0.00044858455657958984,0.00013557635247707367,0.0,0.0,0.0,anisotropic
25,6.8039514994344685e-12,0.015971671789884567,0.9890971779823303,0.9962743520736694,0.9929674863815308,0.0021702738013118505,-1.3687594352211618e-13,1.0328775324180278e-13,-2.394466321285749e-16,3.461666319058373e-15,6.281162655968897e-13,-0.00013687594037037343,0.00010328775533707812,0.0006281162495724857,0.001854027928740016,0.00011259941675234586,0.0004456639289855957,0.00013492144353222102,0.0,0.0,0.0,anisotropic
26,6.7998449752859624e-12,0.01596839912235737,0.9888741970062256,0.9962652921676636,0.9929389953613281,0.0022735234815627337,-1.3689914544860737e-13,1.0321413591429102e-13,-2.391442943059643e-16,3.4602291159051193e-15,6.278529670993016e-13,-0.00013689915067516267,0.00010321413719793782,0.0006278529763221741,0.0019294308894440278,0.00011072899360442534,0.0004336833953857422,0.00013330478395801038,0.0,0.0,0.0,anisotropic
27,6.795753629967871e-12,0.015965355560183525,0.9886449575424194,0.9962593913078308,0.9929101467132568,0.002374498173594475,-1.3692068041425837e-13,1.0313896682241988e-13,-2.388416123762189e-16,3.4587476552803715e-15,6.275816455056371e-13,-0.00013692068750970066,0.00010313896927982569,0.0006275816704146564,0.0020038514537664524,0.00010871401173062623,0.0004608035087585449,0.0001316278357990086,0.0,0.0,0.0,anisotropic
28,6.7916878718210505e-12,0.015962623059749603,0.988430917263031,0.9962571859359741,0.9928811192512512,0.0024728761054575443,-1.3694045355137907e-13,1.0306224596618938e-13,-2.385388775069143e-16,3.457220243118235e-15,6.273020297653531e-13,-0.00013694044901058078,0.00010306224430678412,0.000627302099019289,0.0020770962316951883,0.00010701309656724334,0.0005096197128295898,0.00013052667782176286,0.0,0.0,0.0,anisotropic
29,6.7876494355689765e-12,0.015960240736603737,0.9882275462150574,0.9962564706802368,0.992851972579956,0.002568831667304039,-1.3695879012062123e-13,1.02984190186034e-13,-2.3823685732165894e-16,3.4556542909569988e-15,6.270155293412738e-13,-0.00013695878442376852,0.00010298418783349916,0.000627015542704612,0.00214955674571081,0.00010584908886812627,0.0005453228950500488,0.00013021836639381945,0.0,0.0,0.0,anisotropic
30,6.78364222433947e-12,0.015958208590745926,0.9880282282829285,0.9962558746337891,0.9928228855133057,0.002662783022969961,-1.3697634064328834e-13,1.0290479270569017e-13,-2.3793589592758764e-16,3.4540584808843717e-15,6.267236079063321e-13,-0.00013697633403353393,0.0001029047925840132,0.0006267235730774701,0.002221716902719053,0.00010512617882341146,0.0005638599395751953,0.00013052612484898418,0.0,0.0,0.0,anisotropic
31,6.779660166600365e-12,0.01595650613307953,0.9878281950950623,0.9962546825408936,0.9927939176559448,0.002755063120275736,-1.3699345748508646e-13,1.028242026029566e-13,-2.3763620508293723e-16,3.452439377405695e-15,6.264274580829177e-13,-0.00013699346163775772,0.0001028242040774785,0.0006264274707064033,0.00229382148003356,0.00010448701505083591,0.0005958080291748047,0.00013093229790683836,0.0,0.0,0.0,anisotropic
32,6.77570846652209e-12,0.01595509797334671,0.9876269102096558,0.9962529540061951,0.9927653074264526,0.0028456237632781267,-1.3701030327634145e-13,1.0274254185057771e-13,-2.3733820830418133e-16,3.4508010039274685e-15,6.261278930226599e-13,-0.00013701029820367694,0.0001027425387292169,0.0006261279340833426,0.0023658672107076933,0.00010341999586671591,0.0006074309349060059,0.00013080642384011298,0.0,0.0,0.0,anisotropic
33,6.7717888588281205e-12,0.01595393195748329,0.9874243140220642,0.9962515830993652,0.9927371144294739,0.00293400208465755,-1.3702643078365717e-13,1.0266018991931386e-13,-2.3704214381933635e-16,3.44914081935085e-15,6.258243706244726e-13,-0.0001370264362776652,0.00010266018944093958,0.0006258243811316788,0.002437618853022022,0.00010163928527617827,0.0005975961685180664,0.00012985327339265496,0.0,0.0,0.0,anisotropic
34,6.7679069813697534e-12,0.0159529410302639,0.9872287511825562,0.9962517023086548,0.9927093982696533,0.0030196683946996927,-1.3704139277363747e-13,1.0257720101927367e-13,-2.367481175075207e-16,3.4474545885111035e-15,6.255162403670522e-13,-0.00013704139564651996,0.0001025771998683922,0.0006255162297748029,0.0025085685357626956,9.93907087831758e-05,0.0005957484245300293,0.00012838770635426044,0.0,0.0,0.0,anisotropic
35,6.764063267827858e-12,0.01595204323530197,0.9870468378067017,0.9962539672851562,0.9926820993423462,0.003102310933172703,-1.3705471490783189e-13,1.0249381909594596e-13,-2.364562352478528e-16,3.445740193825861e-15,6.252030143594212e-13,-0.00013705471064895391,0.00010249381739413366,0.0006252030143514276,0.0025781500335957143,9.720599337015301e-05,0.0005787014961242676,0.00012705648259725422,0.0,0.0,0.0,anisotropic
36,6.760255549798089e-12,0.015951158478856087,0.9868656992912292,0.9962589740753174,0.9926552772521973,0.003182083135470748,-1.3706661402667492e-13,1.024100509255943e-13,-2.361664176309938e-16,3.4440003881522005e-15,6.24885180492557e-13,-0.00013706661411561072,0.00010241004929412156,0.00062488520052284,0.0026461885220316747,9.549451351631433e-05,0.0005699396133422852,0.0001263166923308745,0.0,0.0,0.0,anisotropic
37,6.756476454705673e-12,0.015950219705700874,0.9866833090782166,0.9962645173072815,0.9926288723945618,0.0032595747616142035,-1.3707752381103555e-13,1.0232601170469952e-13,-2.3587874406628257e-16,3.442246182918437e-15,6.245648529606962e-13,-0.000137077528052032,0.00010232601198367774,0.0006245648837648332,0.002713067655133316,9.43184204516001e-05,0.000592648983001709,0.00012624773080460727,0.0,0.0,0.0,anisotropic
38,6.7527225131036595e-12,0.015949182212352753,0.9865067005157471,0.9962692260742188,0.9926027059555054,0.003335576970130205,-1.3708828451759747e-13,1.0224178274842455e-13,-2.3559326749327827e-16,3.4404904953770155e-15,6.242442543782922e-13,-0.00013708828191738576,0.00010224178549833596,0.0006242442759685218,0.002779369827221106,9.35590360313654e-05,0.0006034374237060547,0.0001266524486709386,0.0,0.0,0.0,anisotropic
39,6.748989388183357e-12,0.015948008745908737,0.9863290190696716,0.9962720274925232,0.992577075958252,0.003410745644941926,-1.3709966864040857e-13,1.021574250431416e-13,-2.353099614422013e-16,3.4387460310221453e-15,6.23925715780016e-13,-0.00013709966151509434,0.00010215742804575711,0.0006239257054403424,0.0028454685196522634,9.287033753935248e-05,0.0006014108657836914,0.00012705429980996996,0.0,0.0,0.0,anisotropic
40,6.745273610497815e-12,0.01594667136669159,0.9861459136009216,0.99627286195755,0.9925516843795776,0.003485332941636443,-1.3711177104715894e-13,1.0207311477170369e-13,-2.3502861415481487e-16,3.4370182955679833e-15,6.236102129478227e-13,-0.00013711176870856434,0.00010207311424892396,0.0006236102199181914,0.002911436740103899,9.186453826259822e-05,0.000590980052947998,0.0001267971092602238,0.0,0.0,0.0,anisotropic
41,6.7415777821322465e-12,0.015945149585604668,0.9859582185745239,0.9962725043296814,0.9925265312194824,0.0035591835621744394,-1.3712448331763133e-13,1.01989170418499e-13,-2.3474922563111896e-16,3.4353085595639505e-15,6.232980169322555e-13,-0.00013712448708247393,0.00010198917152592912,0.0006232980522327125,0.0029770924671146163,9.032519301399589e-05,0.0005702376365661621,0.00012551230611279607,0.0,0.0,0.0,anisotropic
42,6.7379040714909966e-12,0.015943441540002823,0.9857702851295471,0.9962723255157471,0.9925015568733215,0.0036319440696388483,-1.3713758861139125e-13,1.019058765865978e-13,-2.3447153117331756e-16,3.4336163994935732e-15,6.229889651029885e-13,-0.00013713758380617946,0.00010190587636316195,0.000622988969553262,0.0030420433700877507,8.843526302371174e-05,0.0005490779876708984,0.00012348868767730892,0.0,0.0,0.0,anisotropic
43,6.734252478574065e-12,0.0159415565431118,0.9855862259864807,0.9962732195854187,0.9924767017364502,0.0037034309934824705,-1.3715091074558566e-13,1.0182345689269817e-13,-2.3419523961383504e-16,3.431941391840378e-15,6.226830574600217e-13,-0.00013715091336052865,0.00010182345431530848,0.0006226830882951617,0.003105931306145864,8.668552618473768e-05,0.0005474090576171875,0.00012143181083956733,0.0,0.0,0.0,anisotropic
44,6.730617799211025e-12,0.015939533710479736,0.9854068756103516,0.9962755441665649,0.9924517869949341,0.0037737435195595026,-1.3716470721823054e-13,1.0174213495349818e-13,-2.339199539059774e-16,3.430286289461443e-15,6.223807818943328e-13,-0.00013716470857616514,0.00010174213821301237,0.0006223807577043772,0.0031687747141448527,8.540899580111727e-05,0.000552833080291748,0.00011994294618489221,0.0,0.0,0.0,anisotropic
45,6.726997431316661e-12,0.015937408432364464,0.9852301478385925,0.9962783455848694,0.9924269914627075,0.0038432790897786617,-1.3717939815766772e-13,1.0166191754526141e-13,-2.336454093519486e-16,3.4286557510379784e-15,6.22082951557551e-13,-0.00013717939145863056,0.000101661920780316,0.0006220829673111439,0.003230958396763968,8.459451055387035e-05,0.000545799732208252,0.00011928937601624057,0.0,0.0,0.0,anisotropic
46,6.72338486967794e-12,0.01593521237373352,0.9850533604621887,0.9962807893753052,0.9924022555351257,0.003912452608346939,-1.3719533592960326e-13,1.0158287920688722e-13,-2.3337150007263024e-16,3.427052529427063e-15,6.21790054340654e-13,-0.00013719534035772085,0.00010158288205275312,0.0006217900663614273,0.0032928676138346724,8.413340401602909e-05,0.0005700588226318359,0.00011935207294300199,0.0,0.0,0.0,anisotropic
47,6.71978011429486e-12,0.015932954847812653,0.9848756790161133,0.9962825179100037,0.9923776984214783,0.0039814836345613,-1.3721266961183587e-13,1.0150515546364716e-13,-2.330982260680223e-16,3.425477895178117e-15,6.215023070840764e-13,-0.00013721267168875784,0.0001015051529975608,0.0006215022876858711,0.0033546389299323374,8.371914736926556e-05,0.0006167888641357422,0.00011963474389631301,0.0,0.0,0.0,anisotropic
48,6.716184466210029e-12,0.01593063585460186,0.984698474407196,0.9962838888168335,0.9923532605171204,0.004050326533615589,-1.3723088420833363e-13,1.0142861756653326e-13,-2.3282595791503926e-16,3.4239257073022736e-15,6.212186255856456e-13,-0.00013723089068662375,0.0001014286171994172,0.0006212185835465789,0.0034161372510944058,8.313153375638649e-05,0.0006694197654724121,0.0001196266312035732,0.0,0.0,0.0,anisotropic
49,6.712606165359958e-12,0.015928246080875397,0.9845238327980042,0.9962856769561768,0.9923288822174072,0.004118751268833876,-1.372495595907547e-13,1.0135323163422763e-13,-2.325553044186119e-16,3.4223898248106647e-15,6.209379256431891e-13,-0.00013724956079386175,0.00010135323100257665,0.0006209379644133151,0.0034770281309912695,8.23564623715356e-05,0.0006964206695556641,0.0001192521522170864,0.0,0.0,0.0,anisotropic
50,6.709049114872467e-12,0.01592579111456871,0.9843524098396301,0.9962884187698364,0.9923043251037598,0.0041866302490234375,-1.372681265529585e-13,1.0127861141970632e-13,-2.322864773369771e-16,3.4208634714397125e-15,6.206589604242085e-13,-0.00013726812903769314,0.00010127860878128558,0.0006206589750945568,0.003537007131681481,8.160700963344425e-05,0.0007379651069641113,0.00011880765669047832,0.0,0.0,0.0,anisotropic
51,6.705512013704951e-12,0.01592329889535904,0.9841755032539368,0.9962920546531677,0.9922797679901123,0.0042540947906672955,-1.3728658509494507e-13,1.01204424886054e-13,-2.32019926656388e-16,3.4193426237829174e-15,6.203810794074005e-13,-0.0001372865808662027,0.00010120442311745137,0.000620381033513695,0.0035960979597054418,8.100267586996779e-05,0.0007498264312744141,0.00011856479977723211,0.0,0.0,0.0,anisotropic
52,6.701994861857408e-12,0.01592080295085907,0.9839985370635986,0.9962961673736572,0.9922550916671753,0.004321484360843897,-1.3730512495209457e-13,1.0113036710140966e-13,-2.3175604942353868e-16,3.4178283406314635e-15,6.201043368028736e-13,-0.00013730512000620365,0.00010113036842085421,0.0006201043142937124,0.003654647842043535,8.05447343736887e-05,0.0007592439651489258,0.00011857578647322953,0.0,0.0,0.0,anisotropic
53,6.6984911541168035e-12,0.015918340533971786,0.9838205575942993,0.9963000416755676,0.9922302961349487,0.004389134235680103,-1.373238409920971e-13,1.0105610602885798e-13,-2.314946338801923e-16,3.4163195631941668e-15,6.198286784005191e-13,-0.00013732383376918733,0.00010105610272148624,0.0006198287010192871,0.0037129979971005835,8.016223000595346e-05,0.0007581710815429688,0.000118625583127141,0.0,0.0,0.0,anisotropic
54,6.694999155759662e-12,0.01591593213379383,0.9836404323577881,0.996303141117096,0.9922054409980774,0.004457179456949234,-1.3734299071296863e-13,1.0098147226180951e-13,-2.3123586531480613e-16,3.4148171385039745e-15,6.195541042003372e-13,-0.00013734298408962786,0.00010098147322423756,0.0006195541354827583,0.003771256450347084,7.965152326505631e-05,0.0007323026657104492,0.00011828923015855253,0.0,0.0,0.0,anisotropic
55,6.691520167828591e-12,0.01591358706355095,0.9834601283073425,0.9963057637214661,0.992180585861206,0.004525424912571907,-1.373622217490031e-13,1.009064793527914e-13,-2.309797437273801e-16,3.4133189489785184e-15,6.192803973618932e-13,-0.00013736222172155976,0.00010090647992910817,0.0006192804430611432,0.003829261976647176,7.888337131589651e-05,0.0006899237632751465,0.00011731785343727097,0.0,0.0,0.0,anisotropic
56,6.688055491366196e-12,0.015911314636468887,0.9832824468612671,0.9963083863258362,0.9921554923057556,0.004593564663082361,-1.3738118173449443e-13,1.0083101210532283e-13,-2.3072613676901625e-16,3.4118216064860096e-15,6.190068531537751e-13,-0.00013738118286710232,0.00010083101369673386,0.0006190068670548499,0.0038867012394925553,7.794343400746584e-05,0.0006470680236816406,0.00011592912051128224,0.0,0.0,0.0,anisotropic
57,6.684606427415085e-12,0.015909112989902496,0.9831085205078125,0.996311366558075,0.9921301603317261,0.0046613928861916065,-1.3739983001186118e-13,1.0075532124115619e-13,-2.3047499150015535e-16,3.410326169817632e-15,6.187336342063088e-13,-0.00013739982387050986,0.00010075532190967351,0.000618733640294522,0.0039433885240954415,7.702845323365182e-05,0.000638425350189209,0.00011454596096882597,0.0,0.0,0.0,anisotropic
58,6.681174710698734e-12,0.01590697467327118,0.9829368591308594,0.996314525604248,0.992104709148407,0.004728923086076975,-1.3741804460835894e-13,1.006795829431445e-13,-2.302262549812382e-16,3.4088366623798855e-15,6.184617163014494e-13,-0.00013741804286837578,0.00010067958646686748,0.0006184616941027343,0.00399945791097511,7.625314901815727e-05,0.0006418228149414062,0.00011342703510308638,0.0,0.0,0.0,anisotropic
59,6.67775730545106e-12,0.01590488664805889,0.9827645421028137,0.996317982673645,0.9920791387557983,0.004796357825398445,-1.3743623209980238e-13,1.0060422411589318e-13,-2.299798213331464e-16,3.407360495711058e-15,6.181921294312609e-13,-0.00013743623276241124,0.00010060422209789976,0.0006181921344250441,0.004055204732932065,7.557527715107426e-05,0.0006485581398010254,0.00011256551806582138,0.0,0.0,0.0,anisotropic
60,6.674352910629455e-12,0.015902811661362648,0.9825897216796875,0.996320903301239,0.9920536279678345,0.0048638153821229935,-1.3745471774684326e-13,1.005294683761003e-13,-2.2973542585808394e-16,3.4059025402505966e-15,6.179257951675898e-13,-0.00013745471369475126,0.00010052946890937164,0.000617925834376365,0.004110787387947306,7.491321593988687e-05,0.0006343722343444824,0.00011174943938385695,0.0,0.0,0.0,anisotropic
61,6.6709623935956586e-12,0.01590072177350521,0.9824135899543762,0.9963235855102539,0.992027997970581,0.004931258503347635,-1.3747362352222597e-13,1.0045551223540963e-13,-2.29492989146712e-16,3.4044642783061588e-15,6.176631471913052e-13,-0.0001374736166326329,0.00010045550880022347,0.0006176631432026625,0.0041661056386101784,7.4260555265937e-05,0.000605165958404541,0.00011085117876064032,0.0,0.0,0.0,anisotropic
62,6.667582284902718e-12,0.015898602083325386,0.9822389483451843,0.9963265657424927,0.9920023679733276,0.004998515360057354,-1.3749285455826044e-13,1.0038234214129402e-13,-2.2925224650123456e-16,3.4030438040536133e-15,6.174035891912122e-13,-0.0001374928542645648,0.00010038234177045524,0.0006174035952426493,0.004220887566045299,7.372724212473258e-05,0.0006213784217834473,0.00011009541049133986,0.0,0.0,0.0,anisotropic
63,6.664216921359323e-12,0.01589645817875862,0.9820674657821655,0.996330201625824,0.9919764995574951,0.005065531935542822,-1.3751222111956646e-13,1.003098496735362e-13,-2.2901309204253323e-16,3.4016394234270657e-15,6.171470669572021e-13,-0.00013751222286373377,0.00010030985140474513,0.0006171470158733428,0.0042749529888618685,7.342213211813942e-05,0.0006390810012817383,0.00010981454397551715,0.0,0.0,0.0,anisotropic
64,6.6608637008802596e-12,0.015894314274191856,0.981898307800293,0.9963343739509583,0.9919503927230835,0.005132428370416164,-1.375318587314156e-13,1.0023796029323684e-13,-2.287753404821508e-16,3.400249654118858e-15,6.168932010185146e-13,-0.00013753185339737684,0.00010023795766755939,0.0006168931722640991,0.0043284287609232745,7.327018829528242e-05,0.0006272196769714355,0.00011006394197465852,0.0,0.0,0.0,anisotropic
65,6.657522189784659e-12,0.01589220017194748,0.9817287921905518,0.9963386654853821,0.9919241070747375,0.005199415143579245,-1.3755156410590053e-13,1.0016645038369784e-13,-2.2853917710854445e-16,3.398875554920175e-15,6.16642099795367e-13,-0.00013755157124251127,0.00010016644955612719,0.0006166421226225793,0.004381640445031604,7.313785317819566e-05,0.0006462335586547852,0.00011057700612582266,0.0,0.0,0.0,anisotropic
66,6.65419325543426e-12,0.015890132635831833,0.9815573692321777,0.996342658996582,0.9918978214263916,0.005266649182885885,-1.3757145921576563e-13,1.0009519119591123e-13,-2.283044695728162e-16,3.3975150082486477e-15,6.163935464473247e-13,-0.00013757146371062845,0.00010009518882725388,0.0006163935759104788,0.004434806051053437,7.287172775249928e-05,0.0006987452507019043,0.00011093467765022069,0.0,0.0,0.0,anisotropic
67,6.650874729424716e-12,0.015888113528490067,0.9813843965530396,0.9963465332984924,0.9918714761734009,0.005334062967449427,-1.3759096130234322e-13,1.0002379648285306e-13,-2.2807097964694964e-16,3.3961622966318826e-15,6.161464567722152e-13,-0.00013759096327703446,0.00010002379713114351,0.0006161464261822402,0.004487883975394338,7.239910337375477e-05,0.0007406473159790039,0.00011090488987974823,0.0,0.0,0.0,anisotropic
68,6.647567479117766e-12,0.01588614657521248,0.98121178150177,0.9963506460189819,0.991844892501831,0.0054014865309000015,-1.3760989418278025e-13,9.995191387881727e-14,-2.2783873380072435e-16,3.3948129731469065e-15,6.158998549880834e-13,-0.00013760989531874657,9.995191066991538e-05,0.0006158998585306108,0.004540655556002828,7.185816502897069e-05,0.0007785558700561523,0.0001106679774238728,0.0,0.0,0.0,anisotropic
69,6.6442719381942794e-12,0.01588422805070877,0.9810407161712646,0.9963551759719849,0.9918181896209717,0.005468841176480055,-1.3762802746411507e-13,9.987931299084221e-14,-2.276073085176667e-16,3.3934611085630886e-15,6.156529279432998e-13,-0.0001376280270051211,9.987931116484106e-05,0.000615652883425355,0.0045929917203022365,7.133652979973704e-05,0.0008161664009094238,0.00011051331966882572,0.0,0.0,0.0,anisotropic
70,6.640985504569041e-12,0.01588236540555954,0.9808707237243652,0.9963598251342773,0.991791307926178,0.005536211188882589,-1.3764561864436364e-13,9.98061090154087e-14,-2.2737662438843793e-16,3.392107761671613e-15,6.154057298479731e-13,-0.0001376456202706322,9.980610775528476e-05,0.0006154056754894555,0.004645025882578312,7.087457197485492e-05,0.0008267760276794434,0.000110460830910597,0.0,0.0,0.0,anisotropic
71,6.637706877199445e-12,0.01588054746389389,0.9807002544403076,0.9963642954826355,0.9917643070220947,0.005603776779025793,-1.3766283035385185e-13,9.973255945053272e-14,-2.27146681413038e-16,3.3907542030219007e-15,6.151584775425378e-13,-0.00013766283518634737,9.973256237572059e-05,0.000615158467553556,0.004697005322261116,7.040315540507436e-05,0.0008082985877990723,0.00011023606202797964,0.0,0.0,0.0,anisotropic
72,6.634436056085491e-12,0.015878764912486076,0.9805285334587097,0.9963683485984802,0.9917373061180115,0.005671596620231867,-1.376799336431228e-13,9.965903699071105e-14,-2.269173207727893e-16,3.389401914921609e-15,6.149113878674284e-13,-0.0001376799336867407,9.965903882402927e-05,0.0006149114342406392,0.004749032955153369,6.980686157476157e-05,0.0007982850074768066,0.00010950933210551739,0.0,0.0,0.0,anisotropic
73,6.6311747759506545e-12,0.015877000987529755,0.9803562164306641,0.9963721632957458,0.9917102456092834,0.005739597603678703,-1.3769679298690496e-13,9.958575847637818e-14,-2.266883571792346e-16,3.3880487797883704e-15,6.146642439822103e-13,-0.00013769679935649037,9.958575537893921e-05,0.0006146642845124006,0.004800995294911972,6.906594353495166e-05,0.0007793307304382324,0.00010828753875102848,0.0,0.0,0.0,anisotropic
74,6.627923036794936e-12,0.01587524823844433,0.9801840782165527,0.9963760375976562,0.9916830062866211,0.005807648412883282,-1.3771342193772546e-13,9.95129475242322e-14,-2.2645952593457793e-16,3.386694374105711e-15,6.144168290464491e-13,-0.00013771341764368117,9.951294487109408e-05,0.0006144168437458575,0.0048527130845434,6.835084059275687e-05,0.0008039474487304688,0.00010697792458813637,0.0,0.0,0.0,anisotropic
75,6.624679971256597e-12,0.0158734992146492,0.9800108671188354,0.9963799118995667,0.991655707359314,0.005875755101442337,-1.3772952233998687e-13,9.944067867317247e-14,-2.2623069468992126e-16,3.385336580291262e-15,6.141689262197103e-13,-0.00013772952661383897,9.944068006007001e-05,0.0006141688791103661,0.004904185968214951,6.777609814889729e-05,0.0008096694946289062,0.0001059746791725047,0.0,0.0,0.0,anisotropic
76,6.621442109888687e-12,0.01587175391614437,0.9798368215560913,0.9963834881782532,0.9916283488273621,0.005944016855210066,-1.3774508064116203e-13,9.936899258078044e-14,-2.260017310963666e-16,3.383974763070314e-15,6.139201018211249e-13,-0.0001377450826112181,9.936899004969746e-05,0.000613920099567622,0.004955602466536571,6.733053305651993e-05,0.0007961392402648926,0.00010533990280237049,0.0,0.0,0.0,anisotropic
77,6.618207717967728e-12,0.015869993716478348,0.9796603322029114,0.996386706829071,0.9916009902954102,0.006012515164911747,-1.3775975802807205e-13,9.92978350369475e-14,-2.257724233956771e-16,3.3826068048604984e-15,6.136703558506929e-13,-0.0001377597509417683,9.929783846018836e-05,0.0006136703304946423,0.005007110359633669,6.69589644530788e-05,0.0007837414741516113,0.00010483621008461341,0.0,0.0,0.0,anisotropic
78,6.614976795493721e-12,0.015868203714489937,0.9794818758964539,0.9963895678520203,0.991573691368103,0.006081154104322195,-1.3777332410775528e-13,9.92268807810219e-14,-2.2554282452741197e-16,3.3812297410464997e-15,6.134188209466762e-13,-0.00013777332787867635,9.922688332153484e-05,0.0006134188733994961,0.0050586471911861445,6.659315840806812e-05,0.0007717609405517578,0.00010429183021187782,0.0,0.0,0.0,anisotropic
79,6.611748908785797e-12,0.015866383910179138,0.9793031215667725,0.9963924288749695,0.9915463328361511,0.0061497678980231285,-1.3778552138219574e-13,9.91558655387241e-14,-2.2531309331024884e-16,3.3798406070130026e-15,6.131651718484232e-13,-0.00013778552238363773,9.91558626992628e-05,0.0006131652044132352,0.005110024630111271,6.624822708545253e-05,0.0007579922676086426,0.00010387979273218662,0.0,0.0,0.0,anisotropic
80,6.608521889439611e-12,0.015864549204707146,0.9791248440742493,0.9963953495025635,0.9915189743041992,0.0062182629480957985,-1.377961465634861e-13,9.908448437819309e-14,-2.250832562139673e-16,3.3784377086941127e-15,6.129090290851735e-13,-0.00013779614528175443,9.908448555506766e-05,0.000612909032497555,0.005161161468653707,6.602888606721535e-05,0.0007307529449462891,0.00010386782378191128,0.0,0.0,0.0,anisotropic
81,6.6052979058595085e-12,0.01586272194981575,0.9789458513259888,0.9963982105255127,0.9914915561676025,0.006286676973104477,-1.3780547070216947e-13,9.901280506206464e-14,-2.248535779363634e-16,3.3770212578480667e-15,6.126503926569271e-13,-0.00013780547305941582,9.901280282065272e-05,0.0006126504158601165,0.005212186333375158,6.588583346456289e-05,0.0007277727127075195,0.00010423809726489708,0.0,0.0,0.0,anisotropic
82,6.6020756570028816e-12,0.015860917046666145,0.9787646532058716,0.996400773525238,0.9914642572402954,0.006355103105306625,-1.378137919538433e-13,9.894101054945537e-14,-2.246242967054535e-16,3.3755946426066536e-15,6.123899672950961e-13,-0.00013781379675492644,9.894101094687358e-05,0.0006123899947851896,0.005263263506174113,6.573155405931175e-05,0.0007655620574951172,0.00010467388347024098,0.0,0.0,0.0,anisotropic
83,6.5988555765506e-12,0.015859141945838928,0.978581428527832,0.9964030385017395,0.9914370179176331,0.006423509679734707,-1.3782132715894208e-13,9.886924991816398e-14,-2.243954389910172e-16,3.374158286486347e-15,6.121277529996805e-13,-0.0001378213200950995,9.886924817692488e-05,0.0006121277692727745,0.005314385686564734,6.55410549370572e-05,0.000802159309387207,0.00010492965520825237,0.0,0.0,0.0,anisotropic
84,6.595638098183532e-12,0.01585739478468895,0.9783977270126343,0.996405303478241,0.9914097785949707,0.006491849664598703,-1.378283202629546e-13,9.879764514093489e-14,-2.2416705773261377e-16,3.3727140953112786e-15,6.118642376616579e-13,-0.00013782831956632435,9.87976454780437e-05,0.0006118642049841583,0.005365412318221275,6.537826266139746e-05,0.0008369684219360352,0.00010515008762013167,0.0,0.0,0.0,anisotropic
85,6.592424522944285e-12,0.01585567556321621,0.9782140851020813,0.996407687664032,0.9913824796676636,0.006560112349689007,-1.378348932386253e-13,9.872635207183039e-14,-2.2393904705112475e-16,3.371263127872632e-15,6.115994212810283e-13,-0.00013783489703200758,9.872635564533994e-05,0.0006115994183346629,0.005416266123817549,6.528467201860622e-05,0.0008627772331237793,0.00010562899115029722,0.0,0.0,0.0,anisotropic
86,6.5892152845137275e-12,0.01585397869348526,0.9780293703079224,0.9964099526405334,0.9913550615310669,0.006628410425037146,-1.3784108674353562e-13,9.865549945985846e-14,-2.2371156576522777e-16,3.3698077135110123e-15,6.11333845958878e-13,-0.00013784108159597963,9.865550237009302e-05,0.0006113338749855757,0.005467056779874474,6.527567893499509e-05,0.0008934140205383301,0.00010640504478942603,0.0,0.0,0.0,anisotropic
87,6.586007347125777e-12,0.01585228741168976,0.9778426885604858,0.9964120984077454,0.9913276433944702,0.00669688219204545,-1.378469278827399e-13,9.858500598985617e-14,-2.2348466681448203e-16,3.3683510285999717e-15,6.110679453760759e-13,-0.00013784693146590143,9.85850056167692e-05,0.000611067982390523,0.005517930504021872,6.531925464514643e-05,0.0009199976921081543,0.00010723082959884778,0.0,0.0,0.0,anisotropic
88,6.582801144461303e-12,0.015850581228733063,0.977654755115509,0.996414065361023,0.9913001656532288,0.006765580736100674,-1.378522269208579e-13,9.851470903149764e-14,-2.232583237291079e-16,3.3668918025900893e-15,6.108016111124048e-13,-0.00013785222836304456,9.851471259025857e-05,0.0006108016241341829,0.005568898584058647,6.535374996019527e-05,0.0009496212005615234,0.00010790100350277498,0.0,0.0,0.0,anisotropic
89,6.579596242839436e-12,0.015848850831389427,0.9774673581123352,0.9964160919189453,0.9912725687026978,0.006834489293396473,-1.3785663149218363e-13,9.844449338830205e-14,-2.2303277473712186e-16,3.365430458997839e-15,6.105351142184079e-13,-0.00013785663759335876,9.844449232332408e-05,0.0006105350912548602,0.00561988125551595,6.536076398333535e-05,0.0009663701057434082,0.00010847776138689369,0.0,0.0,0.0,anisotropic
90,6.576391341217569e-12,0.01584709621965885,0.9772806167602539,0.9964181184768677,0.991244912147522,0.006903667468577623,-1.3786022291188e-13,9.837414899609848e-14,-2.2280801983852385e-16,3.3639680566144043e-15,6.102682378536506e-13,-0.00013786021736450493,9.837414836511016e-05,0.0006102682673372328,0.005670885395707957,6.535545253427699e-05,0.0009736418724060059,0.00010907951946137473,0.0,0.0,0.0,anisotropic
91,6.573185572233964e-12,0.015845321118831635,0.9770931005477905,0.9964199662208557,0.9912170171737671,0.0069732083939015865,-1.3786291986478405e-13,9.83036487498326e-14,-2.225842178519915e-16,3.3625048071980225e-15,6.10001253068676e-13,-0.0001378629240207374,9.830365161178634e-05,0.0006100012105889618,0.005722045076132472,6.528501398861408e-05,0.0009647607803344727,0.0001095944971893914,0.0,0.0,0.0,anisotropic
92,6.569979803250359e-12,0.015843527391552925,0.9769036173820496,0.9964215159416199,0.9911890625953674,0.007043191231787205,-1.3786519668934627e-13,9.823320271367536e-14,-2.2236152759620242e-16,3.3610430400892984e-15,6.097345393342446e-13,-0.00013786519411951303,9.823320579016581e-05,0.0006097346195019782,0.005773449192958909,6.509212107630447e-05,0.0009676814079284668,0.00010974599717883393,0.0,0.0,0.0,anisotropic
93,6.566770131138933e-12,0.015841716900467873,0.9767125248908997,0.9964228868484497,0.991161048412323,0.007113567087799311,-1.3786722956841968e-13,9.816267536235518e-14,-2.221396843733606e-16,3.359581696497048e-15,6.094679340200304e-13,-0.000137867231387645,9.816267265705392e-05,0.0006094679702073336,0.005825008011461316,6.478139403043315e-05,0.0009596347808837891,0.00010942531662294641,0.0,0.0,0.0,anisotropic
94,6.5635595916657685e-12,0.01583990454673767,0.976520836353302,0.9964241981506348,0.991132915019989,0.007184245157986879,-1.3786942507781896e-13,9.809222254993435e-14,-2.2191874112302524e-16,3.3581214116959815e-15,6.092015997563593e-13,-0.0001378694287268445,9.809221955947578e-05,0.0006092015537433326,0.005876557721789252,6.437231786549091e-05,0.0009329915046691895,0.00010881930938921869,0.0,0.0,0.0,anisotropic
95,6.5603460164265215e-12,0.015838101506233215,0.9763288497924805,0.996425449848175,0.9911046028137207,0.007255174219608307,-1.3787208137314155e-13,9.802179684256784e-14,-2.2169840667762071e-16,3.356662397444336e-15,6.089354281230142e-13,-0.00013787207717541605,9.80217955657281e-05,0.0006089354283176363,0.0059280337611506,6.3910469179973e-05,0.0008889436721801758,0.00010809858940774575,0.0,0.0,0.0,anisotropic
96,6.5571302727829295e-12,0.015836317092180252,0.9761360287666321,0.9964266419410706,0.9910761713981628,0.007326341699808836,-1.3787534753218617e-13,9.795133725388344e-14,-2.2147878691626544e-16,3.3552065595662426e-15,6.086697985907552e-13,-0.00013787535135634243,9.795133519219235e-05,0.0006086697685532272,0.0059794709355592435,6.341329572023824e-05,0.0008317828178405762,0.00010721265425672755,0.0,0.0,0.0,anisotropic
97,6.5539132280967305e-12,0.01583455130457878,0.9759425520896912,0.9964277744293213,0.9910476207733154,0.007397695444524288,-1.378793184226429e-13,9.788072858740032e-14,-2.2125956420160418e-16,3.3537528392705174e-15,6.084046027393653e-13,-0.00013787932402919978,9.788072929950431e-05,0.0006084046326577663,0.006030839646050865,6.288897566264495e-05,0.0008044242858886719,0.00010606669820845127,0.0,0.0,0.0,anisotropic
98,6.5506948823679245e-12,0.015832800418138504,0.9757493734359741,0.9964290261268616,0.9910188913345337,0.007469123229384422,-1.378838178616587e-13,9.780978788400188e-14,-2.2104071206385735e-16,3.352302930623055e-15,6.081401116193874e-13,-0.00013788382057100534,9.780978871276602e-05,0.0006081401370465755,0.006082011933006541,6.237105117179453e-05,0.000760495662689209,0.00010477239266037941,0.0,0.0,0.0,anisotropic
99,6.5474765366391185e-12,0.015831058844923973,0.9755571484565735,0.9964304566383362,0.9909900426864624,0.00754053657874465,-1.3788843927341893e-13,9.773844060478876e-14,-2.2082217756346574e-16,3.3508564101073814e-15,6.078762710207131e-13,-0.00013788843352813274,9.773844067240134e-05,0.0006078762817196548,0.00613290600881746,6.187650433275849e-05,0.0007143020629882812,0.0001035425957525149,0.0,0.0,0.0,anisotropic
100,6.5442573235485746e-12,0.015829317271709442,0.9753655195236206,0.9964321851730347,0.9909610748291016,0.007611903361976147,-1.3789311489528777e-13,9.766666642097022e-14,-2.2060382835153134e-16,3.3494124306905496e-15,6.076128098927991e-13,-0.00013789311924483627,9.766666335053742e-05,0.0006076127756386995,0.006183569765854084,6.140184996183962e-05,0.0007163286209106445,0.000102433972642757,0.0,0.0,0.0,anisotropic
101,6.541036809415424e-12,0.015827568247914314,0.975174069404602,0.9964339137077332,0.9909319877624512,0.007683216128498316,-1.3789768209693937e-13,9.75945466477092e-14,-2.2038566442805416e-16,3.347970568856086e-15,6.073497824457541e-13,-0.00013789768854621798,9.759454405866563e-05,0.0006073497934266925,0.006234073424252649,6.0949812905164436e-05,0.0007216334342956543,0.00010136805212823674,0.0,0.0,0.0,anisotropic
102,6.537812392154452e-12,0.01582580804824829,0.9749831557273865,0.9964357614517212,0.9909029006958008,0.007754401303827763,-1.3790203245815646e-13,9.752225069159515e-14,-2.2016768579303419e-16,3.3465284952633855e-15,6.070867007886005e-13,-0.00013790203956887126,9.75222501438111e-05,0.0006070867530070245,0.006284373119623132,6.054778350517154e-05,0.0007214546203613281,0.00010036083403974771,0.0,0.0,0.0,anisotropic
103,6.534584505446528e-12,0.015824034810066223,0.9747936725616455,0.9964378476142883,0.9908738136291504,0.00782536156475544,-1.3790616597893907e-13,9.744975822383733e-14,-2.19949654218455e-16,3.3450838805718433e-15,6.068232396606865e-13,-0.00013790617231279612,9.7449759778101e-05,0.0006068232469260693,0.00633439024126268,6.019212014507502e-05,0.0007146596908569336,9.956611029338092e-05,0.0,0.0,0.0,anisotropic
104,6.531348378802093e-12,0.015822257846593857,0.9746052622795105,0.9964401125907898,0.9908446073532104,0.007896068505942822,-1.3790986581885267e-13,9.737715733586227e-14,-2.1973159617409623e-16,3.343631642583776e-15,6.065583148598397e-13,-0.00013790986849926412,9.737716027302667e-05,0.0006065583438612521,0.006384156548293235,5.98980113863945e-05,0.0007003545761108398,9.90727567113936e-05,0.0,0.0,0.0,anisotropic
105,6.528100109093327e-12,0.01582047902047634,0.9744171500205994,0.9964424967765808,0.9908154606819153,0.007966531440615654,-1.3791326750316885e-13,9.730457677667795e-14,-2.1951343225061904e-16,3.3421692402003413e-15,6.062916011254083e-13,-0.00013791327364742756,9.730457531986758e-05,0.0006062915781512856,0.006433796266034792,5.9671419876394793e-05,0.0006928443908691406,9.880244761006907e-05,0.0,0.0,0.0,anisotropic
106,6.524834925830669e-12,0.015818696469068527,0.9742289185523987,0.9964450001716614,0.9907864332199097,0.008036743849515915,-1.3791635747936043e-13,9.723177260079555e-14,-2.1929513597824385e-16,3.3406920147403298e-15,6.06022122675437e-13,-0.00013791635865345597,9.723177208798006e-05,0.0006060221348889172,0.0064833940296520525,5.9494490415090695e-05,0.0007244348526000977,9.868048800854012e-05,0.0,0.0,0.0,anisotropic
107,6.521541119630658e-12,0.015816912055015564,0.9740411043167114,0.9964476823806763,0.990757405757904,0.00810666661709547,-1.3791889180193861e-13,9.71587990183237e-14,-2.1907641618939503e-16,3.339191072357795e-15,6.057484700471016e-13,-0.0001379188906867057,9.715880150906742e-05,0.0006057484424673021,0.006533000415946565,5.934933142270893e-05,0.0007728338241577148,9.880341531243175e-05,0.0,0.0,0.0,anisotropic
108,6.518205680067224e-12,0.015815123915672302,0.9738538265228271,0.9964503645896912,0.9907284379005432,0.008176295086741447,-1.379210873113379e-13,9.708554760904514e-14,-2.1885721994451338e-16,3.3376585779979753e-15,6.054690711472521e-13,-0.0001379210880259052,9.708554716780782e-05,0.0006054690456949174,0.006582798407568282,5.9272904763929546e-05,0.000933527946472168,9.941266034729779e-05,0.0,0.0,0.0,anisotropic
109,6.514804754692571e-12,0.015813341364264488,0.9736663699150085,0.9964531660079956,0.9906995892524719,0.008245639503002167,-1.3792272716712378e-13,9.701223521339439e-14,-2.1863696490844766e-16,3.3360794968260565e-15,6.051812154704572e-13,-0.000137922732392326,9.70122346188873e-05,0.0006051812670193613,0.006633160374506219,5.929169128648937e-05,0.001323103904724121,0.00010090144496643916,0.0,0.0,0.0,anisotropic
110,6.511305383760657e-12,0.01581156998872757,0.9734788537025452,0.9964559078216553,0.9906708002090454,0.008314712904393673,-1.3792394689456783e-13,9.693911255312382e-14,-2.1841485698780982e-16,3.3344311707106996e-15,6.048808372585701e-13,-0.00013792394020128995,9.693911124486476e-05,0.0006048808572813869,0.00668455979169042,5.944140866631642e-05,0.0018988847732543945,0.00010410850518383086,0.0,0.0,0.0,anisotropic
111,6.507663765503713e-12,0.01580982655286789,0.9732919335365295,0.9964587092399597,0.9906421303749084,0.008383492939174175,-1.379244483380726e-13,9.686651844141234e-14,-2.181899432705342e-16,3.332679083059304e-15,6.04561702349099e-13,-0.00013792444951832294,9.686651901574805e-05,0.0006045617046765983,0.006737445891469856,5.978820991003886e-05,0.0026473402976989746,0.00011036321666324511,0.0,0.0,0.0,anisotropic
112,6.503832628707018e-12,0.015808124095201492,0.9731064438819885,0.9964616894721985,0.9906132817268372,0.008452095091342926,-1.3792385202687774e-13,9.679496109802829e-14,-2.1796140319345315e-16,3.3307870232133748e-15,6.042172513189004e-13,-0.00013792385288979858,9.679495997261256e-05,0.0006042172899469733,0.006791846091202134,6.029741052770987e-05,0.003309965133666992,0.00011913146590813994,0.0,0.0,0.0,anisotropic
113,6.499820646987953e-12,0.015806475654244423,0.9729229807853699,0.9964647889137268,0.990584135055542,0.008520877920091152,-1.3792221217109185e-13,9.672450150934389e-14,-2.1773005731973432e-16,3.328757955788227e-15,6.038480262690604e-13,-0.00013792220852337778,9.672449959907681e-05,0.0006038480205461383,0.0068471329831441465,6.075137571315281e-05,0.0034036636352539062,0.0001232502982020378,0.0,0.0,0.0,anisotropic
114,6.495774404480237e-12,0.015804877504706383,0.97274249792099,0.9964680671691895,0.9905544519424438,0.00859033316373825,-1.3792069428805037e-13,9.665369633121701e-14,-2.1749832763421126e-16,3.3266878072651376e-15,6.034713202242303e-13,-0.00013792069512419403,9.665369725553319e-05,0.0006034713005647063,0.006904319144841959,6.10692732152529e-05,0.0026664137840270996,0.00011619953147601336,0.0,0.0,0.0,anisotropic
115,6.4919077058522845e-12,0.015803303569555283,0.9725655913352966,0.9964715242385864,0.9905242919921875,0.008660499937832355,-1.3792227993372763e-13,9.657884572373404e-14,-2.1726261424685815e-16,3.324710832366246e-15,6.031114193130738e-13,-0.00013792228128295392,9.657884220359847e-05,0.0006031114025972784,0.006962822023778583,6.198478513397276e-05,0.0019208192825317383,0.00011260316387051716,0.0,0.0,0.0,anisotropic
116,6.488283868510969e-12,0.01580168679356575,0.9723828434944153,0.9964748024940491,0.9904941320419312,0.008730816654860973,-1.3792905619730567e-13,9.649706299861074e-14,-2.170153468007089e-16,3.3228632417500476e-15,6.027747203284084e-13,-0.00013792906247545034,9.649706044001505e-05,0.0006027747294865549,0.007013290386831702,6.334764475468546e-05,0.002406775951385498,0.00011931674816878513,0.0,0.0,0.0,anisotropic
117,6.484900290371076e-12,0.01579992100596428,0.9721910357475281,0.9964772462844849,0.9904647469520569,0.00880089309066534,-1.3794003374430208e-13,9.64103878111841e-14,-2.167672190867226e-16,3.3211763756355907e-15,6.024671863821829e-13,-0.00013794003461953253,9.64103892329149e-05,0.000602467218413949,0.007058028701121358,6.303472036961466e-05,0.0023917555809020996,0.0001190623952425085,0.0,0.0,0.0,anisotropic
118,6.481696256110947e-12,0.015797942876815796,0.9719932079315186,0.996479332447052,0.9904360771179199,0.00887077022343874,-1.3795126878931446e-13,9.632350933585013e-14,-2.1653433796578686e-16,3.3196570102864533e-15,6.021899016765697e-13,-0.00013795126869808882,9.632350702304393e-05,0.0006021899753250182,0.0071079418114557095,6.143050995888188e-05,0.001919388771057129,0.00010898630716837943,0.0,0.0,0.0,anisotropic
119,6.478427169720469e-12,0.015795830637216568,0.9717898964881897,0.9964817762374878,0.9904074668884277,0.008940733969211578,-1.3795888530957617e-13,9.624022905647608e-14,-2.1631003305344208e-16,3.3181429388932362e-15,6.019138095933463e-13,-0.00013795887934975326,9.624022641219199e-05,0.0006019137799739838,0.00716119728872913,6.06812427577097e-05,0.0012257695198059082,0.00010461867350386456,0.0,0.0,0.0,anisotropic
120,6.474891803276428e-12,0.015793750062584877,0.9715890884399414,0.9964839220046997,0.9903784990310669,0.009011414833366871,-1.3796225988883803e-13,9.61617734767696e-14,-2.1607905775663768e-16,3.3164827543166178e-15,6.016112629771142e-13,-0.00013796225539408624,9.616177703719586e-05,0.0006016112165525556,0.007211876890621258,6.221787771210074e-05,0.0014490485191345215,0.00011023232946172357,0.0,0.0,0.0,anisotropic
121,6.471153474185698e-12,0.015791814774274826,0.9713767170906067,0.9964849948883057,0.9903494119644165,0.009083651937544346,-1.3796463158109035e-13,9.60869635268681e-14,-2.1583992976771595e-16,3.314723043368697e-15,6.01290555974493e-13,-0.00013796462735626847,9.608696564100683e-05,0.0006012905505485833,0.0072632774125868755,6.331819167826325e-05,0.0012091994285583496,0.00011297799210296944,0.0,0.0,0.0,anisotropic
122,6.467425119754955e-12,0.01579001545906067,0.9711574912071228,0.9964852333068848,0.9903201460838318,0.009157542139291763,-1.3796971377877387e-13,9.601239074619183e-14,-2.1560148999306386e-16,3.313008860441691e-15,6.009780889083827e-13,-0.0001379697205265984,9.601239435141906e-05,0.0006009780918247998,0.007318928540810627,6.334279896691442e-05,0.0011571645736694336,0.00011085636651841924,0.0,0.0,0.0,anisotropic
123,6.46381819596753e-12,0.01578826829791069,0.9709409475326538,0.9964857697486877,0.9902903437614441,0.00923185795545578,-1.3797897015482147e-13,9.593498548733995e-14,-2.153695220795244e-16,3.311390392237725e-15,6.006830232871407e-13,-0.00013797897554468364,9.593498543836176e-05,0.0006006830371916294,0.007373220675726018,6.290920282481238e-05,0.0017057061195373535,0.00011154706589877605,0.0,0.0,0.0,anisotropic
124,6.460277191672192e-12,0.015786461532115936,0.970730185508728,0.9964866638183594,0.9902605414390564,0.00930523406714201,-1.3799177729298395e-13,9.585416499164473e-14,-2.1514536275096742e-16,3.309810464032859e-15,6.0039500498002e-13,-0.0001379917812300846,9.585416410118341e-05,0.0006003949674777687,0.007426181345438686,6.182055221870542e-05,0.0026020407676696777,0.00011514359357533976,0.0,0.0,0.0,anisotropic
125,6.456563148710126e-12,0.015784570947289467,0.9705213904380798,0.9964879155158997,0.9902312755584717,0.009377150796353817,-1.3800587192122626e-13,9.577083050216206e-14,-2.149218784017903e-16,3.30810178682001e-15,6.000837305362994e-13,-0.00013800586748402566,9.577083255862817e-05,0.0006000837311148643,0.007483325950172587,6.115908763604239e-05,0.0037879347801208496,0.00012365641305223107,0.0,0.0,0.0,anisotropic
126,6.4523334591948256e-12,0.0157826729118824,0.9703143239021301,0.9964894652366638,0.9902021884918213,0.009447828866541386,-1.380193702382737e-13,9.568591714326571e-14,-2.1468298864088498e-16,3.3060216856597904e-15,5.997052355578847e-13,-0.00013801937166135758,9.568591485731304e-05,0.0005997052066959441,0.007541558863469616,6.16680335951969e-05,0.004624545574188232,0.00013847771333530545,0.0,0.0,0.0,anisotropic
127,6.4475586328271994e-12,0.015780862420797348,0.9701109528541565,0.9964918494224548,0.9901725053787231,0.0095183365046978,-1.3803200119358316e-13,9.560063786613615e-14,-2.1442538474580127e-16,3.3035455965967292e-15,5.992548579754342e-13,-0.0001380320027237758,9.560064063407481e-05,0.0005992549122311175,0.007597747654872512,6.261334056034684e-05,0.004242599010467529,0.0001420952467015013,0.0,0.0,0.0,anisotropic
128,6.442782939097835e-12,0.01577908545732498,0.9699074029922485,0.996494472026825,0.990141749382019,0.009590767323970795,-1.3804544530052199e-13,9.551726271907202e-14,-2.1416603384526384e-16,3.3010701428083785e-15,5.988046430233096e-13,-0.00013804544869344682,9.551726543577388e-05,0.0005988046759739518,0.007660383829468033,6.409833440557122e-05,0.0026803016662597656,0.00012681109365075827,0.0,0.0,0.0,anisotropic
129,6.438618301712884e-12,0.015777166932821274,0.9696987867355347,0.996496319770813,0.9901102185249329,0.009665980003774166,-1.380617625432179e-13,9.543684879919148e-14,-2.1391529885798677e-16,3.299042134174415e-15,5.98435363763361e-13,-0.00013806176139041781,9.543685155222192e-05,0.0005984354065731168,0.007722824149836871,6.679676152998582e-05,0.0020542144775390625,0.0001257548137800768,0.0,0.0,0.0,anisotropic
130,6.435117196057494e-12,0.015774894505739212,0.9694828391075134,0.9964979290962219,0.9900792837142944,0.00974216964095831,-1.3808169831066447e-13,9.535844065333005e-14,-2.136756017688036e-16,3.2975100633310687e-15,5.981558564432943e-13,-0.00013808169751428068,9.535843855701387e-05,0.0005981558933854103,0.007770548094764521,6.669822323601693e-05,0.0019750595092773438,0.00012958059960510582,0.0,0.0,0.0,anisotropic
131,6.432046301824146e-12,0.015772199258208275,0.9692642688751221,0.996499240398407,0.9900493621826172,0.009817278943955898,-1.3810259630753913e-13,9.52820721628056e-14,-2.1345967454170276e-16,3.2963400990726737e-15,5.979419433546629e-13,-0.0001381025940645486,9.52820701058954e-05,0.0005979419802315533,0.007819757979830049,6.495890556834638e-05,0.0016995668411254883,0.0001231266069225967,0.0,0.0,0.0,anisotropic
132,6.42895285618561e-12,0.015769362449645996,0.9690527319908142,0.9965007901191711,0.9900192022323608,0.00989055261015892,-1.3812079735150973e-13,9.520608314304152e-14,-2.132542558171038e-16,3.2951955458026963e-15,5.977328549656991e-13,-0.0001381207985104993,9.520608000457287e-05,0.0005977328401058912,0.00787197397201571,6.509004015242681e-05,0.0014836788177490234,0.00011880611418746412,0.0,0.0,0.0,anisotropic
133,6.425547594002268e-12,0.01576685532927513,0.9688522815704346,0.9965022206306458,0.9899884462356567,0.009962126612663269,-1.3813603039203315e-13,9.512821709826633e-14,-2.1303720362436987e-16,3.2938155173733823e-15,5.974809948010307e-13,-0.0001381360343657434,9.512821998214349e-05,0.0005974809755571187,0.007921249706806488,6.415344250854105e-05,0.0013904571533203125,0.00011822122905869037,0.0,0.0,0.0,anisotropic
134,6.421922021937476e-12,0.01576491817831993,0.9686508774757385,0.9965068101882935,0.9899575114250183,0.010033868253231049,-1.3814979975962371e-13,9.504734239246249e-14,-2.1280445485233215e-16,3.2922330480696744e-15,5.971924886029323e-13,-0.00013814980047754943,9.504734043730423e-05,0.0005971924983896315,0.007970494736263564,6.290766759775579e-05,0.0014166831970214844,0.00011803393135778606,0.0,0.0,0.0,anisotropic
135,6.418263490126641e-12,0.015763409435749054,0.9684380888938904,0.9965100288391113,0.9899262189865112,0.01010897196829319,-1.3816317610392675e-13,9.496402823177055e-14,-2.1256084023576794e-16,3.290587686569633e-15,5.968924356516969e-13,-0.0001381631736876443,9.496403072262183e-05,0.0005968924378976226,0.008020812759115294,6.425060564652085e-05,0.0012464523315429688,0.00011858042125822976,0.0,0.0,0.0,anisotropic
136,6.414672612531369e-12,0.01576191931962967,0.9682160019874573,0.9965111613273621,0.9898937940597534,0.010188374668359756,-1.3817653889570264e-13,9.488198800863129e-14,-2.1231346691050028e-16,3.2889675242997723e-15,5.965968279293687e-13,-0.00013817653234582394,9.48819870245643e-05,0.000596596859395504,0.008073665805319895,6.554307037731633e-05,0.0012912750244140625,0.00011943854769924656,0.0,0.0,0.0,anisotropic
137,6.4111311745551625e-12,0.015760069712996483,0.9679929614067078,0.9965114593505859,0.9898608922958374,0.010269831866025925,-1.381908639169066e-13,9.480536202009088e-14,-2.120675097184413e-16,3.287366208512988e-15,5.963046896539925e-13,-0.00013819086598232388,9.480536391492933e-05,0.0005963047151453793,0.008126906491861277,6.481791206169873e-05,0.0016289353370666504,0.00011960054689552635,0.0,0.0,0.0,anisotropic
138,6.407626165771951e-12,0.01575774885714054,0.9677741527557373,0.9965121746063232,0.9898281097412109,0.010350718162953854,-1.3820745221014563e-13,9.473427223889372e-14,-2.1182668766362507e-16,3.2857824686598593e-15,5.960158581952424e-13,-0.00013820745516568422,9.473427053308114e-05,0.0005960158305242658,0.008179415446368745,6.265260162763298e-05,0.0015630722045898438,0.00011547032045200467,0.0,0.0,0.0,anisotropic
139,6.404204423715587e-12,0.015755143016576767,0.9675607681274414,0.996514081954956,0.989795446395874,0.01042977999895811,-1.382272660048478e-13,9.466454448667574e-14,-2.1159184777899882e-16,3.2842559035306702e-15,5.957372724470222e-13,-0.00013822726032231003,9.466454503126442e-05,0.0005957373068667948,0.008232493942964002,6.245185068110004e-05,0.0013326406478881836,0.00011212696699658409,0.0,0.0,0.0,anisotropic
140,6.400849468513048e-12,0.01575256511569023,0.9673500657081604,0.9965171813964844,0.9897628426551819,0.010506989434361458,-1.382482453168854e-13,9.459178774463839e-14,-2.1135683584080515e-16,3.282760043345819e-15,5.954643787602076e-13,-0.00013824824418406934,9.459178545512259e-05,0.0005954643711447716,0.008282086074872864,6.35592732578516e-05,0.0010467171669006348,0.00011426377022871748,0.0,0.0,0.0,anisotropic
141,6.397488008097474e-12,0.015750225633382797,0.9671360850334167,0.996520459651947,0.9897302389144897,0.010583180002868176,-1.3826602623251416e-13,9.451541925411394e-14,-2.1111840930104287e-16,3.281240254480208e-15,5.951870398444858e-13,-0.0001382660266244784,9.451541700400412e-05,0.0005951870698481798,0.00833066814189038,6.285250856308267e-05,0.0009555816650390625,0.00011448453733464703,0.0,0.0,0.0,anisotropic
142,6.394025933720293e-12,0.01574816182255745,0.9669169187545776,0.9965230822563171,0.9896978735923767,0.010659785009920597,-1.382761635228269e-13,9.443802754778921e-14,-2.1087640934103435e-16,3.2796402092428447e-15,5.948952268297614e-13,-0.00013827616930939257,9.443802991881967e-05,0.0005948951584286988,0.008381579805787047,6.181039498187602e-05,0.0009672641754150391,0.00011271841503912583,0.0,0.0,0.0,anisotropic
143,6.390451535998043e-12,0.01574627496302128,0.9666978120803833,0.9965250492095947,0.9896649718284607,0.010738097131252289,-1.3827858942518784e-13,9.436174714869128e-14,-2.106321065102005e-16,3.2779751542267796e-15,5.945915960113568e-13,-0.00013827858492732048,9.436174877919257e-05,0.000594591605477035,0.00843276225913861,6.203746306709945e-05,0.0011113882064819336,0.00011215322592761368,0.0,0.0,0.0,anisotropic
144,6.3868975212766355e-12,0.015744414180517197,0.9664806723594666,0.9965264797210693,0.9896312952041626,0.010818466544151306,-1.382795245495616e-13,9.428713371043354e-14,-2.103903844828778e-16,3.276361768220497e-15,5.942973435417442e-13,-0.00013827953080181032,9.428713383385912e-05,0.0005942973657511175,0.008485066661569797,6.282124377321452e-05,0.0011597871780395508,0.00011289495887467638,0.0,0.0,0.0,anisotropic
145,6.3834527941342145e-12,0.015742488205432892,0.9662604331970215,0.9965275526046753,0.9895976781845093,0.010899822227656841,-1.382866531788457e-13,9.421343506775884e-14,-2.101518652988869e-16,3.2748512967173057e-15,5.940217393494984e-13,-0.000138286646688357,9.421343565918505e-05,0.0005940216942690313,0.008537478460250578,6.262030365178362e-05,0.0010278820991516113,0.00011367240222170949,0.0,0.0,0.0,anisotropic
146,6.380036689929147e-12,0.015740498900413513,0.9660364389419556,0.9965288043022156,0.9895645380020142,0.010980607941746712,-1.3830199463958637e-13,9.414025819737964e-14,-2.0991211527014454e-16,3.273359671697191e-15,5.937494961839873e-13,-0.00013830199895892292,9.414026135345921e-05,0.0005937495152465999,0.008589690038136262,6.137566379038617e-05,0.0009618401527404785,0.00011148053454235196,0.0,0.0,0.0,anisotropic
147,6.376520839124211e-12,0.015738558024168015,0.9658163189888,0.996531069278717,0.9895314574241638,0.011060033924877644,-1.383209275200234e-13,9.40670338931554e-14,-2.0966728304371864e-16,3.271770637888142e-15,5.934596347331733e-13,-0.00013832093100063503,9.406703611603007e-05,0.0005934596410952508,0.008640960040479644,6.039826985215768e-05,0.001042783260345459,0.00010818499868037179,0.0,0.0,0.0,anisotropic
148,6.372924323677642e-12,0.015736736357212067,0.9656032919883728,0.996533989906311,0.9894980788230896,0.011138353496789932,-1.3833697371217618e-13,9.399273893928584e-14,-2.0942076998628804e-16,3.2700954184767097e-15,5.931541065609669e-13,-0.0001383369672112167,9.399274131283164e-05,0.0005931541090831161,0.008690998753687186,5.951971252216026e-05,0.0011103153228759766,0.00010687827307265252,0.0,0.0,0.0,anisotropic
149,6.369410641277051e-12,0.015734942629933357,0.9653900861740112,0.9965366125106812,0.9894648194313049,0.011216605082154274,-1.3834753113083076e-13,9.391592999162882e-14,-2.0918186699049292e-16,3.2684737738991913e-15,5.928584446285301e-13,-0.00013834753190167248,9.39159290282987e-05,0.0005928584723733366,0.008741695882446115,5.99610066274181e-05,0.0011690258979797363,0.0001098542197723873,0.0,0.0,0.0,anisotropic
150,6.366043976691049e-12,0.015732964500784874,0.9651696085929871,0.9965382814407349,0.9894318580627441,0.011295807547867298,-1.3835475462780494e-13,9.383681711435526e-14,-2.0895336661808127e-16,3.2669834194284974e-15,5.925865267236707e-13,-0.00013835474965162575,9.383681754115969e-05,0.0005925864679738879,0.008793170670148969,6.126635707914829e-05,0.0012320876121520996,0.00011336703028064221,0.0,0.0,0.0,anisotropic
151,6.362696827744152e-12,0.015730656683444977,0.9649428725242615,0.9965395331382751,0.9893989562988281,0.01137617789208889,-1.3836262864608262e-13,9.3757555159283e-14,-2.0872890288705888e-16,3.2655508749564535e-15,5.923251255798845e-13,-0.0001383626222377643,9.375755325891078e-05,0.0005923251737840474,0.008846308895782716,6.186043174238876e-05,0.001329183578491211,0.0001146280046668835,0.0,0.0,0.0,anisotropic
152,6.359200492578321e-12,0.015728093683719635,0.9647142291069031,0.9965407252311707,0.9893658757209778,0.011457335203886032,-1.3837459552756143e-13,9.367983141604294e-14,-2.084982319927199e-16,3.264045273892709e-15,5.920504971695939e-13,-0.00013837459846399724,9.367983147967607e-05,0.0005920504918321967,0.008899470222868442,6.213411688804626e-05,0.0014092326164245605,0.00011565152817638591,0.0,0.0,0.0,anisotropic
153,6.355571451066577e-12,0.01572549156844616,0.9644853472709656,0.9965420365333557,0.9893324375152588,0.011538855731487274,-1.3839176657946817e-13,9.360361200331721e-14,-2.0826003044608423e-16,3.2624604752483962e-15,5.917614488704093e-13,-0.00013839176972396672,9.360360854770988e-05,0.0005917614325881004,0.008952255649313682,6.192451110109687e-05,0.0014500021934509277,0.0001157416045316495,0.0,0.0,0.0,anisotropic
154,6.3519684304069735e-12,0.015723029151558876,0.9642560482025146,0.9965433478355408,0.9892987012863159,0.011620506644248962,-1.3841212247525658e-13,9.352767719366176e-14,-2.080207833431543e-16,3.2608902879224235e-15,5.914751110766558e-13,-0.0001384121278533712,9.352767665404826e-05,0.0005914751091040671,0.009004825772801116,6.156677409308031e-05,0.001432180404663086,0.00011525941226864234,0.0,0.0,0.0,anisotropic
155,6.348471227879404e-12,0.015720730647444725,0.9640265703201294,0.996544599533081,0.9892647862434387,0.011702185496687889,-1.384318007446872e-13,9.345185080422355e-14,-2.0778472584866636e-16,3.25937664004568e-15,5.911989105732152e-13,-0.00013843180204275995,9.345185389975086e-05,0.0005911989137530327,0.009057013469727346,6.104775820858777e-05,0.001415550708770752,0.00011457833898020908,0.0,0.0,0.0,anisotropic
156,6.3450074187787475e-12,0.0157184861600399,0.9637963771820068,0.9965457916259766,0.989230751991272,0.011783858761191368,-1.384483348278176e-13,9.337680368509682e-14,-2.0755041535963214e-16,3.257862568652463e-15,5.909226558596659e-13,-0.00013844833301845938,9.337680239696056e-05,0.0005909226601943374,0.009109298247671954,6.068539369152859e-05,0.0015130043029785156,0.00011395853653084487,0.0,0.0,0.0,anisotropic
157,6.341501976314667e-12,0.015716157853603363,0.9635652303695679,0.9965470433235168,0.9891970157623291,0.011865475215017796,-1.3846221261562541e-13,9.33026171514445e-14,-2.0731501960963425e-16,3.2562980987988844e-15,5.906374022680849e-13,-0.00013846221554558724,9.330261673312634e-05,0.0005906373844482005,0.009161699598941168,6.024300091667101e-05,0.0016827583312988281,0.00011350410932209343,0.0,0.0,0.0,anisotropic
158,6.337964441466282e-12,0.01571366935968399,0.9633337259292603,0.9965487122535706,0.9891631603240967,0.011947015300393105,-1.3847558895992845e-13,9.322798338439603e-14,-2.0707830037065627e-16,3.2547044063086254e-15,5.903467276656416e-13,-0.0001384755887556821,9.322797995992005e-05,0.0005903467535972595,0.009214253370529188,6.046316048013978e-05,0.0018347501754760742,0.00011490283213788643,0.0,0.0,0.0,anisotropic
159,6.334423437170944e-12,0.015711024403572083,0.9631007313728333,0.9965506792068481,0.989129364490509,0.01202855072915554,-1.3848971069322508e-13,9.315208245605847e-14,-2.0684113114542507e-16,3.253113466675445e-15,5.900565951642844e-13,-0.00013848970411345363,9.31520844460465e-05,0.0005900565884076059,0.009266614221702498,6.116517761256546e-05,0.0019749999046325684,0.00011738812463590875,0.0,0.0,0.0,anisotropic
160,6.330859014108681e-12,0.01570829190313816,0.9628650546073914,0.9965523481369019,0.9890958666801453,0.01211014948785305,-1.3850345295576133e-13,9.307570041300686e-14,-2.0660363104794884e-16,3.2515180801192915e-15,5.897657037214066e-13,-0.00013850345567334443,9.30757014430128e-05,0.0005897656665183604,0.009319668601427859,6.15483004366979e-05,0.0020772814750671387,0.00011962800635956228,0.0,0.0,0.0,anisotropic
161,6.327271605960361e-12,0.015705570578575134,0.9626282453536987,0.9965536594390869,0.9890625476837158,0.01219172216951847,-1.385156502302018e-13,9.299969784071563e-14,-2.0636623682959102e-16,3.249908929277745e-15,5.894722101933147e-13,-0.0001385156501783058,9.299969678977504e-05,0.0005894721834920347,0.009372802133160165,6.161611236166209e-05,0.002113044261932373,0.00012158184836152941,0.0,0.0,0.0,anisotropic
162,6.323710652345049e-12,0.015702910721302032,0.9623915553092957,0.9965546727180481,0.9890292882919312,0.012273157946765423,-1.3852708856312151e-13,9.292406118665761e-14,-2.0612927936259663e-16,3.248308672282145e-15,5.891803971785903e-13,-0.0001385270879836753,9.292406321037561e-05,0.0005891804466955364,0.009425998596331035,6.154229049570858e-05,0.0020856261253356934,0.00012353292549960315,0.0,0.0,0.0,anisotropic
163,6.320192633135768e-12,0.01570030301809311,0.962152361869812,0.9965553879737854,0.988996148109436,0.01235455833375454,-1.3854005833160987e-13,9.284830933611876e-14,-2.0589118369507937e-16,3.246717309132491e-15,5.888901562570159e-13,-0.00013854005374014378,9.284830593969673e-05,0.0005888901650905609,0.009479165510048557,6.1595652368851e-05,0.0024442076683044434,0.00012570350372698158,0.0,0.0,0.0,anisotropic
164,6.316649026755217e-12,0.015697717666625977,0.9619100093841553,0.996555745601654,0.9889631867408752,0.012436090968549252,-1.385549796640087e-13,9.277293695634029e-14,-2.0564886609771563e-16,3.245081688511343e-15,5.885919464494738e-13,-0.00013855498400516808,9.27729342947714e-05,0.0005885919672437012,0.009532454222936327,6.164818478282541e-05,0.0026451945304870605,0.000126905957586132,0.0,0.0,0.0,anisotropic
165,6.313040368244316e-12,0.01569514349102974,0.9616690278053284,0.99655681848526,0.9889299869537354,0.012517818249762058,-1.385701313893692e-13,9.269839128071833e-14,-2.0540260450319125e-16,3.2433751288808623e-15,5.882808888461877e-13,-0.0001385701325489208,9.26983921090141e-05,0.0005882808472961187,0.009585371897886068,6.167696847114712e-05,0.002682030200958252,0.00012712765601463616,0.0,0.0,0.0,anisotropic
166,6.309425638201249e-12,0.015692593529820442,0.9614319205284119,0.9965583086013794,0.9888961315155029,0.012599894776940346,-1.385841311499214e-13,9.262397435410435e-14,-2.0515632967377706e-16,3.2416539579320416e-15,5.879670665273617e-13,-0.0001385841314913705,9.262397361453623e-05,0.0005879671080037951,0.009638001464017552,6.153868889668956e-05,0.0025941133499145508,0.00012683503155130893,0.0,0.0,0.0,anisotropic
167,6.305866419309414e-12,0.01569005846977234,0.9611949920654297,0.996559739112854,0.988862156867981,0.012682544998824596,-1.3859748038917014e-13,9.254894756376836e-14,-2.0491286064100065e-16,3.239974503355873e-15,5.876608878338518e-13,-0.0001385974755976349,9.254894393961877e-05,0.0005876608774997294,0.009690705357449874,6.130117981228977e-05,0.0025123953819274902,0.0001259366108570248,0.0,0.0,0.0,anisotropic
168,6.302318909801041e-12,0.015687525272369385,0.9609558582305908,0.9965607523918152,0.9888283014297485,0.012765753082931042,-1.3861150725477667e-13,9.247353452640841e-14,-2.046702518760613e-16,3.2383130482298338e-15,5.87358015956968e-13,-0.00013861150364391506,9.247353591490537e-05,0.0005873580230399966,0.00974369610146872,6.0966238379478455e-05,0.0024234652519226074,0.00012392473581712693,0.0,0.0,0.0,anisotropic
169,6.298721960673603e-12,0.01568502187728882,0.9607158899307251,0.9965618252754211,0.988794207572937,0.012849395163357258,-1.3862650990233844e-13,9.23985416173903e-14,-2.0442565787765182e-16,3.236622793983588e-15,5.87049831489439e-13,-0.0001386265066685155,9.239854261977598e-05,0.0005870498716831207,0.009796414516802819,6.076129284338094e-05,0.00226515531539917,0.00012143518688390031,0.0,0.0,0.0,anisotropic
170,6.295099858055764e-12,0.015682589262723923,0.9604743719100952,0.9965633153915405,0.9887598752975464,0.012933597899973392,-1.3864251543690975e-13,9.23241043619856e-14,-2.0417944922268664e-16,3.2349251281990534e-15,5.86740345979303e-13,-0.0001386425137752667,9.232410229742527e-05,0.0005867403815500438,0.009848984754768877,6.06006033194717e-05,0.0020568370819091797,0.00011904955317731947,0.0,0.0,0.0,anisotropic
171,6.29150984782223e-12,0.015680238604545593,0.9602287411689758,0.9965646266937256,0.9887254238128662,0.013018638826906681,-1.3865862939169832e-13,9.224992460459686e-14,-2.0393375672842368e-16,3.233266214171856e-15,5.864377993630709e-13,-0.0001386586227454245,9.224992390954867e-05,0.0005864378181286156,0.009901856623175241,6.0487542214104906e-05,0.001822054386138916,0.00011677746078930795,0.0,0.0,0.0,anisotropic
172,6.2879410879512765e-12,0.01567794755101204,0.9599809646606445,0.9965656399726868,0.9886907339096069,0.013104488141834736,-1.3867336098871696e-13,9.217619208060426e-14,-2.0368881862287938e-16,3.2316352522319177e-15,5.861403484970495e-13,-0.00013867336383555084,9.217618935508654e-05,0.0005861403769813478,0.009955103425617404,6.032657256582752e-05,0.0016034841537475586,0.00011440420348662883,0.0,0.0,0.0,anisotropic
173,6.284341103057756e-12,0.015675676986575127,0.9597361087799072,0.9965667128562927,0.9886555671691895,0.013190822675824165,-1.3868626299456954e-13,9.21027577122091e-14,-2.0344315259839603e-16,3.2299896789736394e-15,5.858402955458142e-13,-0.00013868625683244318,9.21027603908442e-05,0.0005858403164893389,0.010008148779947079,6.0148886404931545e-05,0.001396477222442627,0.00011262448970228434,0.0,0.0,0.0,anisotropic
174,6.280709893141667e-12,0.01567338965833187,0.9594938158988953,0.9965683221817017,0.9886199235916138,0.01327737607061863,-1.386991378953678e-13,9.20291539372245e-14,-2.03196268964051e-16,3.228330764946442e-15,5.855378031396907e-13,-0.00013869913527742028,9.202915680361912e-05,0.0005855378112755716,0.010060945266539582,5.9984544350299984e-05,0.0012221932411193848,0.00011166327749378979,0.0,0.0,0.0,anisotropic
175,6.277083887396007e-12,0.01567104645073414,0.9592506289482117,0.9965698719024658,0.9885842204093933,0.013364054262638092,-1.3871381528227783e-13,9.195513003389805e-14,-2.0294941179948558e-16,3.226687944545242e-15,5.852382922895416e-13,-0.0001387138181598857,9.195513121085241e-05,0.0005852382746525109,0.01011363773675941,5.981826689094305e-05,0.0010785460472106934,0.0001110148077714257,0.0,0.0,0.0,anisotropic
176,6.273466121586857e-12,0.01566864177584648,0.9590058326721191,0.9965717196464539,0.9885485172271729,0.01345077995210886,-1.3872986147443062e-13,9.188140428616903e-14,-2.0270361342610422e-16,3.2250662999677238e-15,5.849424677267789e-13,-0.00013872985437046736,9.18814039323479e-05,0.0005849424051120877,0.010166315798856117,5.9799884184030816e-05,0.0010924339294433594,0.00011071167682530358,0.0,0.0,0.0,anisotropic
177,6.2698453200116244e-12,0.01566619798541069,0.9587604403495789,0.9965734481811523,0.9885125160217285,0.013537637889385223,-1.3874558240593166e-13,9.18083629410614e-14,-2.0245903266258455e-16,3.2234524904449675e-15,5.846481610470577e-13,-0.00013874558499082923,9.18083605938591e-05,0.0005846481653861701,0.010218880199472544,5.9977188357152045e-05,0.001196146011352539,0.00011112261563539505,0.0,0.0,0.0,anisotropic
178,6.266228855245082e-12,0.015663757920265198,0.958513081073761,0.9965749979019165,0.9884766340255737,0.013624860905110836,-1.3876042242316755e-13,9.17354029111167e-14,-2.0221461071774248e-16,3.221849057075815e-15,5.843556975110298e-13,-0.00013876042794436216,9.173540456686169e-05,0.00058435567189008,0.010271680448776927,6.0218713770154864e-05,0.001283109188079834,0.00011177102715009823,0.0,0.0,0.0,anisotropic
179,6.262606752627242e-12,0.015661343932151794,0.9582629203796387,0.9965763092041016,0.9884406924247742,0.013712557964026928,-1.3877457126151849e-13,9.166203630535733e-14,-2.0196910351193674e-16,3.2202437178825314e-15,5.840629087143501e-13,-0.00013877457240596414,9.166203381028026e-05,0.0005840628873556852,0.010324744788223752,6.027395647834055e-05,0.0013476014137268066,0.00011183392780367285,0.0,0.0,0.0,anisotropic
180,6.258955159710311e-12,0.01565898209810257,0.9580119252204895,0.9965776205062866,0.9884045720100403,0.013800595887005329,-1.3878793405329437e-13,9.15887442384973e-14,-2.017220345891345e-16,3.2186159323161455e-15,5.837659999494149e-13,-0.00013878793106414378,9.15887430892326e-05,0.0005837660282850266,0.010377799841775136,6.0209960793145e-05,0.0013821721076965332,0.00011154622916365042,0.0,0.0,0.0,anisotropic
181,6.255288821643834e-12,0.01565667614340782,0.9577620029449463,0.996579110622406,0.9883682131767273,0.013888797722756863,-1.3880087671672842e-13,9.151570289338967e-14,-2.0147450244518923e-16,3.2169769235632084e-15,5.834670854104607e-13,-0.00013880088226869702,9.15156997507438e-05,0.0005834671319462359,0.010430570694200841,6.02179643465206e-05,0.0013817548751831055,0.00011168944911332801,0.0,0.0,0.0,anisotropic
182,6.251646769706021e-12,0.01565439999103546,0.9575121998786926,0.9965806603431702,0.9883316159248352,0.013977090828120708,-1.388142395085043e-13,9.144242437905681e-14,-2.0122776439463201e-16,3.2153567612933477e-15,5.831715861083497e-13,-0.00013881424092687666,9.144242358161137e-05,0.0005831715534441173,0.01048318878936409,6.02683903707657e-05,0.0013472437858581543,0.00011218125291634351,0.0,0.0,0.0,anisotropic
183,6.248015559789932e-12,0.015652121976017952,0.9572610855102539,0.9965821504592896,0.9882950782775879,0.014065450057387352,-1.3882769716797028e-13,9.136865797374633e-14,-2.009810395789646e-16,3.213742528254118e-15,5.828772252185199e-13,-0.0001388277014484629,9.136865992331877e-05,0.0005828772555105388,0.01053581338357582,6.024947651894763e-05,0.001288294792175293,0.00011236291175009683,0.0,0.0,0.0,anisotropic
184,6.244357461659966e-12,0.01564982905983925,0.9570099115371704,0.9965836405754089,0.9882584810256958,0.014153875410556793,-1.3884059917382285e-13,9.129447821635758e-14,-2.007330971534355e-16,3.2121060606000226e-15,5.825787443604347e-13,-0.00013884059444535524,9.129448153544217e-05,0.0005825787666253746,0.010588343877083402,6.032209421391599e-05,0.001215219497680664,0.00011256442667217925,0.0,0.0,0.0,anisotropic
185,6.240685052061323e-12,0.015647534281015396,0.9567587971687317,0.9965851902961731,0.9882217645645142,0.014242465607821941,-1.3885237631992148e-13,9.121997997458067e-14,-2.0048428122517955e-16,3.2104581580011393e-15,5.822782035182217e-13,-0.00013885238149669021,9.121998300543055e-05,0.0005822781822644174,0.010640835029820472,6.054186087567359e-05,0.0011323094367980957,0.00011329344852128997,0.0,0.0,0.0,anisotropic
186,6.237027821293095e-12,0.01564524509012699,0.9565052390098572,0.9965866804122925,0.9881850481033325,0.01433144323527813,-1.388636926800968e-13,9.11453462075322e-14,-2.002355314713726e-16,3.2088248667205962e-15,5.819802647612227e-13,-0.00013886368833482265,9.114534623222426e-05,0.0005819802754558623,0.010693551358091843,6.076194404158741e-05,0.0011280179023742676,0.0001140836684498936,0.0,0.0,0.0,anisotropic
187,6.233372325248343e-12,0.015642980113625526,0.9562487006187439,0.9965879917144775,0.9881482720375061,0.014420808292925358,-1.3887479219983762e-13,9.107092250465465e-14,-1.9998646408021044e-16,3.2071964458795e-15,5.816833559962875e-13,-0.0001388747914461419,9.107092046178877e-05,0.0005816832999698818,0.010746515366932828,6.079148079152219e-05,0.0011317729949951172,0.00011425305274315178,0.0,0.0,0.0,anisotropic
188,6.229698180926224e-12,0.015640756115317345,0.9559919238090515,0.9965893626213074,0.9881113171577454,0.014510377310216427,-1.3888563422156247e-13,9.099668853715728e-14,-1.99736218783856e-16,3.2055534137200633e-15,5.813836825158125e-13,-0.00013888563262298703,9.099669114220887e-05,0.0005813836469314992,0.010799395617199576,6.072933319956064e-05,0.0011301636695861816,0.00011429705045884475,0.0,0.0,0.0,anisotropic
189,6.22601753139107e-12,0.015638574957847595,0.9557358026504517,0.996590793132782,0.9880742430686951,0.014600059017539024,-1.388963271654886e-13,9.092206832263597e-14,-1.9948468970319087e-16,3.203902334747628e-15,5.81082491152296e-13,-0.00013889632828067988,9.092206892091781e-05,0.000581082480493933,0.010852126956129454,6.077488433220424e-05,0.0011196732521057129,0.00011473351332824677,0.0,0.0,0.0,anisotropic
190,6.2223416523454755e-12,0.015636412426829338,0.955478847026825,0.9965921640396118,0.9880371689796448,0.014689874835312366,-1.38906694848763e-13,9.084711607119933e-14,-1.992324459384765e-16,3.202249349951061e-15,5.807810287382364e-13,-0.00013890668924432248,9.08471192815341e-05,0.000580781081225723,0.010904869657396033,6.084768392611295e-05,0.0011041760444641113,0.00011501619883347303,0.0,0.0,0.0,anisotropic
191,6.218660135448584e-12,0.015634246170520782,0.9552217125892639,0.9965935945510864,0.9880000352859497,0.014779801480472088,-1.3891634424809812e-13,9.077227901624352e-14,-1.989797124828395e-16,3.200591071198574e-15,5.804786447523302e-13,-0.00013891633716411889,9.077227878151461e-05,0.0005804785760119557,0.010957537004526266,6.090996612329036e-05,0.0010882019996643066,0.00011509975593071431,0.0,0.0,0.0,anisotropic
192,6.214979052232561e-12,0.015632061287760735,0.9549650549888611,0.9965951442718506,0.987962543964386,0.014869860373437405,-1.3892560062414572e-13,9.069766557798578e-14,-1.9872666138984728e-16,3.1989332159625605e-15,5.801762065563154e-13,-0.00013892560673411936,9.069766383618116e-05,0.0005801762454211712,0.011010083504976705,6.102243060013279e-05,0.0011053681373596191,0.0001156124344561249,0.0,0.0,0.0,anisotropic
193,6.211295366931324e-12,0.015629861503839493,0.9547065496444702,0.9965965747833252,0.9879250526428223,0.014960216358304024,-1.3893489765777478e-13,9.062288950940217e-14,-1.984728294383568e-16,3.1972772665506783e-15,5.798742562512782e-13,-0.00013893489085603505,9.06228888197802e-05,0.0005798742640763521,0.011062743692432174,6.119077443145216e-05,0.0011140108108520508,0.00011636814451776445,0.0,0.0,0.0,anisotropic
194,6.207594334395328e-12,0.015627671033143997,0.9544456005096436,0.9965978860855103,0.9878876209259033,0.015050913207232952,-1.3894370680042623e-13,9.054788982412049e-14,-1.9821824309814768e-16,3.1956141173587445e-15,5.795708964834168e-13,-0.00013894370931666344,9.05478882486932e-05,0.0005795708857476711,0.011115618230947252,6.126999505795538e-05,0.0011292099952697754,0.00011667595390463248,0.0,0.0,0.0,anisotropic
195,6.203887664008034e-12,0.015625501051545143,0.9541845321655273,0.9965991973876953,0.9878501296043396,0.015141831710934639,-1.3895152660859528e-13,9.047269362719504e-14,-1.9796385528128557e-16,3.1939499093756266e-15,5.792673740852294e-13,-0.00013895152369514108,9.047269122675061e-05,0.0005792673910036683,0.011168511803112676,6.127480446593836e-05,0.001156151294708252,0.00011684536730172113,0.0,0.0,0.0,anisotropic
196,6.200192269323335e-12,0.015623360872268677,0.9539233446121216,0.9966005682945251,0.9878125190734863,0.015232904814183712,-1.3895862813282506e-13,9.039699598676482e-14,-1.977098645111175e-16,3.192296712820823e-15,5.789658574610612e-13,-0.00013895862502977252,9.039699943969026e-05,0.0005789658171124756,0.011221379093166495,6.128452514531091e-05,0.0011670589447021484,0.00011720755719579756,0.0,0.0,0.0,anisotropic
197,6.1964903694256e-12,0.015621233731508255,0.9536607265472412,0.9966018795967102,0.9877748489379883,0.015324125997722149,-1.3896566189441906e-13,9.032107472963652e-14,-1.9745550316403499e-16,3.1906426692330722e-15,5.786641239964585e-13,-0.00013896566815674305,9.032107482198626e-05,0.0005786641268059611,0.01127428617821574,6.129036046331748e-05,0.00115203857421875,0.00011733278370229527,0.0,0.0,0.0,anisotropic
198,6.192771989654844e-12,0.015619114972651005,0.9533982276916504,0.99660325050354,0.9877370595932007,0.015415452420711517,-1.3897266855095874e-13,9.02450382760274e-14,-1.9720042713290323e-16,3.1889782494917175e-15,5.783606015982712e-13,-0.0001389726676279679,9.024504106491804e-05,0.0005783605738542974,0.011327082628601944,6.133409624453634e-05,0.0011133551597595215,0.0001174404242192395,0.0,0.0,0.0,anisotropic
199,6.189052308841481e-12,0.015616999007761478,0.9531369209289551,0.9966047406196594,0.987699031829834,0.015506912022829056,-1.389791331064122e-13,9.016898826989111e-14,-1.9694516581331427e-16,3.187317217882152e-15,5.780576213011701e-13,-0.0001389791286783293,9.016898547997698e-05,0.0005780576611869037,0.011379758682089769,6.151433626655489e-05,0.0011699795722961426,0.00011821342195617035,0.0,0.0,0.0,anisotropic
200,6.185335230113331e-12,0.015614883042871952,0.9528741836547852,0.9966062903404236,0.9876609444618225,0.01559865940362215,-1.3898460832738324e-13,9.00927010945296e-14,-1.966898250843865e-16,3.185662962536164e-15,5.777558878365674e-13,-0.00013898461475037038,9.009270434034988e-05,0.0005777559126727283,0.011432600526644304,6.176112219691277e-05,0.0012616515159606934,0.00011933942005271092,0.0,0.0,0.0,anisotropic
201,6.181607309363457e-12,0.015612779185175896,0.9526091814041138,0.9966077208518982,0.9876229763031006,0.015690742060542107,-1.389893110543064e-13,9.001630549895084e-14,-1.9643419318788311e-16,3.184005742574861e-15,5.774536122708784e-13,-0.00013898931501898915,9.001630678540096e-05,0.0005774536402896047,0.011485682493378972,6.196353206178173e-05,0.0013399720191955566,0.00012024515308439732,0.0,0.0,0.0,anisotropic
202,6.177871148677072e-12,0.01561069581657648,0.9523434638977051,0.996609091758728,0.9875849485397339,0.01578306220471859,-1.3899345812761615e-13,8.993946944623951e-14,-1.961780054260081e-16,3.1823449227235323e-15,5.771507403939946e-13,-0.00013899346231482923,8.993947267299518e-05,0.0005771507858298719,0.011538825362783875,6.215176836121827e-05,0.0014259815216064453,0.00012118284939788282,0.0,0.0,0.0,anisotropic
203,6.174131518543735e-12,0.015608633868396282,0.9520770311355591,0.9966104626655579,0.9875468015670776,0.01587561145424843,-1.3899746967565435e-13,8.986238267177579e-14,-1.9592139414765944e-16,3.180684526388677e-15,5.768479227272194e-13,-0.00013899746409151703,8.98623839020729e-05,0.0005768478731624782,0.011592017068559654,6.232166197150946e-05,0.0015758872032165527,0.00012213824084028602,0.0,0.0,0.0,anisotropic
204,6.170384515835625e-12,0.0156065933406353,0.9518096446990967,0.9966117143630981,0.9875085353851318,0.015968406572937965,-1.3900118306809511e-13,8.978526879225776e-14,-1.9566461081574338e-16,3.179021800713217e-15,5.765446171694666e-13,-0.0001390011893818155,8.978526602732018e-05,0.000576544611249119,0.01164528830778378,6.241734081413597e-05,0.0017090439796447754,0.00012276359484530985,0.0,0.0,0.0,anisotropic
205,6.166637079446646e-12,0.01560456957668066,0.9515424966812134,0.996613085269928,0.9874701499938965,0.016061412170529366,-1.3900469317262854e-13,8.970821589911193e-14,-1.954076951349293e-16,3.1773582280048094e-15,5.762411489813879e-13,-0.00013900469639338553,8.970821363618597e-05,0.0005762411165051162,0.011698532080635543,6.251643208088353e-05,0.0018177032470703125,0.00012339417298790067,0.0,0.0,0.0,anisotropic
206,6.1628827041637635e-12,0.01560256164520979,0.9512752294540405,0.9966146349906921,0.987431526184082,0.016154682263731956,-1.3900783735892874e-13,8.963107491453959e-14,-1.951501441794048e-16,3.1756916906810866e-15,5.759371929023316e-13,-0.00013900783960707486,8.96310739335604e-05,0.000575937214307487,0.011751790800103362,6.267752905841917e-05,0.0018936991691589355,0.00012424639135133475,0.0,0.0,0.0,anisotropic
207,6.159117486859156e-12,0.01560057234019041,0.9510064125061035,0.9966161847114563,0.9873929023742676,0.0162483062595129,-1.390109950977561e-13,8.955405590271165e-14,-1.9489211676784746e-16,3.1740177418190752e-15,5.756319357806683e-13,-0.0001390109973726794,8.955405792221427e-05,0.0005756319151259959,0.011805196610878694,6.283417314989492e-05,0.0019484758377075195,0.0001249185879714787,0.0,0.0,0.0,anisotropic
208,6.155345330660644e-12,0.015598608180880547,0.9507363438606262,0.9966175556182861,0.9873541593551636,0.016342243179678917,-1.390142341517464e-13,8.947721985000032e-14,-1.946337452491553e-16,3.172340404825275e-15,5.753259739275929e-13,-0.0001390142278978601,8.947721653385088e-05,0.0005753259756602347,0.011858718548815499,6.295177445281297e-05,0.0020197629928588867,0.00012529821833595634,0.0,0.0,0.0,anisotropic
209,6.151574041823871e-12,0.015596668235957623,0.95046466588974,0.9966188073158264,0.98731529712677,0.016436439007520676,-1.3901783912396992e-13,8.940039057355256e-14,-1.9437540020024273e-16,3.170664973655606e-15,5.750203915452778e-13,-0.00013901783677283674,8.940038969740272e-05,0.000575020385440439,0.011912298671992934,6.302370456978679e-05,0.0020325779914855957,0.00012542976764962077,0.0,0.0,0.0,anisotropic
210,6.147795380412324e-12,0.01559474878013134,0.9501912593841553,0.9966199994087219,0.9872764348983765,0.016530843451619148,-1.3902175580431803e-13,8.932362905974059e-14,-1.9411708162110977e-16,3.1689823427058852e-15,5.747135623304644e-13,-0.00013902175123803318,8.932362834457308e-05,0.0005747135146521032,0.011965881675906962,6.30095019005239e-05,0.0019813179969787598,0.0001251164503628388,0.0,0.0,0.0,anisotropic
211,6.144006310659922e-12,0.015592843294143677,0.949918270111084,0.9966211915016174,0.9872373342514038,0.01662537269294262,-1.3902603840289934e-13,8.924695563735513e-14,-1.9385896156532382e-16,3.1672893356025607e-15,5.744047815517406e-13,-0.00013902604405302554,8.924695430323482e-05,0.0005744048394262791,0.012019335913837852,6.293566548265517e-05,0.0018723011016845703,0.00012453283125068992,0.0,0.0,0.0,anisotropic
212,6.1402142051414366e-12,0.015590948984026909,0.9496459364891052,0.9966225028038025,0.9871980547904968,0.016720000654459,-1.3903080889245828e-13,8.917040418771408e-14,-1.9360092091887668e-16,3.165591881576263e-15,5.740952960416046e-13,-0.00013903080252930522,8.917040395317599e-05,0.0005740952910855412,0.012072623141265558,6.287563883233815e-05,0.0017256736755371094,0.00012408413749653846,0.0,0.0,0.0,anisotropic
213,6.136418630175999e-12,0.015589062124490738,0.9493733048439026,0.9966237545013428,0.9871585965156555,0.01681477203965187,-1.3903612148310346e-13,8.909404924971678e-14,-1.9334333025868277e-16,3.1638899806269924e-15,5.737849431697306e-13,-0.0001390361285302788,8.909405005397275e-05,0.0005737849860452116,0.012125849664152666,6.28521665930748e-05,0.001591801643371582,0.00012374496145639569,0.0,0.0,0.0,anisotropic
214,6.132618718401872e-12,0.015587192960083485,0.9490999579429626,0.9966251850128174,0.9871191382408142,0.01690971478819847,-1.3904196262230772e-13,8.901798569105335e-14,-1.9308605723584408e-16,3.1621834209965118e-15,5.734737229361186e-13,-0.00013904196384828538,8.901798719307408e-05,0.0005734737496823072,0.012179050220786908,6.285978452069685e-05,0.0014322996139526367,0.00012344479910098016,0.0,0.0,0.0,anisotropic
215,6.128813602457317e-12,0.015585344284772873,0.9488261938095093,0.996626615524292,0.9870796203613281,0.017004793509840965,-1.3904834586259823e-13,8.894188825107202e-14,-1.928288900921238e-16,3.160471567410111e-15,5.731616353407687e-13,-0.00013904835213907063,8.894188795238733e-05,0.0005731616402044892,0.012232188871159908,6.29079295322299e-05,0.0012648701667785645,0.00012332809274084866,0.0,0.0,0.0,anisotropic
216,6.12500068025712e-12,0.015583517961204052,0.9485517740249634,0.9966280460357666,0.9870399832725525,0.017100034281611443,-1.3905518988881205e-13,8.886573660098207e-14,-1.9257189500197092e-16,3.158753996351316e-15,5.728484093331376e-13,-0.00013905519153922796,8.886573777999729e-05,0.0005728484829887748,0.012285291362183101,6.294492050074041e-05,0.0011464953422546387,0.00012322832481004298,0.0,0.0,0.0,anisotropic
217,6.121183421248233e-12,0.015581704676151276,0.9482769966125488,0.9966294765472412,0.9870002865791321,0.01719542406499386,-1.3906250825347632e-13,8.878947653067487e-14,-1.9231542930741007e-16,3.1570324018860216e-15,5.725345870143117e-13,-0.00013906251115258783,8.878947846824303e-05,0.0005725345690734684,0.012338315724317575,6.29593851044774e-05,0.0011751055717468262,0.00012310252350289375,0.0,0.0,0.0,anisotropic
218,6.117363560154132e-12,0.015579897910356522,0.948002278804779,0.9966310262680054,0.9869604110717773,0.01729094795882702,-1.3907032806164538e-13,8.871314869773189e-14,-1.9205932095487386e-16,3.15530996038778e-15,5.722206020651599e-13,-0.00013907032553106546,8.871314639691263e-05,0.0005722205387428403,0.012391224776926706,6.301026587607339e-05,0.001221299171447754,0.00012322963448241353,0.0,0.0,0.0,anisotropic
219,6.113535892804389e-12,0.015578090213239193,0.9477267861366272,0.99663245677948,0.9869205951690674,0.017386673018336296,-1.390785273405748e-13,8.863682764105249e-14,-1.9180360964903166e-16,3.153582436691855e-15,5.719055871239442e-13,-0.00013907853281125426,8.863682887749746e-05,0.0005719055770896375,0.012444098620096114,6.30973736406304e-05,0.0012620091438293457,0.00012348512245807797,0.0,0.0,0.0,anisotropic
220,6.1097004191990045e-12,0.015576277859508991,0.9474503993988037,0.9966339468955994,0.9868806004524231,0.01748264580965042,-1.3908687569730294e-13,8.856043882173731e-14,-1.9154811010142628e-16,3.151848772007062e-15,5.715895421906647e-13,-0.00013908687105868012,8.856043859850615e-05,0.0005715895676985383,0.01249697808074336,6.319148087641224e-05,0.0012929439544677734,0.00012373960635159165,0.0,0.0,0.0,anisotropic
221,6.105861909827537e-12,0.015574455261230469,0.9471734762191772,0.996635377407074,0.9868404865264893,0.017578858882188797,-1.3909514273886814e-13,8.848389414835983e-14,-1.9129291495628632e-16,3.1501125662234276e-15,5.712730093664076e-13,-0.00013909513654652983,8.848389552440494e-05,0.00057127297623083,0.012549848203490964,6.33236049907282e-05,0.001315295696258545,0.00012419946142472327,0.0,0.0,0.0,anisotropic
222,6.102016027881296e-12,0.015572618693113327,0.9468954205513,0.9966368079185486,0.9868003726005554,0.017675353214144707,-1.3910340978043334e-13,8.840726815981942e-14,-1.9103807715317099e-16,3.1483725487915304e-15,5.709558260208469e-13,-0.00013910341658629477,8.840726513881236e-05,0.0005709558026865125,0.01260277239949557,6.346705049509183e-05,0.0013276934623718262,0.00012474923278205097,0.0,0.0,0.0,anisotropic
223,6.098161905998545e-12,0.01557077094912529,0.946615993976593,0.9966381192207336,0.9867602586746216,0.017772149294614792,-1.391120020826503e-13,8.833046598842598e-14,-1.9078335846406386e-16,3.1466278726784234e-15,5.706378295236569e-13,-0.0001391120022162795,8.833046740619466e-05,0.0005706378142349422,0.012655753972640713,6.358625250868499e-05,0.0013316869735717773,0.00012520796735771,0.0,0.0,0.0,anisotropic
224,6.0942991104984134e-12,0.015568911097943783,0.946336030960083,0.9966394901275635,0.9867199659347534,0.017869211733341217,-1.3912105517079054e-13,8.82535215154974e-14,-1.9052869271451593e-16,3.144881290741185e-15,5.703193993455979e-13,-0.00013912105350755155,8.825352415442467e-05,0.0005703194183297455,0.012708726569302628,6.373416545102373e-05,0.0013300776481628418,0.00012580066686496139,0.0,0.0,0.0,anisotropic
225,6.090429809785247e-12,0.015567043796181679,0.9460552930831909,0.9966408014297485,0.9866795539855957,0.017966551706194878,-1.391303250993653e-13,8.817646862235157e-14,-1.9027419901853542e-16,3.143130897155684e-15,5.700003728563441e-13,-0.00013913032307755202,8.817647176329046e-05,0.0005700003821402788,0.01276172368425435,6.39103600406088e-05,0.0013247132301330566,0.00012655154569074512,0.0,0.0,0.0,anisotropic
226,6.086551401773832e-12,0.015565169975161552,0.9457656145095825,0.9966420531272888,0.9866390228271484,0.018064206466078758,-1.391397034481573e-13,8.809935474283354e-14,-1.900198244365631e-16,3.1413777507131044e-15,5.696808584761126e-13,-0.00013913970906287432,8.809935388853773e-05,0.0005696808802895248,0.012814790182048903,6.407529872376472e-05,0.0013647079467773438,0.00012728908041026443,0.0,0.0,0.0,anisotropic
227,6.082665621187644e-12,0.01556328497827053,0.9454758167266846,0.9966433048248291,0.9865984320640564,0.018162161111831665,-1.391491089020036e-13,8.802212566683468e-14,-1.8976513221723558e-16,3.139621004380499e-15,5.69360639364469e-13,-0.00013914910960011184,8.802212687442079e-05,0.0005693606217391789,0.012867885765687766,6.42784871160984e-05,0.0014440417289733887,0.00012823469296563417,0.0,0.0,0.0,anisotropic
228,6.078770299622338e-12,0.015561385080218315,0.945184051990509,0.9966445565223694,0.9865578413009644,0.018260452896356583,-1.3915859567101285e-13,8.794491014336298e-14,-1.8951036058856925e-16,3.13785917585021e-15,5.690395528910874e-13,-0.00013915859744884074,8.794490713626146e-05,0.0005690395482815802,0.012921068321803309,6.449851207435131e-05,0.001520693302154541,0.00012930830416735262,0.0,0.0,0.0,anisotropic
229,6.074865437077914e-12,0.015559468418359756,0.9448903203010559,0.9966456890106201,0.9865171909332275,0.018359102308750153,-1.3916819086023935e-13,8.786766073857338e-14,-1.892551522085395e-16,3.1360920533640008e-15,5.68717436425642e-13,-0.00013916818716097623,8.786765829427168e-05,0.0005687174270860851,0.012974358231927994,6.46671760478057e-05,0.0016001462936401367,0.0001302472228417173,0.0,0.0,0.0,anisotropic
230,6.0709527682778486e-12,0.015557536855340004,0.9445967674255371,0.9966468214988708,0.9864763617515564,0.01845807395875454,-1.391779215747374e-13,8.779040455752021e-14,-1.889996261911545e-16,3.134321966262476e-15,5.683948320692189e-13,-0.000139177922392264,8.779040217632428e-05,0.0005683948402293026,0.013027677122963368,6.488057260867208e-05,0.0016759634017944336,0.00013137761561665684,0.0,0.0,0.0,anisotropic
231,6.067030992179534e-12,0.015555590391159058,0.9443016052246094,0.9966478943824768,0.9864354133605957,0.018557386472821236,-1.3918767939428978e-13,8.771313482393989e-14,-1.887437163619653e-16,3.132546796963268e-15,5.680713061409493e-13,-0.00013918767217546701,8.771313150646165e-05,0.0005680712638422847,0.013081064819932403,6.515004497487098e-05,0.0017466545104980469,0.0001327327627222985,0.0,0.0,0.0,anisotropic
232,6.0630979403786256e-12,0.015553630888462067,0.9440047144889832,0.9966490864753723,0.9863945245742798,0.018657073378562927,-1.3919738300373352e-13,8.763587186662314e-14,-1.8848723743251466e-16,3.130766757224613e-15,5.67746858640833e-13,-0.00013919737830292434,8.763587538851425e-05,0.000567746814340353,0.013134583005743434,6.538901652675122e-05,0.0018066167831420898,0.0001340216549579054,0.0,0.0,0.0,anisotropic
233,6.059155781279468e-12,0.015551661141216755,0.9437076449394226,0.996650218963623,0.98635333776474,0.018757106736302376,-1.3920676135252552e-13,8.755866989567859e-14,-1.882303085168108e-16,3.128982270562985e-15,5.674216521991959e-13,-0.00013920676428824663,8.755867020227015e-05,0.0005674216663464904,0.013188154018603956,6.570643017766997e-05,0.0018551349639892578,0.00013563608808908612,0.0,0.0,0.0,anisotropic
234,6.055205815924669e-12,0.015549678355455399,0.943408727645874,0.9966513514518738,0.986312210559845,0.01885756477713585,-1.3921600417604596e-13,8.748150180605194e-14,-1.879729957893027e-16,3.127195454560752e-15,5.670959578665813e-13,-0.00013921600475441664,8.748150139581412e-05,0.0005670959944836795,0.013241871495869525,6.604442023672163e-05,0.0018864870071411133,0.00013735871470998973,0.0,0.0,0.0,anisotropic
235,6.051245008548145e-12,0.015547679737210274,0.9431082606315613,0.996652364730835,0.9862709641456604,0.018958451226353645,-1.3922497594902328e-13,8.740432016389812e-14,-1.8771512719642296e-16,3.1254037681190724e-15,5.667694503823373e-13,-0.00013922496873419732,8.740431803744286e-05,0.000566769449505955,0.01329572609644839,6.638782360823825e-05,0.0020076632499694824,0.00013912770373281091,0.0,0.0,0.0,anisotropic
236,6.047273359149896e-12,0.015545666217803955,0.9428067207336426,0.9966533780097961,0.986229658126831,0.019059782847762108,-1.3923392061694628e-13,8.732708431163569e-14,-1.874567556777308e-16,3.123609540578551e-15,5.664424550071157e-13,-0.00013923391816206276,8.73270837473683e-05,0.0005664424388669431,0.013349704551558206,6.675496115349233e-05,0.0022122859954833984,0.000140971431392245,0.0,0.0,0.0,anisotropic
237,6.0432913014107914e-12,0.015543630346655846,0.9425036311149597,0.9966542720794678,0.9861881732940674,0.019161570817232132,-1.3924263489190764e-13,8.724973326289243e-14,-1.871979341727854e-16,3.1218108661150564e-15,5.66114592270156e-13,-0.00013924263475928456,8.724973304197192e-05,0.0005661146133206785,0.013403807115985303,6.719188240822405e-05,0.0024054646492004395,0.00014303055650088936,0.0,0.0,0.0,anisotropic
238,6.039297534288224e-12,0.01554157305508852,0.9421981573104858,0.9966551065444946,0.9861467480659485,0.019263874739408493,-1.3925122719412458e-13,8.717229412272265e-14,-1.8693853033268878e-16,3.1200090152780097e-15,5.657862416422188e-13,-0.0001392512203892693,8.717229502508417e-05,0.0005657862056978047,0.013458129088493977,6.74881084705703e-05,0.0025675296783447266,0.00014459184603765607,0.0,0.0,0.0,anisotropic
239,6.035294226186538e-12,0.015539489686489105,0.9418929219245911,0.9966560006141663,0.9861050844192505,0.01936660334467888,-1.392595213407441e-13,8.709468557596342e-14,-1.8667865003655932e-16,3.1182031410344636e-15,5.654571320727608e-13,-0.00013925951498094946,8.709468238521367e-05,0.0005654570995829999,0.013512460542474115,6.805802695453167e-05,0.0027013421058654785,0.00014699656458105892,0.0,0.0,0.0,anisotropic
240,6.03127920870139e-12,0.015537377446889877,0.9415833353996277,0.9966566562652588,0.9860635995864868,0.019469965249300003,-1.392678154873636e-13,8.701683985997896e-14,-1.8641810799593982e-16,3.116394513933839e-15,5.651274804022166e-13,-0.00013926780957262963,8.701683691469952e-05,0.000565127469599247,0.013567188327406308,6.826017488492653e-05,0.0027850866317749023,0.00014816623297519982,0.0,0.0,0.0,anisotropic
241,6.027251180790172e-12,0.015535237267613411,0.9412751793861389,0.9966574311256409,0.9860216379165649,0.019573725759983063,-1.3927570305816844e-13,8.693889927630441e-14,-1.8615694391549967e-16,3.1145782635366888e-15,5.647964734789568e-13,-0.0001392756967106834,8.693889685673639e-05,0.0005647964426316321,0.013621784530811051,6.894546822877601e-05,0.002833425998687744,0.00015080877346917987,0.0,0.0,0.0,anisotropic
242,6.023211443495491e-12,0.015533067286014557,0.9409612417221069,0.9966578483581543,0.9859800338745117,0.01967822015285492,-1.3928368549666337e-13,8.686067408955958e-14,-1.8589485339277347e-16,3.1127603190736442e-15,5.644651412950452e-13,-0.00013928368571214378,8.68606730364263e-05,0.0005644651246257126,0.013676914729815042,6.907112401677296e-05,0.0029726028442382812,0.00015164678916335106,0.0,0.0,0.0,anisotropic
243,6.019159563136478e-12,0.015530867502093315,0.940649688243866,0.9966585040092468,0.9859379529953003,0.019783085212111473,-1.3929127491187077e-13,8.678229304875246e-14,-1.8563237905824305e-16,3.1109345395558376e-15,5.641323996483094e-13,-0.00013929128181189299,8.678229642100632e-05,0.0005641323514282703,0.01373182510709684,6.975248106755316e-05,0.0032816529273986816,0.00015414216613862664,0.0,0.0,0.0,anisotropic
244,6.015096407074871e-12,0.015528639778494835,0.9403324723243713,0.9966588616371155,0.985896110534668,0.01988869532942772,-1.3929909472003982e-13,8.67036138523479e-14,-1.8536883269763875e-16,3.1091057954227156e-15,5.637991159004874e-13,-0.00013929909619037062,8.670361421536654e-05,0.0005637991125695407,0.013787275651712191,6.991293048486114e-05,0.0034919381141662598,0.0001549836597405374,0.0,0.0,0.0,anisotropic
245,6.011018939544588e-12,0.015526385977864265,0.9400168657302856,0.9966592788696289,0.985853910446167,0.019994720816612244,-1.3930661637261144e-13,8.662489399836187e-14,-1.8510465106232402e-16,3.1072700632677787e-15,5.634644768999497e-13,-0.00013930661953054368,8.662489562993869e-05,0.0005634644767269492,0.013842578329073915,7.059007475618273e-05,0.003608405590057373,0.00015727398567833006,0.0,0.0,0.0,anisotropic
246,6.0069288952691036e-12,0.015524107962846756,0.9396954774856567,0.9966594576835632,0.9858120679855347,0.02010151743888855,-1.3931439552319902e-13,8.654595052767777e-14,-1.8483946357538442e-16,3.105430519464579e-15,5.631293500084344e-13,-0.00013931439025327563,8.65459514898248e-05,0.0005631293170154095,0.013898410112992466,7.052494038362056e-05,0.003572225570678711,0.00015723789692856371,0.0,0.0,0.0,anisotropic
247,6.0028258405675494e-12,0.015521809458732605,0.9393788576126099,0.9966598749160767,0.9857692718505859,0.02020862139761448,-1.3932157836259174e-13,8.646709514842019e-14,-1.845738525719712e-16,3.1035831406066175e-15,5.627926510237691e-13,-0.00013932157889939845,8.646709466120228e-05,0.000562792643904686,0.013953841491718322,7.148912118282169e-05,0.0035963058471679688,0.00016010197577998042,0.0,0.0,0.0,anisotropic
248,5.9987110764825324e-12,0.015519499778747559,0.9390511512756348,0.9966597557067871,0.9857273697853088,0.020316699519753456,-1.393296421162496e-13,8.638806358630957e-14,-1.8430706366336569e-16,3.1017372440563136e-15,5.624562230896468e-13,-0.00013932964066043496,8.638806320959702e-05,0.0005624562036246061,0.014010219820385304,7.108617865014821e-05,0.003747105598449707,0.00015884828462731093,0.0,0.0,0.0,anisotropic
249,5.994583301971446e-12,0.015517175197601318,0.9387323260307312,0.9966601133346558,0.9856842756271362,0.020424922928214073,-1.393368927182781e-13,8.630925564089703e-14,-1.8404020858031118e-16,3.0998811831106426e-15,5.621179520118313e-13,-0.0001393368875142187,8.63092573126778e-05,0.000562117958907038,0.01406590787691574,7.177971565397456e-05,0.0038741230964660645,0.0001605600118637085,0.0,0.0,0.0,anisotropic
250,5.990444685438634e-12,0.015514843165874481,0.9384045004844666,0.996660053730011,0.9856417775154114,0.02053399756550789,-1.393449700244631e-13,8.623044769548449e-14,-1.8377245352475021e-16,3.0980274515055766e-15,5.617801146148849e-13,-0.00013934496382717043,8.623044413980097e-05,0.0005617801216430962,0.014122314489586722,7.178400846896693e-05,0.0038242340087890625,0.00016008803504519165,0.0,0.0,0.0,anisotropic
251,5.9862947932032284e-12,0.01551250834017992,0.9380781650543213,0.996660053730011,0.9855988025665283,0.02064347080886364,-1.3935304733064813e-13,8.615172106523489e-14,-1.8350438083183403e-16,3.0961694847357743e-15,5.614415724865263e-13,-0.00013935304014012218,8.61517182784155e-05,0.0005614415858872235,0.014178614944346649,7.183740672189742e-05,0.0036237239837646484,0.000159534698468633,0.0,0.0,0.0,anisotropic
252,5.982133625265229e-12,0.015510163269937038,0.9377530813217163,0.9966601133346558,0.9855554699897766,0.02075338363647461,-1.393612330570504e-13,8.607321127541978e-14,-1.8323599050156262e-16,3.094308129834183e-15,5.611023256267555e-13,-0.00013936123286839575,8.607321069575846e-05,0.0005611022934317589,0.014234871197845016,7.212399214040488e-05,0.003448307514190674,0.00015958382573444396,0.0,0.0,0.0,anisotropic
253,5.977962916348112e-12,0.015507815405726433,0.9374232888221741,0.996660053730011,0.9855121970176697,0.020863870158791542,-1.3937013706739193e-13,8.599478957703119e-14,-1.8296699136636038e-16,3.092448680756723e-15,5.607634040276366e-13,-0.0001393701386405155,8.599479042459279e-05,0.0005607634084299207,0.014291442510216442,7.211643969640136e-05,0.003351271152496338,0.0001588186132721603,0.0,0.0,0.0,anisotropic
254,5.973783100132746e-12,0.015505464747548103,0.9370941519737244,0.9966599941253662,0.9854686856269836,0.02097475342452526,-1.3937948831112962e-13,8.59165508377592e-14,-1.826976481240233e-16,3.0905864788221844e-15,5.604240487476486e-13,-0.00013937949552200735,8.591655205236748e-05,0.0005604240577667952,0.01434799563046672,7.207717862911522e-05,0.0032144784927368164,0.00015804344729986042,0.0,0.0,0.0,anisotropic
255,5.969592441895655e-12,0.015503114089369774,0.9367654919624329,0.9966599941253662,0.9854248762130737,0.021086012944579124,-1.3938934099837208e-13,8.583846795254951e-14,-1.8242806665366983e-16,3.0887234298546985e-15,5.600845308373348e-13,-0.00013938934716861695,8.583846647525206e-05,0.0005600845324806869,0.014404516317719723,7.223641296150163e-05,0.0030406713485717773,0.00015802621783223003,0.0,0.0,0.0,anisotropic
256,5.965393110041184e-12,0.015500765293836594,0.9364286661148071,0.9966598749160767,0.9853811264038086,0.021197741851210594,-1.3939996617966244e-13,8.576050704008423e-14,-1.821578896132753e-16,3.086861016161923e-15,5.597451213472382e-13,-0.00013939997006673366,8.576050458941609e-05,0.0005597450654022396,0.01446125511801532,7.216310768853873e-05,0.003132343292236328,0.00015765431453473866,0.0,0.0,0.0,anisotropic
257,5.961185538250202e-12,0.015498419292271137,0.9360924959182739,0.9966598153114319,0.9853370189666748,0.02130979485809803,-1.394112689873106e-13,8.568260033772757e-14,-1.8188756698909298e-16,3.0849952143373587e-15,5.594050613358381e-13,-0.00013941126235295087,8.568260091124102e-05,0.0005594050162471831,0.014517898430839843,7.235447992570698e-05,0.0034967660903930664,0.0001583308185217902,0.0,0.0,0.0,anisotropic
258,5.9569658233948886e-12,0.01549607515335083,0.9357538223266602,0.9966596961021423,0.985292911529541,0.02142232097685337,-1.3942339849911528e-13,8.560483593690604e-14,-1.816166487948696e-16,3.083127506688663e-15,5.590646760637863e-13,-0.00013942339865025133,8.560483547626063e-05,0.000559064676053822,0.01457470497075512,7.241356070153415e-05,0.0037963390350341797,0.0001590209431014955,0.0,0.0,0.0,anisotropic
259,5.952737434922195e-12,0.015493728220462799,0.9354147911071777,0.9966596364974976,0.9852485060691833,0.021535219624638557,-1.394362598473864e-13,8.552706475982094e-14,-1.8134541296329102e-16,3.0812570461828887e-15,5.587238029007568e-13,-0.0001394362625433132,8.552706276532263e-05,0.0005587238701991737,0.014631494301070873,7.266903412528336e-05,0.004000067710876465,0.00016058031178545207,0.0,0.0,0.0,anisotropic
260,5.948497337066039e-12,0.015491381287574768,0.9350737929344177,0.9966596364974976,0.9852041006088257,0.0216485857963562,-1.394500156624498e-13,8.544911739988281e-14,-1.810737800850184e-16,3.079383409303562e-15,5.583822792164239e-13,-0.000139450014103204,8.544911543140188e-05,0.0005583823076449335,0.0146884269929394,7.299460412468761e-05,0.004227936267852783,0.00016256771050393581,0.0,0.0,0.0,anisotropic
261,5.94424552982642e-12,0.015489030629396439,0.9347306489944458,0.9966596364974976,0.9851595759391785,0.02176246978342533,-1.394645439715611e-13,8.537108194851817e-14,-1.8080181633450078e-16,3.0775044784683153e-15,5.580399423804616e-13,-0.00013946453691460192,8.537108078598976e-05,0.0005580399301834404,0.014745506724615168,7.301940786419436e-05,0.004555165767669678,0.000163929900736548,0.0,0.0,0.0,anisotropic
262,5.939982446884207e-12,0.015486674383282661,0.9343887567520142,0.9966598749160767,0.985114574432373,0.02187669277191162,-1.3947966859186728e-13,8.529269413144747e-14,-1.8052957465129732e-16,3.075619194885964e-15,5.57696358712001e-13,-0.00013947967090643942,8.529269689461216e-05,0.0005576963303610682,0.01480238188910208,7.374242704827338e-05,0.004964172840118408,0.00016708819021005183,0.0,0.0,0.0,anisotropic
263,5.935705919835055e-12,0.015484320931136608,0.9340410828590393,0.9966597557067871,0.9850700497627258,0.021991632878780365,-1.394957689941287e-13,8.521381164713557e-14,-1.8025684327717124e-16,3.0737307349300606e-15,5.573521245222368e-13,-0.000139495765324682,8.521381096215919e-05,0.0005573521484620869,0.01485976054606302,7.362323231063783e-05,0.005177319049835205,0.00016782834427431226,0.0,0.0,0.0,anisotropic
264,5.931417249721571e-12,0.015481967478990555,0.9336967468261719,0.9966598153114319,0.9850246906280518,0.022106854245066643,-1.395119642640802e-13,8.51344277193189e-14,-1.7998417807749416e-16,3.0718318988205533e-15,5.570062098191053e-13,-0.00013951196160633117,8.513443026458845e-05,0.0005570062203332782,0.014916706866372307,7.428551907651126e-05,0.005108773708343506,0.00017016063793562353,0.0,0.0,0.0,anisotropic
265,5.927117303905494e-12,0.0154796177521348,0.9333471059799194,0.9966595768928528,0.9849796295166016,0.022222790867090225,-1.3952889137049812e-13,8.50542780737179e-14,-1.7971106289156385e-16,3.0699292510627833e-15,5.566594819643444e-13,-0.00013952888548374176,8.50542783155106e-05,0.0005566594772972167,0.01497404519597393,7.431290578097105e-05,0.005314290523529053,0.0001703510934021324,0.0,0.0,0.0,anisotropic
266,5.922805648705953e-12,0.015477277338504791,0.9329990148544312,0.9966594576835632,0.9849340915679932,0.022339079529047012,-1.3954556097890009e-13,8.497327461890608e-14,-1.7943786829629474e-16,3.068017709459067e-15,5.563111820164335e-13,-0.00013954556197859347,8.49732750793919e-05,0.0005563111626543105,0.015031114590501793,7.477973849745467e-05,0.005447328090667725,0.00017101643607020378,0.0,0.0,0.0,anisotropic
267,5.91848228412295e-12,0.01547494437545538,0.9326472878456116,0.9966592192649841,0.9848886728286743,0.02245599403977394,-1.3956216282466627e-13,8.489144445993774e-14,-1.7916456782190722e-16,3.0661000268664834e-15,5.559617436562414e-13,-0.00013956216571386904,8.489144238410518e-05,0.0005559617420658469,0.015088368009040065,7.460381311830133e-05,0.005350947380065918,0.00016961197252385318,0.0,0.0,0.0,anisotropic
268,5.914151113284305e-12,0.015472624450922012,0.9322980642318726,0.9966592788696289,0.9848426580429077,0.022573161870241165,-1.3957808704407465e-13,8.480878759681287e-14,-1.788913202870789e-16,3.064174085702664e-15,5.556107874130078e-13,-0.00013957808550912887,8.480878750560805e-05,0.0005556107498705387,0.015145203872676302,7.524182728957385e-05,0.004953563213348389,0.0001697663392405957,0.0,0.0,0.0,anisotropic
269,5.909809100423935e-12,0.015470325946807861,0.9319429397583008,0.996658980846405,0.9847970008850098,0.022691041231155396,-1.395938079755757e-13,8.472531758205865e-14,-1.7861756982643815e-16,3.0622447564070555e-15,5.552592348585794e-13,-0.0001395938015775755,8.472531771985814e-05,0.0005552592338062823,0.01520245589555188,7.469284173566848e-05,0.004685103893280029,0.00016681379929650575,0.0,0.0,0.0,anisotropic
270,5.905458847627054e-12,0.015468044206500053,0.9315935969352722,0.9966591596603394,0.9847503304481506,0.022808950394392014,-1.3960797036645378e-13,8.464136645259038e-14,-1.7834411053337302e-16,3.060304203924896e-15,5.549056765301319e-13,-0.00013960797514300793,8.464136772090569e-05,0.0005549056804738939,0.015258948532392238,7.544452091678977e-05,0.004649460315704346,0.00016709582996554673,0.0,0.0,0.0,anisotropic
271,5.9010990538510555e-12,0.015465791337192059,0.9312360882759094,0.9966588616371155,0.9847044944763184,0.02292764000594616,-1.3962205144216894e-13,8.455681223566366e-14,-1.7807004243537705e-16,3.05836407495921e-15,5.545522808320102e-13,-0.00013962204684503376,8.455681381747127e-05,0.0005545522435568273,0.01531608039614327,7.483127410523593e-05,0.004421889781951904,0.0001640401897020638,0.0,0.0,0.0,anisotropic
272,5.896734489585498e-12,0.01546355988830328,0.9308850169181824,0.9966590404510498,0.9846574068069458,0.023046327754855156,-1.3963460108231546e-13,8.447206828335677e-14,-1.7779604051183009e-16,3.056414628631104e-15,5.541970419901954e-13,-0.00013963460514787585,8.447207073913887e-05,0.0005541970604099333,0.01537244422648814,7.545763946836814e-05,0.004083216190338135,0.0001643417781451717,0.0,0.0,0.0,anisotropic
273,5.892360384340822e-12,0.015461352653801441,0.9305267333984375,0.9966588020324707,0.9846111536026001,0.023165710270404816,-1.39646893224446e-13,8.438705328050675e-14,-1.7752142978335228e-16,3.0544660293359456e-15,5.538419657787064e-13,-0.0001396468869643286,8.438705117441714e-05,0.0005538419936783612,0.015429395534754154,7.497277692891657e-05,0.0036130547523498535,0.00016200578829739243,0.0,0.0,0.0,anisotropic
274,5.887979773883112e-12,0.015459157526493073,0.9301736354827881,0.9966589212417603,0.9845638871192932,0.0232851579785347,-1.396579385340782e-13,8.430205183018388e-14,-1.7724683228976428e-16,3.052509594986025e-15,5.534855885246104e-13,-0.00013965793186798692,8.430205343756825e-05,0.000553485588170588,0.015485734486128807,7.554065086878836e-05,0.00314408540725708,0.00016257922106888145,0.0,0.0,0.0,anisotropic
275,5.883587887722808e-12,0.015456977300345898,0.9298141598701477,0.9966587424278259,0.9845171570777893,0.02340526692569256,-1.3966884831843884e-13,8.421688774953515e-14,-1.7697136129344942e-16,3.050554642943762e-15,5.531293739008403e-13,-0.0001396688458044082,8.421688835369423e-05,0.0005531294154934585,0.015542616768815999,7.507129339501262e-05,0.0028224587440490723,0.00016065267845988274,0.0,0.0,0.0,anisotropic
276,5.879190797392075e-12,0.015454799868166447,0.9294599294662476,0.9966589212417603,0.984469473361969,0.023525433614850044,-1.3967871455820846e-13,8.41318795229487e-14,-1.7669579765290595e-16,3.0485933381543947e-15,5.527721292850063e-13,-0.00013967871200293303,8.413187606493011e-05,0.0005527721368707716,0.01559891141112266,7.584531704196706e-05,0.0027748942375183105,0.00016199673700612038,0.0,0.0,0.0,anisotropic
277,5.874781130316142e-12,0.015452627092599869,0.9290978908538818,0.9966586828231812,0.9844225645065308,0.023646367713809013,-1.3968874342830395e-13,8.404672899482712e-14,-1.7641933403985603e-16,3.046636056771527e-15,5.524154809803672e-13,-0.00013968873827252537,8.404672553297132e-05,0.0005524154403246939,0.015655955351212437,7.507035479648039e-05,0.0026227235794067383,0.00015960594464559108,0.0,0.0,0.0,anisotropic
278,5.870365825388912e-12,0.015450450591742992,0.9287439584732056,0.996658980846405,0.9843742251396179,0.023767178878188133,-1.3969756612348255e-13,8.396183596472151e-14,-1.7614298954081432e-16,3.044670940333897e-15,5.520574774230125e-13,-0.000139697571285069,8.396183693548664e-05,0.0005520574632100761,0.015712118147273347,7.641089177923277e-05,0.0025203824043273926,0.00016244988364633173,0.0,0.0,0.0,anisotropic
279,5.8659370763547436e-12,0.015448281541466713,0.928377091884613,0.9966585636138916,0.9843273162841797,0.023889057338237762,-1.3970725618039914e-13,8.38766312264913e-14,-1.758651759690047e-16,3.0427130236763186e-15,5.517007206981561e-13,-0.00013970726286061108,8.387662819586694e-05,0.0005517007666639984,0.01576956856623816,7.499649655073881e-05,0.002287566661834717,0.00015864903980400413,0.0,0.0,0.0,anisotropic
280,5.861502689469278e-12,0.015446100383996964,0.9280257225036621,0.9966591000556946,0.9842780828475952,0.024010416120290756,-1.397151979613126e-13,8.379181951154863e-14,-1.7558805061146474e-16,3.0407419780080578e-15,5.513416871487375e-13,-0.00013971519365441054,8.379181963391602e-05,0.0005513416836038232,0.015825407296369498,7.747622294118628e-05,0.002185344696044922,0.00016409998352173716,0.0,0.0,0.0,anisotropic
281,5.857051389029921e-12,0.01544394064694643,0.9276509881019592,0.996658444404602,0.9842315316200256,0.024133361876010895,-1.3972498288591928e-13,8.370645891925613e-14,-1.7530860914820963e-16,3.038785755416374e-15,5.509852556845329e-13,-0.00013972498709335923,8.370645809918642e-05,0.0005509852198883891,0.015883558915971985,7.497472688555717e-05,0.0018985867500305176,0.000158018505317159,0.0,0.0,0.0,anisotropic
282,5.852598787547958e-12,0.015441750176250935,0.9273042678833008,0.9966593384742737,0.9841811060905457,0.024255167692899704,-1.397320437525676e-13,8.362186404474795e-14,-1.750305838181632e-16,3.0368072982098248e-15,5.506248126722901e-13,-0.000139732044772245,8.362186054000631e-05,0.0005506247980520129,0.01593892343768594,7.935264147818089e-05,0.0018391013145446777,0.00016747420886531472,0.0,0.0,0.0,anisotropic
283,5.848123200979938e-12,0.015439609065651894,0.9269183874130249,0.9966581463813782,0.9841353297233582,0.024379339069128036,-1.3974241143584198e-13,8.353634082212957e-14,-1.7474927623544617e-16,3.0348550990246404e-15,5.502690859394976e-13,-0.0001397424057358876,8.35363389342092e-05,0.0005502690910361707,0.015998103242584875,7.516866025980562e-05,0.0017189383506774902,0.00015822546265553683,0.0,0.0,0.0,anisotropic
284,5.8436536859440835e-12,0.015437412075698376,0.9265803694725037,0.9966596364974976,0.9840832352638245,0.02450137957930565,-1.3974833389020919e-13,8.345208476080029e-14,-1.744706023957995e-16,3.032866689180961e-15,5.499067997835616e-13,-0.00013974832836538553,8.345208334503695e-05,0.0005499068065546453,0.016052658707365275,8.310615521622822e-05,0.0020101070404052734,0.0001747831847751513,0.0,0.0,0.0,anisotropic
285,5.839152512204793e-12,0.015435298904776573,0.9261776208877563,0.99665766954422,0.9840390682220459,0.024627098813652992,-1.39759867090819e-13,8.336622272500302e-14,-1.741868066537999e-16,3.030921901534065e-15,5.495523740933761e-13,-0.00013975986803416163,8.336621976923198e-05,0.0005495523801073432,0.016113474951496325,7.60710536269471e-05,0.0018346905708312988,0.00016113444871734828,0.0,0.0,0.0,anisotropic
286,5.834668252019393e-12,0.015433089807629585,0.9258541464805603,0.9966599941253662,0.9839844703674316,0.024749085307121277,-1.3976402771665591e-13,8.328244777838778e-14,-1.7390772253256942e-16,3.0289178215808614e-15,5.491873232219002e-13,-0.00013976402988191694,8.328244439326227e-05,0.0005491873598657548,0.01616665435449256,8.88992435648106e-05,0.0022566914558410645,0.00018670705321710557,0.0,0.0,0.0,anisotropic
287,5.830138455342748e-12,0.015431012026965618,0.9254305362701416,0.996657133102417,0.9839422702789307,0.024876588955521584,-1.39777146562943e-13,8.31961859430394e-14,-1.7362102834970344e-16,3.0269829865710958e-15,5.488346864652993e-13,-0.0001397771411575377,8.319618791574612e-05,0.0005488346796482801,0.016229428019913582,7.757731509627774e-05,0.0019240975379943848,0.0001664961309870705,0.0,0.0,0.0,anisotropic
288,5.825637281603457e-12,0.015428800135850906,0.925119161605835,0.9966601133346558,0.9838855266571045,0.02499871514737606,-1.3977988417342851e-13,8.311276336213022e-14,-1.733412427793135e-16,3.0249628129918943e-15,5.484667082479577e-13,-0.00013977987691760063,8.31127617857419e-05,0.0005484666908159852,0.01628124093387735,9.186237002722919e-05,0.002392590045928955,0.00019311701180413365,0.0,0.0,0.0,anisotropic
289,5.821081464074673e-12,0.01542673446238041,0.924685001373291,0.9966568350791931,0.9838440418243408,0.02512752264738083,-1.3979353156827468e-13,8.302613560854863e-14,-1.7305213984650377e-16,3.023028613256839e-15,5.481141799115741e-13,-0.00013979352661408484,8.302613423438743e-05,0.0005481141852214932,0.016344527048800923,7.758536230539903e-05,0.0020178556442260742,0.0001662829308770597,0.0,0.0,0.0,anisotropic
290,5.816554703164112e-12,0.015424545854330063,0.9243663549423218,0.9966594576835632,0.9837875962257385,0.02525090053677559,-1.3979662154446626e-13,8.294237421446055e-14,-1.7277002493550889e-16,3.0210048397876117e-15,5.47745551172929e-13,-0.00013979662617202848,8.294237341033295e-05,0.0005477455561049283,0.01639654074732437,8.686640649102628e-05,0.002364814281463623,0.00018306233687326312,0.0,0.0,0.0,anisotropic
291,5.811981972081437e-12,0.015422455966472626,0.9239469766616821,0.996657133102417,0.9837435483932495,0.025379728525877,-1.3980848000572782e-13,8.285602428768565e-14,-1.7248032643265811e-16,3.019052005327717e-15,5.47389607599702e-13,-0.0001398084859829396,8.285602234536782e-05,0.0005473895580507815,0.016457926624621658,7.699799607507885e-05,0.002128899097442627,0.00016311169019900262,0.0,0.0,0.0,anisotropic
292,5.807422251424832e-12,0.015420326963067055,0.9235952496528625,0.9966581463813782,0.983690619468689,0.02550557814538479,-1.3981407719944328e-13,8.277123967779729e-14,-1.7219436016873118e-16,3.017044749000961e-15,5.470239062069226e-13,-0.0001398140739183873,8.277124288724735e-05,0.0005470238975249231,0.016512975069001113,7.964244286995381e-05,0.0022163987159729004,0.0001690850913291797,0.0,0.0,0.0,anisotropic
293,5.802841714086515e-12,0.015418197959661484,0.9232082366943359,0.9966574907302856,0.9836418628692627,0.0256335511803627,-1.3982253397638866e-13,8.268551316727157e-14,-1.7190546899415826e-16,3.0150609978384915e-15,5.46662433202616e-13,-0.00013982252858113497,8.268551027867943e-05,0.0005466623697429895,0.016571436992684544,8.054455975070596e-05,0.002185642719268799,0.00017125393787864596,0.0,0.0,0.0,anisotropic
294,5.7982499010456046e-12,0.01541612483561039,0.9228167533874512,0.9966567158699036,0.9835933446884155,0.02576211839914322,-1.3983105851596983e-13,8.259950882993916e-14,-1.7161559843774008e-16,3.0130768231595483e-15,5.463008517780921e-13,-0.0001398310560034588,8.259950845967978e-05,0.000546300841961056,0.01663043075629021,7.82141723902896e-05,0.002435922622680664,0.00016679980035405606,0.0,0.0,0.0,anisotropic
295,5.793658955366432e-12,0.01541396789252758,0.9224584102630615,0.99665766954422,0.9835403561592102,0.02588944509625435,-1.398363440015607e-13,8.251423632907318e-14,-1.713272895983184e-16,3.0110646963933457e-15,5.459341746033575e-13,-0.0001398363383486867,8.251423423644155e-05,0.0005459341919049621,0.016686389618481616,8.734269067645073e-05,0.0022531747817993164,0.00018590220133773983,0.0,0.0,0.0,anisotropic
296,5.789036350983823e-12,0.015411937609314919,0.9220360517501831,0.9966558814048767,0.9834949970245361,0.026020292192697525,-1.3984668457978078e-13,8.242702581682387e-14,-1.71033977970552e-16,3.0090961918239267e-15,5.455755205246993e-13,-0.00013984668476041406,8.242702460847795e-05,0.0005455754580907524,0.01674814868459384,7.947567064547911e-05,0.0026630163192749023,0.00017169088823720813,0.0,0.0,0.0,anisotropic
297,5.784431093835973e-12,0.015409762039780617,0.9216943979263306,0.9966576099395752,0.9834394454956055,0.026147618889808655,-1.3984980166102667e-13,8.234173976343073e-14,-1.707455367822323e-16,3.0070652185746477e-15,5.452054281131213e-13,-0.00013984979887027293,8.23417431092821e-05,0.0005452054319903255,0.01680251532981248,9.23517654882744e-05,0.0023012757301330566,0.00019768709898926318,0.0,0.0,0.0,anisotropic
298,5.7797794328351415e-12,0.015407745726406574,0.9212482571601868,0.9966551065444946,0.9833955764770508,0.026280125603079796,-1.3986088762824034e-13,8.225355346922619e-14,-1.7044984287430175e-16,3.0051051843347013e-15,5.448481834972874e-13,-0.00013986088742967695,8.225355122704059e-05,0.0005448482115752995,0.0168656454772277,8.089904440566897e-05,0.002868354320526123,0.0001767653157003224,0.0,0.0,0.0,anisotropic
299,5.775152057962973e-12,0.015405556187033653,0.9209150075912476,0.9966570734977722,0.9833390116691589,0.026408130303025246,-1.3986296116489522e-13,8.216779985364617e-14,-1.701605017134756e-16,3.0030670113053706e-15,5.444768442532111e-13,-0.0001398629683535546,8.216779679059982e-05,0.0005444768466986716,0.016919549965171934,9.345747821498662e-05,0.0026082992553710938,0.00020194945682305843,0.0,0.0,0.0,anisotropic
300,5.770478712918692e-12,0.015403514727950096,0.9204609394073486,0.9966545104980469,0.9832949638366699,0.02654160186648369,-1.398733966108054e-13,8.207884784165731e-14,-1.6986366960502217e-16,3.0011065535489505e-15,5.441195454272685e-13,-0.00013987340207677335,8.207884820876643e-05,0.0005441195098683238,0.016982681695599553,8.191504457499832e-05,0.0032281875610351562,0.00018016161629930139,0.0,0.0,0.0,anisotropic
301,5.765825750875253e-12,0.015401318669319153,0.9201133847236633,0.9966560006141663,0.9832392930984497,0.026670999825000763,-1.3987582251316633e-13,8.199210489159489e-14,-1.6957280643186892e-16,2.9990753685414347e-15,5.437494530156906e-13,-0.00013987581769470125,8.199210424209014e-05,0.0005437494837678969,0.01703746918863975,9.142774797510356e-05,0.0029718875885009766,0.00020035516354255378,0.0,0.0,0.0,anisotropic
302,5.761132890191867e-12,0.015399218536913395,0.9196711182594299,0.9966540336608887,0.9831935167312622,0.0268048495054245,-1.3988469941845355e-13,8.190267854115557e-14,-1.692759346187461e-16,2.9971083462796734e-15,5.433909615673582e-13,-0.00013988469436299056,8.190267544705421e-05,0.0005433909245766699,0.017099693192841603,8.336578321177512e-05,0.003346264362335205,0.00018554866255726665,0.0,0.0,0.0,anisotropic
303,5.7564495704875984e-12,0.015397010371088982,0.9192990660667419,0.9966546893119812,0.9831398725509644,0.026936093345284462,-1.398880739977154e-13,8.181454645705966e-14,-1.6898309944701252e-16,2.995093678414629e-15,5.430238507117546e-13,-0.00013988807040732354,8.181454904843122e-05,0.0005430238670669496,0.017156411559681672,8.922100096242502e-05,0.003147423267364502,0.00019958331540692598,0.0,0.0,0.0,anisotropic
304,5.7517384952077144e-12,0.015394824557006359,0.9188730120658875,0.9966533184051514,0.9830918312072754,0.02707015536725521,-1.3989497223403785e-13,8.172471353080565e-14,-1.6868679673415112e-16,2.9931188210981056e-15,5.426638955904894e-13,-0.00013989496801514179,8.17247127997689e-05,0.0005426639108918607,0.01721751767993769,8.618641004431993e-05,0.0032352805137634277,0.0001960208173841238,0.0,0.0,0.0,anisotropic
305,5.7470235168000094e-12,0.015392586588859558,0.9184759259223938,0.996653139591217,0.9830403923988342,0.02720341458916664,-1.3989934970030926e-13,8.163519908893982e-14,-1.6839202926850663e-16,2.991125117298506e-15,5.423005794424895e-13,-0.00013989934814162552,8.16351966932416e-05,0.0005423005786724389,0.0172764283218253,8.85708286659792e-05,0.003244459629058838,0.00020393729209899902,0.0,0.0,0.0,anisotropic
306,5.742292058519283e-12,0.015390301123261452,0.9180634021759033,0.996652364730835,0.9829901456832886,0.027337869629263878,-1.3990444545051994e-13,8.15449392580804e-14,-1.6809628242101687e-16,2.989146024817246e-15,5.419399195898122e-13,-0.00013990444131195545,8.154493843903765e-05,0.000541939924005419,0.017336663939522254,9.036311530508101e-05,0.0037124156951904297,0.00021137480507604778,0.0,0.0,0.0,anisotropic
307,5.73754151828032e-12,0.015388008207082748,0.917643666267395,0.996651291847229,0.9829405546188354,0.027473250404000282,-1.3990963606842072e-13,8.14541508786619e-14,-1.6779970177546966e-16,2.9871745556325118e-15,5.415805607797419e-13,-0.00013990963634569198,8.145414903992787e-05,0.0005415806081146002,0.0173976295559343,8.948003960540518e-05,0.004088997840881348,0.00021405069855973125,0.0,0.0,0.0,anisotropic
308,5.732783171785716e-12,0.015385610982775688,0.9172414541244507,0.9966509938240051,0.9828884601593018,0.0276084765791893,-1.399130648577912e-13,8.136359289220504e-14,-1.675039681628697e-16,2.9851929220524103e-15,5.41219413036087e-13,-0.00013991307059768587,8.136359247146174e-05,0.0005412194295786321,0.01745732591545943,9.526263602310792e-05,0.004991054534912109,0.0002309966366738081,0.0,0.0,0.0,anisotropic
309,5.727996202353758e-12,0.015383263118565083,0.9168006777763367,0.9966492056846619,0.9828402996063232,0.02774619497358799,-1.399189873121584e-13,8.127177452072268e-14,-1.6720537581407276e-16,2.98324178165841e-15,5.408637405134031e-13,-0.00013991899322718382,8.127177716232836e-05,0.0005408637807704508,0.017520277078336838,9.142378985416144e-05,0.005595982074737549,0.0002290171105414629,0.0,0.0,0.0,anisotropic
310,5.723204028751372e-12,0.015380747616291046,0.9164080023765564,0.9966493248939514,0.982786238193512,0.027882538735866547,-1.399210879538676e-13,8.118126396811087e-14,-1.6690944367812578e-16,2.981256336430046e-15,5.405018880383361e-13,-0.0001399210887029767,8.118126424960792e-05,0.0005405019037425518,0.017579560758963848,0.00010152833419851959,0.006581366062164307,0.0002554520615376532,0.0,0.0,0.0,anisotropic
311,5.7183710891473005e-12,0.015378374606370926,0.9159436225891113,0.9966465830802917,0.9827397465705872,0.02802317962050438,-1.3992835210842325e-13,8.108878829906144e-14,-1.6660797935824206e-16,2.979320654387333e-15,5.401490344413007e-13,-0.00013992835010867566,8.108878682833165e-05,0.0005401490489020944,0.01764489420453879,9.412162762600929e-05,0.006828606128692627,0.0002466888399794698,0.0,0.0,0.0,anisotropic
312,5.713545955798871e-12,0.015375747345387936,0.9155678153038025,0.9966474771499634,0.9826824069023132,0.028160611167550087,-1.3992881289434655e-13,8.099903668797037e-14,-1.6631191487339708e-16,2.9773127627858668e-15,5.397832246283041e-13,-0.00013992881576996297,8.09990378911607e-05,0.0005397832137532532,0.01770326526604139,0.00011109338083770126,0.007670879364013672,0.0002842739340849221,0.0,0.0,0.0,anisotropic
313,5.708661841852258e-12,0.015373442322015762,0.9150696396827698,0.9966433048248291,0.9826386570930481,0.028304966166615486,-1.3993892307960498e-13,8.090586984003598e-14,-1.6600621538877708e-16,2.9753840687649687e-15,5.394315094435498e-13,-0.00013993892935104668,8.090586925391108e-05,0.000539431523066014,0.017772008265021975,9.891630179481581e-05,0.007577419281005859,0.00026437544147484004,0.0,0.0,0.0,anisotropic
314,5.703816759183855e-12,0.015370741486549377,0.9147308468818665,0.9966458678245544,0.9825755953788757,0.02844240888953209,-1.3993691730558588e-13,8.081777163725795e-14,-1.6571135527890398e-16,2.973320061230747e-15,5.390554539200232e-13,-0.00013993692118674517,8.081777195911855e-05,0.0005390554433688521,0.017828009515926883,0.0001266034523723647,0.008610785007476807,0.0003143805079162121,0.0,0.0,0.0,anisotropic
315,5.698895348682509e-12,0.015368636697530746,0.9141872525215149,0.996639609336853,0.9825361967086792,0.028590472415089607,-1.3995105259140966e-13,8.072364933615905e-14,-1.6540066624082906e-16,2.971386708528639e-15,5.387029797937481e-13,-0.0001399510510964319,8.072365017142147e-05,0.0005387029959820211,0.017901029871480106,0.00010773919348139316,0.007226765155792236,0.0002829201112035662,0.0,0.0,0.0,anisotropic
316,5.694055903865403e-12,0.015365976840257645,0.913901686668396,0.9966446757316589,0.9824659824371338,0.02872605249285698,-1.3994515724209677e-13,8.063763144629948e-14,-1.6510918102785518e-16,2.96924075055677e-15,5.383121249105671e-13,-0.00013994515757076442,8.063763380050659e-05,0.0005383121315389872,0.017952263132131524,0.0001378042798023671,0.008357465267181396,0.0003262400277890265,0.0,0.0,0.0,anisotropic
317,5.689118447171904e-12,0.015364044345915318,0.9133328199386597,0.9966372847557068,0.9824293255805969,0.02887571230530739,-1.3996158290500993e-13,8.054273665115269e-14,-1.6479579207226089e-16,2.967286010272744e-15,5.379557476564711e-13,-0.00013996158668305725,8.05427334853448e-05,0.000537955726031214,0.01802447599790674,0.00010440322512295097,0.005933046340942383,0.0002667661174200475,0.0,0.0,0.0,anisotropic
318,5.6842703287374174e-12,0.015361687168478966,0.9130445718765259,0.9966424703598022,0.9823589324951172,0.029011355713009834,-1.3995537584757245e-13,8.045635961932349e-14,-1.6450459802686262e-16,2.965101512301775e-15,5.375579538793862e-13,-0.00013995537301525474,8.045636059250683e-05,0.0005375579348765314,0.01807044694852971,0.00011216270650038496,0.005491495132446289,0.0002625012130010873,0.0,0.0,0.0,anisotropic
319,5.679353255044761e-12,0.015359649434685707,0.9125446081161499,0.996638298034668,0.9823142290115356,0.029157260432839394,-1.3996608234402574e-13,8.036298948348175e-14,-1.6419776034171975e-16,2.9630758330084165e-15,5.371887288295463e-13,-0.00013996608322486281,8.036298822844401e-05,0.0005371887236833572,0.01813287154219374,9.123307245317847e-05,0.0037367939949035645,0.00021833633945789188,0.0,0.0,0.0,anisotropic
320,5.674486922013777e-12,0.015357731841504574,0.9121477007865906,0.996638834476471,0.982257604598999,0.029297517612576485,-1.3996811522309915e-13,8.027259412735077e-14,-1.6390129881018074e-16,2.960979426463962e-15,5.368069270345055e-13,-0.00013996812049299479,8.02725917310454e-05,0.0005368069396354258,0.018189095605132936,9.083263284992427e-05,0.003487825393676758,0.0002195962588302791,0.0,0.0,0.0,anisotropic
321,5.669647043515802e-12,0.015355486422777176,0.9117816090583801,0.9966406226158142,0.9821975231170654,0.029435841366648674,-1.39967234308834e-13,8.018274087230604e-14,-1.6360952242963124e-16,2.9588715849747198e-15,5.364230110452284e-13,-0.00013996723282616585,8.018274093046784e-05,0.0005364230019040406,0.01824529715839111,0.00011429627920733765,0.004358351230621338,0.00026723448536358774,0.0,0.0,0.0,anisotropic
322,5.664760327483975e-12,0.015353711321949959,0.911279559135437,0.9966369867324829,0.9821542501449585,0.02958110347390175,-1.3997776462243428e-13,8.008741917255383e-14,-1.6330735666058807e-16,2.956884445680461e-15,5.360608333095096e-13,-0.0001399777684127912,8.008741860976443e-05,0.000536060833837837,0.01831274836036533,9.715130727272481e-05,0.003632485866546631,0.00024398020468652248,0.0,0.0,0.0,anisotropic
323,5.659925653156428e-12,0.015351449139416218,0.9109639525413513,0.9966408610343933,0.9820873737335205,0.029717231169342995,-1.3997186927312139e-13,7.999770144278065e-14,-1.6302137716177133e-16,2.9547403935327237e-15,5.356705205274148e-13,-0.0001399718748871237,7.999769877642393e-05,0.0005356704932637513,0.01836232146704843,0.00011292553972452879,0.004938840866088867,0.0002686568477656692,0.0,0.0,0.0,anisotropic
324,5.655010747868117e-12,0.015349481254816055,0.9104641675949097,0.9966374039649963,0.9820431470870972,0.02986340969800949,-1.399818574856354e-13,7.990039429780008e-14,-1.6271902610427095e-16,2.952756642370254e-15,5.353088306826737e-13,-0.00013998185750097036,7.990039739524946e-05,0.0005353088490664959,0.018425474607249637,9.26513021113351e-05,0.004590332508087158,0.0002280702901771292,0.0,0.0,0.0,anisotropic
325,5.650130970730194e-12,0.015347457490861416,0.9100767374038696,0.9966386556625366,0.9819843769073486,0.030004184693098068,-1.3998193880079834e-13,7.980663791493439e-14,-1.6242690561658662e-16,2.9506820469241916e-15,5.349309862255625e-13,-0.00013998194481246173,7.980663940543309e-05,0.0005349309649318457,0.01847979362867826,9.385940938955173e-05,0.005176901817321777,0.00023237014829646796,0.0,0.0,0.0,anisotropic
326,5.645243821017498e-12,0.015345253050327301,0.9096670746803284,0.9966397881507874,0.9819282293319702,0.030146518722176552,-1.3998394457481744e-13,7.971196673648567e-14,-1.6213360722371002e-16,2.9486396387301246e-15,5.345589422500741e-13,-0.00013998393842484802,7.971196464495733e-05,0.0005345589597709477,0.018538049974783068,0.00010788469080580398,0.005796849727630615,0.00026404799427837133,0.0,0.0,0.0,anisotropic
327,5.640324145239628e-12,0.015343431383371353,0.9091852307319641,0.996637225151062,0.9818812608718872,0.030293257907032967,-1.3999260463967017e-13,7.961430044953546e-14,-1.618335855068146e-16,2.9466749458089683e-15,5.342008844826107e-13,-0.00013999261136632413,7.961429946590215e-05,0.000534200866241008,0.018603358547073377,9.637835319153965e-05,0.005026340484619141,0.00024476778344251215,0.0,0.0,0.0,anisotropic
328,5.635435694484325e-12,0.015341238118708134,0.9088305234909058,0.996640145778656,0.9818168878555298,0.03043382056057453,-1.3998904032502812e-13,7.952170280774162e-14,-1.615450252044867e-16,2.9445925153081436e-15,5.338216305626753e-13,-0.00013998904614709318,7.952170562930405e-05,0.0005338216433301568,0.018656615567003147,0.00011246571375522763,0.005644679069519043,0.00027303260867483914,0.0,0.0,0.0,anisotropic
329,5.630480023194329e-12,0.015339380130171776,0.9083327054977417,0.9966365098953247,0.9817709922790527,0.03058280050754547,-1.3999829670107572e-13,7.942331146058856e-14,-1.6124177417447985e-16,2.942649845243616e-15,5.334674759230329e-13,-0.00013999830116517842,7.942331285448745e-05,0.0005334674497134984,0.018720742130756144,9.395006054546684e-05,0.004890143871307373,0.0002323745284229517,0.0,0.0,0.0,anisotropic
330,5.6255547095651615e-12,0.015337424352765083,0.9079394936561584,0.9966369867324829,0.9817106127738953,0.030726516619324684,-1.3999692789583296e-13,7.932941955245132e-14,-1.609478140371132e-16,2.9406042606759967e-15,5.33094781426241e-13,-0.00013999693328514695,7.932941662147641e-05,0.0005330948042683303,0.018775584955294362,9.651134314481169e-05,0.004827558994293213,0.00023399171186611056,0.0,0.0,0.0,anisotropic
331,5.6206111813394966e-12,0.015335402451455593,0.907503604888916,0.9966364502906799,0.9816558957099915,0.03087294101715088,-1.3999868972436325e-13,7.923388778852819e-14,-1.6064854670893642e-16,2.9386029335798716e-15,5.327301100255255e-13,-0.00013999869406688958,7.92338905739598e-05,0.0005327301332727075,0.018835283200629768,0.00010168181324843317,0.004406750202178955,0.00024416783708147705,0.0,0.0,0.0,anisotropic
332,5.6156555100495e-12,0.015333631075918674,0.9070426225662231,0.9966347217559814,0.9816045761108398,0.031021203845739365,-1.4000201009351648e-13,7.913709563957955e-14,-1.6034524273937038e-16,2.9366310408786636e-15,5.323707512154552e-13,-0.00014000201190356165,7.913709850981832e-05,0.0005323707009665668,0.01889820232180361,9.418714034836739e-05,0.004923522472381592,0.00023340618645306677,0.0,0.0,0.0,anisotropic
333,5.610721089122084e-12,0.015331530943512917,0.9066616892814636,0.9966368079185486,0.9815416932106018,0.03116542659699917,-1.3999662974023552e-13,7.904351543956689e-14,-1.6004879444272117e-16,2.934572327300362e-15,5.319957256839924e-13,-0.00013999662769492716,7.904351514298469e-05,0.0005319957272149622,0.018953752777869776,0.00010965055844280869,0.0062493085861206055,0.00026437442284077406,0.0,0.0,0.0,anisotropic
334,5.6057354938521264e-12,0.015329737216234207,0.9061749577522278,0.9966339468955994,0.9814934134483337,0.031316474080085754,-1.4000055997311078e-13,7.894462942517264e-14,-1.5973982594032037e-16,2.9326260573458085e-15,5.316408663129379e-13,-0.00014000055671203882,7.894462760305032e-05,0.0005316408351063728,0.019017955925662872,9.474853868596256e-05,0.006463348865509033,0.00023729674285277724,0.0,0.0,0.0,anisotropic
335,5.60077548575344e-12,0.01532773021608591,0.9057834148406982,0.9966356754302979,0.9814307689666748,0.03146257624030113,-1.399939869974401e-13,7.884957199969997e-14,-1.5944034685390677e-16,2.9305724259651904e-15,5.312667081432132e-13,-0.00013999399379827082,7.884957449277863e-05,0.000531266734469682,0.019072619181603582,0.00010131263843504712,0.007035434246063232,0.00024898696574382484,0.0,0.0,0.0,anisotropic
336,5.5957812168661025e-12,0.015325795859098434,0.9053252935409546,0.996634304523468,0.9813774824142456,0.031613267958164215,-1.3999317384581073e-13,7.875092993079452e-14,-1.5913305918251067e-16,2.928594392275115e-15,5.309062109208618e-13,-0.00013999317889101803,7.875092705944553e-05,0.000530906196217984,0.019133514640085583,9.712330211186782e-05,0.006653189659118652,0.0002401489909971133,0.0,0.0,0.0,anisotropic
337,5.590788682702241e-12,0.015323948115110397,0.9048885107040405,0.9966340661048889,0.9813205599784851,0.031763140112161636,-1.3998955532106006e-13,7.865316199989064e-14,-1.588277832143643e-16,2.9265930651789897e-15,5.305414853100376e-13,-0.00013998955546412617,7.865316001698375e-05,0.0005305414670147002,0.019192824143406034,9.505206253379583e-05,0.006179332733154297,0.0002347237168578431,0.0,0.0,0.0,anisotropic
338,5.585798316942725e-12,0.015321914106607437,0.9044754505157471,0.9966349601745605,0.9812597036361694,0.03191182389855385,-1.3998310431813377e-13,7.85567086641209e-14,-1.5852559097554152e-16,2.92456082138029e-15,5.301711218479166e-13,-0.00013998310896568,7.855670992285013e-05,0.0005301712080836296,0.01924993527647511,0.00010389676026534289,0.006858527660369873,0.0002492639468982816,0.0,0.0,0.0,anisotropic
339,5.58077715984151e-12,0.015320159494876862,0.9040074944496155,0.9966330528259277,0.9812073707580566,0.032064247876405716,-1.3998239958672165e-13,7.845801916137041e-14,-1.5821667541269992e-16,2.922585540547293e-15,5.298111125165428e-13,-0.0001399823959218338,7.845801883377135e-05,0.0005298111354932189,0.019311930284369592,9.470283112023026e-05,0.005961358547210693,0.00023018024512566626,0.0,0.0,0.0,anisotropic
340,5.575778554145483e-12,0.015318168327212334,0.9036120176315308,0.9966347813606262,0.9811429977416992,0.03221207857131958,-1.399739970198849e-13,7.836366646730986e-14,-1.579169580982699e-16,2.9205035335629417e-15,5.294318585966074e-13,-0.00013997399946674705,7.836366421543062e-05,0.0005294318543747067,0.01936578351027682,0.00010325625771656632,0.005283474922180176,0.0002415530034340918,0.0,0.0,0.0,anisotropic
341,5.570739616128639e-12,0.015316428616642952,0.9031413197517395,0.9966328740119934,0.9810905456542969,0.032364871352910995,-1.399733464985814e-13,7.826656261023662e-14,-1.576078572469711e-16,2.9184886539396606e-15,5.290646393207865e-13,-0.00013997334463056177,7.826655928511173e-05,0.0005290646222420037,0.019425975127514383,9.333415073342621e-05,0.0037282705307006836,0.00022068146790843457,0.0,0.0,0.0,anisotropic
342,5.5657206274317694e-12,0.015314588323235512,0.902734637260437,0.9966341257095337,0.9810280799865723,0.03251385688781738,-1.39965757083374e-13,7.817344997241085e-14,-1.5730622087351996e-16,2.91636874223092e-15,5.286785007170558e-13,-0.0001399657630827278,7.817344885552302e-05,0.0005286784726195037,0.0194794745774087,9.632884029997513e-05,0.0034759044647216797,0.000223571463720873,0.0,0.0,0.0,anisotropic
343,5.560682990457533e-12,0.01531282253563404,0.9022839069366455,0.9966335892677307,0.9809718728065491,0.03266545757651329,-1.3996144737973837e-13,7.807915148845893e-14,-1.569995817117241e-16,2.9142657711811243e-15,5.28295397879408e-13,-0.00013996144116390496,7.80791524448432e-05,0.0005282954080030322,0.019536394471293985,9.415578097105026e-05,0.0031105875968933105,0.00021786654542665929,0.0,0.0,0.0,anisotropic
344,5.55564795556851e-12,0.015311133116483688,0.9018435478210449,0.9966335296630859,0.9809137582778931,0.032816458493471146,-1.3995511834955648e-13,7.798579490514435e-14,-1.5669453073670434e-16,2.9121221425498604e-15,5.279049224669874e-13,-0.00013995511108078063,7.798579463269562e-05,0.0005279050092212856,0.01959203345353412,9.281763050239533e-05,0.002948582172393799,0.00021427620959002525,0.0,0.0,0.0,anisotropic
345,5.550618124849915e-12,0.015309331938624382,0.9014192223548889,0.9966341257095337,0.9808533191680908,0.03296668082475662,-1.3994662091502963e-13,7.789318371082335e-14,-1.5639175616273033e-16,2.9099408209524438e-15,5.275077250010973e-13,-0.0001399466273142025,7.789318624418229e-05,0.0005275078001432121,0.019646130062648433,9.862909064395353e-05,0.003266751766204834,0.00022605445701628923,0.0,0.0,0.0,anisotropic
346,5.545570079534823e-12,0.015307726338505745,0.9009501338005066,0.9966329336166382,0.9807989001274109,0.03311947360634804,-1.3994147095471032e-13,7.779852608490179e-14,-1.5608442878666483e-16,2.9077952864970487e-15,5.271169243280249e-13,-0.00013994147593621165,7.779852603562176e-05,0.0005271168774925172,0.019703629131271883,9.273598698200658e-05,0.0031501054763793945,0.0002149944193661213,0.0,0.0,0.0,anisotropic
347,5.540542850901442e-12,0.015305926091969013,0.9005416631698608,0.9966342449188232,0.9807357788085938,0.03326912596821785,-1.3993075090572987e-13,7.770592166684437e-14,-1.5578414237197338e-16,2.9055847422629517e-15,5.267144684815983e-13,-0.00013993075117468834,7.770592492306605e-05,0.0005267144297249615,0.019755795533579125,0.00010143440158572048,0.003658115863800049,0.00023330059775616974,0.0,0.0,0.0,anisotropic
348,5.535488734054184e-12,0.015304365195333958,0.9000625610351562,0.9966326951980591,0.9806824922561646,0.03342292085289955,-1.399262108091326e-13,7.761022049633179e-14,-1.5547591502340142e-16,2.9034563602247385e-15,5.263267577847175e-13,-0.0001399262109771371,7.761021697660908e-05,0.0005263267667032778,0.01981354290896031,9.322883124696091e-05,0.00307619571685791,0.00021695782197639346,0.0,0.0,0.0,anisotropic
349,5.530459770697327e-12,0.015302624553442001,0.8996564745903015,0.996634304523468,0.9806185960769653,0.03357280045747757,-1.3991484023884865e-13,7.751759574948364e-14,-1.5517647564165722e-16,2.9012574626936663e-15,5.259263619224186e-13,-0.00013991484593134373,7.751759403618053e-05,0.000525926414411515,0.01986483421207439,0.00010099090286530554,0.0030884742736816406,0.0002328604314243421,0.0,0.0,0.0,anisotropic
350,5.5254052201691994e-12,0.015301108360290527,0.8991804718971252,0.9966328740119934,0.9805647134780884,0.033726781606674194,-1.3990940567545906e-13,7.742244345632088e-14,-1.5486914826559172e-16,2.8991445390067405e-15,5.255414701511862e-13,-0.00013990940351504833,7.742244633845985e-05,0.0005255414289422333,0.019921771945965144,9.353386121802032e-05,0.0028110742568969727,0.0002169710787711665,0.0,0.0,0.0,anisotropic
351,5.520371486322784e-12,0.015299481339752674,0.8987650871276855,0.9966342449188232,0.980501651763916,0.0338774137198925,-1.3989756076672466e-13,7.733030660045034e-14,-1.5456969564895773e-16,2.896966393782876e-15,5.25144868996491e-13,-0.00013989755825605243,7.733030361123383e-05,0.0005251448601484299,0.019973180225049722,9.915983537212014e-05,0.0037851333618164062,0.00022969284327700734,0.0,0.0,0.0,anisotropic
352,5.515315634752049e-12,0.015298031270503998,0.898296058177948,0.9966332912445068,0.9804463386535645,0.03403127193450928,-1.3988972740602845e-13,7.723649600747604e-14,-1.5426428733191335e-16,2.8948498702059244e-15,5.247593267039552e-13,-0.00013988972932565957,7.723649468971416e-05,0.0005247593508102,0.020028913559740746,9.417822730029002e-05,0.00438612699508667,0.00022045359946787357,0.0,0.0,0.0,anisotropic
353,5.510269324160433e-12,0.015296543948352337,0.8978661298751831,0.996634304523468,0.9803850650787354,0.034183114767074585,-1.3987705579313753e-13,7.714454888698569e-14,-1.5396446413836493e-16,2.892684006959795e-15,5.243649481637136e-13,-0.00013987705460749567,7.714454841334373e-05,0.0005243649356998503,0.020080957477678404,9.782053530216217e-05,0.005641937255859375,0.00023230652732308954,0.0,0.0,0.0,anisotropic
354,5.5052074010575325e-12,0.01529516838490963,0.897404134273529,0.9966338872909546,0.9803281426429749,0.03433717414736748,-1.3986634929668423e-13,7.705121940872542e-14,-1.5366196749707673e-16,2.890555413163345e-15,5.239772374668328e-13,-0.0001398663443978876,7.70512197050266e-05,0.0005239772726781666,0.020135589247089736,9.58456948865205e-05,0.006986737251281738,0.00023420702200382948,0.0,0.0,0.0,anisotropic
355,5.50014200850768e-12,0.015293806791305542,0.8969600796699524,0.996634304523468,0.9802682399749756,0.03449074551463127,-1.398530949251256e-13,7.695811354716323e-14,-1.5336328250405119e-16,2.8884077611255818e-15,5.235861657432173e-13,-0.00013985310215502977,7.69581165513955e-05,0.000523586175404489,0.020188568425411106,9.787825547391549e-05,0.009163439273834229,0.00024805200519040227,0.0,0.0,0.0,anisotropic
356,5.495060136084806e-12,0.015292493626475334,0.8965027332305908,0.9966341257095337,0.9802098870277405,0.03464588522911072,-1.3984070791530495e-13,7.686362532783111e-14,-1.5306491514838086e-16,2.8862840377685784e-15,5.231994308282917e-13,-0.0001398407039232552,7.68636236898601e-05,0.00052319944370538,0.020242803403239792,9.833408694248646e-05,0.011994600296020508,0.0002595912083052099,0.0,0.0,0.0,anisotropic
357,5.489958314341958e-12,0.015291230753064156,0.8960461020469666,0.9966340065002441,0.9801506400108337,0.03480210527777672,-1.3982826669537568e-13,7.676823586544312e-14,-1.52767712463013e-16,2.884167090675153e-15,5.228138885357558e-13,-0.00013982826203573495,7.676823588553816e-05,0.0005228138761594892,0.020297219404789138,9.852450602920726e-05,0.014045417308807373,0.00026564279687590897,0.0,0.0,0.0,anisotropic
358,5.484829604385233e-12,0.015289969742298126,0.8955908417701721,0.9966339468955994,0.9800902605056763,0.034959543496370316,-1.3981583902797357e-13,7.667228397317816e-14,-1.5247015243562053e-16,2.8820446378675707e-15,5.224274246713734e-13,-0.00013981583470012993,7.667228055652231e-05,0.0005224274354986846,0.020351659630797467,0.00010009356628870592,0.013339638710021973,0.0002617661375552416,0.0,0.0,0.0,anisotropic
359,5.479670103086809e-12,0.015288783237338066,0.8951232433319092,0.9966334700584412,0.9800305962562561,0.035118572413921356,-1.3980478016581421e-13,7.657606103037007e-14,-1.5216781461300995e-16,2.8799171028623047e-15,5.220399308149271e-13,-0.00013980477524455637,7.657606329303235e-05,0.0005220400053076446,0.020406713429218567,9.753434278536588e-05,0.009440243244171143,0.00024338721414096653,0.0,0.0,0.0,anisotropic
360,5.474510601788385e-12,0.015287530608475208,0.8946778178215027,0.9966337084770203,0.9799675941467285,0.035276398062705994,-1.3979176973974439e-13,7.648179642773603e-14,-1.5186329303358223e-16,2.8777442515943606e-15,5.216442512320785e-13,-0.0001397917658323422,7.648179598618299e-05,0.0005216443096287549,0.020459261431449924,9.972260158974677e-05,0.005146920680999756,0.00024062462034635246,0.0,0.0,0.0,anisotropic
361,5.469366279320376e-12,0.01528637483716011,0.8942081928253174,0.9966332316398621,0.9799081683158875,0.035434216260910034,-1.3977991127848283e-13,7.638892773539907e-14,-1.5155195548590707e-16,2.875590035051256e-15,5.21251878465856e-13,-0.0001397799060214311,7.638892566319555e-05,0.0005212518735788763,0.02051301646694835,9.618699550628662e-05,0.005765199661254883,0.00023591869103256613,0.0,0.0,0.0,anisotropic
362,5.464266192301004e-12,0.015285084024071693,0.8937842845916748,0.9966341853141785,0.9798438549041748,0.03558865562081337,-1.3976324167008086e-13,7.629975210671214e-14,-1.5124314580218387e-16,2.873400243124367e-15,5.208531089068158e-13,-0.0001397632440784946,7.629975152667612e-05,0.0005208530928939581,0.020563580519632738,0.00010260545241180807,0.0062007904052734375,0.0002533226797822863,0.0,0.0,0.0,anisotropic
363,5.45917130945206e-12,0.015283976681530476,0.893303632736206,0.9966334104537964,0.9797872304916382,0.03574501723051071,-1.3975001440357654e-13,7.621063746439741e-14,-1.5092554815163291e-16,2.8712739786685218e-15,5.204657776806954e-13,-0.00013975001638755202,7.62106355978176e-05,0.000520465720910579,0.02061833745339872,9.71442786976695e-05,0.006855130195617676,0.00025018086307682097,0.0,0.0,0.0,anisotropic
364,5.454104182178732e-12,0.0152826476842165,0.8928952813148499,0.9966352581977844,0.9797214269638062,0.03589789941906929,-1.397299160058041e-13,7.61244772730027e-14,-1.506150311671254e-16,2.869075928170397e-15,5.200654360285051e-13,-0.00013972992019262165,7.612447370775044e-05,0.000520065485034138,0.02066825563238217,0.00011336485476931557,0.006507992744445801,0.00028589984867721796,0.0,0.0,0.0,anisotropic
365,5.449003227797622e-12,0.015281695872545242,0.892376184463501,0.9966331124305725,0.9796698093414307,0.03605625405907631,-1.3971789491421666e-13,7.603505769882696e-14,-1.5029072342744542e-16,2.8669854508565733e-15,5.196845015952023e-13,-0.00013971790031064302,7.603505946462974e-05,0.0005196845158934593,0.020726547191564363,0.00010093310265801847,0.006715893745422363,0.0002745923411566764,0.0,0.0,0.0,anisotropic
366,5.4439439067799356e-12,0.015280359424650669,0.8920032382011414,0.9966362118721008,0.979598879814148,0.036208152770996094,-1.3969294471172233e-13,7.594908046654886e-14,-1.4998442837278438e-16,2.864742295854007e-15,5.19276082636827e-13,-0.00013969294377602637,7.594907947350293e-05,0.0005192760727368295,0.020775547089255404,0.00013577149366028607,0.006024360656738281,0.0003426902403589338,0.0,0.0,0.0,anisotropic
367,5.438828640930149e-12,0.015279712155461311,0.8914266228675842,0.9966321587562561,0.9795545935630798,0.036369990557432175,-1.3968383741347346e-13,7.585627953684768e-14,-1.4965505167031067e-16,2.8627094167805968e-15,5.189055023342715e-13,-0.0001396838342770934,7.585628191009164e-05,0.0005189054645597935,0.020840794262187337,0.00011960823758272454,0.0072116851806640625,0.0003359104157425463,0.0,0.0,0.0,anisotropic
368,5.433797509168947e-12,0.015278411097824574,0.891115128993988,0.9966375231742859,0.979474663734436,0.036519475281238556,-1.3965202963223816e-13,7.577007191160792e-14,-1.4935956952061692e-16,2.860397652109303e-15,5.184847776812385e-13,-0.0001396520237904042,7.577006908832118e-05,0.0005184847977943718,0.02088815486632692,0.00017009284056257457,0.006907343864440918,0.0004276825056876987,0.0,0.0,0.0,anisotropic
369,5.428653620381807e-12,0.015277987346053123,0.8904620409011841,0.9966310262680054,0.9794394373893738,0.03668577969074249,-1.3964774703365684e-13,7.5672995159589e-14,-1.4902263569606692e-16,2.8584365590781724e-15,5.181270993845355e-13,-0.00013964774552732706,7.567299326183274e-05,0.0005181271117180586,0.02095780017909948,0.0001323413016507402,0.0065506696701049805,0.000371816597180441,0.0,0.0,0.0,anisotropic
370,5.423576518448492e-12,0.015276875346899033,0.8901742696762085,0.9966368079185486,0.979356050491333,0.036836858838796616,-1.396140418986197e-13,7.558514090229979e-14,-1.487259491714013e-16,2.8560763017706483e-15,5.17697646904014e-13,-0.00013961404329165816,7.558514334959909e-05,0.000517697655595839,0.020993239816723117,0.00014871008170302957,0.008823037147521973,0.00039211075636558235,0.0,0.0,0.0,anisotropic
371,5.4183714806588235e-12,0.015276141464710236,0.8895575404167175,0.9966317415237427,0.979314386844635,0.03700452297925949,-1.3960542249134844e-13,7.548798283511793e-14,-1.4838771832765082e-16,2.854033046543634e-15,5.17325115037548e-13,-0.00013960542855784297,7.548798021161929e-05,0.0005173251265659928,0.02104560617321097,0.00010584991832729429,0.009244978427886963,0.0003088920784648508,0.0,0.0,0.0,anisotropic
372,5.41322889291429e-12,0.015275347977876663,0.8891221284866333,0.99663245677948,0.9792497158050537,0.03716471418738365,-1.395815293859723e-13,7.53968014324119e-14,-1.4806895600679739e-16,2.8518129731888806e-15,5.169208160474281e-13,-0.000139581534313038,7.539679791079834e-05,0.000516920757945627,0.021092039796630047,0.00010825307253981009,0.011597275733947754,0.0003325999714434147,0.0,0.0,0.0,anisotropic
373,5.408109723936683e-12,0.015274054370820522,0.8886809945106506,0.9966335296630859,0.9791839122772217,0.03732500970363617,-1.3955621326524476e-13,7.530741573955405e-14,-1.4775147747025463e-16,2.849597770273574e-15,5.165173302089376e-13,-0.00013955621398054063,7.53074127715081e-05,0.0005165173206478357,0.021148593809512967,0.0001472051371820271,0.01539391279220581,0.0004290290526114404,0.0,0.0,0.0,anisotropic
374,5.402917696573084e-12,0.015273097902536392,0.8880430459976196,0.9966283440589905,0.9791407585144043,0.037495024502277374,-1.3954653676085532e-13,7.52139575122858e-14,-1.474125319424549e-16,2.8475634088925058e-15,5.161464246457304e-13,-0.00013954653695691377,7.521396037191153e-05,0.0005161464214324951,0.021218133063384548,0.00012329853780101985,0.014603495597839355,0.00039534238749183714,0.0,0.0,0.0,anisotropic
375,5.397747353252935e-12,0.01527160033583641,0.8876873850822449,0.9966318607330322,0.9790636301040649,0.03765571117401123,-1.395193639439074e-13,7.512773633451889e-14,-1.4710155173680437e-16,2.8452556676277115e-15,5.157263505140008e-13,-0.0001395193685311824,7.512773299822584e-05,0.0005157263367436826,0.021261274679050177,0.00013328474597074091,0.01393502950668335,0.00040163943776860833,0.0,0.0,0.0,anisotropic
376,5.392508054674616e-12,0.015270199626684189,0.8870904445648193,0.9966284036636353,0.9790134429931641,0.03782645985484123,-1.3951349569964883e-13,7.503574178018349e-14,-1.4676954129126029e-16,2.843167096138019e-15,5.153456329211326e-13,-0.00013951348955743015,7.503574306610972e-05,0.0005153456586413085,0.021315013292190363,0.0001133503537857905,0.013492703437805176,0.00035165686858817935,0.0,0.0,0.0,anisotropic
377,5.3873338082266464e-12,0.015268944203853607,0.8865897059440613,0.996627688407898,0.978952944278717,0.03799208626151085,-1.3950456458425298e-13,7.494640352117068e-14,-1.4645361123682423e-16,2.8410219851990976e-15,5.149549406682774e-13,-0.00013950456923339516,7.494640158256516e-05,0.0005149549688212574,0.02136898993278323,0.00011210380762349814,0.010312259197235107,0.00034950405824929476,0.0,0.0,0.0,anisotropic
378,5.382216373972515e-12,0.015267388895154,0.8861885666847229,0.9966297149658203,0.9788821935653687,0.038152921944856644,-1.394915677107103e-13,7.485886097200606e-14,-1.461519880982629e-16,2.838808899866159e-15,5.145521053510904e-13,-0.00013949157437309623,7.485886453650892e-05,0.0005145521136000752,0.021421247905913942,0.0001386147632729262,0.012953877449035645,0.00039918479160405695,0.0,0.0,0.0,anisotropic
379,5.377030851821951e-12,0.015266215428709984,0.8855783939361572,0.9966256022453308,0.9788345694541931,0.03832196816802025,-1.3949469834448336e-13,7.476457604058129e-14,-1.4583101555081272e-16,2.8367503980460942e-15,5.141769171893018e-13,-0.00013949470303487033,7.476457540178671e-05,0.000514176907017827,0.021480355871665257,0.00011169110075570643,0.01406794786453247,0.0003625913232099265,0.0,0.0,0.0,anisotropic
380,5.371866146353099e-12,0.015264978632330894,0.8851772546768188,0.9966279864311218,0.9787625074386597,0.038483865559101105,-1.394827450155317e-13,7.467367924094553e-14,-1.4552908800978596e-16,2.834465103154402e-15,5.137609630258277e-13,-0.0001394827413605526,7.467367686331272e-05,0.0005137609550729394,0.02152210486518997,0.00011411988089093938,0.01751762628555298,0.0003765376750379801,0.0,0.0,0.0,anisotropic
381,5.366666312733859e-12,0.015263826586306095,0.8846660852432251,0.9966269731521606,0.9787026643753052,0.0386507473886013,-1.3947825912904305e-13,7.457883865590736e-14,-1.4521502407481183e-16,2.8322369829866497e-15,5.133553087829923e-13,-0.00013947825937066227,7.457884203176945e-05,0.0005133553058840334,0.02157346065870906,0.00012143231288064271,0.019742190837860107,0.0004024578374810517,0.0,0.0,0.0,anisotropic
382,5.3614460961137755e-12,0.015263069421052933,0.8841187953948975,0.9966248869895935,0.9786466360092163,0.03882007300853729,-1.3947539954581312e-13,7.448271735705295e-14,-1.4489528237211313e-16,2.82999340446761e-15,5.129467271942911e-13,-0.00013947539264336228,7.448271935572848e-05,0.0005129467463120818,0.02163115570124012,0.00011288437963230535,0.02023404836654663,0.00039386405842378736,0.0,0.0,0.0,anisotropic
383,5.3562163385145745e-12,0.015262242406606674,0.8837229013442993,0.9966273903846741,0.9785720109939575,0.03898535668849945,-1.3946023426792548e-13,7.439079734161691e-14,-1.4458710796310038e-16,2.827554373095991e-15,5.125029632450928e-13,-0.00013946022954769433,7.439079490723088e-05,0.0005125029128976166,0.021676696181955273,0.00012470956426113844,0.01832681894302368,0.00037793416413478553,0.0,0.0,0.0,anisotropic
384,5.3509020131459195e-12,0.015261722728610039,0.8831585645675659,0.9966249465942383,0.9785158038139343,0.039157234132289886,-1.3945566706627388e-13,7.429620070206755e-14,-1.4425860476335352e-16,2.8251968686455456e-15,5.120737818151144e-13,-0.00013945566024631262,7.429620018228889e-05,0.0005120737478137016,0.02172683104794674,0.00010707473120419309,0.011560201644897461,0.0003192575240973383,0.0,0.0,0.0,anisotropic
385,5.345625418012867e-12,0.015261372551321983,0.8827099800109863,0.9966260194778442,0.9784467220306396,0.03932301327586174,-1.3944166730572166e-13,7.420770269973842e-14,-1.4394215854821523e-16,2.822734755626114e-15,5.116256810572262e-13,-0.00013944166130386293,7.420770270982757e-05,0.0005116257234476507,0.021769215566899078,0.00010468808613950387,0.00705486536026001,0.00030355306807905436,0.0,0.0,0.0,anisotropic
386,5.340405201392784e-12,0.015261024236679077,0.8822849988937378,0.9966278672218323,0.9783765077590942,0.03948499634861946,-1.394250925650098e-13,7.412345341467272e-14,-1.4363103275877689e-16,2.820290430298575e-15,5.111809955361812e-13,-0.00013942508667241782,7.412345439661294e-05,0.0005111809587106109,0.02181220716983825,0.00011558813275769353,0.007409930229187012,0.0003164328809361905,0.0,0.0,0.0,anisotropic
387,5.3351953931135565e-12,0.015260991640388966,0.8817650079727173,0.9966268539428711,0.978319525718689,0.03964824974536896,-1.3941444027866512e-13,7.40396107054217e-14,-1.4331171457255182e-16,2.817971889363703e-15,5.10758861420324e-13,-0.00013941443467047065,7.40396135370247e-05,0.0005107588367536664,0.02185970616569271,0.00010329359793104231,0.008654773235321045,0.00030877278186380863,0.0,0.0,0.0,anisotropic
388,5.3300380602194775e-12,0.015260947868227959,0.8813800811767578,0.9966301321983337,0.9782462120056152,0.0398058220744133,-1.393910350642666e-13,7.396184630460018e-14,-1.4300928410571263e-16,2.8155523397498713e-15,5.103186211281863e-13,-0.00013939103519078344,7.396184810204431e-05,0.0005103186122141778,0.021895442835852954,0.00010684566950658336,0.00805974006652832,0.00030033764778636396,0.0,0.0,0.0,anisotropic
389,5.3248729210697565e-12,0.015260966494679451,0.8809032440185547,0.9966307282447815,0.9781851768493652,0.039966002106666565,-1.3937256296975287e-13,7.388273342732662e-14,-1.4269807890693548e-16,2.8132297754085e-15,5.098959449112428e-13,-0.00013937256881035864,7.38827366149053e-05,0.0005098959663882852,0.021936997458855478,0.000105972372693941,0.007309377193450928,0.00029539811657741666,0.0,0.0,0.0,anisotropic
390,5.319736404857389e-12,0.01526107732206583,0.8804317712783813,0.9966312646865845,0.9781239628791809,0.04012540727853775,-1.393529660154852e-13,7.38044133728917e-14,-1.4238896482074686e-16,2.810914622605417e-15,5.094745155267977e-13,-0.00013935296738054603,7.380441093118861e-05,0.0005094744847156107,0.02198051624554034,0.00010141179518541321,0.007377028465270996,0.0002903505810536444,0.0,0.0,0.0,anisotropic
391,5.3146332820719344e-12,0.01526100654155016,0.8800289034843445,0.9966340065002441,0.9780540466308594,0.04028228297829628,-1.3932991316679272e-13,7.372780771314202e-14,-1.420884004733696e-16,2.8085367893642375e-15,5.090419730700846e-13,-0.0001393299171468243,7.372780964942649e-05,0.0005090419435873628,0.022019592230930477,0.00011339881166350096,0.006360411643981934,0.00029917946085333824,0.0,0.0,0.0,anisotropic
392,5.309503704753471e-12,0.01526097021996975,0.8795191049575806,0.9966334104537964,0.9779977798461914,0.04044270142912865,-1.3932071100085375e-13,7.364729214930782e-14,-1.4177566002737554e-16,2.806270129197385e-15,5.086292173030194e-13,-0.00013932070578448474,7.364729390246794e-05,0.0005086292512714863,0.02206377481424893,0.00010146903514396399,0.005877256393432617,0.00027389085153117776,0.0,0.0,0.0,anisotropic
393,5.304400148287147e-12,0.015260839834809303,0.8790900111198425,0.9966350793838501,0.9779308438301086,0.040600597858428955,-1.3931240330170708e-13,7.356842321752308e-14,-1.4147328250009556e-16,2.803931471230016e-15,5.082037221604274e-13,-0.00013931239664088935,7.356842252193019e-05,0.0005082038114778697,0.022101919620037023,0.00010214396752417088,0.005773067474365234,0.00027164662606082857,0.0,0.0,0.0,anisotropic
394,5.2992948570973475e-12,0.01526058092713356,0.8786389231681824,0.9966360330581665,0.9778666496276855,0.04075925052165985,-1.393139076322214e-13,7.348842942598438e-14,-1.411697932420723e-16,2.801628812162905e-15,5.077846780207618e-13,-0.0001393139100400731,7.348843064391986e-05,0.0005077847163192928,0.022142600609054555,0.00010842213669093326,0.006774842739105225,0.00028725722222588956,0.0,0.0,0.0,anisotropic
395,5.294177856524085e-12,0.015260351821780205,0.8781421780586243,0.9966357946395874,0.9778083562850952,0.04091959819197655,-1.393252917550325e-13,7.340691097514063e-14,-1.4086202911464338e-16,2.7993816337538394e-15,5.07375608541083e-13,-0.00013932528963778168,7.340691081481054e-05,0.0005073756328783929,0.022186605187911372,0.00010122722596861422,0.008771240711212158,0.00028800807194784284,0.0,0.0,0.0,anisotropic
396,5.289072999015154e-12,0.015259919688105583,0.8777220845222473,0.9966380000114441,0.9777390956878662,0.04107799753546715,-1.3933378918955935e-13,7.332802171456515e-14,-1.4056521024107975e-16,2.797055893038916e-15,5.069523902230533e-13,-0.00013933378795627505,7.332802488235757e-05,0.000506952463183552,0.022223739173881613,0.00010823421325767413,0.009507060050964355,0.00030687460093759,0.0,0.0,0.0,anisotropic
397,5.283941253292346e-12,0.015259364619851112,0.8772273063659668,0.9966378808021545,0.9776797294616699,0.04123912379145622,-1.393486427593224e-13,7.324709279865269e-14,-1.4025949752156995e-16,2.794816973201086e-15,5.065448928365246e-13,-0.0001393486454617232,7.3247094405815e-05,0.000506544834934175,0.022265515185358034,0.00010461323836352676,0.011269748210906982,0.00031525493250228465,0.0,0.0,0.0,anisotropic
398,5.27881688014431e-12,0.01525857113301754,0.8767635822296143,0.9966387748718262,0.9776157736778259,0.04139958322048187,-1.3935974227906323e-13,7.316736328139353e-14,-1.3995819202036383e-16,2.7925645008361e-15,5.061349559951078e-13,-0.00013935974857304245,7.316736446227878e-05,0.0005061349365860224,0.022306085998767457,0.00010457363532623276,0.012069463729858398,0.0003313304332550615,0.0,0.0,0.0,anisotropic
399,5.273697277485834e-12,0.015257311053574085,0.8763201832771301,0.9966403841972351,0.9775490760803223,0.04155966266989708,-1.3936768405997668e-13,7.308827750917429e-14,-1.3965876587350944e-16,2.790317745943508e-15,5.057260491457549e-13,-0.0001393676793668419,7.308827480301261e-05,0.0005057260277681053,0.022346478099720814,0.00011261124745942652,0.011951267719268799,0.00035454382305033505,0.0,0.0,0.0,anisotropic
400,5.268560761273466e-12,0.015255605801939964,0.875813901424408,0.9966402649879456,0.9774904251098633,0.04172162711620331,-1.393793392333309e-13,7.300724694930816e-14,-1.3934954590820242e-16,2.7881635294004035e-15,5.053338390098583e-13,-0.00013937933545093983,7.300724973902106e-05,0.0005053337663412094,0.02239143173332411,0.0001061546936398372,0.012954533100128174,0.0003563378704711795,0.0,0.0,0.0,anisotropic
401,5.263439857572383e-12,0.015253284946084023,0.8753772974014282,0.9966423511505127,0.9774229526519775,0.04188178479671478,-1.3938599352416453e-13,7.292793078412727e-14,-1.3904593753617095e-16,2.7859646318693313e-15,5.04933497357668e-13,-0.00013938600022811443,7.292792724911124e-05,0.0005049335304647684,0.022432080772160877,0.00010912220750469714,0.014486908912658691,0.0003688035940285772,0.0,0.0,0.0,anisotropic
402,5.2583120149773954e-12,0.015250544995069504,0.874895453453064,0.9966429471969604,0.9773612022399902,0.042043011635541916,-1.3939611726195011e-13,7.2847062854587e-14,-1.3873350149264232e-16,2.7838286265345928e-15,5.045445398282888e-13,-0.00013939611380919814,7.28470622561872e-05,0.0005045444704592228,0.02247645923768409,0.00010891700367210433,0.016596436500549316,0.0003749533789232373,0.0,0.0,0.0,anisotropic
403,5.253193713361526e-12,0.015247812494635582,0.8744085431098938,0.996643602848053,0.9772994518280029,0.04220419004559517,-1.394055633733779e-13,7.276644564679913e-14,-1.3841827288736571e-16,2.7816909271339597e-15,5.041552028281493e-13,-0.00013940555800218135,7.276644464582205e-05,0.0005041551776230335,0.022521362665919184,0.00010583826951915398,0.017086327075958252,0.0003661022346932441,0.0,0.0,0.0,anisotropic
404,5.248100565236058e-12,0.015245473012328148,0.8739683628082275,0.9966453313827515,0.9772330522537231,0.042364560067653656,-1.3940985952448637e-13,7.268825434137219e-14,-1.3810631329986992e-16,2.779483559273415e-15,5.037533432929175e-13,-0.00013940986536908895,7.268825720530003e-05,0.0005037533119320869,0.022563053227251828,0.00011076938244514167,0.01587855815887451,0.00035156961530447006,0.0,0.0,0.0,anisotropic
405,5.243010886557542e-12,0.015243958681821823,0.8734543919563293,0.9966452121734619,0.9771746397018433,0.04252633824944496,-1.3941362712703576e-13,7.261142506492443e-14,-1.3778728628122046e-16,2.777278944269949e-15,5.033518632284462e-13,-0.0001394136343151331,7.261142309289426e-05,0.0005033518536947668,0.02260688866630414,0.00010454516450408846,0.012190818786621094,0.00031677441438660026,0.0,0.0,0.0,anisotropic
406,5.237941157199e-12,0.01524323970079422,0.8729956150054932,0.9966463446617126,0.9771104454994202,0.042687129229307175,-1.3940838229902636e-13,7.253994226043975e-14,-1.374758031497575e-16,2.7749527800385518e-15,5.029285364901992e-13,-0.00013940838107373565,7.253994408529252e-05,0.000502928567584604,0.022645558429232205,0.00010611311881802976,0.008811771869659424,0.0003016661503352225,0.0,0.0,0.0,anisotropic
407,5.232864055265685e-12,0.015243124216794968,0.8725064992904663,0.9966467022895813,0.9770493507385254,0.042848724871873856,-1.3939870579463692e-13,7.247206442817858e-14,-1.3716327446200026e-16,2.7725859582256865e-15,5.024977829670707e-13,-0.0001393987040501088,7.24720666767098e-05,0.0005024977726861835,0.022684321441293932,0.00010763127647805959,0.007017672061920166,0.00029991683550179005,0.0,0.0,0.0,anisotropic
408,5.227776978672383e-12,0.015243347734212875,0.8719996213912964,0.9966466426849365,0.9769898653030396,0.043011076748371124,-1.393849228745192e-13,7.240789321209459e-14,-1.3685098400225944e-16,2.7701844080619837e-15,5.02060849491559e-13,-0.00013938492338638753,7.24078927305527e-05,0.000502060865983367,0.022722904836186976,0.00010429960821056738,0.007190883159637451,0.00029701864696107805,0.0,0.0,0.0,anisotropic
409,5.22269033575995e-12,0.015243436209857464,0.8715358376502991,0.9966475963592529,0.976925253868103,0.043173208832740784,-1.393653936828873e-13,7.234856024820532e-14,-1.3654577420856208e-16,2.76771445998779e-15,5.016115561112811e-13,-0.00013936539471615106,7.234855729620904e-05,0.0005016115610487759,0.022757888724015338,0.00010992976604029536,0.007792532444000244,0.00031039625173434615,0.0,0.0,0.0,anisotropic
410,5.217587646655364e-12,0.01524324156343937,0.8710145950317383,0.9966471791267395,0.9768667817115784,0.043336834758520126,-1.393478431602202e-13,7.229098233658277e-14,-1.3623611749189162e-16,2.765288345868617e-15,5.011701231967536e-13,-0.00013934784510638565,7.2290982643608e-05,0.0005011701723560691,0.02279572786405331,0.00010628692689351737,0.008749008178710938,0.00030689986306242645,0.0,0.0,0.0,anisotropic
411,5.212490161721206e-12,0.015242623165249825,0.8705314993858337,0.9966476559638977,0.9768037796020508,0.043500274419784546,-1.3932895093736464e-13,7.2236860319385e-14,-1.3593245618030096e-16,2.762826868123896e-15,5.007224019096257e-13,-0.00013932895672041923,7.22368567949161e-05,0.0005007223808206618,0.022831170505521893,0.00010765051410999149,0.010190069675445557,0.00031463068444281816,0.0,0.0,0.0,anisotropic
412,5.207389641020965e-12,0.015241656452417374,0.8700307011604309,0.9966477155685425,0.9767425060272217,0.04366442188620567,-1.3931275566741314e-13,7.218439171050028e-14,-1.3562786842642423e-16,2.760381272246936e-15,5.002775537582549e-13,-0.00013931276043877006,7.218438986456022e-05,0.0005002774996683002,0.022867883275017032,0.0001098374996217899,0.011392056941986084,0.00032688831561245024,0.0,0.0,0.0,anisotropic
413,5.2022860845546415e-12,0.015240590088069439,0.8695089817047119,0.996647298336029,0.9766833782196045,0.043829359114170074,-1.3930004339694074e-13,7.213316993411392e-14,-1.35321454257755e-16,2.7579475348312376e-15,4.998348198011204e-13,-0.00013930004206486046,7.213316712295637e-05,0.0004998348304070532,0.02290583138890501,0.00010692021896829829,0.012258410453796387,0.00033132752287201583,0.0,0.0,0.0,anisotropic
414,5.197190768024829e-12,0.015239531174302101,0.8690205812454224,0.9966475963592529,0.9766201972961426,0.04399433359503746,-1.3928818493567918e-13,7.208410300954537e-14,-1.350190370258056e-16,2.7554636107134144e-15,4.993830327558457e-13,-0.00013928818225394934,7.208410534076393e-05,0.0004993830225430429,0.02294123066655528,0.00011191784869879484,0.012768447399139404,0.0003477680147625506,0.0,0.0,0.0,anisotropic
415,5.192084609473291e-12,0.015238729305565357,0.8684839010238647,0.9966468214988708,0.9765618443489075,0.04416066035628319,-1.3928180169538867e-13,7.20347040480615e-14,-1.3471129936815627e-16,2.753011873847587e-15,4.989370461921938e-13,-0.00013928180851507932,7.203470158856362e-05,0.0004989370354451239,0.022978675766327065,0.00010808063962031156,0.01376652717590332,0.00034377112751826644,0.0,0.0,0.0,anisotropic
416,5.186987124539133e-12,0.015238223597407341,0.8679782152175903,0.9966467618942261,0.9764997959136963,0.044326938688755035,-1.3927703120582974e-13,7.198587429271819e-14,-1.344077174659044e-16,2.750523926323264e-15,4.98484554415507e-13,-0.00013927703548688442,7.198587263701484e-05,0.0004984845872968435,0.023013251608072053,0.00010816389112733305,0.013652026653289795,0.0003397668479010463,0.0,0.0,0.0,anisotropic
417,5.181891374328451e-12,0.015238025225698948,0.8674624562263489,0.9966464638710022,0.9764384031295776,0.044493481516838074,-1.392761502915646e-13,7.193541145785257e-14,-1.3410437379166897e-16,2.7480620250620695e-15,4.980367247081618e-13,-0.00013927614782005548,7.193541387096047e-05,0.0004980367375537753,0.023047500206504305,0.00010760087752714753,0.0128326416015625,0.0003270350571256131,0.0,0.0,0.0,anisotropic
418,5.176804297735149e-12,0.015238097868859768,0.866942286491394,0.9966461658477783,0.9763776063919067,0.04465990886092186,-1.3927868461414278e-13,7.188204838217555e-14,-1.338024197808626e-16,2.7456371814923173e-15,4.975956170542861e-13,-0.00013927867985330522,7.188205199781805e-05,0.0004975956398993731,0.023081159250287007,0.00010338129504816607,0.011640369892120361,0.0003025451733265072,0.0,0.0,0.0,anisotropic
419,5.171733701014869e-12,0.015238238498568535,0.8664593696594238,0.9966467022895813,0.9763126969337463,0.044825464487075806,-1.3928150353979124e-13,7.18258528283229e-14,-1.3350721556385468e-16,2.7432117026478546e-15,4.971546178206276e-13,-0.00013928150292485952,7.18258525012061e-05,0.0004971546004526317,0.023111829489082553,0.0001046084362315014,0.009511411190032959,0.0002900360559578985,0.0,0.0,0.0,anisotropic
420,5.166666140060672e-12,0.015238347463309765,0.865949273109436,0.9966467022895813,0.9762510657310486,0.04499109834432602,-1.3928715494361532e-13,7.176500875765573e-14,-1.3321138930702612e-16,2.7408516570985673e-15,4.967252195502148e-13,-0.00013928714906796813,7.17650109436363e-05,0.000496725260745734,0.0231435566944202,0.00010130557348020375,0.00685805082321167,0.00027533271349966526,0.0,0.0,0.0,anisotropic
421,5.161611589532544e-12,0.01523827388882637,0.8654723167419434,0.9966474771499634,0.9761859178543091,0.045155975967645645,-1.3929071925825737e-13,7.170161003561965e-14,-1.3292222019976738e-16,2.7384786942968344e-15,4.962937070855655e-13,-0.00013929071428719908,7.17016082489863e-05,0.0004962937091477215,0.023172952935232083,0.0001023578442982398,0.006652355194091797,0.0002750743005890399,0.0,0.0,0.0,anisotropic
422,5.156562676855714e-12,0.01523798331618309,0.8649811744689941,0.9966478943824768,0.9761224985122681,0.04532085359096527,-1.3929395831224767e-13,7.163562278089675e-14,-1.3263416282325192e-16,2.7361317777582295e-15,4.958667482700407e-13,-0.000139293959364295,7.163562258938327e-05,0.0004958667559549212,0.02320309270258057,0.00010273286898154765,0.007313072681427002,0.00027690405840985477,0.0,0.0,0.0,anisotropic
423,5.151518968349311e-12,0.015237518586218357,0.864486813545227,0.9966482520103455,0.9760595560073853,0.04548564925789833,-1.3929590987615814e-13,7.156832093103971e-14,-1.3234819655932498e-16,2.7337886728678873e-15,4.954406026061453e-13,-0.0001392959093209356,7.156831998145208e-05,0.0004954406176693738,0.023233357952801053,0.0001016439709928818,0.0074076056480407715,0.00027654925361275673,0.0,0.0,0.0,anisotropic
424,5.1464865355455025e-12,0.015236921608448029,0.8640080094337463,0.9966492652893066,0.975994884967804,0.04565021023154259,-1.3929544909023484e-13,7.150105973876414e-14,-1.3206643899035472e-16,2.7314212157803115e-15,4.950101743436686e-13,-0.0001392954436596483,7.150106102926657e-05,0.0004950101720169187,0.023262485456405347,0.00010437968740006909,0.006678760051727295,0.00028281507547944784,0.0,0.0,0.0,anisotropic
425,5.141458005869515e-12,0.015236331149935722,0.8635015487670898,0.9966495633125305,0.975933313369751,0.04581510275602341,-1.392959505337396e-13,7.143316835397581e-14,-1.3178310646949816e-16,2.7290781108899693e-15,4.945840286797731e-13,-0.0001392959529766813,7.143316906876862e-05,0.0004945839755237103,0.023293150693612583,0.00010239858238492161,0.005915462970733643,0.0002800350193865597,0.0,0.0,0.0,anisotropic
426,5.136444221343073e-12,0.01523580402135849,0.8630176782608032,0.9966503977775574,0.9758691787719727,0.04597969353199005,-1.3929455462344253e-13,7.136642893399575e-14,-1.3150392970403906e-16,2.7266990070993688e-15,4.941513778028428e-13,-0.00013929455599281937,7.136642670957372e-05,0.0004941513761878014,0.023322063906459762,0.00010397950245533139,0.0055893659591674805,0.00028328271582722664,0.0,0.0,0.0,anisotropic
427,5.131436074667928e-12,0.01523541659116745,0.8625102639198303,0.9966506958007812,0.9758073091506958,0.0461445115506649,-1.392943784405895e-13,7.129976405291505e-14,-1.3122256918176282e-16,2.724334938143582e-15,4.937215458515609e-13,-0.00013929438136983663,7.129976438591257e-05,0.0004937215126119554,0.023352019539456075,0.00010304665920557454,0.005779147148132324,0.00027995227719657123,0.0,0.0,0.0,anisotropic
428,5.1264379026527696e-12,0.015235166996717453,0.8620103597640991,0.9966511726379395,0.9757447838783264,0.04630926996469498,-1.3929356528896014e-13,7.123409528258032e-14,-1.3094167188062962e-16,2.7219560461112183e-15,4.932889491847392e-13,-0.00013929356646258384,7.123409886844456e-05,0.0004932889714837074,0.02338129832418552,0.00010193523485213518,0.005808234214782715,0.0002752028522081673,0.0,0.0,0.0,anisotropic
429,5.121446669531515e-12,0.015234993770718575,0.8615164756774902,0.9966517090797424,0.9756815433502197,0.04647400602698326,-1.392918847755928e-13,7.116934130782862e-14,-1.306605098817004e-16,2.719566354408777e-15,4.928544551641156e-13,-0.00013929187844041735,7.116934284567833e-05,0.0004928544512949884,0.023409983526708155,0.00010234530782327056,0.005750000476837158,0.00027364579727873206,0.0,0.0,0.0,anisotropic
430,5.116458905857213e-12,0.01523484755307436,0.8610134124755859,0.9966520071029663,0.9756197929382324,0.04663897305727005,-1.392903668925513e-13,7.110500068515518e-14,-1.3037643620701498e-16,2.7171910622664393e-15,4.924225090185974e-13,-0.0001392903650412336,7.11050015524961e-05,0.0004924225504510105,0.023439373613371544,9.985770157072693e-05,0.0059722065925598145,0.0002664699568413198,0.0,0.0,0.0,anisotropic
431,5.1114780810768146e-12,0.015234637074172497,0.8605269193649292,0.9966527223587036,0.9755555987358093,0.04680376127362251,-1.3928651797483899e-13,7.104183235608075e-14,-1.3009393748421587e-16,2.7147916296851047e-15,4.919862802744979e-13,-0.0001392865233356133,7.104183168848976e-05,0.000491986284032464,0.023467274703137697,0.00010097435733769089,0.006154656410217285,0.0002678251184988767,0.0,0.0,0.0,anisotropic
432,5.106497689977285e-12,0.015234348364174366,0.8600241541862488,0.9966530203819275,0.9754934310913086,0.04696875065565109,-1.3928327892084869e-13,7.097867080326989e-14,-1.2980832856231356e-16,2.7124176080921877e-15,4.915544967593055e-13,-0.00013928327825851738,7.097866910044104e-05,0.0004915544996038079,0.02349630714528597,9.945040073944256e-05,0.005830705165863037,0.00026422092923894525,0.0,0.0,0.0,anisotropic
433,5.101526839856874e-12,0.015233967453241348,0.8595348596572876,0.99665367603302,0.9754294157028198,0.047133516520261765,-1.3927863040403415e-13,7.091615977176252e-14,-1.2952458575987317e-16,2.710028551664457e-15,4.911201111588992e-13,-0.00013927863619755954,7.091616134857759e-05,0.0004911201540380716,0.02352429470365852,0.00010008970275521278,0.006172060966491699,0.00026527984300628304,0.0,0.0,0.0,anisotropic
434,5.096560760226021e-12,0.015233529731631279,0.8590395450592041,0.9966542720794678,0.9753659963607788,0.04729826748371124,-1.3927440201556146e-13,7.085337091344845e-14,-1.2924043267584896e-16,2.7076494478738564e-15,4.906874602819689e-13,-0.00013927440159022808,7.085336983436719e-05,0.0004906874382868409,0.02355260849044151,0.00010049503180198371,0.006377518177032471,0.00026611945941112936,0.0,0.0,0.0,anisotropic
435,5.091600752127334e-12,0.015233092941343784,0.858542263507843,0.9966548681259155,0.9753029346466064,0.04746294766664505,-1.392704988877405e-13,7.079012804547466e-14,-1.289573648527884e-16,2.705274579247992e-15,4.902556225566679e-13,-0.00013927050167694688,7.07901272107847e-05,0.0004902555956505239,0.023580913944038443,0.00010001948976423591,0.006169795989990234,0.0002653086557984352,0.0,0.0,0.0,anisotropic
436,5.0866515860503725e-12,0.015232691541314125,0.8580536246299744,0.9966557025909424,0.9752388000488281,0.04762748256325722,-1.3926637891948507e-13,7.072633630015104e-14,-1.2867769839640668e-16,2.7028897579849977e-15,4.898219958977823e-13,-0.00013926638348493725,7.072633889038116e-05,0.0004898220067843795,0.02360836429142904,0.00010133881005458534,0.005778193473815918,0.00026843510568141937,0.0,0.0,0.0,anisotropic
437,5.0817084915055766e-12,0.0152323879301548,0.8575506210327148,0.9966561198234558,0.9751763939857483,0.047792065888643265,-1.3926362775647239e-13,7.066116897332109e-14,-1.2839858780539659e-16,2.70052441847979e-15,4.893918928959573e-13,-0.0001392636331729591,7.066116813803092e-05,0.000489391852170229,0.02363641729672093,0.00010011393169406801,0.004986166954040527,0.00026611657813191414,0.0,0.0,0.0,anisotropic
438,5.0767766726633745e-12,0.01523217000067234,0.8570619225502014,0.9966568946838379,0.97511225938797,0.047956433147192,-1.3926025317721052e-13,7.059528336255186e-14,-1.281242550096046e-16,2.6981417147991637e-15,4.889587541280493e-13,-0.0001392602571286261,7.059528434183449e-05,0.0004889587289653718,0.023663001636406736,0.00010098815255332738,0.005751490592956543,0.00026857093325816095,0.0,0.0,0.0,anisotropic
439,5.071850925353338e-12,0.015232047997415066,0.8565592765808105,0.9966573119163513,0.9750497341156006,0.04812084883451462,-1.392584100335173e-13,7.052783921115968e-14,-1.2785035896517604e-16,2.69578209276635e-15,4.885297895385055e-13,-0.0001392584090353921,7.0527836214751e-05,0.0004885297385044396,0.023690045695624322,0.00010020485206041485,0.006399571895599365,0.00026757936575450003,0.0,0.0,0.0,anisotropic
440,5.066936453745896e-12,0.015231983736157417,0.8560653924942017,0.9966580867767334,0.97498619556427,0.048285048454999924,-1.3925658044235123e-13,7.045963611824677e-14,-1.2758012898522232e-16,2.6934231060082468e-15,4.881008791590702e-13,-0.00013925657549407333,7.045963866403326e-05,0.00048810086445882916,0.023716097131139455,0.00010051589924842119,0.007026314735412598,0.00026973526109941304,0.0,0.0,0.0,anisotropic
441,5.062029354713227e-12,0.015231957659125328,0.8555684685707092,0.9966587424278259,0.9749231338500977,0.048449113965034485,-1.392557266331404e-13,7.03904911246965e-14,-1.273115930711631e-16,2.6910869891397194e-15,4.876761971681076e-13,-0.00013925573148299009,7.039048796286806e-05,0.0004876761813648045,0.023742183761335207,0.00010088964336318895,0.007448673248291016,0.0002728949475567788,0.0,0.0,0.0,anisotropic
442,5.057128760893592e-12,0.015231962315738201,0.8550705909729004,0.9966593980789185,0.9748603105545044,0.04861294850707054,-1.3925561821292315e-13,7.032065495226128e-14,-1.270449497463454e-16,2.6887777655672674e-15,4.872563398768126e-13,-0.00013925561506766826,7.032065332168713e-05,0.0004872563586104661,0.023768359342281994,0.00010074527381220832,0.0075432658195495605,0.0002760789357125759,0.0,0.0,0.0,anisotropic
443,5.052234672286993e-12,0.01523199025541544,0.8545790910720825,0.9966602325439453,0.9747967720031738,0.04877646267414093,-1.3925506255930975e-13,7.02507442409267e-14,-1.267811254530553e-16,2.6864852708955236e-15,4.868395725617092e-13,-0.00013925506209488958,7.025074592093006e-05,0.00048683956265449524,0.023794172582468607,0.00010199488315265626,0.007421672344207764,0.0002832822210621089,0.0,0.0,0.0,anisotropic
444,5.047343619446476e-12,0.015232060104608536,0.8540799617767334,0.9966608881950378,0.9747345447540283,0.04893976077437401,-1.392547101936037e-13,7.018066412300267e-14,-1.2651687764329156e-16,2.684232163255827e-15,4.864300151910528e-13,-0.0001392547128489241,7.018066389719024e-05,0.00048642995534464717,0.023820959942401215,0.00010181784455198795,0.00809413194656372,0.00028889969689771533,0.0,0.0,0.0,anisotropic
445,5.042459071818994e-12,0.015232174657285213,0.8535891175270081,0.9966617226600647,0.9746713042259216,0.049102745950222015,-1.3925243336904147e-13,7.011106511979268e-14,-1.2625446948321014e-16,2.6819881612203137e-15,4.860219757034379e-13,-0.00013925242819823325,7.011106208665296e-05,0.0004860219487454742,0.023847395643882136,0.00010351969831390306,0.009184777736663818,0.00029989078757353127,0.0,0.0,0.0,anisotropic
446,5.037573656829775e-12,0.015232352539896965,0.8530887961387634,0.9966623187065125,0.9746097326278687,0.04926566407084465,-1.3924951957570292e-13,7.004152032669131e-14,-1.2598962610340536e-16,2.6797805816015322e-15,4.856204956389665e-13,-0.00013924951781518757,7.00415184837766e-05,0.0004856205196119845,0.023875155346237686,0.00010384637425886467,0.010858118534088135,0.0003099976747762412,0.0,0.0,0.0,anisotropic
447,5.032688241840555e-12,0.015232590958476067,0.8525928854942322,0.9966630339622498,0.9745473861694336,0.04942852258682251,-1.3924416632747627e-13,6.997242276698609e-14,-1.2572443861646576e-16,2.677580625279276e-15,4.852204792474279e-13,-0.00013924416271038353,6.997242599027231e-05,0.00048522051656618714,0.023902980812709702,0.00010536717309150845,0.012121438980102539,0.0003244579420424998,0.0,0.0,0.0,anisotropic
448,5.027801525808728e-12,0.01523288618773222,0.8520910143852234,0.9966635704040527,0.974486231803894,0.04959161952137947,-1.3923722743357236e-13,6.990327777343583e-14,-1.25456802674913e-16,2.675410950384884e-15,4.848259380768605e-13,-0.0001392372214468196,6.990327528910711e-05,0.00048482592683285475,0.02393195420867799,0.00010632765042828396,0.0126725435256958,0.0003389728080946952,0.0,0.0,0.0,anisotropic
449,5.022910472968212e-12,0.015233221463859081,0.8515868186950684,0.9966641068458557,0.9744252562522888,0.04975517466664314,-1.3922820145048642e-13,6.983389561066033e-14,-1.2518776383504135e-16,2.6732624513141736e-15,4.844350831936794e-13,-0.00013922819925937802,6.983389903325588e-05,0.0004844351497013122,0.023961643680767884,0.00010739965364336967,0.013162314891815186,0.0003537299344316125,0.0,0.0,0.0,anisotropic
450,5.018012047552922e-12,0.015233578160405159,0.8510775566101074,0.9966645240783691,0.9743645191192627,0.049919553101062775,-1.3921721035096285e-13,6.976410009580658e-14,-1.2491753385508763e-16,2.6711385161989334e-15,4.840488361697315e-13,-0.0001392172125633806,6.976410077186301e-05,0.0004840488254558295,0.02399220064771604,0.00010918341286014766,0.015345752239227295,0.0003681938105728477,0.0,0.0,0.0,anisotropic
451,5.013101045392432e-12,0.015233956277370453,0.8505585193634033,0.9966647624969482,0.9743046760559082,0.050085220485925674,-1.3920495886641376e-13,6.969356596822282e-14,-1.2464529217188418e-16,2.6690438037203735e-15,4.836677933162115e-13,-0.00013920495985075831,6.969356763875112e-05,0.00048366779810748994,0.024024076420733554,0.00011004834959749132,0.016939103603363037,0.00037589771091006696,0.0,0.0,0.0,anisotropic
452,5.008170527592837e-12,0.01523435115814209,0.8500382304191589,0.9966649413108826,0.974244236946106,0.05025246739387512,-1.3919045766235677e-13,6.962298440679401e-14,-1.2437327548180734e-16,2.666950785307708e-15,4.832869673031259e-13,-0.00013919045159127563,6.962298357393593e-05,0.0004832869744859636,0.024056274537605064,0.00011227749928366393,0.016413211822509766,0.0003780262777581811,0.0,0.0,0.0,anisotropic
453,5.003217458388054e-12,0.015234788879752159,0.8495043516159058,0.9966647624969482,0.9741845726966858,0.05042139068245888,-1.3917488580865445e-13,6.955292461766072e-14,-1.2410006765164842e-16,2.6648611550268318e-15,4.829067918113439e-13,-0.00013917488104198128,6.955292337806895e-05,0.0004829068493563682,0.02408926372570219,0.000112415014882572,0.014603793621063232,0.00036851680488325655,0.0,0.0,0.0,anisotropic
454,4.998253113480677e-12,0.015235275030136108,0.848973274230957,0.9966647624969482,0.9741233587265015,0.05059123784303665,-1.3915714555060715e-13,6.948448435552257e-14,-1.2382929504121287e-16,2.6627397610104334e-15,4.825209784682649e-13,-0.0001391571422573179,6.948448572074994e-05,0.00048252096166834235,0.02412103427155869,0.00011334140435792506,0.015457689762115479,0.00035959170782007277,0.0,0.0,0.0,anisotropic
455,4.993291370658515e-12,0.01523584220558405,0.8484366536140442,0.9966646432876587,0.9740625023841858,0.05076088011264801,-1.3914054370484097e-13,6.941685046875021e-14,-1.2355932975905516e-16,2.660617096444614e-15,4.821348940746428e-13,-0.00013914053852204233,6.94168484187685e-05,0.0004821348702535033,0.02415214681260844,0.00011206453200429678,0.013956069946289062,0.00035025752731598914,0.0,0.0,0.0,anisotropic
456,4.988355648688492e-12,0.015236482955515385,0.8479113578796387,0.9966647624969482,0.9740005731582642,0.050929151475429535,-1.3912714025548362e-13,6.934866092836445e-14,-1.2329353346718472e-16,2.6585041727576883e-15,4.817505986146053e-13,-0.000139127136208117,6.934865814400837e-05,0.0004817505250684917,0.02418153737224251,0.00011207483476027846,0.013034582138061523,0.000349962996551767,0.0,0.0,0.0,anisotropic
457,4.983448115974953e-12,0.015237177722156048,0.8473872542381287,0.996664822101593,0.9739394187927246,0.05109575763344765,-1.3912146174660522e-13,6.927801838056344e-14,-1.230312444211115e-16,2.6564532942341488e-15,4.813775788571617e-13,-0.00013912146096117795,6.927801587153226e-05,0.0004813775885850191,0.024210542554735596,0.00011194523540325463,0.014317631721496582,0.00035279555595479906,0.0,0.0,0.0,anisotropic
458,4.978563568347472e-12,0.01523788645863533,0.8468663692474365,0.9966650009155273,0.9738785028457642,0.051261056214571,-1.3912395541160194e-13,6.920499058798296e-14,-1.2277447432408524e-16,2.6544644608739957e-15,4.810157805922033e-13,-0.000139123949338682,6.92049870849587e-05,0.00048101574066095054,0.024239046492951524,0.00011265506327617913,0.013522505760192871,0.00035349480458535254,0.0,0.0,0.0,anisotropic
459,4.973694633231274e-12,0.015238601714372635,0.8463420271873474,0.9966652393341064,0.9738186001777649,0.051425784826278687,-1.3913333376039394e-13,6.913119707761817e-14,-1.2252008650722314e-16,2.6525224260841784e-15,4.806624391041903e-13,-0.0001391333353240043,6.913119432283565e-05,0.0004806624783668667,0.02426767400165772,0.00011266795627307147,0.011176884174346924,0.0003463233297225088,0.0,0.0,0.0,anisotropic
460,4.968839142222015e-12,0.0152393514290452,0.8458147048950195,0.9966654181480408,0.9737592935562134,0.05159061774611473,-1.3914486696100375e-13,6.905934835490027e-14,-1.2226330317530708e-16,2.6505609095365743e-15,4.803056281692253e-13,-0.00013914486044086516,6.905935151735321e-05,0.00048030560719780624,0.024295520179164833,0.0001126633578678593,0.008342444896697998,0.0003373480576556176,0.0,0.0,0.0,anisotropic
461,4.964000564766646e-12,0.01524016261100769,0.8452863097190857,0.9966655969619751,0.9736999273300171,0.051756106317043304,-1.3915480096340915e-13,6.899154506153846e-14,-1.219985392048411e-16,2.6485134191448238e-15,4.799332047229765e-13,-0.00013915479939896613,6.899154686834663e-05,0.0004799331945832819,0.02432133284475586,0.00011371184518793598,0.007359981536865234,0.0003359718539286405,0.0,0.0,0.0,anisotropic
462,4.959176298779955e-12,0.01524106040596962,0.8447549939155579,0.9966656565666199,0.9736406207084656,0.051922623068094254,-1.391616314370958e-13,6.892820054961099e-14,-1.2172316085275485e-16,2.64636047315114e-15,4.795415908982747e-13,-0.00013916162424720824,6.892820238135755e-05,0.00047954157344065607,0.024344845549908747,0.00011508583702379838,0.00787508487701416,0.0003409856872167438,0.0,0.0,0.0,anisotropic
463,4.954360272729774e-12,0.015242045745253563,0.8442250490188599,0.9966657757759094,0.9735804796218872,0.05209018662571907,-1.391663206114918e-13,6.886818318310034e-14,-1.2144242237029925e-16,2.644129811884546e-15,4.791358824453307e-13,-0.000139166324515827,6.886818300699815e-05,0.00047913589514791965,0.02436657014410002,0.00011727128003258258,0.008308887481689453,0.00035130474134348333,0.0,0.0,0.0,anisotropic
464,4.9495446803604626e-12,0.015243164263665676,0.843687117099762,0.9966656565666199,0.9735210537910461,0.05225851759314537,-1.3917210754058745e-13,6.880941942535163e-14,-1.211625441556807e-16,2.64190592688153e-15,4.78731420824885e-13,-0.00013917210162617266,6.8809422373306e-05,0.00047873141011223197,0.02438902180286856,0.0001184433203889057,0.00847405195236206,0.00036149233346804976,0.0,0.0,0.0,anisotropic
465,4.944721715416378e-12,0.015244470909237862,0.8431484699249268,0.9966655969619751,0.973461389541626,0.05242721736431122,-1.3917948011536035e-13,6.875065566760291e-14,-1.2089076569362029e-16,2.6397320168224016e-15,4.783360665026881e-13,-0.00013917947944719344,6.875065446365625e-05,0.0004783360636793077,0.024413057374358695,0.00012120536848669872,0.008433759212493896,0.0003772985946852714,0.0,0.0,0.0,anisotropic
466,4.939888342131438e-12,0.015246042050421238,0.8426007032394409,0.9966652989387512,0.9734029769897461,0.05259603261947632,-1.3918837057317474e-13,6.869141757140373e-14,-1.2062498263663965e-16,2.6376339162120527e-15,4.779544815480818e-13,-0.00013918837066739798,6.869142089271918e-05,0.00047795448335818946,0.02443992515985185,0.00012181686179246753,0.009723126888275146,0.0003906526544597,0.0,0.0,0.0,anisotropic
467,4.935055402527366e-12,0.015247881412506104,0.8420567512512207,0.9966650605201721,0.9733439683914185,0.0527649000287056,-1.3919509262664415e-13,6.863249118332915e-14,-1.2036257447655823e-16,2.6355656735130946e-15,4.77578317604338e-13,-0.00013919509365223348,6.863249291200191e-05,0.0004775783163495362,0.024468150379219657,0.00012335352948866785,0.011212587356567383,0.0004067582485731691,0.0,0.0,0.0,anisotropic
468,4.930222896604164e-12,0.01524998340755701,0.8415062427520752,0.9966647028923035,0.9732857942581177,0.05293399468064308,-1.3919862983623188e-13,6.857445248578328e-14,-1.2009627525887535e-16,2.6335167008136864e-15,4.772056773176547e-13,-0.00013919862976763397,6.857445259811357e-05,0.0004772056418005377,0.024497983821748504,0.00012309459270909429,0.012153327465057373,0.0004199413233436644,0.0,0.0,0.0,anisotropic
469,4.9253890896383545e-12,0.015252256765961647,0.8409613966941833,0.9966644644737244,0.9732267260551453,0.05310351401567459,-1.3919719326835334e-13,6.851756575304568e-14,-1.198269320165383e-16,2.6314560814112535e-15,4.768308144165179e-13,-0.00013919718912802637,6.851756916148588e-05,0.000476830784464255,0.024527985582202174,0.00012481232988648117,0.01250988245010376,0.00043858037679456174,0.0,0.0,0.0,anisotropic
470,4.9205370680760474e-12,0.015254659578204155,0.8404078483581543,0.9966640472412109,0.9731684327125549,0.053273752331733704,-1.391929784324078e-13,6.84615396057825e-14,-1.1955367124682017e-16,2.629416426074265e-15,4.764596920128761e-13,-0.00013919298362452537,6.846153701189905e-05,0.00047645968152210116,0.02455928792541232,0.00012517560389824212,0.01346522569656372,0.0004548549768514931,0.0,0.0,0.0,anisotropic
471,4.9156633624702906e-12,0.015257088467478752,0.8398599028587341,0.9966637492179871,0.9731088280677795,0.05344494432210922,-1.391854161222547e-13,6.840632661014867e-14,-1.1928168102652293e-16,2.627377617770224e-15,4.760887864496688e-13,-0.00013918541662860662,6.840632704552263e-05,0.00047608878230676055,0.02459050983959442,0.00012781891564372927,0.015177786350250244,0.00047449205885641277,0.0,0.0,0.0,anisotropic
472,4.910758431841966e-12,0.015259502455592155,0.8393023014068604,0.9966632127761841,0.9730499982833862,0.05361730977892876,-1.3917624106137005e-13,6.83517776883455e-14,-1.1900836731724561e-16,2.6253589264986802e-15,4.757214587536307e-13,-0.00013917623437009752,6.83517791912891e-05,0.00047572149196639657,0.024622726456385115,0.00012779216922353953,0.016235530376434326,0.00048610748490318656,0.0,0.0,0.0,anisotropic
473,4.905833551893668e-12,0.015261770226061344,0.8387529850006104,0.9966629147529602,0.972989559173584,0.05379080772399902,-1.391631493201373e-13,6.829841461266847e-14,-1.1873607269448296e-16,2.6233127066563507e-15,4.753492521478164e-13,-0.00013916315219830722,6.829841731814668e-05,0.0004753492830786854,0.024654030518299553,0.0001302519376622513,0.01588386297225952,0.0004966497072018683,0.0,0.0,0.0,anisotropic
474,4.900890457348872e-12,0.015263840556144714,0.8381915092468262,0.9966623187065125,0.9729304909706116,0.05396532267332077,-1.3914825509279277e-13,6.824609508158247e-14,-1.1845935761852682e-16,2.6212683926381524e-15,4.749773165925453e-13,-0.00013914825103711337,6.824609590694308e-05,0.0004749773070216179,0.024686170219982626,0.00012966802751179785,0.017979800701141357,0.0004961580270901322,0.0,0.0,0.0,anisotropic
475,4.895940423910172e-12,0.01526556070894003,0.8376390337944031,0.9966620206832886,0.972869873046875,0.05414041131734848,-1.3913037930947392e-13,6.81948123188239e-14,-1.181830528241545e-16,2.619195703016221e-15,4.746002852870634e-13,-0.00013913038128521293,6.819481495767832e-05,0.00047460029600188136,0.02471753664703547,0.0001328776270383969,0.02001136541366577,0.0004981743404641747,0.0,0.0,0.0,anisotropic
476,4.8909799821306166e-12,0.015266956761479378,0.8370670676231384,0.9966612458229065,0.9728118181228638,0.05431574955582619,-1.3911387233139783e-13,6.814383448792635e-14,-1.1790244669059692e-16,2.6171632474592844e-15,4.7423040971592e-13,-0.00013911387941334397,6.814383232267573e-05,0.0004742304445244372,0.024751150145659696,0.00013156628119759262,0.019695162773132324,0.0004911242867819965,0.0,0.0,0.0,anisotropic
477,4.886020407712799e-12,0.015267962589859962,0.8365072011947632,0.9966607689857483,0.9727518558502197,0.05449089780449867,-1.3909686390981696e-13,6.809305994493614e-14,-1.1762540074239576e-16,2.615129521352927e-15,4.738604257245593e-13,-0.000139096868224442,6.809306069044396e-05,0.00047386044752784073,0.02478441352590579,0.00013589856098406017,0.01677149534225464,0.0004959111684001982,0.0,0.0,0.0,anisotropic
478,4.881057363848029e-12,0.015268794260919094,0.8359225988388062,0.9966597557067871,0.9726954102516174,0.054665736854076385,-1.3908350111804108e-13,6.80421092190929e-14,-1.1734321965695187e-16,2.613162075574692e-15,4.735023137469874e-13,-0.00013908349501434714,6.804210715927184e-05,0.0004735023248940706,0.02482048843277035,0.0001328607031609863,0.017604172229766846,0.0004897283506579697,0.0,0.0,0.0,anisotropic
479,4.876109498813674e-12,0.015269479714334011,0.8353646993637085,0.9966593384742737,0.97263503074646,0.05483999475836754,-1.3906805123708316e-13,6.799165316049086e-14,-1.1706556490381987e-16,2.61116053672033e-15,4.731381302372495e-13,-0.00013906805543228984,6.799165566917509e-05,0.0004731381486635655,0.02485418914821025,0.00013837218284606934,0.01772439479827881,0.0005018932279199362,0.0,0.0,0.0,anisotropic
480,4.8711677053114855e-12,0.015270375646650791,0.8347764611244202,0.996658205986023,0.9725794792175293,0.05501386150717735,-1.390561927758216e-13,6.794162400649423e-14,-1.167776928157616e-16,2.6092163843481446e-15,4.727842466481502e-13,-0.00013905619562137872,6.794162618461996e-05,0.0004727842169813812,0.02489020568742354,0.00013321806909516454,0.0163193941116333,0.0004947891575284302,0.0,0.0,0.0,anisotropic
481,4.866254101065781e-12,0.01527137216180563,0.8342350721359253,0.9966582655906677,0.972517192363739,0.05518722906708717,-1.390391301441321e-13,6.789307885422119e-14,-1.1649694109841621e-16,2.607186046373576e-15,4.724148047578758e-13,-0.00013903912622481585,6.789308099541813e-05,0.00047241480206139386,0.024921309333479674,0.0001421618217136711,0.016976118087768555,0.0005173311219550669,0.0,0.0,0.0,anisotropic
482,4.861332690564435e-12,0.015272844582796097,0.8336396813392639,0.9966570138931274,0.9724633097648621,0.055360808968544006,-1.3902755628594082e-13,6.784572632433788e-14,-1.1620107513691825e-16,2.6052467644408373e-15,4.720616801102973e-13,-0.0001390275574522093,6.784572906326503e-05,0.0004720616852864623,0.02495683178825937,0.00013440426846500486,0.016754209995269775,0.0005129498895257711,0.0,0.0,0.0,anisotropic
483,4.8564294946595865e-12,0.01527433656156063,0.8331154584884644,0.9966575503349304,0.9723986387252808,0.05553443729877472,-1.390064278961045e-13,6.780119949636662e-14,-1.1592074693604648e-16,2.6031666632806176e-15,4.716832935520998e-13,-0.0001390064280712977,6.780120020266622e-05,0.0004716833063866943,0.02498584165424017,0.00015149341197684407,0.018524467945098877,0.00056265207240358,0.0,0.0,0.0,anisotropic
484,4.851486400114791e-12,0.015276346355676651,0.8324908018112183,0.9966555237770081,0.9723490476608276,0.05570926517248154,-1.3899418996408258e-13,6.775801436858381e-14,-1.1561668857776178e-16,2.601250886512165e-15,4.713344515031026e-13,-0.00013899418991059065,6.775801739422604e-05,0.00047133443877100945,0.02502440159781655,0.00013757171109318733,0.021651268005371094,0.0005662364419549704,0.0,0.0,0.0,anisotropic
485,4.8465628212090994e-12,0.015277962200343609,0.831987738609314,0.996656596660614,0.9722802639007568,0.05588424950838089,-1.3896311401931372e-13,6.77184071079702e-14,-1.1534109846743872e-16,2.5990852350242727e-15,4.709405608538386e-13,-0.00013896310701966286,6.771840708097443e-05,0.000470940547529608,0.025052877257927972,0.00016924897499848157,0.025274991989135742,0.0006375611992552876,0.0,0.0,0.0,anisotropic
486,4.841585032194784e-12,0.015280082821846008,0.8313126564025879,0.9966534376144409,0.9722377061843872,0.05606086179614067,-1.389482468970235e-13,6.767810189220805e-14,-1.150257375132641e-16,2.597209480562578e-15,4.705988745391798e-13,-0.0001389482495142147,6.767809827579185e-05,0.00047059886856004596,0.02509762827168443,0.0001454598386771977,0.02721923589706421,0.0006046785274520516,0.0,0.0,0.0,anisotropic
487,4.8366792342047216e-12,0.01528127584606409,0.8308426141738892,0.9966553449630737,0.9721626043319702,0.05623653903603554,-1.389035506624628e-13,6.763999218584518e-14,-1.147603912076469e-16,2.5949102096272563e-15,4.701809146016867e-13,-0.00013890354603063315,6.763999408576638e-05,0.00047018087934702635,0.025123850538197354,0.0001912309235194698,0.018735647201538086,0.000664056686218828,0.0,0.0,0.0,anisotropic
488,4.831711853531262e-12,0.015283225104212761,0.8301104307174683,0.996650755405426,0.9721277356147766,0.05641338974237442,-1.3888875130280837e-13,6.759711198992338e-14,-1.1443654668910993e-16,2.5930490664839018e-15,4.698417219520246e-13,-0.0001388887467328459,6.759710959158838e-05,0.0004698417033068836,0.025170690860585727,0.0001520640798844397,0.016586899757385254,0.00057642423780635,0.0,0.0,0.0,anisotropic
489,4.826828606946387e-12,0.015284435823559761,0.8296613097190857,0.9966533184051514,0.9720473289489746,0.05658924579620361,-1.3883839011189641e-13,6.755383877071405e-14,-1.1418469997108958e-16,2.590597329618074e-15,4.693963859096761e-13,-0.00013883839710615575,6.755383947165683e-05,0.0004693963855970651,0.025184890254561023,0.00017811819270718843,0.018637359142303467,0.0006023840396665037,0.0,0.0,0.0,anisotropic
490,4.821859057868583e-12,0.015286557376384735,0.8289526700973511,0.9966493248939514,0.9720073938369751,0.0567668154835701,-1.3882434969376273e-13,6.750345047474779e-14,-1.1387483149618232e-16,2.588600449444922e-15,4.690327445010245e-13,-0.00013882435450796038,6.750345346517861e-05,0.00046903276233933866,0.025213854208291336,0.00013419464812614024,0.0148698091506958,0.0004997873911634088,0.0,0.0,0.0,anisotropic
491,4.816954560921127e-12,0.015288676135241985,0.8284674882888794,0.9966509938240051,0.971932590007782,0.05694349855184555,-1.387889098352496e-13,6.745029746324169e-14,-1.136248508976239e-16,2.5862080048854024e-15,4.685981420601837e-13,-0.00013878890604246408,6.745029531884938e-05,0.00046859815483912826,0.025219555098974104,0.0001339480804745108,0.016612887382507324,0.00048247561790049076,0.0,0.0,0.0,anisotropic
492,4.812044859803244e-12,0.015290924347937107,0.8279073238372803,0.9966506958007812,0.9718711376190186,0.05711910128593445,-1.387708307640234e-13,6.739168955955527e-14,-1.1336265449577929e-16,2.584024142189144e-15,4.682011072246195e-13,-0.00013877083256375045,6.739168748026714e-05,0.00046820109128020704,0.02523643044313233,0.0001402188208885491,0.02132350206375122,0.0005155299440957606,0.0,0.0,0.0,anisotropic
493,4.8071381944514435e-12,0.015293817035853863,0.8273322582244873,0.9966498613357544,0.9718137979507446,0.05729282647371292,-1.3876160149303013e-13,6.73293005007923e-14,-1.1310205951560058e-16,2.581955899490186e-15,4.678251059112015e-13,-0.00013876160664949566,6.732930341968313e-05,0.00046782506979070604,0.025260624508526886,0.00013124023098498583,0.02934896945953369,0.0005950682680122554,0.0,0.0,0.0,anisotropic
494,4.802242804802237e-12,0.015296261757612228,0.826896607875824,0.9966527819633484,0.9717341661453247,0.0574648417532444,-1.3873982258189033e-13,6.726635578841594e-14,-1.1288269121715152e-16,2.5797184619600136e-15,4.674186385167367e-13,-0.0001387398224323988,6.726635911036283e-05,0.0004674186639022082,0.025273114401944977,0.00016356392006855458,0.030249059200286865,0.000718058436177671,0.0,0.0,0.0,anisotropic
495,4.797231622361009e-12,0.015299513936042786,0.8262925148010254,0.9966511130332947,0.9716822504997253,0.05763678625226021,-1.3874485056946523e-13,6.72022658874949e-14,-1.1262068010376412e-16,2.5778964940904696e-15,4.670871437024993e-13,-0.0001387448573950678,6.720226519973949e-05,0.00046708714216947556,0.025298393081178358,0.00013545493129640818,0.04443758726119995,0.0008607052150182426,0.0,0.0,0.0,anisotropic
496,4.792228246175423e-12,0.01530255377292633,0.8258454203605652,0.9966537952423096,0.9716027975082397,0.05780934914946556,-1.387325177697532e-13,6.714342759084682e-14,-1.1240788954554608e-16,2.5758928376537395e-15,4.667230686129786e-13,-0.00013873251737095416,6.714342453051358e-05,0.0004667230532504618,0.02530618108504317,0.00014699656458105892,0.046917498111724854,0.000900162267498672,0.0,0.0,0.0,anisotropic
497,4.787259998140225e-12,0.015305062755942345,0.8253023028373718,0.9966538548469543,0.9715386629104614,0.05798410624265671,-1.3872624294967995e-13,6.709164338458348e-14,-1.121744128545693e-16,2.5740780695642472e-15,4.66393037471674e-13,-0.00013872624549549073,6.709164154017344e-05,0.0004663930449169129,0.02532398492308041,0.0001496890909038484,0.03338903188705444,0.0006915400153957307,0.0,0.0,0.0,anisotropic
498,4.782397568237062e-12,0.015307437628507614,0.8247076272964478,0.9966527819633484,0.9714816212654114,0.05815911665558815,-1.3870350180911206e-13,6.704889871393324e-14,-1.1192705276419145e-16,2.5720943184017776e-15,4.660323234088881e-13,-0.0001387035008519888,6.704889528919011e-05,0.0004660323029384017,0.02534857531369203,0.00013415611465461552,0.030398011207580566,0.0005288739921525121,0.0,0.0,0.0,anisotropic
499,4.777539475142589e-12,0.015309246256947517,0.8241761922836304,0.9966534376144409,0.9714126586914062,0.058335836976766586,-1.3865006419453568e-13,6.701434654594884e-14,-1.116842851805745e-16,2.5696034062621395e-15,4.655799400524185e-13,-0.00013865006621927023,6.701434904243797e-05,0.00046557991299778223,0.025358511457549002,0.00016559174400754273,0.03614169359207153,0.0007197726517915726,0.0,0.0,0.0,anisotropic
